date,jd,airt,f.airt,airtmax,f.airtmax,airtmin,f.airtmin,rh,f.rh,rhmax,f.rhmax,rhmin,f.rhmin,dewp,f.dewp,dewpmax,f.dewpmax,dewpmin,f.dewpmin,prec,f.prec,slrt,f.slrt,part,f.part,netr,f.netr,bar,f.bar,wspd,f.wspd,wres,f.wres,wdir,f.wdir,wdev,f.wdev,gspd,f.gspd,s10t,f.s10t,s10tmax,f.s10tmax,s10tmin,f.s10tmin
2001-02-11,42,-10.7,,-6.9,,-15.1,,40,,58,,22,,-22.2,,-16.8,,-25.7,,0,,14.9,,NA,M,NA,M,1025,,3.3,,2.9,,287,,27,,15.4,,NA,M,NA,M,NA,M
2001-02-12,43,-9.8,,-2.4,,-17.4,,45,,85,,14,,-20.7,,-9.2,,-27.9,,0,,14.8,,NA,M,NA,M,1033,,1.7,,0.9,,245,,55,,7.2,,NA,M,NA,M,NA,M
2001-02-13,44,-2,,5.7,,-7.3,,70,,100,,34,,-7.6,,-4.6,,-10.2,,0,,14.8,,NA,M,NA,M,1024,,1.7,,0.9,,278,,53,,9.6,,NA,M,NA,M,NA,M
2001-02-14,45,-0.5,,1.9,,-5.7,,78,,100,,59,,-4.1,,1.9,,-10.2,,6.9,,2.6,,NA,M,NA,M,1016,,2.5,,1.9,,197,,38,,11.2,,NA,M,NA,M,NA,M
2001-02-15,46,-0.4,,2.4,,-5.7,,69,,100,,37,,-6,,2,,-12.1,,0,,10.5,,NA,M,NA,M,1010,,1.6,,1.2,,300,,40,,12.7,,NA,M,NA,M,NA,M
2001-02-16,47,-3,,1.3,,-9,,82,,100,,46,,-5.9,,-0.4,,-10.6,,2.3,,6.4,,NA,M,NA,M,1016,,1.1,,0.5,,182,,56,,5.8,,NA,M,NA,M,NA,M
2001-02-17,48,-4.5,,-0.7,,-12.7,,66,,100,,30,,-10.8,,-0.7,,-25.4,,0,,10.3,,NA,M,NA,M,1008,,3.3,,3,,281,,24,,16.9,,NA,M,NA,M,NA,M
2001-02-18,49,-9.9,,-3.3,,-17.1,,51,,71,,34,,-18.5,,-14.4,,-25,,0,,15.5,,NA,M,NA,M,1022,,2,,1.9,,272,,24,,10.3,,NA,M,NA,M,NA,M
2001-02-19,50,-4.5,,0.7,,-11.7,,57,,81,,37,,-12,,-4,,-16.5,,0,,15,,NA,M,NA,M,1022,,2.5,,2.1,,217,,31,,11.1,,NA,M,NA,M,NA,M
2001-02-20,51,3.2,,8.9,,-1.3,,62,,78,,42,,-3.5,,0.6,,-5.7,,0,,7.7,,NA,M,NA,M,1017,,2,,1.8,,218,,27,,10.9,,NA,M,NA,M,NA,M
2001-02-21,52,-3.1,,4.7,,-13,,50,,85,,25,,-12.7,,-0.3,,-21.6,,0,,14.8,,NA,M,NA,M,1015,,3.6,,3.2,,276,,28,,14.6,,NA,M,NA,M,NA,M
2001-02-22,53,-11.2,,-6.4,,-16.9,,51,,92,,25,,-20,,-11.3,,-24.2,,0.3,,12.5,,NA,M,NA,M,1024,,1.3,,0.6,,203,,59,,6.2,,NA,M,NA,M,NA,M
2001-02-23,54,-5.8,,0.8,,-11.5,,75,,94,,51,,-9.8,,-5.6,,-13.3,,1,,8.7,,NA,M,NA,M,1016,,2,,1.7,,277,,33,,13.1,,NA,M,NA,M,NA,M
2001-02-24,55,-6.1,,-1.2,,-10.2,,40,,63,,19,,-18.2,,-12.4,,-23.8,,0,,16.7,,NA,M,NA,M,1030,,2,,1.4,,307,,42,,10.9,,NA,M,NA,M,NA,M
2001-02-25,56,-2.2,,5.3,,-7.7,,83,,100,,28,,-5.5,,5.3,,-21.5,,13.7,,1.6,,NA,M,NA,M,1021,,2.2,,1.9,,131,,29,,8.8,,NA,M,NA,M,NA,M
2001-02-26,57,0.3,,3.7,,-5.3,,75,,100,,45,,-4,,2.5,,-8.6,,0,,12.1,,NA,M,NA,M,1012,,2.9,,2.6,,275,,24,,15.9,,NA,M,NA,M,NA,M
2001-02-27,58,-2.6,,2.9,,-7.4,,67,,88,,49,,-8.1,,-3.8,,-13.1,,0,,13.2,,NA,M,NA,M,1017,,2.1,,2,,274,,23,,11.8,,NA,M,NA,M,NA,M
2001-02-28,59,-7.6,,-3.7,,-11.7,,53,,68,,31,,-15.8,,-12.2,,-19.1,,0,,15.4,,NA,M,NA,M,1012,,2.2,,2,,276,,26,,11.4,,NA,M,NA,M,NA,M
2001-03-01,60,-8.6,,-3.4,,-12.8,,70,,95,,42,,-13.5,,-7.7,,-17.8,,0,,10.3,,NA,M,NA,M,1007,,1.9,,1.5,,271,,33,,11,,NA,M,NA,M,NA,M
2001-03-02,61,-7.8,,-3.6,,-11.2,,88,,97,,67,,-9.6,,-6.4,,-12.6,,0,,7.5,,NA,M,NA,M,1002,,1.5,,1.3,,94,,30,,4.6,,NA,M,NA,M,NA,M
2001-03-03,62,-4.1,,2.9,,-7.1,,83,,97,,49,,-6.8,,-4.7,,-7.8,,0,,10.7,,NA,M,NA,M,1009,,1.6,,1.2,,77,,42,,6.5,,NA,M,NA,M,NA,M
2001-03-04,63,-5.5,,-0.8,,-8.8,,76,,93,,51,,-9.2,,-6.9,,-10.5,,0,,9.3,,NA,M,NA,M,1017,,2.3,,2.1,,88,,27,,8.9,,NA,M,NA,M,NA,M
2001-03-05,64,-4.5,,-3,,-6.8,,93,,100,,69,,-5.5,,-3,,-10.6,,31.5,,2.6,,NA,M,NA,M,1002,,3.2,,2.7,,60,,31,,13.7,,NA,M,NA,M,NA,M
2001-03-06,65,-2.9,,-2,,-3.9,,100,,100,,99,,-2.9,,-2,,-3.9,,16.5,,4.4,,NA,M,NA,M,992,,2.6,,2.1,,30,,34,,14.2,,NA,M,NA,M,NA,M
2001-03-07,66,-2.1,,2.8,,-5.6,,80,,100,,51,,-5.3,,-2.6,,-7.7,,0.5,,16.8,,NA,M,NA,M,1007,,1.4,,0.8,,37,,49,,8.1,,NA,M,NA,M,NA,M
2001-03-08,67,-1,,4.1,,-6.5,,70,,94,,42,,-6,,-3.1,,-8.7,,0,,15.6,,NA,M,NA,M,1014,,1.4,,1.1,,209,,35,,7.4,,NA,M,NA,M,NA,M
2001-03-09,68,-1.2,,1.5,,-3.2,,92,,100,,74,,-2.4,,-0.5,,-3.9,,5.3,,5.4,,NA,M,NA,M,1009,,2.2,,1.5,,94,,45,,11.9,,NA,M,NA,M,NA,M
2001-03-10,69,-1,,4.1,,-5.1,,84,,100,,48,,-3.6,,-1.1,,-7.4,,1.5,,9.3,,NA,M,NA,M,1005,,2.5,,2.1,,290,,30,,11.2,,NA,M,NA,M,NA,M
2001-03-11,70,-0.9,,5.6,,-6.5,,72,,95,,44,,-5.7,,0.4,,-8.2,,0,,12.2,,NA,M,NA,M,1011,,2.7,,2.3,,250,,31,,17.8,,NA,M,NA,M,NA,M
2001-03-12,71,-1.3,,7.6,,-7.5,,44,,78,,13,,-13.4,,-6.9,,-20.7,,0,,21,,NA,M,NA,M,1020,,1.7,,0.6,,302,,63,,8.5,,NA,M,NA,M,NA,M
2001-03-13,72,-0.7,,0.9,,-2.8,,94,,100,,51,,-1.8,,0.6,,-10.4,,18.3,,3.4,,NA,M,NA,M,1003,,1.1,Q,0.4,Q,102,Q,52,Q,8.9,Q,NA,M,NA,M,NA,M
2001-03-14,73,0.7,,3.9,,-3,,78,,100,,54,,-3.1,,0.3,,-6.7,,0,,8.4,,NA,M,NA,M,1001,,2.9,,2.6,,269,,24,,14.3,,NA,M,NA,M,NA,M
2001-03-15,74,3.7,,8.3,,-0.4,,58,,79,,38,,-4.1,,-1.3,,-5.9,,0,,16.6,,NA,M,NA,M,1009,,2.6,,2.3,,270,,24,,13.2,,NA,M,NA,M,NA,M
2001-03-16,75,3,,9.6,,-3.2,,54,,88,,24,,-6.4,,-1.5,,-11.1,,0,,18.8,,NA,M,NA,M,1012,,1.1,,0.6,,328,,53,,6.5,,NA,M,NA,M,NA,M
2001-03-17,76,3,,10.1,,-3,,43,,68,,21,,-9.2,,-3.6,,-13,,0,,21.1,,NA,M,NA,M,1012,,1.1,,0.8,,321,,38,,5.4,,NA,M,NA,M,NA,M
2001-03-18,77,0.6,,5,,-2.7,,66,,100,,38,,-5.7,,-0.9,,-10.3,,0.8,,16.4,,NA,M,NA,M,1014,,2.2,,1.8,,318,,33,,11.1,,NA,M,NA,M,NA,M
2001-03-19,78,2.3,,8.6,,-2.3,,45,,68,,27,,-9,,-5.7,,-10.5,,0,,21.8,,NA,M,NA,M,1023,,1.7,,1.3,,320,,36,,9.9,,NA,M,NA,M,NA,M
2001-03-20,79,4.1,,12.4,,-3.9,,54,,86,,26,,-5.3,,-2.6,,-7.5,,0,,21.9,,NA,M,NA,M,1030,,1.1,,0.4,,181,,63,,6.3,,NA,M,NA,M,NA,M
2001-03-21,80,1.8,,5.6,,-1.7,,77,,99,,53,,-2.1,,0.8,,-4,,9.6,,9.1,,NA,M,NA,M,1023,,3.1,,2.8,,76,,24,,13.9,,NA,M,NA,M,NA,M
2001-03-22,81,1.8,E,3.8,E,-0.3,,NA,M,NA,M,NA,M,NA,M,NA,M,NA,M,33.5,,3.8,,NA,M,NA,M,999,,4.1,,3.2,,56,,38,,17,,NA,M,NA,M,NA,M
2001-03-23,82,5.7,E,12.4,,-1,E,NA,M,NA,M,NA,M,NA,M,NA,M,NA,M,0.5,,6.8,,NA,M,NA,M,996,,2.8,,2.4,,284,,30,,11.6,,NA,M,NA,M,NA,M
2001-03-24,83,1.8,,6.1,,-2.1,,NA,M,NA,M,NA,M,NA,M,NA,M,NA,M,0,,12.3,,NA,M,NA,M,1004,,3,,2.7,,262,,25,,11.5,,NA,M,NA,M,NA,M
2001-03-25,84,-2,,2.3,,-5.7,,NA,M,NA,M,NA,M,NA,M,NA,M,NA,M,0,,22.1,,NA,M,NA,M,1012,,2.5,,2.3,,277,,24,,10.2,,NA,M,NA,M,NA,M
2001-03-26,85,-4.1,,1.4,,-9.2,,NA,M,NA,M,NA,M,NA,M,NA,M,NA,M,2.3,,11.5,,NA,M,NA,M,1014,,1.1,,0.4,,298,,61,,7.9,,NA,M,NA,M,NA,M
2001-03-27,86,-4.7,,0.1,,-10.7,,NA,M,NA,M,NA,M,NA,M,NA,M,NA,M,0,,16.4,,NA,M,NA,M,1016,,2.2,,2,,274,,25,,11.7,,NA,M,NA,M,NA,M
2001-03-28,87,-4.7,E,2.8,E,-12.2,E,NA,M,NA,M,NA,M,NA,M,NA,M,NA,M,0,,18.7,,NA,M,NA,M,1021,,1.9,,1.6,,277,,32,,9.3,,NA,M,NA,M,NA,M
2001-03-29,88,-0.9,E,6.1,E,-7.8,E,NA,M,NA,M,NA,M,NA,M,NA,M,NA,M,0,,17.2,,NA,M,NA,M,1026,,1.3,,0.7,,153,,56,,6.7,,NA,M,NA,M,NA,M
2001-03-30,89,-1.4,E,1.1,E,-3.9,E,NA,M,NA,M,NA,M,NA,M,NA,M,NA,M,49.3,,2.2,,NA,M,NA,M,1011,,4.1,,3.6,,72,,29,,19.1,,NA,M,NA,M,NA,M
2001-03-31,90,-3.4,E,3.9,E,-10.6,E,NA,M,NA,M,NA,M,NA,M,NA,M,NA,M,0,,8.1,,NA,M,NA,M,1007,,1.2,,0.6,,345,,58,,5.7,,NA,M,NA,M,NA,M
2001-04-01,91,-0.9,E,1.1,E,-2.8,E,NA,M,NA,M,NA,M,NA,M,NA,M,NA,M,0,,5.5,,NA,M,NA,M,1008,,1.9,,1.7,,77,,25,,6.1,,NA,M,NA,M,NA,M
2001-04-02,92,0.9,E,5,E,-3.3,E,NA,M,NA,M,NA,M,NA,M,NA,M,NA,M,0,,14,,NA,M,NA,M,1011,,1.4,,1,,325,,44,,7.8,,NA,M,NA,M,NA,M
2001-04-03,93,-0.3,E,6.1,E,-6.7,E,NA,M,NA,M,NA,M,NA,M,NA,M,NA,M,0,,17.1,,NA,M,NA,M,1016,,1.2,,0.9,,310,,36,,8.6,,NA,M,NA,M,NA,M
2001-04-04,94,2.5,E,9.4,E,-4.4,E,NA,M,NA,M,NA,M,NA,M,NA,M,NA,M,0,,22.6,,NA,M,NA,M,1023,,1.2,,0.8,,320,,42,,7.9,,NA,M,NA,M,NA,M
2001-04-05,95,3.6,E,11.1,E,-3.9,E,NA,M,NA,M,NA,M,NA,M,NA,M,NA,M,0,,26.2,,NA,M,NA,M,1024,,1.2,,0.8,,338,,43,,8.9,,NA,M,NA,M,NA,M
2001-04-06,96,4.7,E,11.1,E,-1.7,E,NA,M,NA,M,NA,M,NA,M,NA,M,NA,M,7.9,,6.4,,NA,M,NA,M,1015,,1.5,,0.9,,92,,47,,8.1,,NA,M,NA,M,NA,M
2001-04-07,97,3.9,E,8.3,E,-0.6,E,NA,M,NA,M,NA,M,NA,M,NA,M,NA,M,0,,19,,NA,M,NA,M,1021,,1.8,,1.4,,85,,39,,8,,NA,M,NA,M,NA,M
2001-04-08,98,1.4,E,5,E,-2.2,E,NA,M,NA,M,NA,M,NA,M,NA,M,NA,M,15.5,,3.8,,NA,M,NA,M,1019,,1.1,Q,0.9,Q,157,Q,30,Q,5.4,Q,NA,M,NA,M,NA,M
2001-04-09,99,7.5,E,16.1,E,-1.1,E,NA,M,NA,M,NA,M,NA,M,NA,M,NA,M,4.3,,24.6,,NA,M,NA,M,1009,,1.8,,0.9,,291,,57,,8.1,,NA,M,NA,M,NA,M
2001-04-10,100,7.5,E,13.3,E,1.7,E,NA,M,NA,M,NA,M,NA,M,NA,M,NA,M,0,,24.8,,NA,M,NA,M,1016,,1.4,,0.5,,352,,62,,7.4,,NA,M,NA,M,NA,M
2001-04-11,101,5.9,E,11.1,E,0.6,E,NA,M,NA,M,NA,M,NA,M,NA,M,NA,M,0,,15.9,,NA,M,NA,M,1024,,2.1,,1.5,,179,,40,,6.8,,NA,M,NA,M,NA,M
2001-04-12,102,8.1,E,15.6,E,0.6,E,NA,M,NA,M,NA,M,NA,M,NA,M,NA,M,3.6,,3,,NA,M,NA,M,1019,,2.2,,1.9,,81,,28,,9.1,,NA,M,NA,M,NA,M
2001-04-13,103,6.7,E,14.4,E,-1.1,E,NA,M,NA,M,NA,M,NA,M,NA,M,NA,M,0,,14.4,,NA,M,NA,M,1009,,2.4,,2,,274,,33,,15.6,,NA,M,NA,M,NA,M
2001-04-14,104,7.3,E,13.9,E,0.6,E,NA,M,NA,M,NA,M,NA,M,NA,M,NA,M,0,,27.5,,NA,M,NA,M,1009,,2.4,,2,,300,,33,,12.7,,NA,M,NA,M,NA,M
2001-04-15,105,5.6,E,13.9,E,-2.8,E,NA,M,NA,M,NA,M,NA,M,NA,M,NA,M,0,,26.1,,NA,M,NA,M,1009,,1.7,,1,,332,,51,,10.4,,NA,M,NA,M,NA,M
2001-04-16,106,6.4,E,12.8,E,0,E,NA,M,NA,M,NA,M,NA,M,NA,M,NA,M,0,,4,,NA,M,NA,M,1006,E,1.1,,0.8,,343,,43,,6,,NA,M,NA,M,NA,M
2001-04-17,107,5.8,,10.5,,0.5,,53,,79,,30,,-3.5,,0.3,,-8.4,,0,,16.4,,NA,M,NA,M,1006,,1.3,,0.7,,69,,52,,6.9,,NA,M,NA,M,NA,M
2001-04-18,108,3.5,,8.4,,-1.3,,40,,71,,20,,-9.4,,-2.4,,-13.9,,0,,20.9,,NA,M,NA,M,1006,,2.1,,1.6,,319,,40,,11.6,,NA,M,NA,M,NA,M
2001-04-19,109,2.2,,8.9,,-3.4,,49,,78,,25,,-8.1,,-3.9,,-11.5,,0,,25.5,,NA,M,NA,M,1019,,1.4,,1.1,,280,,34,,9.6,,NA,M,NA,M,NA,M
2001-04-20,110,8.8,,18,,-1.5,,43,,67,,21,,-3.8,,3.4,,-9.8,,0,,27,,NA,M,NA,M,1025,,1.7,,1.3,,216,,38,,7.9,,NA,M,NA,M,NA,M
2001-04-21,111,12.8,,19.1,,6.1,,63,,84,,47,,5.8,,9.8,,1.7,,0.3,,13.3,,NA,M,NA,M,1026,,1.9,,1.4,,185,,39,,9.3,,NA,M,NA,M,NA,M
2001-04-22,112,17.4,,27.5,,10.6,,64,,100,,23,,8.8,,14.7,,3.4,,0,,23.4,,NA,M,NA,M,1020,,3,,2.4,,253,,38,,16.1,,NA,M,NA,M,NA,M
2001-04-23,113,16.8,,25.4,,7.9,,55,,85,,31,,7,,11.5,,3.4,,0,,23.9,,NA,M,NA,M,1020,,1.7,,1.1,,210,,47,,8.5,,NA,M,NA,M,NA,M
2001-04-24,114,16.7,,29.2,,6.3,,64,,89,,28,,9.2,,16.2,,-1.5,,0,,22.9,,NA,M,NA,M,1011,,3.2,,2.2,,241,,46,,15.4,,NA,M,NA,M,NA,M
2001-04-25,115,7.1,,12.3,,3.6,,45,,71,,23,,-4.6,,-0.7,,-9.1,,0,,16.9,,NA,M,NA,M,1021,,1.9,,1.2,,342,,50,,9.5,,NA,M,NA,M,NA,M
2001-04-26,116,8.5,,15.6,,1.1,,37,,69,,19,,-6.4,,-0.7,,-10.9,,0,,29.2,,NA,M,NA,M,1024,,2.1,,1.7,,83,,33,,8.3,,NA,M,NA,M,NA,M
2001-04-27,117,10.1,,19,,-1,,47,,79,,21,,-1.7,,5.1,,-9.9,,0,,26.7,,NA,M,NA,M,1015,,1.6,,0.7,,308,,58,,11.1,,NA,M,NA,M,NA,M
2001-04-28,118,7.2,,12.2,,1.8,,37,,72,,14,,-7.9,,3.5,,-16.3,,0,,29.7,,NA,M,NA,M,1021,,2,,1.5,,322,,38,,10.4,,NA,M,NA,M,NA,M
2001-04-29,119,7.1,,15.3,,-1.9,,33,,69,,13,,-9.1,,-3.7,,-13.6,,0,,29.3,,NA,M,NA,M,1031,,1.4,,0.9,,325,,45,,9.7,,NA,M,NA,M,NA,M
2001-04-30,120,13.7,,22.7,,2.9,,31,,54,,14,,-3.8,,3.8,,-11.5,,0,,24.8,,NA,M,NA,M,1023,,1.2,,0.9,,284,,40,,7.6,,NA,M,NA,M,NA,M
2001-05-01,121,22.9,,29.4,,17.3,,28,,45,,15,,2.7,,7.3,,-0.7,,0,,5.9,,NA,M,NA,M,1018,E,1.2,,0.6,,317,,56,,8.2,,NA,M,NA,M,NA,M
2001-05-02,122,22.4,,30.8,,12.9,,36,,65,,14,,5.1,,10.8,,0,,0,,24.7,,NA,M,NA,M,1017,,1.2,,0.8,,298,,47,,8.6,,NA,M,NA,M,NA,M
2001-05-03,123,23.2,,30.9,,15.3,,43,,71,,22,,9.1,,14.4,,5.7,,0,,26.7,,NA,M,NA,M,1019,,1.4,,1.1,,280,,35,,10.1,,NA,M,NA,M,NA,M
2001-05-04,124,22.8,,30,,15.8,,48,,74,,20,,10.2,,15.1,,3.8,,0,,24.3,,NA,M,NA,M,1017,,1.3,,1.1,,276,,30,,8.7,,NA,M,NA,M,NA,M
2001-05-05,125,13.3,,20.8,,3.8,,53,,87,,20,,3,,11.7,,-5.9,,0,,20.8,,NA,M,NA,M,1019,,1.7,,1.2,,333,,42,,10.3,,NA,M,NA,M,NA,M
2001-05-06,126,9,,16.1,,0.8,,45,,86,,22,,-3.3,,1.5,,-11.3,,0,,30.5,,NA,M,NA,M,1031,,1.9,,1.4,,77,,41,,9.2,,NA,M,NA,M,NA,M
2001-05-07,127,9.8,,19.1,,-1.6,,28,,60,,11,,-9.7,,-2.5,,-19.4,,0,,31.6,,NA,M,NA,M,1033,,1.4,,0.7,,217,,55,,7.6,,NA,M,NA,M,NA,M
2001-05-08,128,11.9,,21.6,,1.1,,49,,91,,13,,-0.3,,4.9,,-9.9,,0,,31.5,,NA,M,NA,M,1027,,1.6,,1.3,,215,,35,,8.2,,NA,M,NA,M,NA,M
2001-05-09,129,15.3,,25.3,,6,,61,,98,,19,,6.1,,11.6,,-0.4,,0,,29,,NA,M,NA,M,1020,,1.3,,0.3,,307,,70,,7.8,,NA,M,NA,M,NA,M
2001-05-10,130,18,,25.9,,9.1,,50,,91,,15,,5.6,,11.1,,-3.4,,0,,28.9,,NA,M,NA,M,1017,,1.1,,0.7,,317,,48,,9.8,,NA,M,NA,M,NA,M
2001-05-11,131,20.4,,28.1,,10.8,,42,,72,,21,,6.3,,11,,2,,0,,29.6,,NA,M,NA,M,1015,,1.1,,0.4,,261,,60,,7.8,,20.1,,24.9,,15.5,
2001-05-12,132,18.7,,28.1,,11.3,,67,,96,,32,,11.6,,16.9,,8,,2.8,,22.7,,NA,M,NA,M,1010,,1.3,,0.8,,239,,49,,13,,21,,25.2,,17.9,
2001-05-13,133,10.5,,16.1,,6.2,,55,,84,,26,,0.8,,8.3,,-3.9,,0,,26.8,,NA,M,NA,M,1015,,2,,1.5,,324,,40,,11,,18,,21.4,,15.1,
2001-05-14,134,10.9,,18,,3.6,,49,,75,,24,,-0.2,,3.6,,-3.6,,0,,25,,NA,M,NA,M,1016,,1.4,,0.9,,327,,44,,11.4,,16.7,,20.2,,13.1,
2001-05-15,135,9.7,,15.2,,4.9,,61,,96,,26,,1.8,,8.1,,-6.1,,0,,16.9,,NA,M,NA,M,1010,,1.5,,0.9,,347,,50,,11.1,,15.1,,17,,12.8,
2001-05-16,136,8.3,,10.7,,6.8,,91,,97,,78,,6.9,,8.5,,5.9,,0.3,,8.5,,NA,M,NA,M,1015,,1.7,,1.4,,69,,32,,9.1,,13.9,,14.9,,13,
2001-05-17,137,11.4,,17,,6.2,,72,,97,,44,,6,,8.2,,3.1,,0,,18.4,,NA,M,NA,M,1017,,1,,0.6,,210,,45,,6.3,,14.9,,18.3,,12,
2001-05-18,138,10.4,,11.7,,8.5,,88,,97,,79,,8.4,,9.8,,6.1,,0.3,,4.1,,NA,M,NA,M,1013,,1.7,,1.4,,201,,30,,7.6,,14.1,,15.9,,13.3,
2001-05-19,139,15.3,,22.4,,10,,72,,99,,36,,9.6,,12.8,,6.2,,0,,21.5,,NA,M,NA,M,1011,,1.7,,0.1,,13,,78,,9,,16.5,,20.5,,12.8,
2001-05-20,140,13.8,,21,,6.5,,65,,96,,34,,6.6,,9.5,,3.5,,0,,30,,NA,M,NA,M,1019,,1.4,,1,,110,,41,,6,,18.7,,23.2,,14.4,
2001-05-21,141,13.7,,19.9,,6.7,,71,,98,,37,,8,,10.4,,4.6,,0,,27.6,,NA,M,NA,M,1020,,1.8,,1.3,,133,,38,,9.5,,19.5,,23.2,,15.8,
2001-05-22,142,10,,11.5,,8.8,,97,,99,,86,,9.6,,10.9,,8.4,,10.2,,6.6,,NA,M,NA,M,1016,,2.8,,2.6,,79,,24,,9.9,,16.3,,19.4,,14.2,
2001-05-23,143,10.9,,13.5,,8.8,,95,,100,,81,,10.1,,12.2,,7.6,,9.9,,5,,NA,M,NA,M,1016,,2.5,,2.3,,83,,25,,8.9,,13.8,,14.8,,13.1,
2001-05-24,144,11.2,,16.5,,8.3,,86,,98,,53,,8.8,,11.8,,5.8,,8.6,,14.2,,NA,M,NA,M,1019,,2.1,,1.8,,85,,30,,12.7,,14.1,,16.4,,12,
2001-05-25,145,12.3,,18.6,,7.6,,73,,98,,45,,7.2,,10.4,,4.4,,0.3,,15.9,,NA,M,NA,M,1023,,1.6,,1.3,,89,,35,,7.7,,14.7,,17.2,,12.4,
2001-05-26,146,13.6,,20.4,,9.1,,81,,99,,50,,10.2,,14.9,,4.4,,7.9,,12.9,,NA,M,NA,M,1020,,1.1,,0.6,,93,,51,,5.2,,15.3,,17.8,,12.8,
2001-05-27,147,13.3,,17.3,,11.3,,97,,100,,80,,12.8,,14.8,,10.7,,3.3,,8.6,,NA,M,NA,M,1012,,2.2,,2,,88,,27,,7.1,,15.5,,17.2,,14.4,
2001-05-28,148,14.3,,20.4,,9.7,,90,,99,,61,,12.5,,16.2,,9,,5.1,,14.9,,NA,M,NA,M,1009,,1.5,,1.1,,186,,40,,9.7,,16.5,,19.2,,14.6,
2001-05-29,149,13.3,,19.3,,7.1,,79,,100,,53,,9.4,,13,,5.1,,0,,17.2,,NA,M,NA,M,1008,,1.1,,0.8,,258,,42,,9.8,,16,,18.9,,13.1,
2001-05-30,150,8,,13.1,,3.5,,76,,97,,44,,3.6,,7.6,,0,,0.5,,23.7,,NA,M,NA,M,1009,,1.6,,1.2,,276,,38,,12.3,,14.6,,17.8,,11.7,
2001-05-31,151,9.5,,16.5,,2.7,,65,,94,,30,,2.3,,6.1,,-1.7,,0,,28.3,,NA,M,NA,M,1013,,1.7,,1.1,,284,,47,,11.1,,13.8,,18,,10.1,
2001-06-01,152,12.9,,20.6,,3.4,,57,,96,,23,,3.6,,9.9,,-1.9,,0,,29.3,,NA,M,NA,M,1016,,1.4,,0.7,,192,,56,,6.6,,15.3,,20.4,,10.1,
2001-06-02,153,13.8,,17.8,,9.2,,96,,99,,59,,13.2,,17.2,,4.3,,46.2,,4.1,,NA,M,NA,M,1009,,1.8,,1.5,,103,,36,,9.7,,15.2,,16.6,,13.6,
2001-06-03,154,13.1,,16.1,,10.7,,97,,99,,87,,12.7,,15.4,,10.5,,30,,11.1,,NA,M,NA,M,1006,,1.9,,1.4,,90,,39,,8.1,,15.9,,17.6,,14.1,
2001-06-04,155,13,,18.1,,8.4,,85,,100,,63,,10.4,,12.7,,8.3,,0,,12.6,,NA,M,NA,M,1012,,1.2,,1,,262,,32,,7.1,,15.5,,17.2,,13.5,
2001-06-05,156,15.1,,21.4,,8,,73,,98,,43,,10,,14.4,,7.6,,0,,24.4,,NA,M,NA,M,1015,,1.2,,0.9,,272,,40,,7.9,,16.5,,20.4,,12.3,
2001-06-06,157,16.1,,22.6,,10.1,,63,,97,,31,,8.4,,12.4,,4.2,,0,,27,,NA,M,NA,M,1014,,1.2,,0.7,,298,,51,,8.2,,18,,21.6,,14.6,
2001-06-07,158,16.9,,24,,9.2,,58,,89,,27,,7.4,,12.8,,2.4,,0,,29.2,,NA,M,NA,M,1012,,1,,0.6,,335,,49,,8,,18.4,,22.9,,13.9,
2001-06-08,159,17.9,,25,,11,,46,,78,,22,,5.3,,10.5,,0.2,,0,,31,,NA,M,NA,M,1010,,1,,0.6,,333,,52,,7.1,,19.3,,23.6,,15,
2001-06-09,160,17.9,,25,,11.7,,47,,74,,23,,5.6,,10.9,,0.3,,0,,29.5,,NA,M,NA,M,1010,,1,,0.5,,334,,52,,6.7,,20,,24.8,,15.4,
2001-06-10,161,18.7,,27.2,,11,,53,,84,,23,,8.1,,13.6,,3.9,,0,,29.7,,NA,M,NA,M,1011,,1,,0.3,,303,,62,,6.7,,21.2,,26.6,,15.9,
2001-06-11,162,15.9,,20.8,,11.7,,83,,99,,54,,12.8,,16.2,,6.5,,27.7,,8.4,,NA,M,NA,M,1011,,1.2,,0.8,,129,,48,,7.1,,18.9,,21.2,,17.6,
2001-06-12,163,17.1,,23.3,,14.4,,91,,100,,59,,15.5,,17.8,,14.1,,0,,13.7,,NA,M,NA,M,1011,,0.8,,0.4,,336,,55,,4.1,,19.1,,21.9,,17.2,
2001-06-13,164,21.2,,28.6,,13.4,,75,,100,,39,,16,,20,,12.2,,0,,30.5,,NA,M,NA,M,1015,,1,,0.5,,191,,56,,5.3,,21.6,,26.5,,16.8,
2001-06-14,165,23.8,,30.7,,15.8,,74,,97,,45,,18.3,,22.1,,15.1,,0,,30,,NA,M,NA,M,1020,,0.8,,0.5,,210,,45,,5.1,,24,,28.5,,19.5,
2001-06-15,166,24.1,,30.4,,19.4,,78,,99,,45,,19.4,,22.7,,16.2,,0,,29.2,,NA,M,NA,M,1019,,1.1,,0.9,,217,,37,,5.3,,25.6,,29.7,,22.1,
2001-06-16,167,23.1,,29,,19.2,,83,,98,,53,,19.7,,22.6,,17.8,,0,,24.6,,NA,M,NA,M,1017,,1.5,,1.2,,213,,36,,7.6,,25.7,,29.9,,22.5,
2001-06-17,168,19.7,,22,,16.4,,96,,98,,91,,19.1,,20.8,,15.9,,23.9,,2.8,,NA,M,NA,M,1015,,0.9,,0.1,,324,,73,,7.3,,22.8,,25.3,,20.4,
2001-06-18,169,20.3,,27.8,,14.7,,71,,97,,38,,14.1,,17.7,,9.9,,0,,31.5,,NA,M,NA,M,1020,,1,,0.4,,304,,57,,6.6,,22.7,,27.2,,18.5,
2001-06-19,170,22,,28.6,,13.8,,66,,88,,43,,15.1,,19.9,,9.3,,0,,30.4,,NA,M,NA,M,1023,,1.7,,1.2,,201,,43,,10.4,,23.5,,27.5,,19.5,
2001-06-20,171,22.2,,30.1,,15.9,,77,,98,,47,,17.7,,22.9,,14.8,,2.5,,25.7,,NA,M,NA,M,1021,,1.1,,0.6,,227,,53,,6.6,,24.4,,28.7,,20.6,
2001-06-21,172,15.7,,18.2,,13.7,,79,,98,,62,,12.1,,15.2,,8.9,,0.3,,10,,NA,M,NA,M,1023,,1.7,,1.5,,75,,26,,10.2,,21.3,,23.7,,19.4,
2001-06-22,173,18.3,,24.4,,13.3,,84,,96,,67,,15.5,,19.3,,9.9,,0,,15.8,,NA,M,NA,M,1019,,2.2,,1.7,,137,,38,,9.2,,20.5,,23.1,,18.3,
2001-06-23,174,20.8,,25.1,,17.3,,88,,98,,65,,18.6,,20.8,,16.2,,1.3,,12.1,,NA,M,NA,M,1016,,1.8,,1.4,,164,,39,,7.7,,21.7,,23.8,,19.8,
2001-06-24,175,20.2,,25.7,,15.4,,87,,98,,62,,17.9,,20.4,,14.8,,1,,14.5,,NA,M,NA,M,1019,,1,,0.6,,226,,46,,6.9,,22.2,,24.7,,20.8,
2001-06-25,176,20.3,,28.5,,13.9,,77,,98,,41,,15.8,,20.1,,13.2,,0,,26,,NA,M,NA,M,1023,,0.8,,0.4,,7,,54,,4.4,,22.8,,26.1,,19.4,
2001-06-26,177,23.3,,30.4,,16,,68,,98,,37,,16.3,,19.8,,12.7,,0,,30.7,,NA,M,NA,M,1026,,0.8,,0.2,,304,,65,,5.5,,24.5,,28.8,,20.5,
2001-06-27,178,23.2,,30.1,,16.3,,68,,97,,37,,16.4,,20.2,,12.7,,0,,30.4,,NA,M,NA,M,1023,,1.1,,0.6,,280,,49,,8.1,,25.6,,29.5,,21.9,
2001-06-28,179,22.6,,28.1,,17.1,,62,,89,,41,,14.5,,20.3,,6.4,,0,,25.4,,NA,M,NA,M,1019,,1.1,,0.7,,328,,46,,8,,25.4,,28.4,,22.6,
2001-06-29,180,18.8,,24.7,,12.2,,67,,85,,47,,12.5,,17.7,,7.1,,0,,14.6,,NA,M,NA,M,1019,,1.1,,0.7,,194,,46,,7.3,,23.2,,24.5,,21.9,
2001-06-30,181,22.2,,30.6,,17,,85,,98,,49,,19.2,,23.3,,15.6,,20.1,,20.5,,NA,M,NA,M,1013,,1.2,,0.9,,232,,38,,10.5,,23.8,,27.2,,21,
2001-07-01,182,20,,27.6,,11.2,,87,,98,,63,,17.6,,22.5,,6.6,,12.7,,19,,NA,M,NA,M,1008,,1.7,,1.2,,242,,42,,10.5,,24.1,,27.3,,22.1,
2001-07-02,183,13.8,,20.5,,8.6,,60,,90,,29,,5.4,,9.9,,1.4,,0,,31.5,,NA,M,NA,M,1016,,1.7,,1.2,,296,,45,,10.6,,21.6,,24.4,,18.9,
2001-07-03,184,15.2,,20.9,,7.5,,71,,94,,42,,9.5,,13.4,,6.2,,0,,22.1,,NA,M,NA,M,1023,,1.5,,1,,199,,47,,9.8,,20.3,,22.8,,17.7,
2001-07-04,185,19.7,,24.6,,15.3,,80,,95,,62,,16.1,,19.1,,12.4,,0,,22.9,,NA,M,NA,M,1016,,2,,1.7,,193,,32,,9.3,,21.4,,23.9,,19,
2001-07-05,186,19.4,,25.5,,16.4,,90,,99,,59,,17.5,,20.5,,15.9,,14.2,,19.7,,NA,M,NA,M,1009,,0.9,,0.6,,227,,46,,7.6,,22.7,,25.2,,20.7,
2001-07-06,187,15.1,,20.3,,9.5,,71,,98,,40,,9.4,,16.9,,5,,0.3,,25.2,,NA,M,NA,M,1013,,1.2,,0.9,,271,,39,,8.8,,21.6,,23.5,,19.8,
2001-07-07,188,17,,24.1,,8.3,,68,,94,,33,,10.4,,14.8,,5.7,,0,,29.8,,NA,M,NA,M,1018,,1.3,,0.9,,213,,46,,8.5,,21.1,,24.3,,17.9,
2001-07-08,189,16.9,,18,,15.4,,95,,99,,78,,16.1,,17.5,,13.2,,3.6,,3.4,,NA,M,NA,M,1012,,1.5,,1.3,,185,,30,,8.5,,20.1,,21.3,,19.6,
2001-07-09,190,21.8,,28.7,,16.9,,78,,99,,42,,17.4,,21.1,,14,,0,,28.3,,NA,M,NA,M,1009,,0.9,,0.4,,243,,57,,6.2,,22.5,,26.4,,19.3,
2001-07-10,191,19.9,,28.3,,13.5,,81,,98,,44,,16.1,,20.1,,13.3,,7.9,,24.4,,NA,M,NA,M,1006,,0.9,,0.3,,214,,60,,10,,23.3,,26.7,,20.7,
2001-07-11,192,17,,24.1,,12.9,,81,,99,,46,,13.4,,17.7,,10.6,,3.6,,22.1,,NA,M,NA,M,1005,,1,,0.5,,278,,56,,7.9,,22.2,,25,,20.2,
2001-07-12,193,15.8,,21.2,,11.2,,74,,97,,43,,10.7,,14.1,,7.3,,0,,22.9,,NA,M,NA,M,1008,,1.4,,1.2,,261,,33,,9.7,,21.1,,22.9,,19.2,
2001-07-13,194,15.5,,21.5,,9.5,,79,,96,,56,,11.6,,15.4,,8.8,,0,,18,,NA,M,NA,M,1011,,1.1,,0.8,,253,,43,,6.7,,19.7,,21.4,,17.9,
2001-07-14,195,16.7,,23.1,,11.2,,81,,98,,51,,13.1,,16.7,,10.6,,0,,19.6,,NA,M,NA,M,1008,,0.8,,0.4,,290,,47,,5.9,,19.8,,21.8,,17.6,
2001-07-15,196,18,,24.3,,12.3,,75,,98,,39,,13.1,,16.7,,8.9,,0,,26.5,,NA,M,NA,M,1013,,1,,0.6,,337,,49,,7.1,,20.7,,23.5,,18.1,
2001-07-16,197,19.3,,26.2,,13.2,,69,,92,,37,,12.9,,17.3,,9.5,,0,,27.4,,NA,M,NA,M,1016,,0.9,,0.4,,345,,57,,5.6,,21.7,,24.4,,19,
2001-07-17,198,16.8,,21.3,,14.6,,92,,98,,72,,15.5,,18,,12.4,,11.7,,10.2,,NA,M,NA,M,1016,,0.8,,0.2,,294,,66,,4.5,,20.8,,21.7,,19.9,
2001-07-18,199,19.1,,26.2,,13.3,,78,,99,,38,,14.6,,18.1,,9.9,,0,,27.5,,NA,M,NA,M,1020,,1.2,,0.7,,80,,49,,6.5,,21.6,,24.5,,19,
2001-07-19,200,17.4,,24,,12.1,,79,,99,,42,,13.2,,16.7,,9.4,,0,,23.3,,NA,M,NA,M,1023,,1.3,,1.1,,71,,31,,6.7,,21.5,,23.6,,19.8,
2001-07-20,201,19.6,,28.1,,11.2,,69,,97,,29,,13,,17.6,,8,,0,,26.2,,NA,M,NA,M,1020,,0.9,,0.5,,32,,55,,4.4,,21.5,,24.2,,18.9,
2001-07-21,202,21.5,,28.5,,14.2,,67,,98,,29,,14.2,,17.9,,8,,0,,27.8,,NA,M,NA,M,1017,,0.9,,0.3,,218,,63,,7,,22.3,,25,,19.7,
2001-07-22,203,22,,28.8,,15.5,,66,,95,,29,,14.6,,18.7,,8.8,,0,,28.4,,NA,M,NA,M,1016,,1.4,,1.1,,211,,35,,7.1,,23,,25.7,,20.6,
2001-07-23,204,22.9,,29.8,,14.9,,70,,87,,50,,16.8,,21.2,,12.2,,0,,27.6,,NA,M,NA,M,1016,,1.4,,1.2,,207,,33,,6.9,,23.5,,26.1,,21,
2001-07-24,205,25.5,,31.9,,19.7,,74,,91,,45,,20.1,,23.6,,18,,0,,25.7,,NA,M,NA,M,1011,,1.7,,1.4,,226,,34,,9.5,,24.6,,26.9,,22.4,
2001-07-25,206,25.9,,32.7,,21.3,,64,,94,,35,,17.9,,21.6,,13.5,,0,,28.2,,NA,M,NA,M,1012,,1.3,,0.8,,272,,45,,8.3,,25.4,,27.8,,23.3,
2001-07-26,207,17.2,,22.1,,11,,79,,97,,51,,13.2,,17.7,,5.6,,16,,11.3,,NA,M,NA,M,1016,,1.2,,0.8,,25,,47,,7.1,,23.2,,25.3,,21.1,
2001-07-27,208,14.5,,21.1,,8.4,,65,,89,,36,,7.4,,11.8,,3.4,,0,,27.8,,NA,M,NA,M,1024,,1.1,,0.6,,353,,50,,7.7,,20.8,,23.2,,18.4,
2001-07-28,209,16.4,,23.6,,9.8,,61,,88,,30,,8.1,,12.8,,3.1,,0,,29.6,,NA,M,NA,M,1025,,0.9,,0.4,,356,,57,,5.6,,20.6,,23.3,,18.1,
2001-07-29,210,18.8,,25,,13.5,,71,,95,,38,,12.8,,16.5,,7.4,,0,,25.3,,NA,M,NA,M,1023,,1,,0.7,,178,,39,,6.2,,21.5,,23.9,,19.4,
2001-07-30,211,17.6,,24.4,,10.7,,67,,97,,36,,10.6,,15,,7.2,,0,,25.8,,NA,M,NA,M,1022,,1.3,,1.1,,79,,33,,6.5,,21.2,,23.3,,19.2,
2001-07-31,212,18.4,,27.9,,9.5,,69,,94,,30,,11.5,,16.4,,6.7,,0.3,,25.7,,NA,M,NA,M,1024,,1,,0.5,,7,,55,,8.9,,21.2,,23.9,,18.7,
2001-08-01,213,21.5,,30.1,,13.8,,68,,97,,26,,14.2,,18.9,,7.9,,0,,28.3,,NA,M,NA,M,1026,,1,,0.4,,1,,59,,4.7,,22.1,,24.9,,19.6,
2001-08-02,214,23.7,,31.1,,15.3,,66,,94,,39,,16.4,,20.9,,13.4,,0,,26.2,,NA,M,NA,M,1021,,1.1,,0.6,,230,,49,,7.3,,23.2,,25.8,,20.7,
2001-08-03,215,22.4,,29.4,,18.5,,77,,98,,56,,17.8,,22,,14.5,,29,,15.5,,NA,M,NA,M,1015,,1.2,,0.8,,218,,46,,8.4,,23.5,,25.3,,22.2,
2001-08-04,216,20.3,,25.1,,18.2,,94,,99,,72,,19.2,,21.5,,17.3,,8.1,,11,,NA,M,NA,M,1015,,0.8,,0.2,,95,,64,,7.4,,22.9,,24.3,,21.9,
2001-08-05,217,22.2,,28.1,,18.4,,85,,98,,55,,19.3,,22.1,,17.9,,0.3,,20,,NA,M,NA,M,1021,,0.6,,0.2,,261,,57,,4.8,,23.6,,25.8,,21.9,
2001-08-06,218,24.2,,30.7,,18.8,,77,,98,,36,,19.3,,22.4,,13.4,,0,,25.7,,NA,M,NA,M,1019,,0.8,,0.4,,229,,47,,4.7,,24.7,,27.1,,22.6,
2001-08-07,219,25.8,,32.4,,20.3,,74,,96,,44,,20.2,,23.3,,17.8,,0,,24.1,,NA,M,NA,M,1015,,1.1,,0.8,,249,,41,,7.8,,25.3,,27.3,,23.4,
2001-08-08,220,25.8,,32.8,,21,,72,,95,,36,,19.8,,23.9,,14.3,,0,,25.6,,NA,M,NA,M,1014,,0.7,,0.2,,314,,63,,4.3,,25.7,,27.9,,23.9,
2001-08-09,221,27.5,,33.6,,20.6,,64,,86,,34,,19.6,,23.9,,15.6,,0,,25.8,,NA,M,NA,M,1012,,1.2,,0.9,,228,,41,,7.4,,25.9,,27.9,,23.9,
2001-08-10,222,24.8,,29.3,,17.3,,80,,95,,67,,21.1,,24.4,,15.8,,0,,12.9,,NA,M,NA,M,1012,,1.5,,1.1,,220,,39,,8,,25.4,,26.2,,24.5,
2001-08-11,223,20.7,,26,,16.2,,68,,91,,50,,14.5,,18.6,,12.2,,0,,21,,NA,M,NA,M,1020,,1.3,,1,,95,,36,,6.1,,23.9,,25.2,,22.4,
2001-08-12,224,17.7,,19,,16.8,,91,,98,,72,,16.1,,17.8,,13.4,,5.1,,5.3,,NA,M,NA,M,1020,,1.5,,1.3,,84,,26,,6.9,,22.4,,23.5,,21.8,
2001-08-13,225,19.7,,27.3,,16.6,,93,,98,,65,,18.5,,22.2,,16.3,,10.4,,11,,NA,M,NA,M,1016,,0.7,,0.1,,227,,71,,5.4,,22.3,,23.5,,21.3,
2001-08-14,226,19.2,,26.3,,14.5,,81,,98,,47,,15.4,,18.9,,12.4,,0.3,,20.4,,NA,M,NA,M,1016,,1,,0.7,,68,,47,,6.7,,22.4,,24.1,,20.8,
2001-08-15,227,19.7,,26.7,,13.2,,74,,98,,34,,14.2,,19.4,,8.4,,0,,24,,NA,M,NA,M,1019,,0.9,,0.4,,131,,57,,4.1,,21.9,,23.8,,20.1,
2001-08-16,228,20.5,,26.8,,13.6,,71,,97,,44,,14.5,,18.7,,12.5,,0,,24.9,,NA,M,NA,M,1019,,1.5,,1.1,,197,,37,,7.4,,22,,24,,20.1,
2001-08-17,229,20.6,,24.4,,17,,89,,98,,79,,18.8,,21.2,,14.3,,0,,5.7,,NA,M,NA,M,1016,,1.6,,1.4,,199,,31,,7.8,,21.6,,22.2,,21.1,
2001-08-18,230,20.2,,26.5,,15.5,,79,,98,,48,,16.1,,19.3,,13.8,,0,,19.2,,NA,M,NA,M,1015,,1,,0.6,,265,,50,,7.1,,21.7,,23.4,,20.2,
2001-08-19,231,21.7,,28.3,,15.3,,76,,97,,38,,16.6,,20,,11.2,,0,,21.6,,NA,M,NA,M,1015,,1,,0.4,,152,,60,,4,,22.1,,24.2,,20.1,
2001-08-20,232,20.7,,22.9,,18,,90,,97,,78,,19,,20.4,,17.5,,0,,7.3,,NA,M,NA,M,1015,,1.2,,0.9,,121,,41,,5.3,,22.1,,22.7,,21.4,
2001-08-21,233,21.7,,26.7,,16.8,,79,,98,,48,,17.6,,20.1,,14.2,,0,,20.9,,NA,M,NA,M,1015,,1,,0.6,,191,,48,,6.3,,22.9,,24.7,,21.5,
2001-08-22,234,20.5,,28.6,,14.9,,74,,97,,41,,15.3,,19.9,,13.5,,0,,20.4,,NA,M,NA,M,1016,,0.7,,0.2,,302,,61,,4.8,,22.2,,23.9,,20.5,
2001-08-23,235,19.9,,26.9,,13.8,,74,,93,,41,,14.9,,17.8,,11.1,,0,,18.2,,NA,M,NA,M,1017,,0.7,,0.1,,201,,68,,4.7,,21.7,,23.4,,20,
2001-08-24,236,20,,27,,13.6,,70,,95,,25,,13.3,,18.5,,4.6,,0,,22.4,,NA,M,NA,M,1017,,1,,0.6,,11,,49,,6,,22.2,,24.3,,20.5,
2001-08-25,237,17.5,,24.1,,12.3,,66,,96,,34,,10.5,,13.8,,6.7,,0,,25.3,,NA,M,NA,M,1023,,1.6,,0.9,,116,,54,,6.1,,22.1,,24.6,,19.8,
2001-08-26,238,18.8,,24.4,,13.7,,76,,98,,46,,14.1,,16.9,,11.1,,0,,23.6,,NA,M,NA,M,1018,,1.9,,1.6,,203,,32,,9.1,,22.5,,24.8,,20.6,
2001-08-27,239,20.8,,25.5,,17.7,,85,,97,,63,,18.1,,20.2,,16.8,,0,,11.8,,NA,M,NA,M,1011,,1.4,,1,,214,,41,,8,,22.8,,24,,21.7,
2001-08-28,240,20.9,,27.6,,15.6,,77,,98,,36,,16.2,,19,,10.6,,0,,19.4,,NA,M,NA,M,1011,,0.9,,0.6,,221,,39,,6.1,,23,,25.1,,21.3,
2001-08-29,241,18.5,,25.5,,13.4,,68,,97,,34,,11.7,,15.6,,7.8,,0,,22.1,,NA,M,NA,M,1015,,1.1,,0.4,,328,,60,,6.7,,22.6,,24.4,,20.8,
2001-08-30,242,19,,25.5,,11.7,,68,,88,,39,,12.5,,17.4,,8.1,,0,,23.3,,NA,M,NA,M,1018,,1.8,,1,,173,,54,,9,,22.2,,24.5,,19.9,
2001-08-31,243,22.2,,26.7,,19.2,,83,,91,,66,,19.1,,22.2,,17,,0,,14.1,,NA,M,NA,M,1012,,2.3,,2,,194,,29,,10.6,,23,,24.4,,21.9,
2001-09-01,244,17.8,,22.4,,8.1,,75,,98,,45,,13,,20,,6.3,,4.3,E,21.8,,NA,M,NA,M,1011,,1.4,,0.7,,303,,55,,9.6,,22.9,,24.5,,21,
2001-09-02,245,13.2,,21.3,,6.6,,71,,96,,34,,7.4,,11.1,,3.8,,0,,24.2,,NA,M,NA,M,1018,,0.9,,0.3,,353,,62,,6.1,,20.3,,22.5,,18.1,
2001-09-03,246,16.3,,23.1,,9.6,,74,,96,,44,,11.1,,14.5,,9,,0,,23.3,,NA,M,NA,M,1018,,1.6,,1.3,,191,,35,,7.2,,20.4,,22.9,,18.1,
2001-09-04,247,16.5,,21.9,,11.9,,91,,98,,74,,14.9,,18.7,,10.9,,4.3,E,9.2,,NA,M,NA,M,1014,,1,,0.6,,200,,49,,5.3,,20,,21,,18.9,
2001-09-05,248,15,,21.3,,8.4,,68,,97,,32,,8.3,,13.7,,2.7,,0,,24.2,,NA,M,NA,M,1019,,1.2,,0.8,,334,,46,,8.6,,19.7,,21.7,,18.1,
2001-09-06,249,14.9,,23.3,,6.3,,67,,93,,31,,8.1,,12.8,,3.9,,0,,23.4,,NA,M,NA,M,1022,,0.8,,0.2,,304,,64,,6.3,,18.9,,21.5,,16.5,
2001-09-07,250,19.8,,27.3,,11.8,,66,,96,,33,,12.3,,15.9,,8.2,,0,,22.4,,NA,M,NA,M,1019,,1.2,,0.9,,201,,39,,6.7,,20.1,,22.9,,17.7,
2001-09-08,251,20.8,,28.2,,15.3,,77,,98,,43,,16.1,,18.6,,13.7,,0,,22,,NA,M,NA,M,1020,,1.4,,1.2,,202,,33,,5.8,,21.4,,23.9,,19.4,
2001-09-09,252,21.4,,27.6,,17.2,,78,,98,,48,,17.1,,18.9,,15.1,,0,,21.9,,NA,M,NA,M,1023,,1.8,,1.4,,206,,35,,7.4,,22.4,,24.7,,20.6,
2001-09-10,253,21,,27,,15.6,,84,,97,,59,,18,,20.3,,15,,14.7,,15.1,,NA,M,NA,M,1019,,1.8,,1.5,,213,,35,,11.4,,22.8,,24.4,,21.5,
2001-09-11,254,16.9,,23.7,,11.8,,74,,98,,36,,11.6,,16.3,,6.6,,0,,20.7,,NA,M,NA,M,1019,,0.9,,0.5,,348,,54,,7.2,,21.4,,23.3,,19.5,
2001-09-12,255,15.6,,23.6,,8.2,,65,,94,,26,,8.2,,12.5,,2.9,,0,,22.4,,NA,M,NA,M,1022,,0.9,,0.2,,344,,64,,5,,19.8,,22.4,,17.5,
2001-09-13,256,17.9,,25.8,,11.4,,72,,95,,40,,12.3,,16,,10.5,,0.8,,19.8,,NA,M,NA,M,1017,,1,,0.4,,276,,57,,8.3,,19.8,,22.4,,17.4,
2001-09-14,257,10.2,,14.4,,6.5,,85,,96,,62,,7.6,,11.2,,3,,12.4,,7.6,,NA,M,NA,M,1021,,0.8,,0.5,,14,,48,,5.2,,18.1,,20.2,,16.3,
2001-09-15,258,10.2,,18,,4.7,,71,,92,,32,,4.6,,9,,-0.1,,0,,21.9,,NA,M,NA,M,1022,,1,,0.6,,350,,49,,5.8,,16.2,,18.6,,13.9,
2001-09-16,259,12.5,,21.7,,4.5,,68,,91,,32,,6.1,,10.6,,2,,0,,22,,NA,M,NA,M,1018,,1,,0.3,,342,,66,,5.3,,16.5,,19.1,,14.1,
2001-09-17,260,15,,23.4,,7.8,,68,,92,,32,,8.3,,13.1,,4.8,,0,,21.6,,NA,M,NA,M,1018,,0.7,,0.2,,43,,64,,5,,17.2,,19.9,,14.8,
2001-09-18,261,16.4,,23.7,,9,,72,,95,,38,,10.8,,14.5,,7.9,,0,,19.2,,NA,M,NA,M,1016,,0.8,,0.4,,337,,55,,6,,17.9,,20.2,,15.5,
2001-09-19,262,16.1,,21.2,,13.5,,80,,95,,59,,12.7,,15,,11.1,,0,,13.3,,NA,M,NA,M,1023,,2,,1.8,,96,,30,,8.8,,18.5,,20,,17.3,
2001-09-20,263,16.8,,20.3,,13.1,,91,,97,,75,,15.2,,16.9,,11.9,,3.6,,5.9,,NA,M,NA,M,1020,,2.6,,2.3,,131,,28,,10.8,,18,,18.7,,17.2,
2001-09-21,264,17.9,,20.9,,15.9,,93,,98,,81,,16.8,,18.4,,15.1,,47.2,,6.7,,NA,M,NA,M,1017,,2.1,,1.8,,162,,29,,10.1,,18.4,,19.4,,17.3,
2001-09-22,265,18.6,,24.3,,13.3,,89,,97,,60,,16.5,,19.9,,12.8,,2.3,,12.4,,NA,M,NA,M,1016,,1.1,,0.5,,186,,55,,6.2,,19.6,,21.1,,18.4,
2001-09-23,266,16.7,,23.7,,12.6,,81,,97,,47,,13,,16.4,,11.3,,0,,17.2,,NA,M,NA,M,1018,,0.9,,0.2,,9,,68,,4.3,,19.4,,21.1,,17.8,
2001-09-24,267,17.5,,22.7,,12.7,,88,,97,,68,,15.3,,18,,12.1,,0,,9.5,,NA,M,NA,M,1017,,1.8,,1.4,,141,,35,,9.8,,19.1,,20.3,,18,
2001-09-25,268,18.6,,21.6,,15.8,,94,,97,,90,,17.7,,20.4,,15.1,,23.9,,3.8,,NA,M,NA,M,1009,,2.5,,1.9,,155,,39,,10.7,,19.4,,20,,18.7,
2001-09-26,269,12.4,,18.3,,6.4,,79,,97,,45,,8.4,,15.3,,4.3,,0,,19.8,,NA,M,NA,M,1012,,1.1,,0.8,,248,,38,,8.1,,18.6,,19.9,,17.4,
2001-09-27,270,9.9,,15.1,,4.1,,81,,97,,49,,6.4,,9.4,,3.4,,0,,11.7,,NA,M,NA,M,1011,,0.9,,0.1,,183,,72,,7.2,,16.6,,17.5,,15.4,
2001-09-28,271,10.2,,13.8,,8,,88,,94,,71,,8.3,,10,,6.2,,1,,5.8,,NA,M,NA,M,1014,,1.1,,0.8,,50,,39,,5.7,,15.8,,16.3,,15.4,
2001-09-29,272,9.9,,15.1,,4.8,,74,,96,,43,,5.1,,8.5,,1.9,,0,,15.2,,NA,M,NA,M,1020,,1.6,,1.3,,56,,34,,10.5,,15.3,,16.5,,14.4,
2001-09-30,273,8.4,,12.7,,2.6,,71,,95,,48,,3.1,,5.2,,1.1,,0,,12.5,,NA,M,NA,M,1020,,1.7,,1.3,,55,,37,,10.2,,13.8,,14.6,,12.7,
2001-10-01,274,9.8,,16.5,,7.3,,72,,96,,41,,4.6,,9,,0.8,,0,,8.8,,NA,M,NA,M,1010,,0.9,,0.7,,32,,38,,5.1,,13.7,,14.7,,13,
2001-10-02,275,13.1,,20.6,,6.6,,78,,95,,47,,9,,13,,5.5,,0,,17,,NA,M,NA,M,1012,,1,,0.4,,306,,58,,7.1,,14,,15.9,,12.2,
2001-10-03,276,16.7,,24,,9.6,,76,,96,,51,,12.1,,16.2,,8.8,,0,,16.8,,NA,M,NA,M,1015,,1.4,,1,,192,,45,,7,,15.2,,17.2,,13.4,
2001-10-04,277,18.9,,24.6,,14.1,,70,,90,,45,,12.9,,15.9,,10.9,,0,,17.1,,NA,M,NA,M,1014,,1.4,,1.2,,210,,34,,7.7,,16.5,,18.2,,15,
2001-10-05,278,18.3,,24.6,,13.8,,65,,87,,40,,11.4,,14.5,,8.8,,0,,16.6,,NA,M,NA,M,1012,,1.6,,1.4,,197,,32,,8.3,,16.8,,18.4,,15.4,
2001-10-06,279,12.3,,18.2,,3.3,,79,,95,,51,,8.6,,15.9,,1.9,,3.3,,8.4,,NA,M,NA,M,1005,,2.6,,1.8,,228,,44,,16,,16.1,,16.8,,14.3,
2001-10-07,280,4.5,,10.9,,-0.3,,70,,95,,38,,-1,,2.8,,-4.3,,0,,12.4,,NA,M,NA,M,1013,,1.7,,1.3,,267,,35,,13.6,,13.1,,14.4,,11.9,
2001-10-08,281,2.6,,9.7,,-2.4,,64,,85,,33,,-4,,-0.2,,-6,,0,,16.7,,NA,M,NA,M,1025,,1.4,,0.9,,299,,49,,10.9,,11.2,,12.4,,10.1,
2001-10-09,282,6.2,,14.2,,-2.4,,61,,95,,27,,-1.7,,1.6,,-7,,0,,17.5,,NA,M,NA,M,1032,,1.1,,0.6,,231,,55,,6.3,,10.6,,12.2,,9,
2001-10-10,283,11.9,,19.4,,6,,57,,79,,34,,3.3,,7.7,,-0.3,,0,,15.8,,NA,M,NA,M,1027,,1.1,,0.8,,216,,39,,5.6,,11.8,,13.5,,10.4,
2001-10-11,284,14.6,,22.5,,8.4,,76,,96,,43,,10,,12.7,,6.6,,0,,16.5,,NA,M,NA,M,1023,,1.4,,1.1,,211,,34,,6.5,,12.8,,14.6,,11.1,
2001-10-12,285,15.4,,23.5,,11.5,,82,,98,,45,,11.9,,14.6,,10.4,,0,,14.6,,NA,M,NA,M,1019,,1,,0.1,,261,,75,,4,,14.4,,16.2,,13,
2001-10-13,286,13.2,,20.9,,9.4,,86,,98,,55,,10.6,,14.2,,9.1,,0,,14,,NA,M,NA,M,1021,,1.9,,1.6,,84,,30,,6.9,,14.9,,16.4,,13.9,
2001-10-14,287,11.3,,13.9,,9.1,,96,,98,,88,,10.6,,12.3,,8.8,,0.3,,4.5,,NA,M,NA,M,1018,,1.6,,1.4,,100,,28,,6.6,,14.7,,15.2,,14.2,
2001-10-15,288,12.8,,17.7,,7,,76,,98,,41,,8.3,,13.3,,2.6,,13.5,,12,,NA,M,NA,M,1014,,1.6,,0.4,,250,,67,,10,,14.7,,15.8,,13.9,
2001-10-16,289,11.4,,17.3,,4.3,,71,,96,,37,,5.7,,11.5,,0.8,,0,,12.5,,NA,M,NA,M,1017,,2.3,,1.7,,106,,38,,11.5,,13.4,,14.2,,12.2,
2001-10-17,290,8,,12.2,,4.5,,74,,97,,53,,3.5,,11.8,,-2.3,,1.8,,7.4,,NA,M,NA,M,1005,,2.9,,2.1,,253,,40,,14.5,,13.1,,13.6,,12,
2001-10-18,291,5.4,,12,,0.4,,55,,79,,23,,-3.8,,-0.2,,-9.2,,0,,15.8,,NA,M,NA,M,1019,,2,,1.6,,270,,33,,11,,11.4,,12.3,,10.3,
2001-10-19,292,7.4,,15,,-0.6,,64,,91,,33,,0.4,,7.1,,-3.9,,0,,12.4,,NA,M,NA,M,1018,,1.7,,1.3,,202,,41,,8.2,,10.2,,11.4,,8.9,
2001-10-20,293,10.1,,17.3,,5.2,,72,,92,,43,,5,,8.8,,0.6,,0,,9.7,,NA,M,NA,M,1016,,1.2,,0.6,,234,,56,,7.1,,11,,12.4,,10,
2001-10-21,294,14,,20.5,,5.1,,60,,79,,41,,6.1,,10.1,,0.3,,0,,11.5,,NA,M,NA,M,1018,,2.1,,1.7,,205,,33,,12.8,,11.2,,12.6,,9.8,
2001-10-22,295,12.2,,17.5,,6.4,,55,,82,,23,,2.8,,9.8,,-4.7,,0,,10.9,,NA,M,NA,M,1016,,1,,0.5,,314,,58,,5.7,,12.5,,13.7,,11.7,
2001-10-23,296,10.9,,16.6,,5.8,,74,,93,,54,,6.2,,15.4,,0.1,,0,,3.8,,NA,M,NA,M,1014,,2.7,,1.9,,127,,43,,9,,11.3,,12.1,,10.6,
2001-10-24,297,18.2,,23.5,,14.8,,79,,97,,50,,14.2,,16,,11.3,,0.5,,10.7,,NA,M,NA,M,1008,,1.5,,1.1,,203,,42,,6.2,,13.6,,15,,12.1,
2001-10-25,298,16.2,,21.9,,10.3,,67,,98,,10,,8.3,,16.8,,-12.7,,0,,5.4,,NA,M,NA,M,1001,,2.4,,1.6,,215,,47,,17.8,,14.5,,15.5,,13.3,
2001-10-26,299,7.5,,11.4,,2.2,,46,,73,,29,,-3.8,,-0.5,,-6.8,,0,,7.2,,NA,M,NA,M,1004,,2,,1.7,,252,,30,,11.3,,11.8,,13.3,,10.6,
2001-10-27,300,4.2,,9.3,,0.9,,64,,79,,44,,-2.1,,0.9,,-3.8,,0,,8.3,,NA,M,NA,M,1009,,1.8,,1.5,,279,,33,,8.2,,10,,10.7,,9.3,
2001-10-28,301,2.5,,7.8,,-1.9,,59,,77,,36,,-5,,-1.7,,-6.9,,0,,13.8,,NA,M,NA,M,1026,,1.2,,0.8,,342,,43,,8.2,,9.1,,9.9,,8.2,
2001-10-29,302,3.9,,10.7,,-3.5,,61,,87,,37,,-3.3,,-0.3,,-6.2,,0,,12.3,,NA,M,NA,M,1027,,1,,0.4,,244,,62,,5.8,,8.1,,9.2,,6.9,
2001-10-30,303,4.8,,10.8,,-1.5,,48,,91,,13,,-7.1,,2.3,,-20.1,,0,,12.9,,NA,M,NA,M,1028,,1.3,,0.8,,342,,46,,10.4,,8.2,,9.1,,7.2,
2001-10-31,304,2.3,,5.6,,-3.6,,71,,97,,46,,-2.7,,5.2,,-9,,1.3,,4.9,,NA,M,NA,M,1029,,1.3,,0.6,,200,,58,,6.1,,6.8,,7.5,,5.8,
2001-11-01,305,11.6,,17.5,,5.5,,79,,98,,50,,7.9,,10.6,,5.1,,3.3,,10.2,,NA,M,NA,M,1025,,2,,1.7,,202,,29,,7.3,,9,,10.4,,7.5,
2001-11-02,306,14.6,,19.4,,11,,83,,95,,62,,11.7,,13.6,,9.9,,0,,8.3,,NA,M,NA,M,1020,,2.6,,2.3,,200,,28,,10,,10.7,,11.9,,9.7,
2001-11-03,307,12.4,,17.7,,4.8,,76,,97,,30,,7.9,,13.7,,-0.8,,7.1,,6.6,,NA,M,NA,M,1018,,1.2,,0.9,,261,,37,,7.9,,12,,12.8,,10.9,
2001-11-04,308,6.3,,12.1,,1.7,,75,,97,,48,,2,,4.6,,0.6,,0,,8.7,,NA,M,NA,M,1016,,1.1,,0.5,,261,,57,,7.2,,10.1,,11,,9.3,
2001-11-05,309,3.1,,6.2,,0.3,,83,,97,,55,,0.3,,3.1,,-3.1,,2,,4.6,,NA,M,NA,M,1009,,1.9,,1.5,,297,,34,,10.5,,9,,9.7,,8.2,
2001-11-06,310,3.9,,8.1,,0.4,,67,,89,,47,,-1.9,,0.8,,-4.5,,0.3,,12.1,,NA,M,NA,M,1011,,2.2,,1.8,,311,,35,,12.4,,7.8,,8.3,,7.1,
2001-11-07,311,5.1,,10.5,,-0.1,,69,,89,,56,,-0.1,,4.6,,-5.1,,0,,4,,NA,M,NA,M,1012,,1.7,,1.4,,283,,34,,11.2,,6.8,,7.5,,6.1,
2001-11-08,312,5.6,,12.6,,-2.2,,52,,92,,18,,-4.5,,7.1,,-11.5,,0,,11.2,,NA,M,NA,M,1017,,1.8,,1,,204,,52,,7.6,,6.4,,7.3,,5.3,
2001-11-09,313,4.2,,9.4,,-2.2,,67,,95,,40,,-1.9,,8.1,,-6.4,,0.8,,10.9,,NA,M,NA,M,1014,,2.9,,2.5,,272,,32,,12.6,,7.3,,7.8,,6.3,
2001-11-10,314,1.9,,7,,-2.5,,73,,90,,52,,-2.6,,-0.6,,-4.9,,0,,5.3,,NA,M,NA,M,1012,,1,,0.6,,202,,51,,7.3,,5.9,,6.7,,5.2,
2001-11-11,315,1.2,,4.8,,-4,,64,,86,,35,,-5,,0.6,,-9.7,,0,,8.7,,NA,M,NA,M,1015,,1.7,,1.3,,304,,36,,11.6,,5.7,,6.2,,4.8,
2001-11-12,316,-1.8,,4.4,,-6,,63,,82,,34,,-8.3,,-4,,-10.8,,0,,10.1,,NA,M,NA,M,1024,,1.2,,0.7,,303,,47,,9.3,,4.2,,4.9,,3.5,
2001-11-13,317,0.3,,8.3,,-6.4,,67,,81,,46,,-5.4,,-0.4,,-10.2,,0,,9.4,,NA,M,NA,M,1028,,1,,0.5,,227,,50,,5.8,,3.5,,4.2,,2.8,
2001-11-14,318,5.4,,9.4,,2.4,,72,,90,,46,,0.5,,4.1,,-2.4,,0.5,,4.9,,NA,M,NA,M,1021,,1.1,,0.9,,224,,34,,5.7,,4.5,,5.5,,3.5,
2001-11-15,319,9.3,,14.8,,3.2,,74,,89,,60,,4.8,,8.3,,1,,0,,6.3,,NA,M,NA,M,1017,,1.2,,1,,228,,35,,6.4,,5.8,,6.9,,4.8,
2001-11-16,320,11.6,,18.2,,3.1,,66,,84,,39,,5.2,,9.9,,-2.8,,0,,7.9,,NA,M,NA,M,1015,,2.1,,1.4,,275,,49,,10.3,,7.5,,8.6,,6.6,
2001-11-17,321,0.7,,6.7,,-3.2,,54,,73,,29,,-8.1,,-2.5,,-11.6,,0,,10.3,,NA,M,NA,M,1028,,1.1,,0.4,,61,,61,,6.7,,6.2,,7.6,,5.3,
2001-11-18,322,6,,13.2,,-0.6,,65,,91,,39,,-0.5,,3.6,,-7.3,,0,,10.2,,NA,M,NA,M,1025,,1.6,,1.3,,225,,30,,5.6,,5.4,,6.3,,4.4,
2001-11-19,323,8.5,,14.4,,4.2,,80,,95,,56,,5.1,,8.5,,3.1,,0,,9.3,,NA,M,NA,M,1015,,2.3,,2,,205,,29,,10.4,,6.3,,7.2,,5.3,
2001-11-20,324,4.1,,11.1,,-2.4,,75,,95,,35,,-0.3,,9.6,,-7.7,,1.3,,5.6,,NA,M,NA,M,1008,,2.3,,1.8,,257,,37,,11.8,,7.1,,7.6,,5.6,
2001-11-21,325,0.1,,5,,-4.3,,61,,85,,41,,-6.7,,-3.6,,-10.7,,0,,10.3,,NA,M,NA,M,1015,,1.1,,0.6,,251,,53,,5.3,,4.8,,5.7,,4.2,
2001-11-22,326,3.1,,10.3,,-1.3,,67,,82,,42,,-2.6,,0.1,,-4.1,,0,,8.2,,NA,M,NA,M,1016,,1.1,,0.2,,241,,73,,5.2,,4.7,,5.6,,3.9,
2001-11-23,327,4.4,,9.6,,-0.1,,73,,95,,52,,-0.2,,2.9,,-3,,0,,8.9,,NA,M,NA,M,1023,,2.4,,2.1,,94,,29,,7,,4.9,,5.6,,4.2,
2001-11-24,328,6,,8.8,,2.4,,95,,97,,87,,5.2,,8.4,,1.6,,2.3,,1.4,,NA,M,NA,M,1028,,2.4,,2.2,,96,,24,,8.8,,5.7,,6.4,,5.1,
2001-11-25,329,11.8,,13.8,,8.6,,93,,97,,86,,10.6,,12.5,,8.2,,5.1,,3,,NA,M,NA,M,1023,,3.5,,3,,140,,31,,11.7,,7.7,,9,,6.4,
2001-11-26,330,10.9,,15.6,,5.1,,85,,98,,61,,8.4,,12.4,,3.2,,0,,7.5,,NA,M,NA,M,1017,,1.3,,0.8,,269,,47,,9.4,,9.4,,10.1,,8.6,
2001-11-27,331,6.5,,9.3,,2.6,,89,,97,,79,,4.8,,6.7,,2,,0.3,,2.8,,NA,M,NA,M,1017,,0.9,,0.2,,190,,66,,5.9,,8,,8.7,,7.4,
2001-11-28,332,8.2,,14,,2.4,,82,,98,,54,,5.1,,8.2,,1.6,,0.5,,8.1,,NA,M,NA,M,1020,,1.7,,0.3,,324,,73,,8.6,,8.4,,9,,7.9,
2001-11-29,333,1.5,,4.5,,-0.4,,97,,98,,94,,1,,4.3,,-1,,2,,0.6,,NA,M,NA,M,1024,,1.8,,1.6,,84,,27,,8.8,,7.1,,8.4,,6.6,
2001-11-30,334,11.9,,16,,3.7,,98,,100,,91,,11.6,,15.2,,3.4,,2,,1.1,,NA,M,NA,M,1017,,2.5,,2.2,,192,,27,,13.8,,7.8,,9.6,,6.6,
2001-12-01,335,13,,17.7,,5.9,,77,,97,,48,,8.7,,14.1,,0.2,,0.5,,8.2,,NA,M,NA,M,1013,,2.8,,2.3,,248,,36,,10.5,,10.2,,11,,9.5,
2001-12-02,336,4.6,,8.5,,-1.3,,77,,95,,61,,0.8,,3.3,,-2.2,,0,,3.5,,NA,M,NA,M,1021,,1,,0.6,,270,,50,,6.6,,8.5,,9.6,,7.3,
2001-12-03,337,3.6,,9.1,,-2.6,,75,,97,,49,,-0.8,,1.3,,-3.1,,0,,9.1,,NA,M,NA,M,1022,,1.7,,1,,218,,50,,9.2,,6.5,,7.4,,5.8,
2001-12-04,338,6.7,,12.6,,0.9,,67,,90,,46,,0.9,,3.5,,-1.6,,0,,7.5,,NA,M,NA,M,1023,,1.1,,0.5,,210,,55,,7.1,,6,,6.6,,5.1,
2001-12-05,339,11.6,,17,,6.9,,71,,88,,55,,6.4,,9.4,,2.8,,0,,6.5,,NA,M,NA,M,1022,,1.3,,0.9,,233,,44,,7,,7.3,,8.2,,6.5,
2001-12-06,340,13.5,,19.9,,7.7,,53,,71,,37,,4.1,,7.4,,-3.6,,0,,6.5,,NA,M,NA,M,1014,,2.3,,1.8,,248,,36,,12.6,,8.4,,9.2,,7.7,
2001-12-07,341,5.6,,11.1,,1,,47,,72,,25,,-5.3,,0,,-9.8,,0,,8.7,,NA,M,NA,M,1013,,1.8,,1.6,,271,,25,,11.7,,7.1,,8.5,,6.1,
2001-12-08,342,-0.7,,1.6,,-3.1,,67,,97,,47,,-6.3,,-2.8,,-9.5,,3.8,,4.1,,NA,M,NA,M,1018,,1.1,,0.7,,37,,50,,5.7,,5.1,,6.1,,4.6,
2001-12-09,343,-2.6,,0.1,,-5.8,,97,,98,,96,,-2.9,,-0.3,,-6.4,,12.7,,1.3,,NA,M,NA,M,1017,,1,,0.6,,7,,48,,5.3,,4.7,,4.8,,4.6,
2001-12-10,344,-1.7,,2.4,,-7.1,,89,,98,,77,,-3.3,,0,,-7.8,,0,,8.3,,NA,M,NA,M,1025,,1.2,,0.8,,200,,43,,7.3,,4.5,,4.6,,4.4,
2001-12-11,345,2,E,7.3,E,-1,E,86,E,98,E,57,E,-0.3,E,1,E,-1.7,E,0,,7.4,,NA,M,NA,M,1025,,0.9,,0.4,,337,,58,,5.5,,4.3,,4.4,,4.1,
2001-12-12,346,1,,5.1,,-1.1,,83,,93,,66,,-1.5,,-0.1,,-3.2,,0,,6.2,,NA,M,NA,M,1031,,1.8,,1.6,,76,,29,,7.3,,4.1,,4.2,,4,
2001-12-13,347,3.2,,6.8,,0.4,,99,,100,,90,,3,,6.8,,-0.8,,1.3,E,1,,NA,M,NA,M,1015,,1.6,,0.6,,123,,62,,7.4,,3.8,,4,,3.6,
2001-12-14,348,7,,9,,4.9,,98,,100,,83,,6.7,,8.4,,4.9,,3.3,E,2.6,,NA,M,NA,M,1012,,1.5,,0,,340,,79,,10.2,,4.8,,5.7,,3.7,
2001-12-15,349,0.4,,6.5,,-4.8,,90,,100,,67,,-1.1,,6.4,,-6.4,,16.5,E,2.7,,NA,M,NA,M,1016,,1.9,,0.8,,359,,60,,9.3,,5.2,,5.8,,3.8,
2001-12-16,350,-3.4,,1.2,,-6,,67,,89,,36,,-9,,-6.1,,-13,,0,,8.1,,NA,M,NA,M,1027,,1.4,,1.1,,320,,36,,8.2,,2.8,,3.9,,2.2,
2001-12-17,351,-1.9,,0.9,,-4.5,,90,,100,,67,,-3.5,,0.9,,-9,,8.4,,1.1,,NA,M,NA,M,1015,,1.3,,1,,120,,40,,5.8,,2,,2.3,,1.9,
2001-12-18,352,-0.1,,1,,-2.3,,97,,100,,84,,-0.5,,0.7,,-2.3,,6.1,,2,,NA,M,NA,M,995,,1.7,,1.1,,305,,46,,10.8,,2.2,,2.4,,2,
2001-12-19,353,1.1,,6,,-1.7,,85,,100,,57,,-1.4,,0.1,,-2.5,,0,,6.6,,NA,M,NA,M,1006,,2.1,,1.3,,260,,51,,10.1,,2.2,,2.7,,1.8,
2001-12-20,354,1.1,,4.5,,-1.6,,86,,100,,55,,-1.2,,2.3,,-5.3,,0.5,,3.4,,NA,M,NA,M,1003,,1.6,,1,,261,,45,,10.7,,2.5,,3,,2.1,
2001-12-21,355,-1.7,,0.2,,-3.6,,78,,100,,60,,-5.3,,-1.6,,-8.3,,0,,3.6,,NA,M,NA,M,1010,,2.2,,1.9,,299,,33,,11.9,,2.1,,2.5,,1.7,
2001-12-22,356,-3.8,,1.2,,-6.8,,67,,82,,45,,-9.3,,-7.7,,-10.4,,0,,8.6,,NA,M,NA,M,1023,,1.9,,1.6,,302,,31,,10.1,,1.4,,1.8,,1.2,
2001-12-23,357,-1.8,,4,,-9.4,,72,,96,,47,,-6.6,,1.9,,-10.4,,0,,8.2,,NA,M,NA,M,1018,,1.5,,1,,199,,45,,7.3,,1.1,,1.2,,1,
2001-12-24,358,1.7,,4.8,,-4.2,,99,,100,,87,,1.6,,4.8,,-4.5,,11.7,,1,,NA,M,NA,M,1006,,1.4,,0.1,,242,,75,,9.8,,1.1,,1.6,,0.9,
2001-12-25,359,-3.3,,1.4,,-5.7,,81,,100,,48,,-6.3,,-4.1,,-8.9,,0,,8.2,,NA,M,NA,M,1012,,1,,0.7,,276,,41,,6.2,,1.1,,1.4,,0.9,
2001-12-26,360,-3.1,,2.3,,-6.2,,78,,97,,51,,-6.5,,-4.3,,-8.2,,0,,7.3,,NA,M,NA,M,1007,,1,,0.5,,104,,58,,4.4,,0.9,,1,,0.8,
2001-12-27,361,-6.3,,-1.6,,-10.4,,71,,97,,39,,-11,,-7.1,,-14.3,,0,,6.9,,NA,M,NA,M,1000,,1.4,,1.3,,268,,26,,7.9,,0.7,,0.8,,0.6,
2001-12-28,362,-5,,-1.2,,-10.7,,77,,96,,59,,-8.6,,-3.3,,-11.8,,0,,5.5,,NA,M,NA,M,1002,,2,,1.7,,238,,34,,8.9,,0.5,,0.7,,0.4,
2001-12-29,363,-3.9,,0.6,,-7.3,,68,,94,,45,,-9,,-5,,-11.9,,0,,6.8,,NA,M,NA,M,1004,,2.4,,2.2,,254,,23,,10.7,,0.4,,0.5,,0.4,
2001-12-30,364,-5.3,,-0.4,,-8.8,,60,,78,,36,,-12.1,,-10.2,,-13.9,,0,,8.4,,NA,M,NA,M,1006,,2.9,,2.7,,256,,22,,9.9,,0.3,,0.4,,0.2,
2001-12-31,365,-6.4,,-2.6,,-10.1,,63,,81,,46,,-12.4,,-11.5,,-13,,0,,7.4,,NA,M,NA,M,1010,,2.6,,2.4,,256,,23,,10,,0.1,,0.3,,0,
2002-01-01,1,-7,,-2.1,,-10.9,,67,,92,,44,,-12.4,,-9.1,,-15.6,,0,,7.1,,NA,M,NA,M,1013,,2,,1.8,,271,,24,,13.1,,-0.1,,0.1,,-0.3,
2002-01-02,2,-5.8,,0.5,,-11.3,,72,,88,,48,,-10.3,,-7.8,,-14.1,,0,,8.8,,NA,M,NA,M,1017,,2.1,,1.9,,266,,21,,10.3,,-0.4,,-0.3,,-0.6,
2002-01-03,3,-4.2,,1.7,,-8.5,,73,,94,,43,,-8.6,,-6.2,,-9.9,,0,,9.1,,NA,M,NA,M,1011,,1.5,,1.2,,275,,31,,9.2,,-0.6,,-0.4,,-0.7,
2002-01-04,4,-4.8,,0.7,,-9.3,,64,,92,,26,,-11.1,,-7.1,,-18.6,,0,,7.2,,NA,M,NA,M,1011,,1.3,,1,,272,,36,,6.1,,-0.7,,-0.5,,-0.9,
2002-01-05,5,-1.3,,0.5,,-3.7,,65,,74,,57,,-7.1,,-5.5,,-8.8,,0,,3,,NA,M,NA,M,1014,,1.5,,1.3,,246,,26,,6.6,,-0.6,,-0.4,,-0.7,
2002-01-06,6,0.5,,4.1,,-2.5,,59,,100,,34,,-7.1,,-1.2,,-10.4,,3.8,,4.5,,NA,M,NA,M,1009,,1.5,,0.4,,145,,67,,10,,-0.4,,-0.3,,-0.5,
2002-01-07,7,-3,,-0.7,,-8.5,,100,,100,,98,,-3,,-0.7,,-8.8,,9.4,,0.5,,NA,M,NA,M,998,,1.9,,1.6,,334,,33,,9.3,,-0.3,,-0.3,,-0.4,
2002-01-08,8,-7.1,,-2.4,,-12,,95,,100,,86,,-7.8,,-3,,-12.6,,0.5,,3.8,,NA,M,NA,M,1007,,1.6,,1.2,,279,,40,,8.8,,-0.3,,-0.3,,-0.3,
2002-01-09,9,-2.9,,0.4,,-6.4,,91,,100,,74,,-4.1,,-0.7,,-7.3,,0.3,,1.5,,NA,M,NA,M,1003,,1.9,,1.7,,230,,26,,8.6,,-0.3,,-0.3,,-0.3,
2002-01-10,10,2.9,,7.1,,0.2,,82,,94,,62,,0.1,,1.8,,-1.6,,0,,3.3,,NA,M,NA,M,1004,,2.2,,2,,258,,23,,11.8,,-0.3,,-0.2,,-0.3,
2002-01-11,11,1,,2.7,,-0.5,,91,,100,,76,,-0.4,,2,,-2,,2.8,,1.7,,NA,M,NA,M,1003,,1.3,,1.1,,258,,31,,8.3,,-0.2,,-0.2,,-0.3,
2002-01-12,12,0.5,,4.3,,-2,,79,,100,,57,,-2.8,,-0.6,,-4.5,,0,,3.8,,NA,M,NA,M,1008,,2.2,,1.6,,225,,41,,8.3,,-0.2,,-0.2,,-0.3,
2002-01-13,13,-0.6,,1.7,,-3.4,,87,,100,,65,,-2.5,,1,,-8.8,,9.4,,1.2,,NA,M,NA,M,997,,2.9,,1.9,,261,,45,,16.2,,-0.2,,-0.1,,-0.2,
2002-01-14,14,-2.7,,0.9,,-5.7,,63,,80,,43,,-8.9,,-4.9,,-11,,0,,7.5,,NA,M,NA,M,1014,,2.4,,1.5,,260,,49,,14.8,,-0.1,,-0.1,,-0.2,
2002-01-15,15,-1.1,,0.7,,-2.7,,97,,100,,74,,-1.5,,0.4,,-5.8,,0,,2.1,,NA,M,NA,M,1009,,1.8,,0.7,,72,,61,,8.2,,-0.1,,0,,-0.1,
2002-01-16,16,-1.1,,1.7,,-3.9,,67,,97,,43,,-6.7,,-0.4,,-10.3,,0,,9.1,,NA,M,NA,M,1014,,2.7,,2.4,,274,,24,,13,,0,,0,,-0.1,
2002-01-17,17,-1.5,,3.1,,-3.9,,84,,100,,63,,-4.1,,0,,-8,,0.8,,3.5,,NA,M,NA,M,1011,,2.3,,1.7,,234,,41,,12.2,,0,,0.1,,0,
2002-01-18,18,-4.5,,-0.7,,-8.1,,72,,93,,45,,-9,,-4.7,,-12.8,,0,,5.3,,NA,M,NA,M,1013,,1.9,,1.7,,267,,26,,11.2,,0,,0.1,,0,
2002-01-19,19,-7.1,,-3.5,,-11.3,,84,,99,,49,,-9.5,,-6.3,,-13.1,,3,,4.4,,NA,M,NA,M,1017,,1.1,,0.5,,183,,56,,6.9,,0.1,,0.1,,0,
2002-01-20,20,-5,,0.7,,-10.6,,83,,100,,58,,-7.7,,-5.3,,-11.2,,0.8,,7.1,,NA,M,NA,M,1014,,1.2,,0.9,,268,,41,,8.2,,0.1,,0.1,,0,
2002-01-21,21,-3.3,,-0.7,,-7.9,,91,,100,,75,,-4.5,,-0.8,,-8.6,,2.3,,1.5,,NA,M,NA,M,1010,,1.6,,1,,209,,51,,9,,0.1,,0.1,,0.1,
2002-01-22,22,-0.6,,4.5,,-4.3,,74,,100,,46,,-4.9,,-2.1,,-6.7,,0,,8.7,,NA,M,NA,M,1017,,2.3,,2,,268,,28,,13.9,,0.1,,0.1,,0.1,
2002-01-23,23,3.6,,9,,-1,,72,,100,,51,,-1.4,,3.3,,-6.7,,0,,10.2,,NA,M,NA,M,1016,,3,,2.6,,219,,29,,13.4,,0.1,,0.2,,0.1,
2002-01-24,24,3.4,,5.4,,0.3,,100,,100,,97,,3.4,,5.4,,0,,4.3,,1.5,,NA,M,NA,M,1005,,1.3,,0.7,,235,,53,,9.5,,0.1,,0.2,,0.1,
2002-01-25,25,-0.2,,3.1,,-2.8,,75,,100,,47,,-4.5,,0.2,,-7.7,,0,,10.3,,NA,M,NA,M,1011,,2,,1.8,,273,,29,,11.1,,0.2,,0.2,,0.1,
2002-01-26,26,3.2,,9.6,,-1.1,,54,,67,,33,,-5.5,,-2.8,,-7.4,,0,,10.1,,NA,M,NA,M,1016,,2.1,,1.8,,247,,29,,9.5,,0.2,,0.2,,0.1,
2002-01-27,27,5,,11.7,,-0.9,,49,,77,,26,,-5.4,,-1.9,,-7.6,,0,,10.3,,NA,M,NA,M,1018,,0.8,,0.4,,215,,50,,5.7,,0.2,,0.3,,0.2,
2002-01-28,28,6.4,,11.9,,1.7,,54,,73,,31,,-2.6,,-0.1,,-4.9,,0,,8.4,,NA,M,NA,M,1015,,0.8,,0.6,,203,,42,,4.4,,0.3,,0.3,,0.2,
2002-01-29,29,7.6,,12.4,,1.7,,72,,91,,53,,2.6,,6.3,,-0.8,,0,,4.8,,NA,M,NA,M,1013,,1,,0.6,,248,,47,,4.7,,0.3,,0.3,,0.3,
2002-01-30,30,3.1,,8.1,,-1.9,,97,,100,,85,,2.6,,6.7,,-3.1,,3.6,,1.3,,NA,M,NA,M,1017,,1.2,,0.5,,32,,60,,6.6,,0.3,,0.4,,0.3,
2002-01-31,31,-3.7,,-1.7,,-5.1,,85,,100,,51,,-6.1,,-2.8,,-12.1,,11.7,,1.1,,NA,M,NA,M,1027,,1.8,,1.5,,71,,35,,8.1,,0.4,,0.4,,0.4,
2002-02-01,32,-1.5,,0.9,,-3.6,,97,,100,,71,,-1.9,,0.6,,-6.9,,7.6,,0.9,,NA,M,NA,M,1010,,1.5,Q,0.3,Q,287,Q,59,Q,18.1,,0.4,,0.4,,0.3,
2002-02-02,33,-6.9,,-2.8,,-10.8,,73,,90,,42,,-11.1,,-5.7,,-14.9,,0,,11.8,,NA,M,NA,M,1019,,2.1,,1.8,,279,,26,,13.3,,0.3,,0.4,,0.2,
2002-02-03,34,-4.5,,1.3,,-11.3,,75,,94,,52,,-8.5,,-3.8,,-13.1,,0,,11.1,,NA,M,NA,M,1018,,1.8,,1.4,,198,,32,,11,,0.1,,0.3,,0.1,
2002-02-04,35,-2.3,,2.8,,-8.1,,73,,97,,40,,-6.9,,-4.2,,-12.8,,0,,10.3,,NA,M,NA,M,1006,,1.3,,0.9,,331,,41,,10.2,,0.1,,0.1,,0,
2002-02-05,36,-7.7,,-4.5,,-11.8,,62,,97,,31,,-14.1,,-6,,-19.8,,0,,11.2,,NA,M,NA,M,1013,,2.6,,2.2,,285,,32,,11.2,,0,,0.1,,0,
2002-02-06,37,-4.8,,0.4,,-10.9,,73,,97,,48,,-9.3,,-6.5,,-12.6,,0,,10.8,,NA,M,NA,M,1016,,1.6,,1.3,,276,,32,,9.7,,0,,0,,-0.1,
2002-02-07,38,-0.9,,4.4,,-4.7,,73,,96,,52,,-5.3,,-2.7,,-8.1,,0,,7,,NA,M,NA,M,1011,,1.1,,0.8,,215,,41,,7.6,,-0.1,,0,,-0.1,
2002-02-08,39,1,,6,,-3.6,,65,,90,,37,,-5.3,,-3.7,,-7.9,,0,,12.8,,NA,M,NA,M,1011,,1.7,,1.5,,271,,32,,9.2,,-0.1,,0,,-0.1,
2002-02-09,40,-2.8,,1.7,,-6.4,,51,,79,,24,,-12.2,,-4.2,,-17.2,,0,,13.2,,NA,M,NA,M,1028,,1.6,,0.9,,352,,53,,7.4,,-0.1,,0,,-0.1,
2002-02-10,41,0.1,,9,,-6.3,,84,,100,,37,,-2.6,,9,,-18,,11.9,,2.2,,NA,M,NA,M,1024,,2.9,,2.4,,155,,34,,13.2,,-0.1,,-0.1,,-0.2,
2002-02-11,42,-3.6,,9,,-13.3,,69,,100,,26,,-9.2,,9,,-25.3,,4.8,,6.9,,NA,M,NA,M,1007,,2.3,,1.5,,312,,47,,12.4,,-0.1,,-0.1,,-0.2,
2002-02-12,43,-5.1,,1.2,,-13.9,,60,,77,,40,,-11.8,,-6.2,,-19.6,,0,,9.4,,NA,M,NA,M,1011,,2.5,,2.1,,209,,34,,14.3,,-0.2,,-0.1,,-0.3,
2002-02-13,44,-4.7,,-0.1,,-11.7,,57,,99,,25,,-12.4,,-1.5,,-21.2,,0,,12.1,,NA,M,NA,M,1014,,3,,2.7,,269,,26,,13.7,,-0.3,,-0.2,,-0.4,
2002-02-14,45,-6.3,,0,,-14.2,,60,,88,,35,,-13.4,,-9.4,,-16.5,,0,,13.2,,NA,M,NA,M,1024,,1.9,,1.5,,217,,33,,9.7,,-0.6,,-0.4,,-0.9,
2002-02-15,46,0.9,,5.3,,-3.5,,61,,91,,43,,-6.1,,2.1,,-10.8,,0,,9.5,,NA,M,NA,M,1018,,3.2,,2.8,,212,,27,,14,,-0.5,,-0.3,,-0.7,
2002-02-16,47,4,,10.2,,-1.2,,73,,92,,38,,-0.8,,2.2,,-4,,0,,8.5,,NA,M,NA,M,1008,,1.7,,0.8,,227,,58,,7.6,,-0.3,,-0.3,,-0.4,
2002-02-17,48,0.2,,2.1,,-2.1,,94,,100,,68,,-0.8,,1.4,,-3.7,,9.1,,2,,NA,M,NA,M,1005,,1.1,,0.4,,14,,62,,7.7,,-0.3,,-0.2,,-0.3,
2002-02-18,49,-3.7,,1,,-7.8,,77,,100,,48,,-7.4,,-1.9,,-10.6,,0,,8.1,,NA,M,NA,M,1019,,1.8,,1.5,,331,,34,,10.2,,-0.2,,-0.2,,-0.3,
2002-02-19,50,-0.4,,9.6,,-8.6,,53,,87,,18,,-9.8,,-3.3,,-14.6,,0,,14.9,,NA,M,NA,M,1022,,1,,0.6,,301,,47,,4.8,,-0.2,,-0.2,,-0.3,
2002-02-20,51,5.6,,10.5,,-0.5,,53,,100,,25,,-4.1,,7.7,,-14.7,,3.8,,7.8,,NA,M,NA,M,1017,,2.1,,1.7,,141,,34,,9.1,,-0.2,,-0.2,,-0.2,
2002-02-21,52,8.3,,12.2,,3.4,,98,,100,,86,,8,,11.3,,2.5,,11.4,,3.4,,NA,M,NA,M,1007,,1.5,,1.1,,191,,39,,10.1,,-0.2,,-0.2,,-0.2,
2002-02-22,53,1.6,,3.8,,-2,,86,,100,,67,,-0.6,,3.1,,-4.3,,0,,4,,NA,M,NA,M,1009,,2,,1.8,,269,,28,,11,,-0.2,,-0.1,,-0.2,
2002-02-23,54,-0.9,,5,,-4.4,,68,,98,,34,,-6.6,,-3.8,,-10.3,,0,,14.6,,NA,M,NA,M,1015,,1.3,,0.9,,303,,43,,8.6,,-0.2,,-0.1,,-0.2,
2002-02-24,55,-0.3,,6.9,,-6.7,,59,,84,,32,,-7.8,,-3.1,,-10.7,,0,,15.9,,NA,M,NA,M,1023,,1.2,,0.3,,141,,67,,5.4,,-0.1,,-0.1,,-0.2,
2002-02-25,56,3.2,,10.6,,-1.4,,75,,100,,30,,-1.6,,1.9,,-6.7,,0,,11.4,,NA,M,NA,M,1019,,2.4,,2.1,,207,,28,,9.8,,-0.1,,-0.1,,-0.2,
2002-02-26,57,7.7,,15.5,,2.1,,76,,100,,31,,2.7,,9.7,,-2.7,,0,,14.1,,NA,M,NA,M,1009,,3,,2.7,,186,,28,,12.8,,0,,0.4,,-0.1,
2002-02-27,58,0.9,,11,,-6.5,,97,,100,,80,,0.5,,9.8,,-6.9,,7.6,,1.3,,NA,M,NA,M,999,,1.8,,1.4,,261,,39,,10.9,,1.4,,1.7,,0.3,
2002-02-28,59,-5.2,,-0.5,,-8.8,,65,,98,,36,,-11.3,,-6.5,,-14.6,,0,,12.8,,NA,M,NA,M,1008,,3.3,,3,,271,,22,,14.4,,1.4,,1.6,,1.3,
2002-03-01,60,-2.4,,4.2,,-9,,58,,85,,31,,-10,,-5.6,,-12.9,,0,,16.4,,NA,M,NA,M,1025,,1.6,,0.9,,235,,50,,10.4,,1,,1.3,,0.8,
2002-03-02,61,0.6,,5.3,,-6.3,,67,,99,,36,,-5.4,,1.2,,-9,,1,,10.4,,NA,M,NA,M,1031,,2.4,,1.9,,134,,38,,10.2,,0.7,,0.9,,0.5,
2002-03-03,62,7.4,,12.9,,0.4,,93,,100,,57,,6.2,,12.6,,-6.5,,14.2,,3.7,,NA,M,NA,M,1005,,3.8,,1.4,,177,,64,,14.3,,2.7,,4.5,,0.8,
2002-03-04,63,-3.6,,0.7,,-9.2,,47,,68,,25,,-13.5,,-5,,-21,,0,,14.3,,NA,M,NA,M,1009,,3.3,,3,,277,,24,,12.9,,2.5,,4,,1.6,
2002-03-05,64,-6.6,,-1.9,,-10.6,,49,,69,,27,,-16,,-11.7,,-19,,0,,15.9,,NA,M,NA,M,1020,,2.3,,2.1,,266,,28,,10.8,,1,,1.6,,0.7,
2002-03-06,65,0.1,,8.3,,-6.6,,62,,88,,38,,-6.6,,-2.6,,-12.8,,0,,8.9,,NA,M,NA,M,1019,,1.7,,1.4,,218,,33,,7.4,,0.6,,0.7,,0.5,
2002-03-07,66,4.4,,14,,-1.4,,68,,96,,34,,-1.5,,0.8,,-3.6,,0,,15.9,,NA,M,NA,M,1023,,1.3,,0.3,,15,,66,,8.3,,1.1,,2.5,,0.4,
2002-03-08,67,3.4,,10.1,,-0.8,,87,,100,,56,,1.2,,3.3,,-0.8,,0,,14.8,,NA,M,NA,M,1031,,2.4,,2.1,,103,,28,,8.3,,3,,4.5,,1.7,
2002-03-09,68,9.8,,18.3,,2.5,,90,,100,,56,,7.9,,13.2,,2.5,,0.3,,8.8,,NA,M,NA,M,1026,,2.7,,2.3,,177,,32,,15.3,,4.8,,6.5,,3.5,
2002-03-10,69,1.8,,14.6,,-6.2,,68,,100,,33,,-3.8,,13.7,,-15.8,,9.1,,13,,NA,M,NA,M,1010,,4.7,,3.5,,258,,40,,17.7,,6.3,,7.3,E,4.2,
2002-03-11,70,-3.5,,1,,-6.8,,52,,73,,30,,-12.4,,-8.6,,-16.3,,0,,18.5,,NA,M,NA,M,1022,,2.9,,2.6,,271,,25,,12.4,,3.2,,4.2,,2.3,
2002-03-12,71,-0.2,,3.3,,-3.9,,74,,100,,46,,-4.8,,1,,-12.3,,0,,4,,NA,M,NA,M,1022,,1.4,,1,,215,,42,,12,,2.1,,2.6,,1.7,
2002-03-13,72,2.1,,5.2,,-2.8,,91,,100,,67,,0.6,,4.2,,-2.8,,0,,5.4,,NA,M,NA,M,1015,,1.5,,1.2,,80,,34,,6.4,,2.1,,3,,1.4,
2002-03-14,73,6.6,,14.6,,0.9,,68,,100,,28,,0,,5.4,,-6.3,,0,,19.1,,NA,M,NA,M,1013,,1.5,,0.8,,307,,53,,9.1,,4.1,,6.2,,2.4,
2002-03-15,74,4.2,,6.2,,2.6,,73,,100,,37,,-1,,6.2,,-9,,0,,2.5,,NA,M,NA,M,1015,,2.7,,2.5,,93,,24,,9.5,,4.1,,4.9,,3.8,
2002-03-16,75,3.6,,7.9,,-5.7,,89,,100,,62,,1.9,,7.9,,-8.7,,6.9,,4.6,,NA,M,NA,M,1014,,1.5,,1,,328,,48,,11,,4.6,,5.3,,3.7,
2002-03-17,76,-1,,6.2,,-8.4,,58,,93,,22,,-9.5,,-4.2,,-14.8,,0,,16.4,,NA,M,NA,M,1030,,1.1,,0.5,,319,,56,,5.4,,3.3,,4.5,,2.1,
2002-03-18,77,-1.6,,0.3,,-3.1,,94,,100,,64,,-2.5,,-1.1,,-6.8,,9.6,,2.9,,NA,M,NA,M,1026,,1.8,,1.6,,105,,27,,8.8,,2.9,,3.7,,2.5,
2002-03-19,78,-0.9,,0.5,,-2.5,,100,,100,,100,,-0.9,,0.5,,-2.5,,0.3,,3.9,,NA,M,NA,M,1026,,1.1,,1,,81,,25,,5,,2.4,,2.6,,2.3,
2002-03-20,79,-1,,0.2,,-1.5,,98,,100,,82,,-1.2,,-0.5,,-2.8,,17.8,,3.3,,NA,M,NA,M,1019,,2.2,,1.6,,110,,44,,8.7,,2.2,,2.3,,2,
2002-03-21,80,1.3,,7.3,,-4.3,,84,,100,,47,,-1.6,,1.1,,-9.1,,0.3,,18.8,,NA,M,NA,M,1007,,2.3,,1.4,,264,,51,,13.2,,2,,2.1,,1.9,
2002-03-22,81,-7.9,,-4,,-12.9,,50,,82,,30,,-16.8,,-8.3,,-22.4,,0,,19.7,,NA,M,NA,M,1007,,4,,3.6,,278,,26,,17.5,,1.8,,1.9,,1.7,
2002-03-23,82,-2.7,,3.3,,-9.6,,54,,79,,36,,-11,,-7.5,,-15.5,,0,,15.4,,NA,M,NA,M,1010,,3.2,,2.9,,244,,26,,12.7,,1.6,,1.8,,1.5,
2002-03-24,83,0.8,,5.5,,-3.9,,58,,94,,38,,-6.9,,-2.5,,-10.3,,0,,18.6,,NA,M,NA,M,1015,,2.4,,2,,274,,33,,11.7,,1.5,,1.6,,1.5,
2002-03-25,84,0.7,,4.9,,-2.6,,56,,100,,25,,-8.3,,-2,,-14.1,,0.5,,17.6,,NA,M,NA,M,1023,,1.3,,0.7,,344,,51,,7.3,,1.5,,1.5,,1.4,
2002-03-26,85,-0.2,,1.1,,-2.1,,86,,100,,50,,-2.3,,1.1,,-9,,14.7,,2.5,,NA,M,NA,M,1024,,2.4,,2,,85,,30,,11.6,,1.4,,1.5,,1.3,
2002-03-27,86,1.7,,5.1,,-0.2,,91,,100,,74,,0.4,,3.5,,-2.5,,6.9,,6.5,,NA,M,NA,M,1012,,1.9,,1,,290,,56,,8.4,,1.3,,1.4,,1.2,
2002-03-28,87,2.5,,8.9,,-3.2,,68,,98,,37,,-3.4,,0.6,,-5.4,,0,,22.6,,NA,M,NA,M,1016,,1.6,,1.2,,284,,36,,8.7,,2.1,,4,,0.9,
2002-03-29,88,5.7,,13.4,,-2.6,,57,,90,,25,,-3.3,,2.8,,-7.7,,0,,21,,NA,M,NA,M,1017,,2.1,,1.4,,189,,44,,10.4,,3.7,,6,,1.6,
2002-03-30,89,8.7,,14.6,,3.5,,74,,100,,24,,3.3,,11.1,,-6.6,,3,,11,,NA,M,NA,M,1012,,2.8,,1.4,,211,,56,,13.8,,5.7,,7.3,,4.5,
2002-03-31,90,9.6,,16.1,,3.9,,52,,93,,28,,-0.3,,5.6,,-5.6,,0.3,,15.4,,NA,M,NA,M,1017,,1.1,,0.1,,173,,75,,7.3,,6.8,,8.6,,5.1,
2002-04-01,91,5.2,,8.9,,0.9,,85,,100,,56,,2.7,,7.6,,-4.6,,14.2,,5.2,,NA,M,NA,M,1006,,2.8,,1.4,,288,,56,,16.1,,7,,7.7,,5.8,
2002-04-02,92,5.4,,11.3,,-2.1,,56,,87,,29,,-3.4,,3.4,,-8.9,,0,,18.5,,NA,M,NA,M,1015,,2.6,,2,,240,,40,,10.5,,6,,7.6,,4.1,
2002-04-03,93,8.5,,19.7,,-1.3,,91,,100,,57,,6.9,,12.9,,-1.3,,4.8,,8.5,,NA,M,NA,M,1010,,3.1,,2.1,,224,,45,,12.8,,7.5,,9.1,,6.4,
2002-04-04,94,0.7,,4.9,,-3.1,,70,,100,,41,,-4.7,,-0.9,,-8.3,,0.3,,13.4,,NA,M,NA,M,1020,,1.9,,1.7,,274,,28,,9.4,,6.1,,7.2,,5.2,
2002-04-05,95,-0.5,,5.2,,-5.4,,58,,85,,32,,-8.3,,-4.5,,-11,,0,,17.6,,NA,M,NA,M,1019,,1.1,,0.8,,308,,40,,7.1,,4.9,,6.3,,3.4,
2002-04-06,96,-0.4,,4.4,,-4.3,,50,,90,,23,,-10.7,,-4.1,,-15.4,,0,,20.5,,NA,M,NA,M,1017,,1.7,,1.3,,321,,36,,10.2,,4.7,,6.1,,3.4,
2002-04-07,97,0,,6.4,,-7.1,,40,,69,,17,,-13.1,,-5.4,,-18.5,,0,,23.2,,NA,M,NA,M,1025,,1.5,,1,,249,,47,,8.2,,4.4,,6.2,,2.6,
2002-04-08,98,5.7,,11.1,,1,,68,,90,,49,,0.1,,6.5,,-5.9,,0,,10.7,,NA,M,NA,M,1025,,2.5,,2.2,,203,,29,,9.5,,5.4,,6.7,,4.3,
2002-04-09,99,13.7,,19.9,,7.5,,82,,100,,58,,10.5,,13.1,,6.1,,2.5,,14.8,,NA,M,NA,M,1019,,3.1,,2.7,,206,,30,,11.9,,7.9,,10,,6.1,
2002-04-10,100,10.1,,16,,5,,60,,100,,25,,1.5,,12.3,,-4.7,,0.5,,24.6,,NA,M,NA,M,1026,,2,,1.4,,299,,44,,10,,10.1,,11.9,,8.7,
2002-04-11,101,7.9,,14.5,,1.8,,50,,78,,29,,-2.4,,1.7,,-6.1,,0,,24,,NA,M,NA,M,1034,,2.3,,1.8,,105,,38,,8.5,,9.5,,11.4,,7.8,
2002-04-12,102,9.7,,17.9,,-0.5,,73,,100,,38,,4.7,,11.6,,-2.1,,0,,20.6,,NA,M,NA,M,1030,,2.5,,1.9,,195,,39,,11.3,,9.6,,11.5,,7.3,
2002-04-13,103,15,,20.7,,11.2,,89,,100,,67,,13.2,,15.3,,11.2,,3,,7.9,,NA,M,NA,M,1021,,2.7,,2.4,,207,,27,,10.3,,11.2,,12.4,,10.3,
2002-04-14,104,15.4,,21.1,,9.4,,70,,100,,32,,9,,13.9,,2.9,,1.3,,22.3,,NA,M,NA,M,1017,,2.6,,0.8,,249,,66,,10.7,,12.9,,14.9,,11.2,
2002-04-15,105,14.1,,22.5,,8.9,,87,,100,,44,,11.5,,17,,8.9,,16.5,,14.4,,NA,M,NA,M,1013,,1.9,,0.5,,109,,70,,8.6,,13.3,,15,,12,
2002-04-16,106,21.1,,30.2,,10.9,,61,,100,,27,,12.1,,17.3,,8.3,,0,,23.9,,NA,M,NA,M,1017,,1.1,,0.7,,251,,48,,7.3,,14.7,,17.4,,12.3,
2002-04-17,107,23.5,,32.3,,14.9,,54,,86,,24,,12.2,,17.5,,7.8,,0,,22,,NA,M,NA,M,1016,,1.8,,0.6,,274,,62,,10.4,,16.4,,18.5,,14.4,
2002-04-18,108,20.4,,30.8,,11.9,,66,,100,,21,,12.3,,18.9,,5,,0.3,,24.1,,NA,M,NA,M,1016,,2.2,,0.5,,59,,69,,9.4,,17.2,,19.5,,15.2,
2002-04-19,109,16.2,,24.2,,10.2,,84,,100,,52,,13.2,,16.8,,10.2,,0.5,,13.6,,NA,M,NA,M,1012,,2,,1.1,,190,,54,,10.6,,16.5,,17.6,,15.3,
2002-04-20,110,11.1,,16.8,,4.7,,74,,100,,45,,6.2,,10.9,,-1.3,,1.8,,10.6,,NA,M,NA,M,1009,,1.2,,0.8,,293,,47,,7.2,,14.8,,16.2,,13.5,
2002-04-21,111,5.4,,10.4,,0.9,,44,,82,,23,,-6.6,,0.8,,-12.6,,0,,20.8,,NA,M,NA,M,1013,,1.6,,0.8,,323,,56,,8.3,,12.8,,14.1,,11.3,
2002-04-22,112,1,,2.7,,-0.6,,83,,100,,32,,-2.2,,2.1,,-12.4,,4.8,,2.9,,NA,M,NA,M,1009,,1.9,,1.7,,80,,29,,10.1,,10.2,,12.2,,8.8,
2002-04-23,113,1.5,,5.6,,-0.9,,88,,100,,56,,-0.6,,1.9,,-3.1,,1,,6.9,,NA,M,NA,M,1013,,1,,0.8,,324,,38,,7.3,,8.6,,9.2,,8.1,
2002-04-24,114,6.4,,14,,-2.2,,55,,98,,24,,-3.2,,3,,-8.5,,0,,26.1,,NA,M,NA,M,1021,,1.5,,0.1,,341,,77,,8,,9.3,,11.8,,7,
2002-04-25,115,4.4,,11.7,,-0.5,,76,,100,,35,,-0.3,,2.4,,-4.6,,14,,11.3,,NA,M,NA,M,1017,,2.5,,2.1,,169,,32,,12.9,,9.2,,10.2,,8.3,
2002-04-26,116,2.2,,7.8,,-2.5,,74,,100,,42,,-2.3,,1.4,,-5.6,,0,,17.8,,NA,M,NA,M,1016,,2,Q,1.8,Q,273,Q,22,Q,14.6,Q,8.3,,9.4,,7.4,
2002-04-27,117,4.9,,13.1,,-3,,55,,92,,19,,-4.9,,0.7,,-10.6,,0,,26.8,,NA,M,NA,M,1024,,1.6,,0.9,,278,,49,,11.1,,8.7,,11.3,,6.3,
2002-04-28,118,3.9,,5.8,,0.2,,86,,100,,46,,1.3,,4.6,,-5.6,,16.5,,2.3,,NA,M,NA,M,1011,,3.2,,2.9,,81,,24,,11.9,,8.2,,9.5,,7.4,
2002-04-29,119,0.8,,3.7,,-0.2,,99,,100,,94,,0.7,,3.4,,-0.2,,15,,4.8,,NA,M,NA,M,1002,,0.9,,0.3,,303,,59,,5.6,,7.1,,7.7,,6.7,
2002-04-30,120,3.6,,9.3,,0.1,,87,,100,,40,,1.3,,4.1,,-4.9,,1.5,,14.4,,NA,M,NA,M,1008,,1.3,,0.9,,243,,42,,9,,7.5,,9,,6.1,
2002-05-01,121,5.7,,11.8,,0.6,,72,,100,,38,,0.4,,3.8,,-2.9,,0,,19,,NA,M,NA,M,1009,,2.1,,1.5,,275,,40,,11.1,,8.3,,10.1,,6.6,
2002-05-02,122,6,,7.6,,2.2,,89,,100,,54,,4.1,,7.6,,-2.2,,12.2,,2,,NA,M,NA,M,1004,,1.9,,1.5,,120,,39,,10,,7.8,,8.6,,7.5,
2002-05-03,123,6.3,,10.1,,3.2,,65,,100,,25,,-0.8,,6.8,,-9.6,,0.8,,25,,NA,M,NA,M,1006,,3.6,,3.3,,272,,26,,20.8,,8.9,,10.8,,7.4,
2002-05-04,124,9.9,,18,,1.1,,52,,93,,21,,-1.1,,3.6,,-5.5,,0,,28.2,,NA,M,NA,M,1020,,1.8,,1.3,,272,,42,,11.3,,9.9,,12.6,,7.3,
2002-05-05,125,13.6,,21.9,,4.6,,43,,81,,16,,-0.2,,5.6,,-6.2,,0,,27.1,,NA,M,NA,M,1022,,1.3,,0.8,,233,,48,,8,,11.4,,14,,9.1,
2002-05-06,126,15.8,,23.9,,8.2,,52,,88,,24,,4.9,,10.2,,0.5,,0,,25.7,,NA,M,NA,M,1021,,2.4,,2,,208,,32,,11.9,,12.6,,15,,10.3,
2002-05-07,127,16.7,E,23.3,,11.4,E,67,E,90,,56,E,10.5,E,13.5,E,5.9,E,0,,19.2,,NA,M,NA,M,1013,,1.9,,1.4,,222,,39,,7.4,,13.8,,15.6,,12.1,E
2002-05-08,128,13.4,,19.6,,8.1,,55,,92,,20,,3.3,,13.4,,-5,,0,,25.9,,NA,M,NA,M,1020,,1.7,,0.8,,344,,58,,8.3,,14.3,,16,,12.6,
2002-05-09,129,9.6,,11.6,,6.5,,68,,100,,50,,3.8,,9.8,,0,,3.6,,4.7,,NA,M,NA,M,1019,,1.7,,1.3,,126,,40,,8.5,,12.7,,14.2,,11.9,
2002-05-10,130,14.2,,22.4,,7.5,,56,,100,,17,,3.3,,12.3,,-5.5,,0,,29.3,,NA,M,NA,M,1014,,2.6,,2.2,,268,,30,,14.8,,13.4,,15.9,,11.3,
2002-05-11,131,10.4,,16.4,,3.9,,45,,67,,25,,-1.6,,4.7,,-4.8,,0,,30,,NA,M,NA,M,1024,,1.9,,1.6,,276,,35,,10.4,,13.4,,15.4,,11.4,
2002-05-12,132,7.7,,10.6,,4.8,,79,,100,,40,,3.7,,7.2,,-3,,13,,4,,NA,M,NA,M,1021,,1.9,,1.7,,91,,31,,7.3,,12,,13.3,,11,
2002-05-13,133,5.2,,6.9,,3.4,,100,,100,,98,,5.1,,6.8,,3.4,,39.6,,2.3,,NA,M,NA,M,1008,,3.2,,2.9,,82,,24,,14.6,,10.1,,11,,8.9,
2002-05-14,134,5.5,,12.9,,2.2,,92,,100,,49,,4.1,,8.1,,1.9,,12.4,,12.1,,NA,M,NA,M,997,,2.1,,0.9,,252,,59,,12.6,,9.4,,10.8,,8.3,
2002-05-15,135,7.1,,14.8,,1.4,,68,,99,,38,,1,,4.5,,-2.4,,0,,12.7,,NA,M,NA,M,1007,,2.6,,2.2,,273,,29,,13.5,,9.5,,10.3,,8.8,
2002-05-16,136,15.2,,24.4,,3.7,,51,,85,,24,,4.3,,10,,-0.8,,0,,26.3,,NA,M,NA,M,1012,,2.1,,1.7,,241,,35,,13.9,,10.7,,13.2,,8.3,
2002-05-17,137,14.5,,19.1,,9.1,,71,,100,,37,,8.7,,14.5,,0.9,,0.8,,14.7,,NA,M,NA,M,1007,,1.8,,1.3,,272,,42,,10.1,,12.6,,13.8,,11.7,
2002-05-18,138,2.7,,9.4,,0.2,,96,,100,,55,,2.1,,5.5,,0.2,,30.5,,4.7,,NA,M,NA,M,1007,,1.2,,0.7,,24,,48,,8,,10.2,,12.7,,8.4,
2002-05-19,139,5.1,,11.8,,-1.8,,66,,100,,32,,-1.9,,2.7,,-6.5,,0,,27.8,,NA,M,NA,M,1015,,1.5,,0.9,,283,,47,,9.4,,9.5,,11.8,,7.6,
2002-05-20,140,5.1,,11.7,,-1,,60,,93,,28,,-3,,1.5,,-7.2,,0,,24,,NA,M,NA,M,1018,,1.2,,0.7,,309,,53,,8.1,,10.1,,11.7,,8.5,
2002-05-21,141,6.8,,13.5,,-0.9,,68,,98,,34,,0.7,,4.6,,-2.5,,0,,19,,NA,M,NA,M,1019,,1.1,,0.7,,295,,42,,7.9,,10,,11.2,,8.5,
2002-05-22,142,10.5,,19.4,,1.7,,57,,97,,23,,0.9,,5.8,,-3.7,,0,,30.9,,NA,M,NA,M,1023,,1,,0.6,,287,,50,,6.8,,11,,13.5,,8.7,
2002-05-23,143,14.8,,23.2,,4.5,,51,,84,,24,,3.5,,9.3,,0.4,,0,,31.1,,NA,M,NA,M,1018,,1.6,,1.2,,210,,40,,9.1,,12.5,,15,,10.1,
2002-05-24,144,16.8,,26.8,,7,,64,,100,,35,,9.3,,15.8,,3.5,,0.5,,24.2,,NA,M,NA,M,1009,,1.4,,1,,261,,40,,9.3,,13.9,,16.1,,11.7,
2002-05-25,145,11.9,,19.6,,4.6,,50,,86,,22,,0.8,,6.4,,-4.2,,0,,31.5,,NA,M,NA,M,1019,,1.7,,0.5,,231,,68,,8.7,,14.5,,16.4,,12.8,
2002-05-26,146,12,,14.9,,7.4,,88,,100,,65,,9.9,,13.5,,5.9,,0,,10.3,,NA,M,NA,M,1020,,1.7,,1.4,,202,,34,,10.1,,14,,14.6,,13.3,
2002-05-27,147,17.5,,24.8,,10.4,,83,,100,,52,,14.3,,18.5,,10.4,,0.8,,21.8,,NA,M,NA,M,1020,,1.2,,0.8,,197,,43,,6.4,,14.7,,16.7,,12.9,
2002-05-28,148,17.7,,24.3,,14.6,,92,,100,,57,,16.2,,19.1,,14.5,,3,,13,,NA,M,NA,M,1021,,0.9,,0.5,,180,,49,,5.1,,15.9,,17,,15,
2002-05-29,149,18.6,,23.8,,14.8,,87,,100,,60,,16.2,,19.8,,14.8,,0.8,,16.8,,NA,M,NA,M,1019,,1.4,,0.9,,189,,45,,7,,16.7,,18.1,,15.6,
2002-05-30,150,19.3,,25.1,,14.8,,84,,100,,62,,16.4,,20.1,,14.7,,0,,23.2,,NA,M,NA,M,1013,,2.1,,1.7,,201,,32,,8.4,,17.6,,19.2,,16.3,
2002-05-31,151,18.8,,25.9,,15,,90,,100,,62,,17,,21.1,,14.6,,5.1,,19.6,,NA,M,NA,M,1005,,2.3,,1.9,,204,,35,,14.6,,18.3,,19.8,,17.2,
2002-06-01,152,19.7,,27.6,,11.7,,57,,100,,24,,9.2,,16.2,,2.3,,0,,28.5,,NA,M,NA,M,1001,,2.1,,1.8,,258,,32,,14.5,,18.4,,20.2,,16.7,
2002-06-02,153,15,,20.1,,5.5,,62,,100,,34,,7.3,,14.8,,2.6,,1,,21,,NA,M,NA,M,1001,,1.7,,1.1,,288,,46,,12.2,,17.7,,19.2,,16.7,
2002-06-03,154,11.8,,18.8,,5,,56,,91,,29,,2.4,,7.3,,-0.7,,0,,29.8,,NA,M,NA,M,1013,,1.3,,0.7,,325,,55,,8.5,,16.7,,18.7,,14.8,
2002-06-04,155,13.9,,21.7,,5.7,,59,,93,,34,,5.5,,11.1,,0.8,,0.8,,28,,NA,M,NA,M,1019,,1.9,,1.1,,172,,51,,8.4,,16.6,,18.7,,14.4,
2002-06-05,156,16.8,,21.5,,11.8,,96,,100,,88,,16.2,,20.1,,10.3,,20.6,,5.4,,NA,M,NA,M,1013,,2.3,,1.9,,193,,33,,9.6,,16.6,,17.2,,16,
2002-06-06,157,15.1,,18.5,,10.4,,100,,100,,98,,15.1,,18.5,,10.4,,32.5,,2.6,,NA,M,NA,M,1013,,1.2,,0.2,,58,,73,,7.6,,16.9,,17.1,,16.1,
2002-06-07,158,11.4,,17,,5.8,,88,,100,,49,,9.2,,11.8,,5.8,,9.1,,17.3,,NA,M,NA,M,1020,,1.8,,1.5,,72,,33,,10.8,,16,,17.4,,15.1,
2002-06-08,159,13.4,,20.7,,4.3,,70,,100,,42,,7.4,,12.9,,3.6,,0,,29.6,,NA,M,NA,M,1024,,1.4,,0.8,,199,,54,,7.2,,16.5,,18.9,,14.2,
2002-06-09,160,16.3,,25.5,,9.8,,82,,99,,54,,13,,18.6,,7.3,,2,,19.9,,NA,M,NA,M,1017,,1.3,,0.8,,237,,46,,7.6,,17.4,,19.4,,15.8,
2002-06-10,161,16.6,,23.8,,10.8,,63,,93,,26,,8.9,,13.4,,1.6,,0,,27.5,,NA,M,NA,M,1017,,1.1,,0.4,,343,,60,,6.3,,18.3,,20.3,,16.4,
2002-06-11,162,19.8,,30.4,,11.7,,78,,99,,41,,15.3,,21.6,,11.1,,0.3,,24.7,,NA,M,NA,M,1011,,2.1,,0.8,,182,,62,,8.6,,19.3,,21.6,,17.2,
2002-06-12,163,10.4,,12.1,,8.9,,100,,100,,98,,10.4,,12.1,,8.9,,6.9,,5.1,,NA,M,NA,M,1007,,1.9,,1.6,,80,,31,,8.2,,18.1,,20.1,,16.7,
2002-06-13,164,12.4,,17.2,,8.8,,93,,100,,76,,11.3,,14.2,,8.8,,0.3,,10.6,,NA,M,NA,M,1010,,0.7,,0.1,,86,,68,,3.4,,16.8,,17.6,,16,
2002-06-14,165,13.1,,18.3,,10.1,,93,,100,,63,,11.9,,14.6,,10,,1.5,,11.6,,NA,M,NA,M,1009,,1.2,,0.9,,101,,40,,7.6,,16.8,,17.6,,15.9,
2002-06-15,166,9.6,,11.6,,7.4,,98,,100,,93,,9.3,,10.8,,7.1,,4.6,,6.5,,NA,M,NA,M,1006,,2.2,,1.9,,71,,29,,10.7,,15.7,,16.6,,14.9,
2002-06-16,167,10.3,,14.6,,6.9,,98,,100,,90,,10,,13.8,,6.8,,11.2,,7.2,,NA,M,NA,M,1006,,1.2,,0.8,,128,,44,,5.3,,14.7,,15.2,,14.1,
2002-06-17,168,14.8,,22.3,,10.1,,85,,100,,42,,11.7,,15.2,,7.9,,1.3,,24.1,,NA,M,NA,M,1009,,1.2,,0.6,,232,,55,,9.2,,16.1,,18.3,,14.2,
2002-06-18,169,15.8,,23.2,,8.7,,73,,100,,36,,10.2,,14.3,,6.1,,0.3,,30.1,,NA,M,NA,M,1019,,1.1,,0.5,,278,,60,,7.8,,17.5,,19.8,,15.3,
2002-06-19,170,17.3,,25.6,,11.8,,78,,100,,36,,12.7,,16.9,,6.7,,0,,19.5,,NA,M,NA,M,1027,,1,,0.6,,84,,49,,5,,18,,19.8,,16.7,
2002-06-20,171,19.4,,26.8,,12.5,,73,,100,,37,,13.9,,18.7,,9.9,,0,,23.8,,NA,M,NA,M,1031,,1.4,,0.8,,140,,54,,6,,18.7,,20.5,,17,
2002-06-21,172,20.5,,27.1,,12.3,,73,,97,,46,,15.1,,19.6,,11.8,,0,,29.1,,NA,M,NA,M,1027,,1.4,,1,,209,,39,,7.8,,19.8,,22.1,,17.5,
2002-06-22,173,18.5,,24.2,,15.3,,91,,100,,66,,16.8,,20.3,,13.7,,3.6,,9.8,,NA,M,NA,M,1024,,1.3,,0.7,,89,,53,,7.1,,19.7,,20.5,,18.9,
2002-06-23,174,20.9,,27.3,,15.9,,90,,100,,69,,19,,22.9,,15.9,,0,,18.6,,NA,M,NA,M,1019,,1.4,,0.7,,188,,56,,7.4,,20.2,,22,,18.7,
2002-06-24,175,21.3,,26.6,,14.9,,58,,99,,17,,11.1,,19.9,,-1.3,,0,,30.9,,NA,M,NA,M,1015,,1.4,,0.9,,310,,47,,7.6,,21.4,,23.3,,19.9,
2002-06-25,176,19.9,,26.6,,10.9,,55,,81,,23,,10.1,,16.3,,2,,0,,29.5,,NA,M,NA,M,1017,,1.3,,0.6,,205,,57,,6.5,,20.8,,22.8,,18.7,
2002-06-26,177,23.7,,31.3,,16.5,,68,,86,,43,,17.3,,22.9,,10.6,,0,,25.1,,NA,M,NA,M,1012,,1.4,,1.2,,218,,33,,9.6,,21.7,,23.8,,19.7,
2002-06-27,178,22.3,,29.7,,17.5,,87,,100,,52,,19.8,,24.2,,17.5,,11.2,,18.5,,NA,M,NA,M,1007,,1.3,,0.7,,240,,53,,9.8,,22.5,,24,,21.2,
2002-06-28,179,20.1,,25.2,,16,,92,,100,,61,,18.7,,22.5,,13.7,,8.1,,16.8,,NA,M,NA,M,1008,,0.8,,0.4,,276,,56,,6.2,,22.2,,23.4,,21.1,
2002-06-29,180,21,,28.2,,14.6,,69,,96,,32,,14.3,,19.1,,9.2,,0,,29,,NA,M,NA,M,1018,,1,,0.4,,52,,59,,5.7,,22.1,,23.9,,20.3,
2002-06-30,181,22,,28.1,,14.9,,73,,100,,43,,16.4,,22.3,,13.5,,0,,28.2,,NA,M,NA,M,1020,,1.3,,1,,201,,36,,7.1,,22.4,,24.3,,20.6,
2002-07-01,182,23.6,,29.7,,17.6,,75,,96,,46,,18.5,,22.6,,15.9,,0,,24.9,,NA,M,NA,M,1017,,1.2,,0.9,,244,,38,,6.8,,22.9,,24.6,,21.3,
2002-07-02,183,25.7,,32,,19.5,,81,,100,,55,,22,,26.5,,19.4,,0,,22.8,,NA,M,NA,M,1012,,0.8,,0.5,,268,,41,,6.7,,23.7,,25.6,,21.9,
2002-07-03,184,26.8,,33.6,,20.4,,77,,99,,42,,21.9,,24.9,,18.3,,0,,28.1,,NA,M,NA,M,1010,,0.8,,0.4,,298,,54,,4.9,,24.7,,26.9,,22.5,
2002-07-04,185,26.9,,33.1,,21.5,,74,,99,,46,,21.5,,24.5,,18.6,,0,,27.3,,NA,M,NA,M,1009,,1.1,,0.8,,274,,41,,7.6,,25.2,,27.2,,23.3,
2002-07-05,186,19.6,,23.4,,14.8,,71,,95,,47,,14,,19,,9.5,,0,,23.6,,NA,M,NA,M,1012,,1.4,,0.9,,296,,46,,10.2,,23.9,,25.2,,22.6,
2002-07-06,187,18.9,,25.6,,13.3,,69,,93,,33,,12.5,,17.3,,7.8,,0,,23.6,,NA,M,NA,M,1014,,1.1,,0.7,,311,,47,,9.5,,22.4,,24,,21,
2002-07-07,188,18.4,,24.8,,13.4,,82,,98,,57,,15.1,,19.5,,11.9,,0,,14.1,,NA,M,NA,M,1015,,0.6,,0.3,,288,,54,,4.2,,21.6,,22.6,,20.6,
2002-07-08,189,22.5,,29.3,,14.8,,73,,98,,43,,16.8,,21.4,,13.4,,0,,25.5,,NA,M,NA,M,1017,,1,,0.6,,237,,51,,6.5,,21.8,,23.8,,19.8,
2002-07-09,190,21.5,,29.2,,17.5,,80,,100,,45,,17.7,,21.2,,15,,4.8,,14.9,,NA,M,NA,M,1011,,0.9,,0.6,,257,,45,,7.1,,22.4,,23.5,,21.3,
2002-07-10,191,17.8,,22.8,,10.4,,67,,100,,32,,10.7,,17.7,,4.6,,0,,29.8,,NA,M,NA,M,1012,,1.3,,0.8,,331,,45,,11,,22.2,,24.1,,20.6,
2002-07-11,192,14.6,,20.9,,8.8,,64,,85,,39,,7.3,,11.1,,5.5,,0,,28.6,,NA,M,NA,M,1016,,1.3,,0.8,,325,,48,,10,,20.7,,22.4,,18.9,
2002-07-12,193,17.6,,24.8,,9.4,,63,,90,,36,,10,,14.2,,6.9,,0,,28.2,,NA,M,NA,M,1016,,1,,0.3,,249,,67,,5.8,,20.6,,22.8,,18.4,
2002-07-13,194,20.6,,28,,13.4,,67,,95,,33,,13.5,,17.2,,9.5,,0,,29,,NA,M,NA,M,1015,,1.3,,1.1,,203,,35,,7.6,,21.4,,23.8,,19.1,
2002-07-14,195,21.2,,27.6,,15.4,,74,,97,,41,,15.9,,19.4,,12.6,,0,,26.8,,NA,M,NA,M,1015,,1.2,,1,,199,,33,,6.5,,22.3,,24.5,,20.3,
2002-07-15,196,21.1,,28.3,,16.2,,80,,100,,49,,17.1,,20.8,,15.5,,0,,18.6,,NA,M,NA,M,1010,,1,,0.6,,239,,50,,7.4,,22.2,,23.5,,20.8,
2002-07-16,197,18.1,,23.2,,12.8,,74,,100,,47,,13,,16.3,,9.3,,0,,26.1,,NA,M,NA,M,1012,,1.3,,0.8,,334,,46,,10.4,,22,,23.8,,20.3,
2002-07-17,198,20.2,,27.7,,11.2,,75,,98,,52,,15.3,,20.3,,10.5,,0,,24.2,,NA,M,NA,M,1012,,1,,0.5,,224,,53,,7.3,,21.7,,23.7,,19.7,
2002-07-18,199,24.2,,30.3,,20.2,,78,,100,,51,,19.8,,22.3,,18.5,,5.1,,20.2,,NA,M,NA,M,1008,,1.1,,0.6,,274,,54,,8.2,,22.8,,24.6,,21.2,
2002-07-19,200,20,,23.7,,18,,97,,100,,80,,19.6,,21.1,,18,,9.6,,9.7,,NA,M,NA,M,1010,,1.5,,1.2,,90,,32,,5.4,,22.7,,23.6,,22,
2002-07-20,201,19.8,,25.4,,16.4,,89,,100,,57,,17.9,,20.5,,16.1,,0,,18.6,,NA,M,NA,M,1013,,1.2,,0.8,,93,,48,,6.1,,22.8,,24.7,,21.4,
2002-07-21,202,21,,26.5,,16.6,,83,,100,,55,,17.6,,19.9,,15.9,,0,,24.9,,NA,M,NA,M,1017,,1.8,,1.5,,196,,34,,7.3,,23.4,,25.8,,21.4,
2002-07-22,203,23,,29.4,,17.1,,81,,100,,63,,19.4,,23.5,,15.9,,0,,25.4,,NA,M,NA,M,1016,,2.1,,1.7,,202,,33,,9.9,,24,,26.4,,21.8,
2002-07-23,204,22.4,,31,,17.6,,88,,100,,61,,20.1,,24.7,,17.6,,38.6,,17.5,,NA,M,NA,M,1013,,1.4,,0.9,,215,,44,,16.3,,23.7,,26.1,,22.6,
2002-07-24,205,16.6,,21.6,,10,,75,,100,,47,,11.7,,17.8,,8.8,,0,,26.2,,NA,M,NA,M,1021,,1.6,,1.2,,72,,36,,8.6,,22.9,,24.3,,21.6,
2002-07-25,206,16.5,,23.9,,9.2,,71,,97,,40,,10.6,,15.3,,8.1,,0,,25.5,,NA,M,NA,M,1022,,1.5,,1.2,,89,,36,,6.1,,21.8,,23.4,,20,
2002-07-26,207,15.6,,20.9,,10.1,,75,,99,,43,,10.6,,13.3,,6.4,,0.5,,22.1,,NA,M,NA,M,1019,,1.9,,1.6,,98,,33,,7.7,,21.2,,22.5,,19.8,
2002-07-27,208,17.3,,21.2,,13.3,,94,,100,,80,,16.2,,18.7,,12.9,,0,,9.5,,NA,M,NA,M,1014,,1.3,,1,,184,,37,,4.7,,20.8,,21.6,,20,
2002-07-28,209,19.4,,21.7,,17,,100,,100,,96,,19.4,,21.7,,17,,7.6,,4.6,,NA,M,NA,M,1011,,1.4,,1.2,,191,,32,,6.2,,20.7,,21.1,,20.2,
2002-07-29,210,24.4,,30.1,,19.9,,81,,100,,50,,20.5,,23.7,,17.9,,0.3,,25,,NA,M,NA,M,1008,,1.3,,0.8,,261,,49,,10,,22.7,,24.9,,20.8,
2002-07-30,211,24.4,,30.3,,19.2,,79,,96,,51,,20.2,,23.6,,18.2,,0,,21,,NA,M,NA,M,1007,,1.1,,0.6,,278,,54,,8.2,,23.6,,25.2,,22.1,
2002-07-31,212,24.3,,31,,18.2,,72,,93,,38,,18.5,,22.4,,14.4,,0,,25.4,,NA,M,NA,M,1009,,0.9,,0.4,,329,,56,,6.3,,23.7,,25.4,,22,
2002-08-01,213,24.2,,31.4,,18.7,,75,,100,,35,,18.6,,22.2,,13.7,,6.3,,25.4,,NA,M,NA,M,1014,E,1,,0.3,,40,,65,,5.9,,24.2,,26,,22.5,
2002-08-02,214,20.2,,29.2,,16.6,,94,,100,,59,,19,,24,,16.6,,15,,16.6,,NA,M,NA,M,1016,E,1.5,,0.4,,147,,68,,11.5,,23.8,,25.9,,22.4,
2002-08-03,215,22.8,,31.1,,16.6,,80,,100,,35,,18.5,,22.8,,13.1,,0,,26.1,,NA,M,NA,M,1020,E,0.7,,0.3,,337,,56,,4.5,,24,,26.5,,21.5,
2002-08-04,216,24.3,,30.2,,17.9,,76,,97,,46,,19.4,,23.4,,16.3,,0,,25.8,,NA,M,NA,M,1020,E,1.3,,0.8,,187,,51,,6.8,,24.8,,27,,22.7,
2002-08-05,217,24,,30,,18.9,,86,,100,,58,,21.2,,24.5,,16.4,,4.3,,21,,NA,M,NA,M,1012,E,1.2,,0.9,,233,,42,,7.1,,25.4,,27.1,,23.9,
2002-08-06,218,16.8,,20.6,,12.4,,72,,94,,48,,11.4,,18,,7.1,,0,,21.8,,NA,M,NA,M,1011,E,1.6,,1.1,,325,,44,,12,,23.7,,25.1,,22.3,
2002-08-07,219,17,,23.6,,11.8,,69,,91,,40,,10.7,,14.8,,8,,0,,23.8,,NA,M,NA,M,1014,E,1.2,,0.8,,327,,48,,8.1,,22.1,,23.8,,20.5,
2002-08-08,220,17.6,,24.2,,11.5,,66,,93,,37,,10.8,,15.6,,8.1,,0,,24.4,,NA,M,NA,M,1017,E,1.1,,0.6,,338,,48,,6.9,,21.7,,23.4,,20,
2002-08-09,221,18.6,,26,,12.5,,65,,86,,31,,11.3,,15.7,,7.1,,0,,24.4,,NA,M,NA,M,1020,E,0.8,,0.5,,0,,51,,6.7,,21.4,,23.3,,19.5,
2002-08-10,222,20.9,,28.3,,14.2,,71,,97,,39,,14.8,,18.7,,12,,0,,22.8,,NA,M,NA,M,1019,E,0.9,,0.4,,210,,54,,5.7,,21.9,,23.9,,20.2,
2002-08-11,223,23.7,,31.3,,16.7,,67,,97,,31,,16.4,,21.2,,11.3,,0,,25.8,,NA,M,NA,M,1018,E,1.1,,0.8,,205,,41,,5.3,,22.7,,24.8,,20.7,
2002-08-12,224,24.2,,32.2,,17,,71,,98,,35,,18.1,,22.3,,13.9,,0,,23.2,,NA,M,NA,M,1017,E,0.7,,0.2,,239,,64,,4.4,,23.3,,25.2,,21.5,
2002-08-13,225,25.4,,32.7,,18.7,,75,,96,,39,,20.3,,24.5,,16.6,,0,,20.8,,NA,M,NA,M,1017,E,0.7,,0.2,,162,,67,,5.9,,23.8,,25.5,,22.2,
2002-08-14,226,26.4,,33.7,,19.6,,71,,98,,36,,20.1,,23.9,,16.2,,0,,22.3,,NA,M,NA,M,1017,E,1.2,,0.9,,191,,37,,6.7,,24.4,,26.2,,22.7,
2002-08-15,227,25.1,,31.3,,20,,74,,93,,48,,19.8,,22.8,,17.7,,0,,22.6,,NA,M,NA,M,1019,E,1.8,,1.5,,197,,33,,8.2,,24.5,,26.1,,22.9,
2002-08-16,228,24.3,,32,,20.3,,88,,100,,53,,21.9,,24.7,,20,,39.6,,17.8,,NA,M,NA,M,1017,E,1.3,,0.8,,208,,47,,12.7,,24.5,,26.4,,23.7,
2002-08-17,229,23.7,,30.4,,19.4,,78,,100,,28,,18.7,,23,,9.3,,0,,24.2,,NA,M,NA,M,1014,E,0.9,,0.4,,290,,56,,7.8,,24.4,,26.3,,22.8,
2002-08-18,230,25,,31.8,,19.2,,79,,99,,48,,20.8,,24.7,,17.7,,0,,20.3,,NA,M,NA,M,1010,E,1,,0.4,,185,,56,,6.8,,24.9,,26.5,,23.3,
2002-08-19,231,22.5,,30.4,,17.4,,63,,96,,30,,14.7,,21.2,,8.1,,0,,23.7,,NA,M,NA,M,1010,E,0.8,,0.3,,337,,64,,6,,24.6,,26,,23.3,
2002-08-20,232,19.4,,26.3,,15.8,,76,,100,,43,,14.6,,19.3,,7.8,,2,,17.3,,NA,M,NA,M,1015,E,1,,0.6,,14,,53,,5.6,,23.5,,24.7,,22.5,
2002-08-21,233,19.5,,27.1,,12.3,,64,,94,,32,,11.9,,16.4,,8.3,,0,,25.4,,NA,M,NA,M,1023,E,0.9,,0.2,,63,,67,,6.1,,22.6,,24.2,,21.1,
2002-08-22,234,19.7,,25,,14.8,,82,,100,,52,,16.2,,19.3,,13.5,,2.3,,16,,NA,M,NA,M,1017,E,1.6,,1.3,,195,,35,,9,,22.2,,23.2,,21,
2002-08-23,235,18.5,,24.2,,12,,78,,100,,49,,14.3,,18.5,,7.6,,0.5,,18.9,,NA,M,NA,M,1015,E,1.4,,0.9,,65,,44,,8.7,,22.3,,23.4,,21.5,
2002-08-24,236,13.2,,16.4,,10.6,,85,,100,,68,,10.7,,14,,5.8,,3.3,,4.4,,NA,M,NA,M,1011,E,0.9,,0.8,,61,,33,,4.8,,20.3,,21.6,,19.5,
2002-08-25,237,17.1,,26,,11.3,,84,,100,,44,,14,,19.3,,11.3,,0.3,,21.2,,NA,M,NA,M,1008,E,0.9,,0.6,,318,,49,,7.3,,20.4,,22.2,,18.9,
2002-08-26,238,18.8,,26.5,,12.1,,78,,100,,37,,14.4,,19.2,,9,,0,,22,,NA,M,NA,M,1014,E,0.8,,0.2,,321,,67,,5.2,,20.8,,22.5,,19.2,
2002-08-27,239,19.7,,26.7,,13.7,,69,,100,,33,,13.2,,19.2,,7.4,,0,,22.4,,NA,M,NA,M,1018,E,1.1,,0.6,,353,,50,,6,,21.2,,22.7,,19.7,
2002-08-28,240,16,,21,,13,,68,,84,,48,,9.9,,12.8,,8.2,,0,,14.6,,NA,M,NA,M,1025,E,1.5,,1.3,,77,,29,,7.8,,20.2,,21,,19.4,
2002-08-29,241,12.8,,14,,12,,97,,100,,83,,12.3,,13.6,,10.3,,43.7,E,3.1,,NA,M,NA,M,1021,E,1.8,,1.6,,70,,30,,9,,18.6,,19.9,,17.7,
2002-08-30,242,16.5,,24.2,,12.1,,87,,100,,52,,14.1,,18.4,,12,,0,,16.6,,NA,M,NA,M,1021,E,0.9,,0.5,,6,,49,,5.2,,18.6,,20.3,,17.4,
2002-08-31,243,15.7,,20.5,,7.8,,80,,98,,52,,11.9,,15,,7.4,,0.3,,18.9,,NA,M,NA,M,1031,E,2.2,,1.9,,79,,29,,9.7,,19.3,,20.5,,18.5,
2002-09-01,244,13,,17.5,,7.9,,87,,99,,66,,10.9,,14.1,,7.6,,0,,12.5,,NA,M,NA,M,1029,E,1.6,,1.4,,87,,31,,5.7,,18.3,,19,,17.5,
2002-09-02,245,14.6,,16.4,,12.8,,99,,100,,96,,14.5,,16.1,,12.5,,2.8,,4.9,,NA,M,NA,M,1020,E,1.8,,1.6,,68,,27,,8.1,,18.2,,18.5,,17.8,
2002-09-03,246,18.5,,25.5,,15.2,,94,,100,,64,,17.4,,20.8,,15.2,,0.5,,12.2,,NA,M,NA,M,1015,E,1.2,,0.4,,38,,64,,5.1,,19.1,,20.4,,18,
2002-09-04,247,20.5,,27.3,,14.7,,81,,100,,40,,16.5,,22.2,,11.4,,2,,18,,NA,M,NA,M,1012,E,1.2,,0.5,,233,,58,,7.9,,20.3,,21.8,,19.2,
2002-09-05,248,16.2,,22.3,,9.8,,71,,100,,40,,10.4,,15.1,,3.9,,0,,19.1,,NA,M,NA,M,1015,E,1.1,,0.6,,335,,53,,7.8,,19.8,,20.8,,18.9,
2002-09-06,249,15.4,,24.7,,8.2,,64,,88,,27,,7.8,,13.9,,2.8,,0,,23.2,,NA,M,NA,M,1019,E,1,,0.5,,347,,55,,5.9,,18.8,,20.2,,17.4,
2002-09-07,250,18.7,,27.2,,10.5,,68,,92,,31,,12,,17.8,,7.4,,0,,21.6,,NA,M,NA,M,1025,E,0.8,,0.1,,181,,71,,4.1,,19.2,,20.9,,17.6,
2002-09-08,251,21,,29.6,,13.1,,72,,99,,40,,15.2,,19.9,,11.2,,0,,22.2,,NA,M,NA,M,1022,E,0.7,,0.5,,236,,41,,5.1,,19.9,,21.6,,18.3,
2002-09-09,252,23.4,,32.3,,16.1,,76,,95,,42,,18.4,,23.5,,15,,0,,20.7,,NA,M,NA,M,1019,E,0.7,,0.3,,299,,59,,3.8,,20.8,,22.6,,19.2,
2002-09-10,253,23.3,,30.3,,17.2,,79,,100,,50,,19.1,,22.6,,17.1,,0,,20.3,,NA,M,NA,M,1008,E,0.9,,0.6,,221,,44,,5.5,,21.6,,23.1,,20.2,
2002-09-11,254,16.4,,23,,10.3,,79,,100,,57,,12.7,,20,,5.4,,0,,11,,NA,M,NA,M,997,E,2.3,,1.5,,286,,44,,15.3,,20.9,,21.8,,19.4,
2002-09-12,255,12.3,,19.1,,6.5,,60,,85,,28,,4,,7,,-0.9,,0,,22.5,,NA,M,NA,M,1011,E,1.4,,1,,297,,44,,9.8,,18.7,,19.7,,17.7,
2002-09-13,256,16.9,,25.6,,8.6,,64,,89,,34,,9.4,,14,,6.2,,0,,21.2,,NA,M,NA,M,1015,E,1.3,,0.8,,255,,49,,10.1,,18.2,,19.6,,16.8,
2002-09-14,257,19.9,,26.4,,13,,75,,98,,43,,14.8,,19.7,,11.3,,0,,19.3,,NA,M,NA,M,1019,E,1.7,,1.2,,181,,44,,8.2,,19.1,,20.4,,17.7,
2002-09-15,258,20.6,,21.9,,19.5,,97,,100,,89,,20,,20.8,,19.3,,4.1,,4.1,,NA,M,NA,M,1018,E,2.1,,1.7,,203,,32,,10.9,,19.8,,20.1,,19.4,
2002-09-16,259,19.3,,24.5,,14.1,,95,,100,,72,,18.4,,21.2,,14.2,,20.3,,8.8,,NA,M,NA,M,1013,E,1.2,,0.4,,236,,62,,11.5,,20.3,,21.3,,19.6,
2002-09-17,260,16.2,,24.2,,10.5,,81,,100,,35,,12.3,,16,,6.9,,0.3,,20.3,,NA,M,NA,M,1014,E,0.9,,0.4,,321,,59,,5.6,,19.7,,20.9,,18.5,
2002-09-18,261,17,,24,,11.9,,77,,98,,41,,12.4,,16.5,,9.6,,0,,20.1,,NA,M,NA,M,1017,E,0.9,,0.3,,7,,63,,5.5,,19.4,,20.7,,18.1,
2002-09-19,262,17.3,,23.7,,12.4,,81,,100,,47,,13.6,,16.6,,11.3,,0,,18.8,,NA,M,NA,M,1018,E,1.3,,1,,203,,35,,6.9,,19.2,,20.5,,18.1,
2002-09-20,263,18.8,,24,,15.4,,88,,100,,69,,16.6,,19.6,,15,,0,,15.3,,NA,M,NA,M,1016,E,2.1,,1.8,,208,,33,,8.9,,19.6,,20.6,,18.7,
2002-09-21,264,20.3,,25.8,,16.5,,91,,100,,70,,18.7,,22.1,,16.1,,0,,11.8,,NA,M,NA,M,1015,E,1.7,,1.4,,207,,33,,7.3,,20,,21,,19.2,
2002-09-22,265,21.2,,26.7,,18.7,,87,,100,,54,,18.7,,21.5,,14.1,,1,,13.9,,NA,M,NA,M,1016,E,1.9,,1.7,,181,,31,,8.2,,20.6,,21.7,,19.9,
2002-09-23,266,17.4,,21.2,,10.7,,86,,100,,59,,14.9,,20.5,,8.3,,16.8,,11.6,,NA,M,NA,M,1016,E,1.1,,0.5,,287,,58,,7.8,,20.6,,21.4,,19.7,
2002-09-24,267,14.6,,22.9,,8.5,,81,,100,,51,,11,,15.6,,7.9,,0,,19,,NA,M,NA,M,1022,E,0.9,,0.4,,32,,57,,6,,19.4,,20.5,,18.3,
2002-09-25,268,14.5,,21.7,,9.4,,81,,100,,42,,10.7,,15,,7.4,,0.3,,14.3,,NA,M,NA,M,1026,E,1,,0.9,,68,,30,,4.7,,18.7,,19.6,,17.7,
2002-09-26,269,12.1,,14.1,,10.5,,93,,100,,73,,10.9,,12.4,,9.2,,9.4,,4.2,,NA,M,NA,M,1021,E,0.8,,0.6,,72,,36,,4.3,,17.8,,18.5,,17.4,
2002-09-27,270,13.4,,21.4,,10.7,,100,,100,,98,,13.4,,21.4,,10.5,,29.2,,3.6,,NA,M,NA,M,1010,E,2.4,,1.7,,111,,43,,10.6,,17,,17.4,,16.6,
2002-09-28,271,15.6,,21.4,,8.8,,80,,100,,52,,12.1,,21.5,,3.8,,0.5,,13.6,,NA,M,NA,M,1011,E,1.7,,1,,315,,52,,11.4,,17.9,,18.6,,17.2,
2002-09-29,272,10.1,,17.8,,4,,73,,99,,29,,4.8,,9.8,,-1.2,,0,,18.1,,NA,M,NA,M,1023,E,0.9,,0.4,,4,,59,,5.1,,16.7,,17.6,,15.8,
2002-09-30,273,14.2,,20.2,,7.9,,86,,100,,65,,11.7,,15,,7.8,,0,,14.4,,NA,M,NA,M,1021,E,1.7,,1.4,,206,,33,,8.7,,16.6,,17.7,,15.6,
2002-10-01,274,17.6,,24,,12.5,,88,,100,,65,,15.5,,18.5,,12,,0,,16.3,,NA,M,NA,M,1018,E,1.5,,1.2,,221,,34,,7.6,,17.3,,18.6,,16.2,
2002-10-02,275,20.4,,26.5,,16,,90,,100,,63,,18.4,,21,,16,,0,,13.5,,NA,M,NA,M,1014,E,0.9,,0.6,,239,,43,,5.7,,18.4,,19.6,,17.2,
2002-10-03,276,15.3,,19.4,,10.3,,91,,99,,77,,13.9,,19.1,,8.5,,0.3,,3.5,,NA,M,NA,M,1016,E,1.2,,0.3,,49,,69,,6.7,,18.4,,19,,17.7,
2002-10-04,277,10.9,,17.5,,9,,95,,100,,84,,10.1,,17.6,,7.2,,2.8,,2,,NA,M,NA,M,1021,E,1.8,,1.4,,122,,35,,9.4,,16.8,,17.7,,16.3,
2002-10-05,278,18.3,,24.8,,9.7,,78,,100,,49,,14,,20.3,,5.9,,2,,14,,NA,M,NA,M,1012,E,2.5,,1.6,,236,,49,,12.6,,17.5,,18.7,,16.4,
2002-10-06,279,10.4,,16.5,,5.7,,75,,99,,47,,5.8,,8.9,,3.3,,0,,16.6,,NA,M,NA,M,1022,E,1.6,,1.3,,99,,37,,6.3,,16.5,,17.3,,15.7,
2002-10-07,280,10.8,,18.5,,5.8,,86,,99,,65,,8.4,,16,,2.7,,0,,4.7,,NA,M,NA,M,1015,E,1.7,,0.6,,158,,65,,7.9,,15.6,,16.1,,15,
2002-10-08,281,7.3,,14.2,,3.2,,73,,99,,36,,2.4,,5.2,,-1.2,,0,,17.1,,NA,M,NA,M,1023,E,1.2,,0.7,,26,,52,,6.8,,14.6,,15.4,,13.7,
2002-10-09,282,7.6,,12.2,,2.7,,76,,91,,59,,3.7,,6.8,,-2.1,,0,,11.1,,NA,M,NA,M,1027,E,2.1,,1.7,,100,,35,,6.9,,13.8,,14.5,,13,
2002-10-10,283,11,,15.4,,8.2,,85,,91,,70,,8.6,,11.5,,6.5,,0,,6.8,,NA,M,NA,M,1028,,1.3,,1,,137,,40,,5.3,,14.3,,15.1,,13.6,
2002-10-11,284,10.7,,12.3,,8.5,,97,,100,,86,,10.2,,12,,7.8,,12.4,,3.4,,NA,M,NA,M,1027,,2.2,,2,,82,,25,,9.6,,14.4,,14.6,,14.1,
2002-10-12,285,10.7,,12,,9.5,,98,,100,,96,,10.5,,12,,8.9,,20.6,,2.8,,NA,M,NA,M,1025,,2.8,,2.5,,75,,27,,10.7,,14.1,,14.3,,13.8,
2002-10-13,286,11.1,,12.9,,9.7,,99,,100,,96,,11,,12.4,,9.5,,1.8,,3.9,,NA,M,NA,M,1020,,1.4,,0.9,,76,,45,,8.3,,14.1,,14.6,,13.7,
2002-10-14,287,5.5,,10.2,,-0.5,,64,,98,,30,,-1.5,,9.6,,-7.6,,0,,16.3,,NA,M,NA,M,1022,,1.5,,0.9,,324,,49,,9.1,,13.6,,14.4,,12.6,
2002-10-15,288,4.5,,10.8,,-2.7,,74,,95,,44,,-0.2,,3.9,,-4,,0,,13.4,,NA,M,NA,M,1022,,1.3,,0.9,,114,,47,,5.5,,12,,12.7,,11,
2002-10-16,289,7.7,,11.9,,4.6,,97,,100,,90,,7.3,,11.9,,3.5,,13,,1.9,,NA,M,NA,M,1005,,3.6,,2.9,,76,,36,,16.6,,11.8,,12.1,,11.6,
2002-10-17,290,8.4,,15.1,,3.1,,87,,100,,53,,6.1,,9,,3.1,,0.5,,14.4,,NA,M,NA,M,1008,,1.1,,0.8,,264,,41,,8.4,,12.1,,13.1,,11.1,
2002-10-18,291,5.7,,10.7,,1.4,,80,,100,,44,,2,,7.2,,-1.7,,0.3,,15,,NA,M,NA,M,1015,,1.2,,0.7,,276,,50,,11.3,,12.3,,12.9,,11.6,
2002-10-19,292,8.6,,12.9,,3.1,,79,,92,,64,,5.2,,9,,0,,0,,4.7,,NA,M,NA,M,1012,,2.6,,2,,210,,39,,14,,11.4,,11.7,,11,
2002-10-20,293,6.4,,11.9,,0.5,,75,,97,,45,,1.9,,5,,-0.4,,0,,10.8,,NA,M,NA,M,1012,,1.6,,1.1,,269,,42,,9.2,,11.2,,11.9,,10.6,
2002-10-21,294,3.8,,10.1,,-0.9,,73,,100,,35,,-1.3,,3.3,,-5.3,,0,,11.9,,NA,M,NA,M,1017,,1,,0.4,,326,,59,,7.6,,10.3,,11,,9.6,
2002-10-22,295,2.2,,8.3,,-3,,71,,90,,32,,-2.9,,1.5,,-8.1,,0,,8.4,,NA,M,NA,M,1022,,0.7,,0.3,,303,,58,,4.9,,9.4,,10,,8.6,
2002-10-23,296,1.4,,6.1,,-2,,87,,100,,62,,-0.7,,2.7,,-3,,8.4,E,8.4,,NA,M,NA,M,1023,,1,,0.6,,347,,52,,6.6,,9,,9.7,,8.2,
2002-10-24,297,2.1,E,7.2,E,-3.1,E,NA,M,NA,M,NA,M,NA,M,NA,M,NA,M,0,,NA,M,NA,M,NA,M,1026,,NA,M,NA,M,NA,M,NA,M,NA,M,8,,8.8,,7.2,E
2002-10-25,298,2.5,,9.3,,-3.6,,62,,91,,29,,-4.9,,-0.9,,-8.7,,0,,13,,NA,M,NA,M,1027,,1.3,,0.9,,93,,40,,6.9,,7.9,,8.7,,7.1,
2002-10-26,299,4.5,,8,,0.8,,94,,98,,72,,3.5,,7.2,,-1.2,,12.4,,2.5,,NA,M,NA,M,1013,,1.8,,1.1,,77,,51,,9.8,,8.1,,8.6,,7.7,
2002-10-27,300,6.4,,12.3,,2.2,,75,,97,,43,,1.9,,5,,-1.1,,0,,11.5,,NA,M,NA,M,1014,,1.5,,1.3,,274,,34,,11.6,,8.7,,9.5,,7.9,
2002-10-28,301,3.1,,8.3,,-1.8,,73,,97,,43,,-1.6,,2.7,,-4.3,,0,,8.8,,NA,M,NA,M,1016,,1,,0.6,,316,,46,,7.3,,8.6,,9.2,,8.1,
2002-10-29,302,0.8,,5.4,,-2.8,,57,,89,,30,,-7.3,,-3.8,,-11.1,,0,,10.3,,NA,M,NA,M,1018,,1.1,,0.7,,336,,45,,7.9,,7.6,,8.2,,7,
2002-10-30,303,0.2,,3.3,,-3.3,,57,,72,,45,,-7.3,,-5,,-9.4,,0,,6.5,,NA,M,NA,M,1015,,0.8,,0.6,,331,,42,,4.8,,7.5,,8.1,,7.1,
2002-10-31,304,0.9,,8.2,,-5.2,,54,,81,,24,,-7.9,,-3.8,,-12.3,,0,,12.7,,NA,M,NA,M,1014,,0.7,,0.4,,306,,50,,5.1,,6.8,,7.5,,6,
2002-11-01,305,2,,7.8,,-3,,72,,92,,49,,-2.8,,1.3,,-8.2,,0,,6.4,,NA,M,NA,M,1010,,1.5,,1.1,,253,,40,,10,,6.9,,7.6,,6.4,
2002-11-02,306,-2.9,,2.3,,-7.3,,57,,79,,31,,-10.4,,-5.2,,-14.3,,0,,10.5,,NA,M,NA,M,1009,,1.6,,1.4,,276,,31,,12.8,,6,,6.6,,5.4,
2002-11-03,307,-1.9,,3.3,,-5.6,,64,,95,,20,,-8.9,,-4.9,,-17.9,,0.5,,11.5,,NA,M,NA,M,1016,,0.9,,0.5,,326,,55,,5.7,,5.7,,6.4,,5.2,
2002-11-04,308,1.3,,6.4,,-3.4,,76,,98,,48,,-2.7,,2.1,,-7.3,,1.3,,6.4,,NA,M,NA,M,1016,,1.4,,0.9,,191,,47,,8.1,,5.7,,6.4,,5.1,
2002-11-05,309,1.6,,6.4,,-1.4,,80,,99,,47,,-1.8,,1.1,,-4.5,,0.3,,9.7,,NA,M,NA,M,1018,,1.3,,0.5,,64,,64,,7.6,,5.9,,6.4,,5.3,
2002-11-06,310,2,,4.1,,-0.1,,97,,99,,89,,1.5,,3.6,,-0.4,,19,,2.9,,NA,M,NA,M,1000,,2.3,,1.1,,39,,57,,10.8,,5.6,,6.1,,5.4,
2002-11-07,311,-1.2,,2.8,,-5.5,,62,,98,,20,,-9,,0.1,,-19.9,,0,,11.4,,NA,M,NA,M,1009,,1.5,,1.2,,301,,39,,12,,5.3,,5.7,,4.6,
2002-11-08,312,4.9,,12.7,,-4.8,,55,,76,,36,,-3.5,,3.8,,-15.7,,0,,10.3,,NA,M,NA,M,1015,,2.5,,2.1,,206,,31,,9.8,,4.8,,5.7,,4.1,
2002-11-09,313,9.9,,15.7,,4.8,,69,,85,,43,,4.1,,6.8,,2.1,,0,,9.4,,NA,M,NA,M,1015,,1.9,,1.6,,195,,30,,9.5,,6.2,,7.1,,5.3,
2002-11-10,314,13.9,,18.3,,9.3,,83,,96,,59,,10.9,,14.8,,6.6,,0.3,,4.9,,NA,M,NA,M,1011,,3,,2.7,,198,,27,,12.4,,7.9,,9.1,,7,
2002-11-11,315,15.4,,18,,9.5,,93,,97,,85,,14.2,,16.4,,8,,0.5,,1,,NA,M,NA,M,1010,,2.7,,2.3,,208,,33,,13.1,,10.1,,10.7,,9.1,
2002-11-12,316,7.6,,9.9,,6.1,,91,,97,,68,,6.2,,8.2,,4,,25.9,,1.4,,NA,M,NA,M,1018,,1.2,,1,,58,,34,,7.3,,9.5,,10.4,,9,
2002-11-13,317,5.5,,6.4,,3.7,,94,,97,,85,,4.6,,5.7,,1.5,,6.9,,1.2,,NA,M,NA,M,1014,,1.2,,0.8,,342,,43,,6.1,,8.8,,9,,8.5,
2002-11-14,318,5,,9.6,,-0.5,,69,,91,,44,,-0.5,,2.9,,-2.8,,0,,10.5,,NA,M,NA,M,1014,,1.6,,1,,263,,51,,8.4,,8.2,,8.6,,7.7,
2002-11-15,319,8.6,,13.8,,4.4,,65,,81,,41,,2.1,,4.6,,0,,0,,9.6,,NA,M,NA,M,1013,,1.7,,1.1,,212,,47,,9.9,,8.1,,8.8,,7.5,
2002-11-16,320,-0.8,,4.6,,-3.6,,88,,96,,76,,-2.5,,1.2,,-4.4,,0.5,E,1.3,,NA,M,NA,M,1022,,2.6,,2.1,,61,,33,,11.6,,7.5,,8.2,,6.8,
2002-11-17,321,-0.3,,0.4,,-2.9,,95,,98,,93,,-1,,-0.2,,-3.7,,32,E,1.6,,NA,M,NA,M,1007,,3,,2.6,,57,,31,,13.6,,6.2,,6.8,,5.8,
2002-11-18,322,-0.2,,1,,-1.6,,92,,99,,78,,-1.3,,-0.3,,-2.7,,17.5,E,0.4,,NA,M,NA,M,1006,,2.4,,2.1,,270,,28,,12.3,,5.5,,5.8,,5.3,
2002-11-19,323,-0.8,,1.9,,-3.8,,94,,98,,88,,-1.6,,1.4,,-4.2,,0.8,E,2.9,,NA,M,NA,M,1023,,1.5,,1.2,,100,,36,,7.4,,5.2,,5.3,,5.1,
2002-11-20,324,4.1,,9.7,,0.2,,86,,100,,57,,1.8,,5.1,,-0.1,,0.3,,8.9,,NA,M,NA,M,1021,,1,,0.8,,215,,39,,6.1,,5.1,,5.2,,4.9,
2002-11-21,325,3.8,,7,,0.1,,94,,100,,75,,2.9,,6.1,,-0.2,,0.8,,3.6,,NA,M,NA,M,1015,,1.1,,0.7,,105,,49,,5.3,,4.9,,5.3,,4.6,
2002-11-22,326,4.4,,6.4,,2.8,,98,,100,,97,,4.2,,6.2,,2.5,,12.4,,1.7,,NA,M,NA,M,1000,,1.5,,0.9,,68,,52,,7.6,,5.7,,6.1,,5.2,
2002-11-23,327,0,,4,,-2.2,,79,,100,,63,,-3.3,,3.9,,-6.5,,0.3,,4.6,,NA,M,NA,M,998,,3.8,,3.5,,270,,23,,14.6,,5.6,,6.1,,4.8,
2002-11-24,328,2,,6,,-1.3,,69,,81,,51,,-3.3,,-1.5,,-5.4,,0,,4.1,,NA,M,NA,M,1011,,2.7,,2.4,,263,,24,,11.9,,4.7,,5.1,,4.4,
2002-11-25,329,1.9,,4.3,,-1.4,,83,,98,,65,,-0.8,,2,,-2.7,,0.3,,1.8,,NA,M,NA,M,1017,,0.9,,0.3,,256,,63,,6.3,,4.6,,4.9,,4.2,
2002-11-26,330,0.6,,4.6,,-1.8,,77,,99,,45,,-3.3,,1.5,,-7.7,,0,,7.8,,NA,M,NA,M,1020,,1.2,,0.6,,26,,54,,6.1,,4.7,,5,,4.3,
2002-11-27,331,-4.4,,-1.3,,-9.4,,86,,97,,63,,-6.5,,-2.8,,-14.8,,7.9,,1,,NA,M,NA,M,1015,,1.4,,0.9,,344,,49,,8,,4.2,,4.5,,4.1,
2002-11-28,332,-7.9,,-2.2,,-13.6,,67,,89,,33,,-13.5,,-9.3,,-17,,0,,9.4,,NA,M,NA,M,1013,,1.5,,1.3,,270,,30,,8.9,,4.1,,4.2,,4,
2002-11-29,333,-4,,-0.5,,-7.2,,85,,96,,70,,-6.1,,-3.1,,-9.6,,0.3,,3.1,,NA,M,NA,M,1003,,2.5,,2.2,,224,,29,,11.3,,4,,4.1,,3.9,
2002-11-30,334,2,,5.9,,-0.7,,74,,94,,55,,-2.3,,0.1,,-4.6,,0,,5.8,,NA,M,NA,M,994,,1.5,,1.2,,230,,36,,7.3,,4,,4,,3.9,
2002-12-01,335,-4,,1.1,,-9.1,,60,,87,,39,,-10.7,,-0.8,,-16.9,,0,,6.7,,NA,M,NA,M,1000,,3.4,,3.1,,274,,23,,15.7,,3.9,,4,,3.7,
2002-12-02,336,-3.5,,1.7,,-8.4,,66,,97,,41,,-9.2,,-3.5,,-12.8,,2.3,,6.1,,NA,M,NA,M,1009,,2.1,,1.8,,237,,30,,7.9,,3.2,,3.7,,3,
2002-12-03,337,-10.5,,-5.4,,-14.5,,62,,95,,31,,-17,,-6.1,,-22.9,,0.8,,9.1,,NA,M,NA,M,1017,,2.4,,2,,295,,32,,12.4,,3.2,,3.2,,3.1,
2002-12-04,338,-9.8,,-2.6,,-15.8,,59,,83,,26,,-17,,-12.6,,-20.2,,0,,8.9,,NA,M,NA,M,1024,,1.3,,1.1,,277,,29,,8.1,,3,,3.2,,2.8,
2002-12-05,339,-7.2,,-5.1,,-10.4,,84,,93,,67,,-9.5,,-7.2,,-13.1,,2.8,,1.3,,NA,M,NA,M,1020,,0.7,,0.4,,50,,48,,5.5,,2.7,,2.8,,2.6,
2002-12-06,340,-5.8,,-0.7,,-9,,89,,95,,69,,-7.4,,-4.7,,-10.2,,0.8,,5.8,,NA,M,NA,M,1015,,0.7,,0.5,,287,,42,,4.9,,2.8,,3,,2.7,
2002-12-07,341,-4.9,,-0.9,,-9.5,,73,,96,,53,,-9.3,,-7.9,,-10.9,,0,,7.7,,NA,M,NA,M,1017,,1.8,,1.5,,216,,33,,9.1,,3,,3.1,,3,
2002-12-08,342,-2.8,,2.1,,-7.1,,66,,82,,44,,-8.3,,-3.5,,-17.2,,0,,6.3,,NA,M,NA,M,1015,,2.5,,2,,256,,33,,15.4,,3.1,,3.2,,3.1,
2002-12-09,343,-11.2,,-6.5,,-17.4,,43,,69,,20,,-21.9,,-15.1,,-26,,0,,8.7,,NA,M,NA,M,1028,,1.6,,1,,249,,49,,9.9,,3.1,,3.2,,2.9,
2002-12-10,344,-5.3,,0.9,,-9.3,,53,,74,,24,,-13.9,,-10.9,,-17.9,,0,,6.7,,NA,M,NA,M,1022,,1.4,,1,,236,,41,,11.1,,2.8,,3,,2.7,
2002-12-11,345,-1.8,,1.5,,-7,,78,,98,,56,,-5.2,,0.3,,-12.6,,7.9,,3.1,,NA,M,NA,M,1019,,2.1,,1.9,,71,,27,,11.2,,2.7,,2.8,,2.7,
2002-12-12,346,0.4,,2,,-0.7,,97,,99,,95,,0.1,,1.6,,-1.1,,17.3,,2.4,,NA,M,NA,M,1013,,1.4,,0.8,,0,,50,,10.5,,2.8,,2.8,,2.7,
2002-12-13,347,1.5,,6.5,,-2.5,,90,,100,,69,,0.1,,3.1,,-3.1,,4.6,,5.7,,NA,M,NA,M,1018,,1.2,,0.5,,91,,61,,7.1,,2.8,,2.8,,2.7,
2002-12-14,348,2.5,,5.1,,-0.2,,96,,99,,91,,2,,3.9,,-0.4,,23.1,,2,,NA,M,NA,M,996,,3.3,,2.1,,65,,48,,16.3,,2.5,,2.8,,2.3,
2002-12-15,349,1.2,,3.9,,-1.2,,77,,94,,55,,-2.4,,-0.2,,-4.8,,0,,5,,NA,M,NA,M,1001,,2.1,,1.9,,279,,27,,11.7,,2.4,,2.4,,2.3,
2002-12-16,350,-2,,0.6,,-6.5,,87,,98,,72,,-3.9,,-1.1,,-10.4,,3.3,,1.6,,NA,M,NA,M,1004,,1.8,,1,,15,,54,,9,,2.4,,2.5,,2.4,
2002-12-17,351,-7.3,,-2.7,,-10.1,,57,,78,,30,,-14.8,,-10.3,,-19.3,,0,,8.5,,NA,M,NA,M,1021,,1.7,,1.4,,325,,35,,8.8,,2.4,,2.5,,2.4,
2002-12-18,352,-5.5,,4.4,,-10.8,,49,,70,,19,,-15.3,,-10.4,,-18.2,,0,,8.5,,NA,M,NA,M,1027,,1.1,,0.8,,320,,38,,7.3,,2.4,,2.5,,2.3,
2002-12-19,353,-0.7,,4.7,,-7.5,,62,,97,,40,,-7.5,,2.9,,-16.1,,0,,7.1,,NA,M,NA,M,1017,,1.4,,1.1,,227,,35,,7.1,,2.2,,2.4,,2.2,
2002-12-20,354,7,,12.7,,-0.2,,97,,99,,76,,6.6,,12.5,,-3.1,,22.9,,0.5,,NA,M,NA,M,999,,2.7,,1.9,,208,,44,,10.6,,2.1,,2.3,,1.7,
2002-12-21,355,0.4,,3.9,,-1.5,,74,,91,,58,,-3.8,,-1.2,,-6.7,,0,,3.9,,NA,M,NA,M,999,,2.6,,2.4,,255,,26,,9.9,,1.8,,2,,1.6,
2002-12-22,356,2,,6.7,,-1.7,,61,,78,,35,,-4.9,,-1.6,,-8.6,,0,,5.3,,NA,M,NA,M,1002,,2.6,,2.3,,247,,26,,11.1,,1.7,,2,,1.4,
2002-12-23,357,0.1,,2.3,,-1.1,,63,,88,,52,,-6.1,,-2.6,,-9.2,,0,,4.2,,NA,M,NA,M,1007,,3,,2.8,,266,,23,,12,,1.9,,2.1,,1.6,
2002-12-24,358,-1.9,,1.5,,-4.4,,62,,83,,42,,-8.4,,-5,,-10.4,,0,,7.7,,NA,M,NA,M,1012,,2.2,,1.8,,274,,36,,11.7,,1.6,,1.9,,1.4,
2002-12-25,359,-3.3,,-1.4,,-5.2,,86,,98,,60,,-5.4,,-2.1,,-9.7,,14.7,,1.1,,NA,M,NA,M,997,,3,,2.4,,57,,37,,16.5,,1.1,,1.4,,1,
2002-12-26,360,-4.7,,-1.2,,-7.7,,86,,97,,69,,-6.8,,-3.8,,-10.2,,5.3,,8,,NA,M,NA,M,1003,,2.9,,2.5,,294,,30,,14.1,,1.3,,1.6,,1.1,
2002-12-27,361,-5.8,,0.7,,-10.7,,69,,92,,40,,-10.9,,-8,,-12.8,,0,,8.5,,NA,M,NA,M,1017,,1.1,,0.9,,304,,35,,8.3,,1.7,,1.8,,1.5,
2002-12-28,362,-4.8,,0,,-8.3,,78,,93,,57,,-8.1,,-5,,-11,,0,,7.1,,NA,M,NA,M,1011,,1.2,,1.1,,273,,22,,7.1,,1.8,,1.9,,1.7,
2002-12-29,363,-2.4,,2.6,,-7.1,,73,,97,,44,,-6.9,,-4.6,,-9.9,,0,,6.7,,NA,M,NA,M,1012,,1.5,,1.3,,281,,28,,8.5,,1.9,,2,,1.8,
2002-12-30,364,-5.5,,-2.1,,-9.8,,63,,90,,33,,-11.7,,-6.1,,-16.7,,0.3,,6.3,,NA,M,NA,M,1023,,1.1,,0.3,,275,,67,,5.6,,1.9,,2,,1.9,
2002-12-31,365,1,,4.3,,-4.3,,97,,100,,86,,0.5,,4,,-6.2,,0.8,,2,,NA,M,NA,M,1015,,1.9,,1.4,,178,,40,,7.3,,2,,2,,1.9,
2003-01-01,1,0.9,,3,,-1.5,,94,,100,,80,,0,,3.1,,-2.2,,21.6,,3.2,,NA,M,NA,M,1013,,1.1,Q,0.4,Q,316,Q,60,Q,7.7,Q,2,,2,,1.9,
2003-01-02,2,-5.9,,-1,,-10.3,,NA,M,NA,M,NA,M,NA,M,NA,M,NA,M,26.2,,4.2,,NA,M,NA,M,1015,,0,Q,0,Q,33,Q,6,Q,9.8,Q,1.9,,1.9,,1.8,
2003-01-03,3,-6.1,,-3.9,,-8.4,,95,,97,,91,,-6.8,,-4.3,,-9.5,,10.4,,1.6,,NA,M,NA,M,1017,,1.4,Q,1.3,Q,60,Q,21,Q,10.4,Q,1.9,,1.9,,1.8,
2003-01-04,4,-3.9,,-2.2,,-5.9,,NA,M,NA,M,NA,M,NA,M,NA,M,NA,M,12.4,,2.8,,NA,M,NA,M,1005,,1.9,,1.1,,10,,51,,11.6,,1.8,,1.9,,1.8,
2003-01-05,5,-6.3,,-4.6,,-8.6,,NA,M,NA,M,NA,M,NA,M,NA,M,NA,M,1.5,,3.2,,NA,M,NA,M,1015,,0.8,,0.6,,297,,38,,5.2,,1.8,,1.8,,1.7,
2003-01-06,6,-6.7,,-3,,-10.7,,95,,97,,92,,-7.3,,-3.5,,-11.7,,1,,2.3,,NA,M,NA,M,1010,,0.5,,0.3,,8,,40,,4,,1.7,,1.8,,1.7,
2003-01-07,7,-7.9,,-4.3,,-12,,94,,95,,91,,-8.8,,-5,,-13.1,,0,,4.6,,NA,M,NA,M,1005,,1.3,,1,,297,,37,,7.3,,1.7,,1.7,,1.6,
2003-01-08,8,-5,,-1,,-10.6,,96,,99,,91,,-5.5,,-1.3,,-11.6,,1.8,,2.4,,NA,M,NA,M,989,,1.3,,1.1,,245,,30,,6,,1.7,,1.7,,1.6,
2003-01-09,9,-0.9,,1.2,,-2,,NA,M,NA,M,NA,M,NA,M,NA,M,NA,M,2,,4.9,,NA,M,NA,M,987,,1.4,,0.9,,246,,50,,6.9,,1.6,,1.7,,1.6,
2003-01-10,10,-5.6,E,0.3,E,-11.4,E,NA,M,NA,M,NA,M,NA,M,NA,M,NA,M,0,,8.8,,NA,M,NA,M,996,,1.8,,1.4,,270,,37,,11.1,,1.6,,1.7,,1.5,
2003-01-11,11,-8,,-4.8,,-12.1,,74,,92,,62,,-11.8,,-9.3,,-16.2,,0,,5.7,,NA,M,NA,M,1005,,2.8,,2.6,,261,,21,,11.8,,1.6,,1.6,,1.5,
2003-01-12,12,-5.9,,-2.3,,-8,,72,,85,,50,,-10.3,,-8.4,,-13.1,,0,,8.1,,NA,M,NA,M,1013,,2.8,,2.6,,271,,21,,12.7,,1.6,,1.6,,1.5,
2003-01-13,13,-6.8,,-1.2,,-10.5,,73,,96,,49,,-11,,-6,,-15.1,,0,,5.5,,NA,M,NA,M,1009,,2.6,,2.2,,247,,34,,12.5,,1.5,,1.6,,1.5,
2003-01-14,14,-11.5,,-6.1,,-15.9,,60,,86,,39,,-18,,-14.6,,-19.9,,0,,9.5,,NA,M,NA,M,1013,,1.9,,1.6,,273,,30,,11.1,,1.5,,1.6,,1.5,
2003-01-15,15,-11.6,,-6,,-16.4,,74,,91,,47,,-15.5,,-12.1,,-18.6,,0,,8,,NA,M,NA,M,1013,,1.3,,1.2,,272,,24,,8.9,,1.5,,1.6,,1.5,
2003-01-16,16,-9.2,,-5.2,,-12.6,,65,,87,,40,,-14.9,,-12.9,,-17.8,,0,,9.1,,NA,M,NA,M,1015,,2.1,,1.9,,266,,28,,11.2,,1.5,,1.6,,1.5,
2003-01-17,17,-8.8,,-2.5,,-17.8,,71,,94,,44,,-13.4,,-10.1,,-22.3,,0,,7.8,,NA,M,NA,M,1007,,1.5,,1.1,,306,,40,,7.1,,1.5,,1.6,,1.5,
2003-01-18,18,-16.2,,-7.9,,-22.2,,55,,77,,24,,-23.6,,-18.7,,-26,,0,,10.1,,NA,M,NA,M,1015,,1.1,,0.5,,289,,62,,7,,1.5,,1.6,,1.4,
2003-01-19,19,-12.2,,-7.3,,-16.6,,71,,86,,49,,-16.7,,-14.1,,-22.1,,0,,6.5,,NA,M,NA,M,1008,,1.1,,0.8,,243,,37,,5.5,,1.5,,1.5,,1.4,
2003-01-20,20,-9.8,,-5.9,,-15.7,,67,,91,,37,,-15,,-9.4,,-21.5,,0,,5.6,,NA,M,NA,M,1001,,3.2,,2.7,,262,,33,,15.8,,1.4,,1.5,,1.4,
2003-01-21,21,-14.8,,-10.3,,-19.1,,50,,68,,32,,-23.2,,-20.8,,-26.5,,0,,9.9,,NA,M,NA,M,1008,,3.1,,2.9,,275,,23,,14.4,,1.4,,1.5,,1.3,
2003-01-22,22,-16.5,,-12.5,,-19.9,,44,,62,,24,,-26.3,,-23.9,,-29.4,,0,,10.7,,NA,M,NA,M,1006,,3.5,,3.3,,275,,22,,12.9,,1.4,,1.4,,1.3,
2003-01-23,23,-17.3,,-12.9,,-22.8,,57,,70,,39,,-24,,-20.2,,-27.2,,0,,9.7,,NA,M,NA,M,1005,,2.3,,1.9,,309,,34,,10.4,,1.3,,1.4,,1.2,
2003-01-24,24,-13.1,,-5.7,,-19.9,,53,,79,,25,,-21.3,,-19.1,,-23.9,,0,,10.8,,NA,M,NA,M,1012,,2.1,,1.7,,304,,36,,10.3,,1.2,,1.3,,1.1,
2003-01-25,25,-9.5,,-3.6,,-16.2,,62,,81,,47,,-15.6,,-12.4,,-22,,0,,9,,NA,M,NA,M,1017,,1.5,,1.2,,246,,32,,7.3,,1.1,,1.2,,1,
2003-01-26,26,-6.8,,-4.4,,-9.4,,77,,97,,59,,-10.3,,-5.9,,-13.9,,3.8,,2.1,,NA,M,NA,M,1015,,1.1,,0.8,,225,,43,,5.2,,1.1,,1.1,,1,
2003-01-27,27,-13.6,,-6.4,,-21.2,,62,,97,,32,,-19.8,,-6.9,,-26.5,,0.3,,11,,NA,M,NA,M,1018,,2.2,,1.9,,305,,32,,13.5,,1.1,,1.2,,1,
2003-01-28,28,-16,,-8.6,,-23.2,,58,,72,,35,,-22.7,,-16.1,,-27.3,,0,,8.8,,NA,M,NA,M,1018,,1.1,,0.9,,275,,31,,4.8,,1.1,,1.2,,1.1,
2003-01-29,29,-7.7,,-3.5,,-12.4,,80,,98,,63,,-10.6,,-6.1,,-17.3,,0,,4.6,,NA,M,NA,M,1017,,0.7,,0.4,,236,,50,,3.2,,1.2,,1.2,,1.1,
2003-01-30,30,-6.8,,-0.7,,-13.9,,81,,95,,51,,-9.8,,-6.8,,-15.2,,0,,8.1,,NA,M,NA,M,1026,,1.4,,1.1,,88,,40,,5.9,,1.2,,1.3,,1.2,
2003-01-31,31,-2.1,,0.8,,-5.2,,90,,99,,77,,-3.6,,-1.9,,-7.1,,0,,4.9,,NA,M,NA,M,1024,,2.2,,2,,67,,23,,7.6,,1.2,,1.3,,1.2,
2003-02-01,32,-1.3,,0.3,,-2.8,,99,,100,,98,,-1.4,,0.1,,-2.9,,2,,1.8,,NA,M,NA,M,1011,,1.3,,1.1,,50,,35,,8.3,,1.2,,1.3,,1.2,
2003-02-02,33,0.2,,1.2,,-1,,90,,100,,74,,-1.3,,0.4,,-3.4,,5.1,,2.1,,NA,M,NA,M,998,,2.9,,2.4,,301,,31,,14.8,,1.2,,1.3,,1.2,
2003-02-03,34,0.7,,4.6,,-4.5,,64,,94,,35,,-5.8,,-2.3,,-10.2,,0,,10.8,,NA,M,NA,M,1006,,1.9,,1.4,,276,,40,,11.8,,1.2,,1.2,,1.1,
2003-02-04,35,0.8,,2.9,,-0.9,,81,,100,,48,,-2.4,,2.8,,-9.3,,8.4,,1.3,,NA,M,NA,M,997,,3.2,,0.9,,106,,69,,19,,1.2,,1.2,,1.1,
2003-02-05,36,-5.3,,-0.1,,-11.3,,55,,83,,39,,-13.1,,-4.5,,-18.4,,0,,9.8,,NA,M,NA,M,1007,,4.3,,4,,271,,22,,18,,1.1,,1.2,,1.1,
2003-02-06,37,-7.9,,-2.6,,-14.4,,56,,77,,40,,-15.4,,-11.8,,-18,,0,,12.4,,NA,M,NA,M,1023,,1.9,,1.5,,244,,38,,8.9,,1.1,,1.2,,1.1,
2003-02-07,38,-6.2,,-4.5,,-9.4,,94,,98,,56,,-7,,-4.9,,-13.2,,5.3,,0.9,,NA,M,NA,M,1011,,1.1,,0.6,,260,,53,,7.6,,1.1,,1.2,,1.1,
2003-02-08,39,-9.4,,-3.1,,-16.5,,70,,91,,40,,-14.2,,-10.5,,-18.1,,0,,12.1,,NA,M,NA,M,1012,,1.8,,1.5,,246,,31,,8.1,,1.1,,1.2,,1.1,
2003-02-09,40,-6.7,,0.7,,-12.3,,63,,86,,37,,-12.8,,-8.7,,-15.6,,0,,9.8,,NA,M,NA,M,1012,,1.8,,1.6,,256,,28,,9.7,,1.1,,1.1,,1,
2003-02-10,41,-4.4,,0,,-10.2,,82,,100,,61,,-7.1,,-2.7,,-12.6,,2.8,,5.7,,NA,M,NA,M,1006,,1.2,,0.7,,202,,54,,8.4,,1.1,,1.1,,1,
2003-02-11,42,-10.9,,-3.9,,-15.8,,47,,100,,18,,-21,,-3.9,,-28.8,,0,,11.9,,NA,M,NA,M,1005,,2.3,,1.9,,272,,33,,13.5,,1.1,,1.1,,1,
2003-02-12,43,-10.1,,-4,,-15.2,,70,,96,,33,,-15.1,,-6.5,,-22,,1,,9.1,,NA,M,NA,M,1002,,3.3,,2.3,,255,,45,,17.5,,1.1,,1.1,,1,
2003-02-13,44,-14.4,,-9.8,,-18.2,,52,,86,,29,,-22.5,,-18.8,,-25.1,,0,,12.3,,NA,M,NA,M,1008,,2.9,,2.7,,272,,21,,14.2,,1,,1.1,,1,
2003-02-14,45,-14.1,,-8.3,,-20.1,,51,,69,,31,,-22.2,,-18.4,,-25.5,,0,,13.1,,NA,M,NA,M,1015,,2.5,,2.2,,276,,27,,13.3,,1,,1.1,,1,
2003-02-15,46,-16.1,,-10.5,,-20.6,,43,,78,,20,,-26.8,,-18.8,,-31.6,,0,,12.9,,NA,M,NA,M,1024,,1.6,,1.1,,340,,43,,9.8,,1,,1.1,,1,
2003-02-16,47,-17.4,,-12.8,,-21.9,,32,,57,,19,,-30.4,,-21.8,,-33.5,,0,,7.7,,NA,M,NA,M,1033,,1.4,,1.1,,324,,35,,8.2,,1,,1.1,,1,
2003-02-17,48,-11.2,,-9,,-15.3,,76,,95,,30,,-15.1,,-9.7,,-27.8,,12.2,,1.1,,NA,M,NA,M,1024,,2.7,,2.4,,61,,27,,12,,1,,1.1,,1,
2003-02-18,49,-6.2,,-3.6,,-9.3,,97,,99,,95,,-6.6,,-3.7,,-9.9,,6.6,,3.5,,NA,M,NA,M,1015,,1.1,,0.7,,360,,48,,7.4,,1,,1.1,,1,
2003-02-19,50,-2.2,,3.2,,-7.4,,88,,100,,61,,-4.1,,0.3,,-7.8,,0,,10.1,,NA,M,NA,M,1019,,1.4,,1.1,,221,,35,,7.1,,1,,1,,0.9,
2003-02-20,51,1.1,,7.5,,-2.9,,58,,95,,24,,-7.2,,-2.6,,-12.9,,0,,15.1,,NA,M,NA,M,1018,,1.7,,1.5,,269,,28,,8.1,,1,,1,,0.9,
2003-02-21,52,3.1,,11.6,,-5.5,,47,,77,,25,,-7.9,,-5.1,,-10.5,,0,,14.1,,NA,M,NA,M,1015,,1.4,,1,,231,,42,,6.5,,1,,1,,0.9,
2003-02-22,53,1.1,,2.8,,-0.3,,85,,99,,48,,-1.5,,2,,-7.2,,20.8,,1.6,,NA,M,NA,M,1008,,1.9,,1.6,,82,,30,,13.1,,0.9,,1,,0.9,
2003-02-23,54,-0.9,,1.7,,-7.5,,93,,100,,65,,-2.1,,1.6,,-12.5,,17.8,,2.8,,NA,M,NA,M,990,,3,,0.4,,21,,74,,14.6,,0.9,,1,,0.9,
2003-02-24,55,-5.8,,-1.1,,-10.6,,71,,96,,37,,-10.8,,-5.3,,-14.9,,0,,9.1,,NA,M,NA,M,1013,,2.4,,2.1,,259,,31,,12.8,,0.9,,0.9,,0.8,
2003-02-25,56,-9.6,,-5.8,,-16.2,,48,,83,,25,,-19.3,,-8.9,,-24.9,,0,,16,,NA,M,NA,M,1021,,2.8,,2.5,,281,,28,,13.7,,0.8,,0.9,,0.8,
2003-02-26,57,-13.3,,-4.8,,-19.9,,46,,73,,19,,-23.2,,-17.5,,-26.4,,0,,16.1,,NA,M,NA,M,1026,,0.8,,0.3,,299,,59,,4.9,,0.8,,0.9,,0.8,
2003-02-27,58,-8.1,,0.4,,-16.9,,50,,86,,16,,-18.3,,-9.8,,-24.5,,0,,16.2,,NA,M,NA,M,1020,,1.1,,0.5,,100,,60,,5.5,,0.8,,0.9,,0.7,
2003-02-28,59,-5.3,,1.9,,-11.9,,73,,96,,39,,-9.9,,-7.8,,-12.8,,0,,14.9,,NA,M,NA,M,1017,,1.2,,0.8,,77,,44,,5.5,,0.8,,0.8,,0.7,
2003-03-01,60,-2.1,,3,,-6.6,,77,,100,,46,,-6,,-1.1,,-8.7,,0.3,,8.7,,NA,M,NA,M,1019,,1.4,,1.2,,208,,30,,7,,0.8,,0.8,,0.7,
2003-03-02,61,0.1,,1.6,,-1.2,,99,,100,,85,,0,,1.6,,-2.8,,20.1,,1.3,,NA,M,NA,M,1003,,2,,0.7,,197,,64,,10.5,,0.8,,0.9,,0.7,
2003-03-03,62,-12.7,,-0.5,,-19.4,,46,,87,,24,,-22.6,,-2.6,,-30.8,,0,,17.8,,NA,M,NA,M,1008,,3.5,,3.2,,283,,26,,17.8,,0.8,,0.8,,0.7,
2003-03-04,63,-9.7,,-1.4,,-20.7,,58,,92,,33,,-16.9,,-3.2,,-26.4,,0,,15.8,,NA,M,NA,M,1018,,2.2,,1.8,,209,,32,,11.3,,0.8,,0.8,,0.7,
2003-03-05,64,1.9,,5,,-2.4,,98,,100,,88,,1.6,,5,,-3.5,,1.5,,1.7,,NA,M,NA,M,1005,,2,,1.6,,216,,36,,8.5,,0.8,,0.8,,0.7,
2003-03-06,65,-6.9,,0.6,,-15,,86,,99,,55,,-9.1,,0.4,,-16.7,,5.8,,2.7,,NA,M,NA,M,1010,,1.8,,1.3,,328,,42,,7.7,,0.8,,0.8,,0.7,
2003-03-07,66,-9.8,,-2.6,,-19.6,,71,,90,,34,,-14.5,,-7.8,,-21.6,,0.3,,18.5,,NA,M,NA,M,1021,,1.7,,1.1,,217,,48,,6.8,,0.8,,0.8,,0.7,
2003-03-08,67,0,,6.3,,-6.1,,66,,92,,36,,-6.3,,-1.8,,-8.6,,0,,17.7,,NA,M,NA,M,1015,,2.1,,1.6,,220,,38,,13.5,,0.7,,0.8,,0.7,
2003-03-09,68,-1.8,,3.6,,-12,,61,,96,,29,,-9.1,,1.5,,-21.1,,0,,13.9,,NA,M,NA,M,1004,,4,,3,,254,,40,,16.8,,0.7,,0.8,,0.7,
2003-03-10,69,-11.5,,-7.7,,-15.8,,53,,77,,28,,-19.6,,-16.5,,-23.6,,0,,13.3,,NA,M,NA,M,1013,,2.9,,2.6,,269,,24,,14.5,,0.7,,0.8,,0.7,
2003-03-11,70,-7,,0,,-14.7,,55,,84,,30,,-15,,-5.5,,-20.1,,0,,15.3,,NA,M,NA,M,1017,,2.6,,2.2,,228,,32,,10.5,,0.7,,0.8,,0.7,
2003-03-12,71,1.6,,8.1,,-3.7,,73,,98,,45,,-3.1,,-1.3,,-6,,0,,11.6,,NA,M,NA,M,1013,,1.9,,1.6,,234,,30,,9.1,,0.7,,0.8,,0.7,
2003-03-13,72,-2.4,,2.6,,-8.5,,82,,99,,53,,-5.3,,-1.1,,-11.2,,5.8,,3.7,,NA,M,NA,M,1016,,1.4,,0.5,,14,,62,,6.9,,0.7,,0.8,,0.7,
2003-03-14,73,-8.1,,-2.1,,-14,,48,,83,,17,,-18.2,,-10.8,,-24.7,,0,,18.3,,NA,M,NA,M,1022,,1.3,,0.9,,312,,45,,8.2,,0.7,,0.8,,0.7,
2003-03-15,74,-0.7,,5.3,,-5.5,,54,,79,,36,,-9.1,,-3.1,,-17.6,,0,,9.6,,NA,M,NA,M,1019,,1.3,,0.9,,196,,48,,5.9,,0.7,,0.8,,0.7,
2003-03-16,75,7.7,,16.9,,-1.1,,62,,92,,27,,-0.3,,6.9,,-4,,0,,19.4,,NA,M,NA,M,1016,,1.3,,1.1,,208,,34,,6.2,,0.7,,0.7,,0.6,
2003-03-17,76,11.4,,20.7,,4.3,,72,,100,,36,,5.7,,8.1,,2.9,,0,,18.8,,NA,M,NA,M,1009,,0.7,,0.3,,265,,55,,4.2,,0.6,,0.7,,0.5,
2003-03-18,77,7.6,,14.3,,-1.7,,55,,94,,25,,-2.2,,6,,-12.9,,0,,19.2,,NA,M,NA,M,1010,,1.5,,1.1,,341,,42,,8.1,,0.5,,0.6,,0.4,
2003-03-19,78,-0.4,,5.4,,-5.1,,38,,67,,17,,-13.9,,-8.9,,-18.8,,0,,20.7,,NA,M,NA,M,1025,,1.7,,1.2,,97,,46,,6.8,,0.5,,0.5,,0.4,
2003-03-20,79,-0.4,,3.4,,-5.9,,80,,100,,55,,-3.6,,3.3,,-9.1,,7.1,,7.9,,NA,M,NA,M,1022,,2,,1.4,,135,,45,,11.1,,0.5,,0.5,,0.4,
2003-03-21,80,9,,17.6,,3.3,,94,,100,,59,,7.9,,12.1,,3.2,,14,,12,,NA,M,NA,M,1005,,1.5,,0.7,,155,,59,,9.6,,0.4,,0.5,,0.3,
2003-03-22,81,9,,15.6,,2.8,,78,,100,,40,,4.8,,11.1,,-2.6,,0,,12.8,,NA,M,NA,M,1005,,1.1,,0.8,,284,,41,,7.9,,1.5,,3.7,,0.3,
2003-03-23,82,3.9,,6.9,,0,,75,,98,,56,,-0.2,,1.1,,-2,,0,,9.5,,NA,M,NA,M,1010,,1.6,,1.4,,281,,28,,10.9,,3.1,,4,,2,
2003-03-24,83,6.6,,13.7,,1.4,,64,,92,,30,,-0.5,,2.5,,-3.8,,0,,20.6,,NA,M,NA,M,1016,,1.2,,0.2,,156,,73,,6.5,,5,,7.4,,3,
2003-03-25,84,7.3,,14.3,,2.2,,64,,85,,39,,0.4,,3.1,,-1,,0,,20.1,,NA,M,NA,M,1015,,2.7,,2.4,,207,,28,,11.1,,5.8,E,7.7,,4.3,E
2003-03-26,85,6.4,,14.8,,2.6,,84,,100,,49,,3.6,,6.5,,1,,10.7,,13.5,,NA,M,NA,M,1009,,1.9,,1,,238,,55,,8.2,E,6.5,E,8.1,,5.2,E
2003-03-27,86,5.4,,12.5,,-0.6,,65,,100,,27,,-2.1,,4,,-6.8,,0,,21.9,,NA,M,NA,M,1017,,1.6,,1.2,,285,,41,,11.4,,6.9,E,8.4,,5.5,E
2003-03-28,87,8.6,,16.8,,0.3,,47,,77,,22,,-3.1,,3.7,,-7.9,,0,,20.5,,NA,M,NA,M,1024,,2.7,,1.9,,154,,46,,11.1,,7,,8.7,,5.3,
2003-03-29,88,11.2,,18.3,,6,,93,,100,,70,,10,,14.4,,3.5,,24.4,,5.4,,NA,M,NA,M,1016,,2.7,,1.9,,188,,43,,17.5,,8.1,,9.3,,7.2,
2003-03-30,89,1.9,,8.6,,-2.7,,99,,100,,93,,1.7,,8.6,,-2.7,,12.7,,2.4,,NA,M,NA,M,1010,,1.7,,1.3,,319,,38,,8.2,,7.6,,9,,6,
2003-03-31,90,-2.7,,1,,-5.4,,67,,100,,27,,-8.8,,-2.4,,-16.3,,0,,16.4,,NA,M,NA,M,1005,,3,,2.5,,293,,32,,15.7,,5.6,,6.1,,4.6,
2003-04-01,91,-2.9,,1.8,,-8,,74,,99,,32,,-7.5,,-1.6,,-15.1,,1,,15,,NA,M,NA,M,1012,,1.8,,1.3,,224,,40,,8.3,,4,,4.7,,2.9,
2003-04-02,92,1.2,,4.8,,-2.6,,95,,100,,75,,0.4,,2.9,,-2.7,,9.1,,5.7,,NA,M,NA,M,1015,,0.8,,0.2,,22,,68,,4.3,,4.4,,5.1,,3.8,
2003-04-03,93,1,,2.1,,0,,98,,100,,93,,0.8,,1.6,,-0.1,,1.3,,2,,NA,M,NA,M,1016,,1.1,,1,,64,,29,,4.9,,4.4,,4.6,,4,
2003-04-04,94,-3,,0.3,,-5.4,,97,,100,,94,,-3.5,,0.2,,-6.1,,12.2,,1.9,,NA,M,NA,M,1016,,2,,1.7,,76,,28,,8.3,,3.3,,4.1,,2.7,
2003-04-05,95,-2.7,,-0.6,,-5.8,,98,,100,,95,,-3,,-0.6,,-6.3,,9.9,,2.5,,NA,M,NA,M,1012,,1.3,Q,1.1,Q,86,Q,25,Q,7.6,Q,2.1,,2.7,,1.9,
2003-04-06,96,-2.5,,1.6,,-6.2,,73,,100,,50,,-6.9,,-0.7,,-9.2,,0,,17.6,,NA,M,NA,M,1021,,1.5,Q,1.4,Q,278,Q,22,Q,10,Q,1.8,,2,,1.5,
2003-04-07,97,-3.6,,-0.1,,-7.2,,66,,97,,32,,-9.8,,-4.3,,-16,,2.3,,8.1,,NA,M,NA,M,1032,,1.5,,1.3,,71,,33,,9.7,,1.1,,1.6,,0.8,
2003-04-08,98,-2.7,,-0.8,,-5.1,,96,,98,,87,,-3.3,,-1.5,,-5.5,,2,,6.1,,NA,M,NA,M,1026,,2.1,,1.9,,73,,26,,8.7,,0.9,,1,,0.8,
2003-04-09,99,-1.4,,0.4,,-3.1,,92,,98,,83,,-2.5,,-1.3,,-3.9,,0,,4.1,,NA,M,NA,M,1021,,1.3,,1.1,,57,,30,,6.8,,1,,1.2,,0.9,
2003-04-10,100,4.2,,12.3,,-1.7,,55,,83,,26,,-4.8,,-1,,-7.3,,0,,24.5,,NA,M,NA,M,1020,,1.6,,1.1,,64,,46,,7,,1.5,,2.4,,1.1,
2003-04-11,101,1.4,,3.6,,-1.3,,83,,99,,59,,-1.3,,3.2,,-6.7,,24.1,,4.9,,NA,M,NA,M,1013,,2.8,,2.5,,67,,23,,9.9,,1.7,,2.1,,1.2,
2003-04-12,102,8,,16.7,,2.3,,71,,100,,21,,1.4,,8.5,,-5.8,,2.3,,14.8,,NA,M,NA,M,1002,,1.8,,1.3,,338,,42,,9.8,,3.7,,5.8,,2.1,
2003-04-13,103,5.7,,11.9,,0.4,,49,,76,,19,,-5.3,,-0.6,,-11.6,,0,,25,,NA,M,NA,M,1016,,1.6,,1.1,,321,,42,,9.4,,5.2,,7.2,,3.3,
2003-04-14,104,6.3,,14.1,,-2.7,,39,,72,,12,,-8,,-3,,-17,,0,,24.9,,NA,M,NA,M,1024,,2.2,,1.4,,208,,46,,10,,5.9,,7.9,,3.8,
2003-04-15,105,15.9,,26.1,,6.8,,44,,68,,22,,2.9,,7.4,,-3.7,,0,,23.2,,NA,M,NA,M,1013,,2.9,,2.6,,219,,27,,12.4,,7.9,E,10.1,,5.7,E
2003-04-16,106,13.9,,26.5,,1.2,,50,,71,,25,,3.4,,10.7,,-10.1,,0,,22.6,,NA,M,NA,M,1010,,2.4,,0.9,,274,,64,,13.1,,10.3,E,12,,8.5,E
2003-04-17,107,0.3,,6.6,,-4.2,,32,,66,,13,,-15.3,,-9.3,,-21.8,,0,,25,,NA,M,NA,M,1027,,2.4,,1.8,,85,,41,,8.9,,8.7,,9.9,,7.5,
2003-04-18,108,2,,10,,-4.3,,61,,91,,31,,-5.3,,-0.6,,-9.8,,0,,15.7,,NA,M,NA,M,1032,,2.2,,1.8,,105,,32,,7.4,,7.2,,8.4,,6.2,
2003-04-19,109,7.1,,15.8,,-1.4,,55,,98,,22,,-3,,1.5,,-8,,0,,23.6,,NA,M,NA,M,1028,,1.7,,1.4,,81,,34,,8.1,,7.9,,9.9,,6,
2003-04-20,110,10.1,,19.8,,0.3,,36,,77,,11,,-6.2,,1.4,,-14.1,,0,,24.5,,NA,M,NA,M,1023,,1.8,,1.3,,110,,42,,6.8,,9,,11.1,,6.9,
2003-04-21,111,12.2,,20.8,,4,,34,,56,,18,,-3.7,,5.1,,-17.2,,0,,23.7,,NA,M,NA,M,1014,,2.1,,1.7,,176,,35,,10.1,,10,,12.1,,7.9,
2003-04-22,112,7.5,,10,,6.2,,87,,99,,33,,5,,7.9,,-6.4,,13,,3.2,,NA,M,NA,M,1005,,1.3,,1.1,,105,,32,,6.3,,9.8,,10.8,,9.3,
2003-04-23,113,4.2,,6.9,,0.5,,81,,99,,60,,1.1,,6.6,,-3.2,,0.3,,7.4,,NA,M,NA,M,1005,,2.2,,1.9,,280,,28,,8.5,,9,,9.4,,8.2,
2003-04-24,114,3.1,,9.6,,-1.6,,71,,99,,34,,-2.2,,0.4,,-7.3,,0.3,,11.2,,NA,M,NA,M,1006,,2.3,,1.9,,292,,36,,11.9,,7.8,,8.4,,7.1,
2003-04-25,115,7.9,,16.9,,-2.6,,47,,91,,21,,-4.4,,2.1,,-7.4,,0,,26.5,,NA,M,NA,M,1012,,1.9,,0.9,,210,,58,,7.9,,8.1,,10.5,,5.7,
2003-04-26,116,7.6,,8.7,,4.9,,94,,98,,54,,6.6,,8.4,,-0.4,,18.5,,2.4,,NA,M,NA,M,1010,,2.8,,2.3,,84,,37,,10.9,,8.6,,9.2,,8.3,
2003-04-27,117,9.8,,18.3,,3.9,,73,,98,,25,,4.2,,8.9,,-2.7,,0,,18.9,,NA,M,NA,M,1011,,1.6,,1.1,,337,,45,,8.7,,9.3,,11.1,,7.8,
2003-04-28,118,16,,25.4,,5.3,,39,,85,,12,,0.1,,5.6,,-6.4,,0,,26.9,,NA,M,NA,M,1011,,2.1,,1.7,,227,,33,,10.7,,10.7,,13,,8.5,
2003-04-29,119,16.3,,23.3,,9.5,,39,,61,,12,,1.3,,8.9,,-8.7,,0,,20,,NA,M,NA,M,1008,,2,,1.6,,271,,33,,10.3,,11.8,,13.1,,10.3,
2003-04-30,120,11.5,,17.7,,4.9,,43,,73,,24,,-1.3,,4.2,,-3.9,,0,,23.6,,NA,M,NA,M,1018,,1.5,,0.5,,218,,64,,6.7,,11.7,,13.5,,10.1,
2003-05-01,121,12.6,,19.7,,6.5,,75,,94,,48,,8,,14.2,,-1.8,,0,,10.9,,NA,M,NA,M,1016,,2.6,,2.2,,188,,32,,10.6,,11.5,,12.4,,10.6,
2003-05-02,122,14.1,,24.8,,6.6,,86,,99,,45,,11.5,,16.2,,6,,26.7,,17.6,,NA,M,NA,M,1009,,2.3,,0.7,,215,,68,,13.4,,13,,15.1,,11.7,
2003-05-03,123,9.2,,15.7,,4.2,,61,,97,,20,,0.4,,6.3,,-7.8,,0,,25.1,,NA,M,NA,M,1015,,1.7,,1.2,,340,,45,,9.1,,13,,14.6,,11.7,
2003-05-04,124,10.8,,18.1,,1.7,,43,,79,,21,,-2.4,,3.6,,-6.3,,0,,25.5,,NA,M,NA,M,1021,,1.4,,0.4,,110,,67,,6.9,,12.4,,14.1,,10.8,
2003-05-05,125,12.2,,19.9,,2.9,,39,,80,,16,,-3.1,,5.4,,-14.7,,0,,21.4,,NA,M,NA,M,1019,,1.8,,1.3,,168,,41,,10.9,,12.4,,13.8,,10.9,
2003-05-06,126,8.7,,12.3,,4.8,,82,,98,,33,,5.6,,11,,-7,,0,,4.1,,NA,M,NA,M,1015,,1.4,,1,,156,,40,,6.1,,11.6,,12.5,,11.2,
2003-05-07,127,15.2,,21.9,,10,,71,,99,,36,,9.3,,12.3,,5.1,,0,,20.4,,NA,M,NA,M,1012,,1.7,,0.8,,291,,58,,11.6,,12.8,,14.5,,11.3,
2003-05-08,128,8.4,,13.1,,6.9,,95,,98,,76,,7.6,,10.2,,6.3,,6.3,,3.4,,NA,M,NA,M,1014,,2,,1.7,,79,,30,,10.8,,12.3,,13.6,,11.6,
2003-05-09,129,11.6,,17.9,,5.9,,75,,99,,32,,6.2,,11.7,,0.4,,0.8,,20.9,,NA,M,NA,M,1013,,1.5,,0.7,,311,,60,,8.3,,12.5,,14.2,,11.3,
2003-05-10,130,12.4,,21.5,,3.8,,54,,98,,17,,1.4,,8,,-5.8,,0,,26.2,,NA,M,NA,M,1010,,1.4,,0.7,,320,,54,,7.6,,12.9,,14.6,,11.3,
2003-05-11,131,12,,19.2,,6.6,,64,,98,,33,,4.6,,9.6,,-2.3,,21.6,,17.6,,NA,M,NA,M,1006,,2.4,,1.7,,117,,43,,10.1,,12.9,,14.1,,11.8,
2003-05-12,132,7.8,,13.6,,4.6,,93,,99,,75,,6.7,,10.3,,4.2,,8.9,,7.6,,NA,M,NA,M,999,,1.5,,0.7,,105,,56,,8.8,,11.9,,12.7,,11.5,
2003-05-13,133,9.1,,13.2,,6.5,,84,,99,,57,,6.3,,8.7,,4.1,,0,,15.5,,NA,M,NA,M,999,,1.9,,1.6,,269,,28,,10,,12,,13.1,,11.1,
2003-05-14,134,10.1,,14.7,,5.9,,86,,98,,56,,7.7,,10.8,,5.4,,2.3,,12.7,,NA,M,NA,M,1009,,1,,0.7,,301,,46,,7.4,,12.2,,13,,11.4,
2003-05-15,135,11.1,,18.7,,4.9,,74,,98,,38,,6.1,,9.7,,3,,0,,13,,NA,M,NA,M,1020,,1.7,,1.4,,90,,36,,8.6,,12.4,,13.3,,11.4,
2003-05-16,136,7.1,,11.2,,3.6,,76,,94,,54,,3,,6.1,,0.6,,0,,15.2,,NA,M,NA,M,1029,,2.5,,2.2,,84,,28,,10.6,,11.9,,12.4,,11.4,
2003-05-17,137,7.9,,16.4,,1.5,,59,,92,,16,,-1.3,,5,,-12.4,,0,,26.1,,NA,M,NA,M,1027,,2,,1.7,,76,,32,,7.9,,11.9,,13.5,,10.6,
2003-05-18,138,12.4,,22.1,,0.9,,44,,78,,16,,-1.2,,5.6,,-9.3,,0,,26.1,,NA,M,NA,M,1025,,1.2,,0.6,,98,,55,,7,,12,,13.7,,10.3,
2003-05-19,139,17.3,,26.8,,5,,39,,79,,12,,0.8,,9.3,,-6.3,,0,,29.5,,NA,M,NA,M,1025,,1.2,,0.4,,158,,63,,7.9,,12.9,,14.9,,11,
2003-05-20,140,18.9,,26.5,,10.3,,35,,64,,14,,1.8,,8.6,,-3.5,,0,,26.9,,NA,M,NA,M,1021,,1.4,,0.8,,224,,50,,7.6,,14,,15.8,,12.3,
2003-05-21,141,11.6,,14.5,,9.5,,78,,98,,42,,7.5,,13.3,,0.4,,3.3,,4.5,,NA,M,NA,M,1020,,1.1,,0.5,,278,,59,,7.2,,13.5,,14.5,,13.1,
2003-05-22,142,10,,12.9,,6.9,,77,,97,,52,,5.9,,8.3,,2.8,,1.8,,10,,NA,M,NA,M,1024,,1.7,,1.4,,77,,33,,8.6,,12.9,,13.3,,12.5,
2003-05-23,143,8.2,,10,,6.9,,96,,98,,94,,7.7,,9.4,,6.5,,5.3,,6.2,,NA,M,NA,M,1024,,2.3,,2,,74,,27,,9.1,,12.2,,12.6,,11.9,
2003-05-24,144,7.4,,10.4,,5.8,,96,,98,,86,,6.8,,8.7,,5.5,,3,,9,,NA,M,NA,M,1018,,2.7,,2.4,,73,,27,,9.5,,11.7,,12.2,,11.2,
2003-05-25,145,10.8,,14.6,,6.8,,92,,98,,81,,9.6,,12,,6.4,,4.6,,11.1,,NA,M,NA,M,1016,,1.4,,0.8,,97,,50,,7.3,,12.1,,13.1,,11.2,
2003-05-26,146,9.1,,10.6,,7.1,,98,,99,,95,,8.8,,10.3,,6.8,,33,,3.5,,NA,M,NA,M,1016,,2,,1.7,,85,,32,,11.4,,12.2,,12.8,,11.6,
2003-05-27,147,12.4,,18.9,,7.4,,86,,99,,51,,9.8,,12.5,,7.2,,0,,12.8,,NA,M,NA,M,1015,,0.8,,0.3,,13,,60,,5.3,,12.5,,13.7,,11.4,
2003-05-28,148,12.8,,15.9,,11,,92,,99,,75,,11.6,,13.5,,10.5,,8.1,,10,,NA,M,NA,M,1006,,0.9,,0.7,,236,,40,,4.3,,13.5,,14.3,,12.8,
2003-05-29,149,14.4,,20.1,,9.7,,82,,99,,52,,11.1,,14.2,,9.5,,0.3,,15.4,,NA,M,NA,M,1001,,1.2,,1,,260,,35,,7.2,,14.1,,15.3,,13,
2003-05-30,150,16.3,,23.3,,11.1,,74,,99,,37,,11,,14.9,,7.3,,0,,23.4,,NA,M,NA,M,1000,,1,,0.6,,286,,49,,7.2,,15.3,,17,,13.8,
2003-05-31,151,13.8,,18.8,,9.3,,85,,98,,46,,10.9,,14,,6,,18.8,,10.6,,NA,M,NA,M,1003,,1.4,,1,,80,,43,,7.6,,15,,15.7,,14.3,
2003-06-01,152,11.8,,14.2,,7.9,,94,,99,,81,,11,,13.3,,5.4,,5.6,,3.6,,NA,M,NA,M,998,,2.3,,1.1,,31,,57,,10.3,,14.5,,14.9,,13.9,
2003-06-02,153,12.5,,20.1,,4.4,,58,,92,,28,,3.6,,7.9,,-0.4,,0,,27,,NA,M,NA,M,1007,,1.7,,1.1,,289,,46,,10.7,,14.5,,16.3,,12.7,
2003-06-03,154,13.8,,21.8,,4.3,,54,,88,,20,,3.1,,8.9,,-3.3,,0,,24.8,,NA,M,NA,M,1014,,1.2,,0.6,,267,,55,,8.4,,14.9,,16.3,,13.2,
2003-06-04,155,14.2,,19.5,,10.4,,72,,97,,34,,8.9,,10.9,,2.6,,1.3,,14.7,,NA,M,NA,M,1014,,1.5,,1.1,,91,,41,,7.7,,15.2,,15.9,,14.3,
2003-06-05,156,12.6,,14.2,,10.9,,98,,99,,95,,12.2,,14,,10.5,,7.1,,5.3,,NA,M,NA,M,1008,,0.9,,0.1,,346,,75,,5.5,,14.9,,15.2,,14.5,
2003-06-06,157,17,,25.1,,10,,73,,99,,33,,11.1,,15,,7.5,,0,,27.3,,NA,M,NA,M,1011,,1.2,,0.6,,277,,54,,7.6,,15.9,,18.1,,14,
2003-06-07,158,14.4,,18.3,,12.1,,93,,98,,72,,13.2,,15.5,,11.5,,14.2,,6.4,,NA,M,NA,M,1013,,0.8,,0.3,,121,,59,,5.1,,16.1,,16.8,,15.6,
2003-06-08,159,14.8,,18.7,,11.5,,88,,99,,67,,12.8,,14.5,,11.4,,0,,9.4,,NA,M,NA,M,1012,,1.1,,0.8,,94,,40,,5,,15.8,,16.6,,15.1,
2003-06-09,160,15.1,,20.7,,12.1,,89,,98,,64,,13.2,,15.1,,11.7,,0.3,,13.4,,NA,M,NA,M,1009,,1.5,,1,,183,,45,,6.5,,16.1,,17.1,,15.4,
2003-06-10,161,17.2,,23.9,,11.7,,64,,99,,29,,9.5,,14,,4.3,,0,,29,,NA,M,NA,M,1014,,1.5,,0.8,,271,,53,,8.6,,17,,19.1,,15.2,
2003-06-11,162,17.6,,19.5,,13.7,,90,,99,,71,,15.9,,19.2,,11.1,,22.6,,7.2,,NA,M,NA,M,1012,,1.6,,1.2,,197,,38,,8.8,,17.2,,17.6,,16.5,
2003-06-12,163,19.4,,24.4,,16.2,,83,,99,,46,,16,,18.1,,11.3,,2.5,,18.6,,NA,M,NA,M,1014,,1,,0.1,,330,,73,,5,,18.2,,19.5,,16.9,
2003-06-13,164,13.7,,16.5,,11.6,,95,,98,,87,,12.9,,16.2,,11.3,,16,,5.2,,NA,M,NA,M,1015,,2.3,,2,,96,,26,,9.1,,17.7,,18.8,,16.8,
2003-06-14,165,16,,21.9,,11.2,,91,,99,,73,,14.4,,18.4,,11,,0.8,,12.5,,NA,M,NA,M,1009,,1,,0.4,,277,,57,,7,,17.3,,18.4,,16.2,
2003-06-15,166,18.3,,24.5,,12,,64,,98,,25,,10.4,,16.7,,1.3,,0,,26.4,,NA,M,NA,M,1013,,1.3,,0.7,,336,,54,,8.4,,18.1,,19.9,,16.5,
2003-06-16,167,14.1,,20.1,,9.7,,69,,94,,40,,8,,11.3,,5,,0,,28.4,,NA,M,NA,M,1023,,1.5,,1.1,,98,,41,,6.6,,18.1,,19.7,,16.7,
2003-06-17,168,14.3,,21.7,,8.8,,74,,99,,30,,8.9,,13.3,,2.8,,0,,26.1,,NA,M,NA,M,1021,,1.4,,1.1,,213,,37,,7,,18.2,,19.9,,16.7,
2003-06-18,169,13.9,,16,,10.6,,97,,99,,90,,13.4,,15.3,,9.4,,3.6,,6.6,,NA,M,NA,M,1013,,0.9,,0.7,,217,,34,,4.7,,17.6,,18.4,,17.1,
2003-06-19,170,18.2,,23.6,,14.5,,84,,99,,59,,15.3,,17.7,,13.6,,0,,21,,NA,M,NA,M,1008,,0.8,,0.5,,257,,51,,4.9,,18.3,,19.8,,17.1,
2003-06-20,171,16.3,,20.7,,11.7,,89,,98,,66,,14.5,,17,,11.4,,8.6,,8.7,,NA,M,NA,M,1012,,1,,0.8,,62,,36,,6.3,,18.3,,18.8,,17.7,
2003-06-21,172,14.9,,23.3,,10.8,,83,,98,,43,,11.8,,16.1,,9.1,,10.9,,14.1,,NA,M,NA,M,1012,,1.2,,1,,68,,32,,8.4,,17.9,,18.9,,16.9,
2003-06-22,173,13.5,,15.2,,11.7,,96,,98,,88,,12.8,,14.4,,11,,58.9,,4.3,,NA,M,NA,M,1008,,1,,0.6,,41,,50,,10.6,,16.5,,17.5,,15.9,
2003-06-23,174,19.5,,28.5,,12.5,,82,,99,,32,,15.8,,20.1,,10,,0,,25.7,,NA,M,NA,M,1008,,0.9,,0.3,,57,,60,,5.3,,17.8,,20.1,,15.8,
2003-06-24,175,23.6,,33.3,,15.7,,73,,99,,30,,17.7,,22.5,,12.6,,0,,27.2,,NA,M,NA,M,1015,,0.7,,0.3,,324,,57,,5,,20.1,E,22.1,,18.1,E
2003-06-25,176,24.9,,31.9,,18.6,,62,,83,,29,,16.6,,21.9,,10.2,,0,,27.2,,NA,M,NA,M,1013,,0.8,,0.4,,313,,52,,4.7,,21.4,E,23,,19.7,E
2003-06-26,177,26.3,,33.1,,19.8,,72,,93,,42,,20.3,,24.2,,17.9,,0,,26.3,,NA,M,NA,M,1010,,0.7,,0.2,,339,,66,,4.9,,22.4,E,24.2,,20.6,E
2003-06-27,178,25.1,,31.6,,16.5,,71,,98,,43,,19,,23.5,,10.7,,0,,24.9,,NA,M,NA,M,1008,,1,,0.6,,274,,49,,6.6,,23.3,E,24.7,,21.9,E
2003-06-28,179,20.3,,27.5,,13.8,,59,,81,,28,,11.7,,17.5,,5.7,,0,,26.5,,NA,M,NA,M,1015,,0.8,,0.3,,300,,64,,4.9,,22.3,E,23.5,,21,E
2003-06-29,180,21,,26,,15.3,,70,,89,,43,,15,,18.9,,11.6,,0,,25.9,,NA,M,NA,M,1019,,1.4,,1,,198,,40,,7.8,,22.1,E,23.6,,20.5,E
2003-06-30,181,20.6,,27.1,,15.5,,73,,96,,47,,15.1,,20.7,,9.9,,0,,19.5,,NA,M,NA,M,1017,,1.2,,0.6,,248,,53,,7.2,,21.9,,23.1,,20.8,
2003-07-01,182,19.3,,26.6,,12.5,,65,,94,,31,,12,,16.5,,7.2,,0,,26.9,,NA,M,NA,M,1017,,0.9,,0.4,,301,,62,,6.2,,21.2,,22.8,,19.7,
2003-07-02,183,21.2,,28,,13.3,,60,,92,,23,,11.9,,17.5,,3.8,,0,,29.9,,NA,M,NA,M,1015,,1.2,,0.7,,200,,53,,5.6,,21.3,,23.2,,19.5,
2003-07-03,184,21.2,,26.4,,16.7,,75,,98,,48,,16.2,,19.3,,12.5,,0,,27.8,,NA,M,NA,M,1011,,1.3,,0.9,,203,,42,,8.3,,21.9,,23.6,,20.3,
2003-07-04,185,23.4,,30.8,,17.2,,76,,99,,37,,18.3,,21.5,,13.8,,0,,26.5,,NA,M,NA,M,1009,,1,,0.6,,247,,46,,5.8,,22.5,,24.4,,20.8,
2003-07-05,186,24.6,,29.9,,19.8,,73,,91,,50,,19.3,,22.4,,17.4,,0,,21.3,,NA,M,NA,M,1009,,1.2,,0.9,,254,,38,,8.5,,22.8,,24,,21.6,
2003-07-06,187,24.2,,30,,20,,66,,91,,30,,16.7,,20.4,,9.9,,0,,27,,NA,M,NA,M,1011,,1,,0.6,,276,,48,,7.6,,23,,24.7,,21.5,
2003-07-07,188,23.5,,29.6,,16.8,,68,,94,,34,,16.7,,21.2,,11.7,,0,,24.7,,NA,M,NA,M,1013,,1,,0.5,,134,,60,,5.9,,22.9,,24.4,,21.3,
2003-07-08,189,24.1,,29.1,,19.8,,75,,98,,49,,19.1,,21.7,,11.1,,0,,23.9,,NA,M,NA,M,1010,,1.1,,0.9,,256,,36,,6.2,,23.4,,24.8,,22.1,
2003-07-09,190,17.9,,22,,13.8,,81,,99,,52,,14.3,,17.3,,11.1,,6.3,,8.3,,NA,M,NA,M,1013,,0.6,,0.3,,328,,51,,4.4,,21.9,,23.3,,20.7,
2003-07-10,191,17.9,,23.6,,11.9,,68,,99,,41,,11.4,,15.1,,8.3,,0,,26.1,,NA,M,NA,M,1016,,1.8,,1.5,,95,,34,,7.3,,21.1,,23.1,,19.2,
2003-07-11,192,15.7,,17.5,,14.2,,94,,99,,79,,14.7,,16.8,,11.9,,5.3,,4.6,,NA,M,NA,M,1009,,1.7,,1.5,,87,,28,,7.1,,20.3,,21.3,,19.8,
2003-07-12,193,20.1,,25.6,,14.3,,76,,99,,50,,15.3,,18.8,,12.7,,0,,25,,NA,M,NA,M,1011,,1.6,,1.1,,208,,45,,10.2,,21,,23.2,,19.2,
2003-07-13,194,18.5,,24.2,,13.7,,73,,92,,46,,13.3,,16.3,,11.4,,0,,23.1,,NA,M,NA,M,1017,,1,,0.5,,282,,57,,7,,21.1,,22.8,,19.6,
2003-07-14,195,18.8,,24.6,,13.5,,76,,98,,36,,14,,16.5,,8,,0,,18.8,,NA,M,NA,M,1023,,0.7,,0.2,,191,,67,,4.4,,20.7,,22,,19.4,
2003-07-15,196,20.6,,27.6,,15,,76,,99,,34,,15.6,,19.4,,9.6,,0,,25.2,,NA,M,NA,M,1018,,1.1,,0.7,,191,,50,,6.1,,21.4,,23.5,,19.7,
2003-07-16,197,18.7,,24.7,,15.2,,93,,98,,74,,17.5,,21,,14.3,,6.1,,7.2,,NA,M,NA,M,1014,,1.7,,1.3,,186,,37,,7.7,,20.8,,21.8,,20.1,
2003-07-17,198,19.5,,26.7,,13.1,,77,,98,,44,,15,,18.9,,12.7,,0.3,,26.7,,NA,M,NA,M,1016,,0.9,,0.5,,306,,47,,6.4,,21.2,,23.5,,19,
2003-07-18,199,19.4,,23.2,,15.8,,84,,96,,68,,16.5,,19.6,,14.2,,0.3,,11.9,,NA,M,NA,M,1015,,0.8,,0.5,,224,,45,,6.9,,20.9,,21.9,,20,
2003-07-19,200,19.7,,25.8,,13.6,,70,,98,,32,,13.2,,17.3,,6,,0,,27.6,,NA,M,NA,M,1014,,1,,0.5,,304,,54,,5.4,,21.6,,23.8,,19.8,
2003-07-20,201,19.7,,26,,12.2,,63,,94,,30,,11.8,,16.2,,5.9,,0,,25.8,,NA,M,NA,M,1016,,1.1,,0.4,,222,,64,,6,,21.5,,23.3,,19.6,
2003-07-21,202,20.5,,24.4,,16.9,,81,,96,,62,,17.1,,20.3,,12.3,,2.5,,12.8,,NA,M,NA,M,1011,,2.5,,2.2,,184,,29,,12.8,,21.3,,22.1,,20.3,
2003-07-22,203,20.8,,27.2,,17.7,,89,,98,,57,,18.9,,21.1,,17,,8.9,,14.9,,NA,M,NA,M,1008,,1.7,,1.3,,188,,40,,8.9,,21.8,,23.5,,20.3,
2003-07-23,204,21.7,,25.2,,20.1,,91,,98,,70,,20,,21.8,,18.5,,3.6,,12.6,,NA,M,NA,M,1011,,1.6,,1.3,,196,,32,,6.4,,22.5,,23.9,,21.5,
2003-07-24,205,21.6,,26.4,,18.1,,87,,98,,64,,19.3,,21.6,,17.1,,2.8,,15.7,,NA,M,NA,M,1014,,2,,1.7,,195,,32,,11.3,,22.8,,24.4,,21.7,
2003-07-25,206,20.6,,27.3,,15,,78,,98,,41,,16.1,,19.3,,12.6,,0.3,,25.5,,NA,M,NA,M,1020,,1,,0.6,,263,,49,,7.1,,23,,25.1,,21,
2003-07-26,207,21.9,,28.3,,15.1,,72,,98,,38,,16,,20.8,,12.2,,0,,24.4,,NA,M,NA,M,1020,,1.2,,0.8,,239,,47,,7.7,,22.7,,24.6,,20.8,
2003-07-27,208,23,,27.6,,20,,75,,83,,58,,18.3,,20.9,,15.6,,0,,14.1,,NA,M,NA,M,1010,,1.9,,1.5,,247,,35,,9.3,,22.8,,24,,21.6,
2003-07-28,209,20,,24.8,,15.5,,66,,92,,36,,13,,17.1,,7.5,,0,,26.1,,NA,M,NA,M,1008,,1.2,,0.7,,276,,47,,7.6,,22.7,,24.6,,21,
2003-07-29,210,19.8,,26.8,,12.7,,68,,97,,28,,12.7,,16.9,,6.1,,0,,26,,NA,M,NA,M,1014,,0.8,,0.1,,282,,70,,5.4,,22.3,,24.1,,20.6,
2003-07-30,211,21.2,,28.4,,15.3,,72,,98,,29,,15,,18.5,,8.2,,0,,24.6,,NA,M,NA,M,1021,,0.8,,0.6,,208,,40,,5.8,,22.2,,24,,20.4,
2003-07-31,212,20.5,,27.3,,13.6,,68,,97,,30,,13.3,,18.5,,6.6,,0,,26.2,,NA,M,NA,M,1023,,1.6,,1.2,,101,,37,,7.1,,22.4,,24.3,,20.5,
2003-08-01,213,16,,17.7,,14.7,,96,,98,,86,,15.4,,17.1,,13.5,,13.7,,4.6,,NA,M,NA,M,1019,,2.2,,1.9,,79,,27,,9.2,,21,,22.5,,20.2,
2003-08-02,214,20.5,,27.2,,14.9,,91,,98,,70,,18.9,,22.6,,14.6,,4.6,,14.5,,NA,M,NA,M,1016,,1.3,,0.6,,174,,57,,6.5,,21.1,,23.1,,19.5,
2003-08-03,215,23.5,,27.4,,21.3,,89,,98,,69,,21.5,,23,,20.6,,0.3,,12.8,,NA,M,NA,M,1019,,1.7,,1.5,,189,,28,,8.4,,23.1,,24.4,,21.9,
2003-08-04,216,22.5,,26,,21,,93,,97,,79,,21.3,,23.5,,20.3,,7.4,,9.1,,NA,M,NA,M,1016,,1.5,,1.2,,176,,34,,7.2,,23.2,,24.1,,22.4,
2003-08-05,217,21.9,,26.1,,20.3,,94,,97,,77,,21,,23.3,,19.8,,31,,9.2,,NA,M,NA,M,1012,,1.6,,1.3,,181,,32,,6.5,,23.3,,24.2,,22.5,
2003-08-06,218,21.9,,26.8,,19.1,,86,,98,,57,,19.3,,22.6,,17.1,,2.8,,17.6,,NA,M,NA,M,1012,,1.7,,1.4,,188,,32,,9.7,,23.3,,24.4,,22.4,
2003-08-07,219,21.9,,27,,18.6,,86,,97,,59,,19.4,,22,,17.8,,0.3,,14.8,,NA,M,NA,M,1013,,0.9,,0.3,,171,,62,,5.4,,23.3,,24.5,,22.3,
2003-08-08,220,20.9,,24.3,,18.3,,93,,98,,75,,19.7,,21.5,,17.6,,15,,8,,NA,M,NA,M,1013,,1.1,,0.7,,85,,48,,5.4,,23.2,,23.6,,22.7,
2003-08-09,221,22.9,,27.7,,20.7,,90,,98,,64,,21,,22.9,,19.1,,0,,14.2,,NA,M,NA,M,1016,,1.4,,1.1,,183,,33,,6.4,,23.6,,24.9,,22.6,
2003-08-10,222,22.9,,27.4,,21,,89,,98,,65,,20.9,,23,,20,,1.8,,13.3,,NA,M,NA,M,1015,,2.1,,1.7,,196,,35,,9.2,,23.8,,24.7,,23.1,
2003-08-11,223,22.8,,28.6,,19.8,,88,,98,,57,,20.5,,23.1,,18.8,,2.3,E,16.4,,NA,M,NA,M,1015,,1,,0.5,,222,,53,,6.3,,24.2,,25.5,,23.2,
2003-08-12,224,22.4,,28.3,,19.9,,91,,98,,61,,20.8,,23.4,,19.5,,5.1,E,11.5,,NA,M,NA,M,1020,,0.9,,0.6,,100,,44,,5.3,,24.1,,24.9,,23.5,
2003-08-13,225,22.4,,27.6,,19.6,,91,,98,,63,,20.8,,23.3,,19.1,,4.3,E,13.3,,NA,M,NA,M,1024,,0.7,,0.2,,268,,62,,5.9,,24.2,,25.1,,23.5,
2003-08-14,226,22.6,,29.6,,18.1,,83,,99,,47,,19.2,,21.8,,15.4,,0,,20.6,,NA,M,NA,M,1023,,0.7,,0.4,,331,,54,,5.7,,24,,25.2,,22.7,
2003-08-15,227,23.1,,29.7,,18.3,,79,,98,,39,,18.7,,21.8,,14,,0,,22.4,,NA,M,NA,M,1019,,0.7,,0.3,,259,,59,,6.6,,24.2,,25.4,,23,
2003-08-16,228,22.2,,29.1,,18.2,,84,,97,,50,,19.2,,22.1,,17.2,,0,,16.3,,NA,M,NA,M,1009,,0.9,,0.5,,259,,50,,6.6,,24,,24.9,,22.9,
2003-08-17,229,19.9,,24.2,,16.1,,80,,97,,56,,16.1,,18,,13.9,,1.8,,15.6,,NA,M,NA,M,1012,,1.1,,0.7,,71,,50,,7.1,,23.5,,24.1,,22.8,
2003-08-18,230,18.8,,24.8,,14.8,,87,,98,,59,,16.5,,18.8,,14.4,,0,,11.8,,NA,M,NA,M,1017,,0.7,,0.2,,150,,61,,4.8,,22.7,,23.3,,22.1,
2003-08-19,231,20.6,,27.7,,16.1,,79,,99,,41,,16.2,,19.8,,12.5,,0,,22.3,,NA,M,NA,M,1019,,0.8,,0.5,,274,,50,,6,,22.6,,24,,21.5,
2003-08-20,232,21.5,,29.9,,14.7,,76,,97,,43,,16.5,,21.3,,13.2,,0,,23,,NA,M,NA,M,1019,,0.8,,0.3,,304,,60,,6.7,,22.6,,24,,21.3,
2003-08-21,233,22.7,,29.3,,16.5,,77,,98,,43,,17.9,,21,,14.6,,0,,23.9,,NA,M,NA,M,1017,,0.9,,0.4,,252,,56,,5.5,,22.9,,24.2,,21.7,
2003-08-22,234,22.8,,30.1,,16.1,,88,,98,,55,,20.5,,23.9,,15.5,,7.6,,16,,NA,M,NA,M,1009,,1,,0.7,,226,,44,,7.8,,23.4,,24.5,,22.5,
2003-08-23,235,18.4,,24.1,,11,,65,,98,,24,,10.5,,17.6,,1.8,,0.3,,23.9,,NA,M,NA,M,1011,,1.1,,0.7,,286,,49,,8.1,,22.6,,23.6,,21.6,
2003-08-24,236,14,,20.9,,7.1,,61,,84,,27,,6,,10.7,,-0.3,,0,,23,,NA,M,NA,M,1015,,1.1,,0.5,,285,,58,,9.5,,20.8,,21.8,,19.6,
2003-08-25,237,17.4,,24.5,,11.5,,76,,97,,50,,13,,18,,7.6,,0,,13.5,,NA,M,NA,M,1013,,0.8,,0.2,,203,,64,,5.8,,20.4,,21.3,,19.5,
2003-08-26,238,20.1,,25.4,,14,,75,,98,,37,,15.2,,17.4,,9.2,,0,,21.7,,NA,M,NA,M,1011,,1.2,,0.6,,210,,54,,6.1,,20.9,,22,,19.7,
2003-08-27,239,21.7,,27.3,,16.3,,66,,96,,31,,14.3,,19,,7.9,,0,,22.6,,NA,M,NA,M,1008,,1.5,,1.1,,262,,38,,8.7,,21.5,,22.5,,20.5,
2003-08-28,240,16.1,,22.1,,10.7,,64,,84,,34,,9,,12.7,,4.6,,0,,22.5,,NA,M,NA,M,1018,,1.1,,0.5,,330,,59,,6.4,,20.7,,21.6,,19.8,
2003-08-29,241,18.6,,25.1,,10.2,,77,,98,,52,,14.3,,21.3,,7.5,,0.3,,17.8,,NA,M,NA,M,1018,,1.9,,1.3,,191,,46,,11.3,,20.1,,21.1,,19,
2003-08-30,242,19.2,,23.9,,11.1,,82,,98,,58,,15.8,,21.7,,8.6,,0,,9.7,,NA,M,NA,M,1018,,1.1,,0.6,,268,,52,,6.4,,20.9,,21.5,,20.1,
2003-08-31,243,13.8,,20.5,,8.5,,71,,95,,37,,8.1,,11.9,,4.3,,0,,21.8,,NA,M,NA,M,1025,,0.9,,0.3,,44,,65,,4.8,,19.7,,20.8,,18.5,
2003-09-01,244,14.7,,17.7,,10.9,,89,,98,,70,,12.9,,14.5,,9.7,,1,,5.9,,NA,M,NA,M,1023,,0.6,,0.3,,231,,50,,3.7,,19.1,,19.5,,18.7,
2003-09-02,245,13.9,,16.4,,12.1,,94,,98,,82,,12.9,,14.3,,11.5,,11.4,,5.7,,NA,M,NA,M,1021,,1.1,,0.9,,76,,33,,5.4,,18.7,,19.1,,18.2,
2003-09-03,246,14.8,,19.4,,12.3,,88,,98,,65,,12.8,,14.4,,11.9,,9.1,,12.3,,NA,M,NA,M,1020,,1.5,,1.2,,123,,37,,6.5,,18.8,,19.7,,17.9,
2003-09-04,247,17.1,,20.1,,13.3,,97,,99,,92,,16.7,,19,,13,,3.3,,5,,NA,M,NA,M,1009,,0.8,,0.3,,140,,60,,6,,18.9,,19.6,,18.3,
2003-09-05,248,17,,22.9,,13,,82,,98,,49,,13.6,,16.9,,10.1,,0,,16.1,,NA,M,NA,M,1013,,0.8,,0.5,,333,,46,,6.7,,19.4,,20.6,,18.4,
2003-09-06,249,15.4,,22.5,,10.7,,78,,95,,38,,11,,14.6,,7,,0,,22.9,,NA,M,NA,M,1017,,0.9,,0.5,,326,,53,,5.3,,19.2,,20.5,,17.8,
2003-09-07,250,17.1,,24.9,,9.6,,77,,98,,38,,12.5,,17.7,,9.1,,0,,21.5,,NA,M,NA,M,1016,,0.8,,0.2,,315,,66,,4.6,,19,,20.4,,17.5,
2003-09-08,251,16.6,,22.8,,10.7,,70,,94,,40,,10.7,,14.9,,7.2,,0,,19.8,,NA,M,NA,M,1020,,0.9,,0.4,,27,,57,,5,,19.5,,20.6,,18.7,
2003-09-09,252,12.7,,18.5,,6.5,,75,,94,,51,,8.1,,11.3,,4.7,,0,,17.7,,NA,M,NA,M,1025,,1.7,,1.5,,85,,31,,8.2,,18.5,,19.4,,17.6,
2003-09-10,253,14,,22.5,,5.3,,69,,97,,32,,7.6,,12.5,,3.4,,0,,21.6,,NA,M,NA,M,1024,,0.9,,0.5,,356,,52,,6.2,,17.9,,19.2,,16.5,
2003-09-11,254,18,,24.1,,12.7,,67,,91,,49,,11.6,,15.8,,8.2,,0,,20.2,,NA,M,NA,M,1024,,1.4,,1.1,,81,,36,,5.6,,18.5,,19.9,,17.2,
2003-09-12,255,14.4,,21,,10.5,,73,,97,,35,,9.1,,11.7,,4,,0,,19.9,,NA,M,NA,M,1026,,1.8,,1.6,,81,,28,,7.8,,18.3,,19.4,,17.4,
2003-09-13,256,16.5,,22,,10.3,,89,,99,,73,,14.7,,17.8,,9.9,,0,,8.7,,NA,M,NA,M,1026,,1.7,,1.5,,93,,31,,7,,18.1,,19,,17.4,
2003-09-14,257,20.2,,26.2,,17.1,,90,,98,,67,,18.5,,21.4,,16.1,,0.3,,9.1,,NA,M,NA,M,1025,,2,,1.6,,137,,39,,7.4,,19.1,,20.2,,18.4,
2003-09-15,258,20.1,,24.1,,18.1,,89,,97,,70,,18.3,,20.1,,17.4,,2.8,,9.9,,NA,M,NA,M,1020,,1.4,,1.2,,137,,33,,6.2,,19.7,,20.4,,19,
2003-09-16,259,18.2,,23.3,,11.5,,87,,98,,52,,15.8,,19.1,,10.6,,16.3,,11.7,,NA,M,NA,M,1016,,1.2,,0.1,,11,,75,,7.2,,20,,20.9,,19.4,
2003-09-17,260,16.1,,23.8,,9.8,,72,,96,,33,,10.4,,15.3,,5.4,,0,,20.7,,NA,M,NA,M,1024,,1.1,,0.9,,51,,37,,6.5,,19.1,,20.3,,17.9,
2003-09-18,261,15.2,,20.8,,10.9,,74,,95,,50,,10.4,,13.2,,8.3,,0,,16.4,,NA,M,NA,M,1027,,2.3,,2.1,,78,,27,,11.4,,18.5,,19.2,,17.7,
2003-09-19,262,18.8,,23.5,,13.7,,94,,98,,83,,17.8,,21.5,,11.8,,9.4,,6.1,,NA,M,NA,M,1020,,3.2,,2.4,,121,,41,,12.2,,18.4,,19.4,,17.7,
2003-09-20,263,20.2,,25.7,,13.5,,83,,98,,58,,17,,19.7,,10.7,,0.3,,14.9,,NA,M,NA,M,1020,,1,,0.5,,230,,55,,5.9,,20,,21.4,,18.9,
2003-09-21,264,15.4,,22.3,,10.8,,77,,97,,43,,10.9,,14.4,,7.6,,0,,16.7,,NA,M,NA,M,1024,,0.9,,0.4,,13,,58,,4.9,,19.2,,20.2,,18.2,
2003-09-22,265,15.4,,21.7,,8.5,,78,,97,,49,,11.2,,14.5,,7.9,,0,,15.8,,NA,M,NA,M,1022,,1.2,,0.8,,133,,49,,5.3,,18.6,,19.7,,17.4,
2003-09-23,266,15.3,,19.6,,9.9,,92,,98,,76,,14,,18.9,,9.5,,47,,2.7,,NA,M,NA,M,1010,,1.9,,1.4,,148,,43,,11.8,,18.3,,18.9,,17.8,
2003-09-24,267,13.9,,20.5,,8.4,,79,,99,,42,,9.8,,13.2,,6.7,,0,,18.6,,NA,M,NA,M,1016,,1,,0.5,,196,,54,,5.3,,17.6,,18.8,,16.4,
2003-09-25,268,16.5,,22,,11.7,,84,,98,,60,,13.7,,16,,9.4,,1,,13,,NA,M,NA,M,1016,,1.9,,1.5,,199,,35,,9.3,,17.8,,18.8,,16.8,
2003-09-26,269,12.8,,15.1,,10.8,,97,,99,,90,,12.3,,14.7,,10.1,,8.9,,1.8,,NA,M,NA,M,1017,,1,,0.7,,79,,43,,6.7,,17.6,,18.3,,17.2,
2003-09-27,270,16.6,,21.8,,12.6,,95,,99,,80,,15.8,,18.7,,12.4,,0,,7.5,,NA,M,NA,M,1017,,2.2,,1.9,,105,,28,,7.1,,17.5,,18.3,,16.8,
2003-09-28,271,16.4,,19.2,,11.2,,96,,98,,94,,15.8,,18.5,,10.9,,26.7,,2.7,,NA,M,NA,M,1008,,1.9,,1.1,,130,,52,,7.8,,17.9,,18.3,,17.5,
2003-09-29,272,10.8,,16.1,,6.4,,90,,98,,62,,9,,12.2,,6.1,,1.5,,11.3,,NA,M,NA,M,1011,,0.8,,0.5,,283,,45,,8.3,,17.2,,17.8,,16.3,
2003-09-30,273,8.8,,16,,5.1,,82,,99,,41,,5.4,,8,,1.5,,0.3,,16.8,,NA,M,NA,M,1019,,0.8,,0.3,,275,,59,,6.8,,15.8,,16.8,,14.7,
2003-10-01,274,7.3,,11.4,,4.5,,92,,98,,71,,6,,8.7,,4.1,,0.5,,5.9,,NA,M,NA,M,1018,,0.7,,0.2,,338,,68,,5.2,,14.9,,15.5,,14.4,
2003-10-02,275,6,,13.1,,1.7,,88,,99,,42,,4,,8.3,,0.2,,3.6,,11.4,,NA,M,NA,M,1014,,1,,0.6,,267,,51,,7.4,,14.4,,15.1,,13.6,
2003-10-03,276,5.3,,11.8,,-0.9,,70,,97,,32,,-0.3,,2.6,,-4.9,,0,,17.8,,NA,M,NA,M,1017,,1.5,,1,,205,,47,,7.6,,13.2,,14.2,,12.2,
2003-10-04,277,7.9,,11.6,,4.3,,88,,98,,72,,6,,9.6,,1.9,,5.8,,3.6,,NA,M,NA,M,1010,,2,,1.5,,178,,42,,8.8,,12.8,,13.2,,12.3,
2003-10-05,278,5.4,,11.5,,1.1,,82,,99,,46,,2.2,,5.8,,-0.3,,0.3,,12,,NA,M,NA,M,1012,,0.9,,0.6,,261,,49,,8.5,,12.2,,13.1,,11.4,
2003-10-06,279,5.2,,12.2,,0.8,,80,,98,,45,,1.6,,5.6,,-0.8,,0,,13.5,,NA,M,NA,M,1016,,0.8,,0.3,,328,,61,,5.5,,11.5,,12.7,,10.2,
2003-10-07,280,6.8,,14.4,,0.1,,77,,99,,42,,2.5,,5.8,,-0.1,,0,,15.6,,NA,M,NA,M,1019,,0.9,,0.4,,256,,60,,7.3,,11.3,,12.8,,9.9,
2003-10-08,281,12.6,,20.6,,5.4,,78,,98,,38,,8.2,,13.4,,4.7,,0,,16.4,,NA,M,NA,M,1019,,0.9,,0.7,,217,,38,,7.1,,12.2,,14,,10.5,
2003-10-09,282,15.9,,24.5,,10.6,,78,,99,,34,,11.5,,15.5,,7.3,,0.3,,14.6,,NA,M,NA,M,1022,,1.1,,0.5,,94,,59,,4.4,,13.8,,15.5,,12.1,
2003-10-10,283,12,,18.9,,8.3,,88,,99,,67,,10,,13.7,,4.9,,0,,9.3,,NA,M,NA,M,1024,,1.5,,1.3,,74,,30,,6.2,,14.1,,15.1,,13.3,
2003-10-11,284,14.2,,22.2,,6.8,,72,,97,,42,,8.8,,12.5,,4.7,,0,,15.9,,NA,M,NA,M,1020,,1.5,,1.3,,72,,28,,6.7,,14.1,,15.5,,12.6,
2003-10-12,285,12.2,,14.1,,10.3,,83,,98,,58,,9.3,,13.1,,4.9,,2.3,,4.9,,NA,M,NA,M,1011,,1.5,,1.1,,53,,43,,7.6,,13.8,,14.3,,13.2,
2003-10-13,286,12.4,,19,,7.6,,74,,99,,32,,7.2,,12.1,,1.6,,0.3,,15.9,,NA,M,NA,M,1010,,1.1,,0.7,,322,,49,,8.7,,14.1,,15.3,,13,
2003-10-14,287,11.2,,17.4,,5.3,,75,,97,,43,,6.4,,11.2,,3,,0,,12.9,,NA,M,NA,M,1010,,2,,1.5,,116,,38,,8.2,,13.4,,14.4,,12.3,
2003-10-15,288,11,,14.7,,6.9,,77,,98,,52,,6.8,,14.2,,-1.8,,30.7,,4.2,,NA,M,NA,M,991,,3.8,,1.7,,242,,60,,19.2,,13.4,,13.9,,12.3,
2003-10-16,289,7.4,,12.9,,3.3,,62,,81,,38,,0.4,,3.8,,-2.4,,0,,9.2,,NA,M,NA,M,1011,,1.9,,1.6,,261,,32,,11.1,,11.7,,12.4,,11,
2003-10-17,290,6,,11.2,,0,,67,,96,,39,,-0.1,,3.3,,-3.6,,0,,11.1,,NA,M,NA,M,1017,,1,,0.4,,276,,58,,7.3,,10.8,,11.7,,9.6,
2003-10-18,291,4.5,,9.9,,0.5,,76,,98,,45,,0.2,,3.8,,-3.7,,0,,8.8,,NA,M,NA,M,1015,,0.8,,0.3,,287,,60,,5.5,,10.7,,11.4,,9.9,
2003-10-19,292,2.4,,6.4,,-1.1,,82,,94,,61,,-0.4,,2.7,,-3.6,,0.3,,3.9,,NA,M,NA,M,1013,,0.5,,0.2,,8,,56,,3.1,,9.6,,10.1,,9,
2003-10-20,293,3.8,,10.2,,-2.7,,73,,94,,44,,-1,,4.3,,-3.9,,0,,13.7,,NA,M,NA,M,1017,,1.2,,0.5,,216,,59,,7,,8.9,,10.2,,7.7,
2003-10-21,294,11.9,,17.9,,6,,84,,95,,64,,9.2,,12.6,,4.1,,1.5,,7.6,,NA,M,NA,M,1000,,2.6,,1.9,,218,,43,,12.8,,10.5,,11.9,,9.1,
2003-10-22,295,1.8,,6.1,,-0.9,,94,,98,,85,,0.9,,4.4,,-1.3,,2,,1.4,,NA,M,NA,M,998,,1.1,,0.9,,333,,38,,7.6,,10.1,,11.3,,9,
2003-10-23,296,-0.3,,2.6,,-1.8,,90,,99,,66,,-1.8,,0,,-4,,3.3,,5.1,,NA,M,NA,M,998,,1.5,,1.2,,289,,37,,10.4,,8.3,,9,,7.6,
2003-10-24,297,0.5,,6,,-3,,70,,89,,40,,-4.7,,-2.4,,-7.4,,0,,9.7,,NA,M,NA,M,1015,,1.4,,0.8,,288,,51,,9.5,,7.4,,8.2,,6.7,
2003-10-25,298,5.2,,11.9,,-3,,66,,91,,36,,-1.2,,7.7,,-7,,0,,12.8,,NA,M,NA,M,1026,,1.8,,1.2,,183,,48,,9.8,,7.2,E,8.4,,5.9,E
2003-10-26,299,13.2,,15.3,,9.1,,96,,99,,89,,12.6,,15,,7.4,,2,,1.1,,NA,M,NA,M,1020,,2.8,,2.4,,195,,29,,11.6,,9.4,E,10.6,E,8.1,E
2003-10-27,300,14.2,,16.2,,7.4,,97,,99,,92,,13.7,,15.3,,6.7,,50,,1.5,,NA,M,NA,M,1007,,3,,2.5,,184,,34,,12,,11.2,E,12.5,E,9.9,E
2003-10-28,301,8.6,E,13.7,,3.4,E,70,E,98,,41,E,3,E,6.1,E,-0.2,E,0.3,,12.7,,NA,M,NA,M,1011,,1.2,,0.3,,236,,70,,7.9,,11.5,E,12.3,,10.7,E
2003-10-29,302,9.2,,18,,5.3,,94,,98,,75,,8.2,,17.1,,1.5,,39.9,,1.7,,NA,M,NA,M,1005,,2.8,,0.5,,107,,73,,12.2,,10.9,,11.4,,10.4,
2003-10-30,303,6.2,,12.8,,1.9,,73,,90,,39,,1.3,,4.3,,-1.5,,0,,12.1,,NA,M,NA,M,1019,,1.5,,1.1,,276,,43,,8.1,,10.1,,10.9,,9.1,
2003-10-31,304,11.1,,18.3,,3.7,,66,,89,,43,,4.6,,8.2,,1.1,,0,,11.4,,NA,M,NA,M,1025,,1.9,,1.4,,201,,38,,9.4,,9.8,E,10.9,E,8.7,E
2003-11-01,305,14.7,,20.6,,10.2,,75,,90,,54,,10.1,,13.3,,7,,0,,7.3,,NA,M,NA,M,1022,,1.3,,1,,243,,42,,6.1,,11.2,E,12.4,,10,E
2003-11-02,306,10.4,,13.6,,8,,80,,91,,60,,7.1,,9.6,,4.8,,1.3,,5.1,,NA,M,NA,M,1023,,0.8,,0.4,,261,,55,,5,,NA,M,NA,M,NA,M
2003-11-03,307,14,,21.4,,9.8,,85,,97,,61,,11.4,,15.6,,7.9,,0.8,,8.3,,NA,M,NA,M,1019,,1.2,,0,,54,,78,,7.4,,NA,M,NA,M,NA,M
2003-11-04,308,5.5,,10.7,,1.9,,95,,98,,92,,4.8,,9.9,,1.3,,0.5,,1,,NA,M,NA,M,1023,,1.9,,1.6,,78,,34,,8.6,,NA,M,NA,M,NA,M
2003-11-05,309,4.8,,10.6,,1.9,,98,,99,,97,,4.6,,10.5,,1.4,,14.5,,1.2,,NA,M,NA,M,1020,,0.9,,0.2,,85,,68,,6.7,,10.2,E,10.5,,9.8,E
2003-11-06,310,8.4,,11.1,,6.4,,94,,99,,83,,7.5,,11,,5.1,,0,,2.6,,NA,M,NA,M,1018,,0.7,,0.4,,334,,52,,3.8,,NA,M,NA,M,NA,M
2003-11-07,311,6.2,,10.7,,4.1,,71,,95,,39,,0.9,,5.3,,-6.5,,0,,9.1,,NA,M,NA,M,1017,,1.6,,1.3,,283,,35,,8.8,,10.5,E,11.2,E,9.7,E
2003-11-08,312,-0.3,,4.4,,-6.7,,38,,58,,16,,-13.7,,-4.8,,-21.9,,0,,11.3,,NA,M,NA,M,1025,,2.7,,2.3,,290,,30,,13.1,,8,,9.6,,6.2,
2003-11-09,313,-3.8,,2,,-8.8,,46,,78,,17,,-14.9,,-10.3,,-20.9,,0,,11.6,,NA,M,NA,M,1033,,1.2,,0.9,,286,,33,,7.6,,5,,6.2,,4.3,
2003-11-10,314,-1,,6.6,,-7,,62,,92,,30,,-7.9,,-3.9,,-10.8,,0,,10.9,,NA,M,NA,M,1028,,0.9,,0.5,,245,,54,,5.5,,4.1,,5,,3.3,
2003-11-11,315,0.7,,4.8,,-3.9,,76,,98,,44,,-3.5,,4.5,,-9.4,,3.8,,3,,NA,M,NA,M,1021,,1.4,,0.8,,166,,53,,8.5,,3.7,,4.3,,3.2,
2003-11-12,316,6.8,,11.7,,3.9,,97,,100,,80,,6.3,,8.6,,3.6,,0,,4.1,,NA,M,NA,M,1010,,1,,0.5,,177,,58,,7.7,,5.5,,6.6,,4.2,
2003-11-13,317,6.1,,11.9,,-0.1,,69,,100,,36,,0.4,,11.5,,-8.8,,2.8,,4.4,,NA,M,NA,M,991,,4.4,,3.2,,249,,43,,18,,7.1,,7.7,,6.1,
2003-11-14,318,-1.7,,1,,-4.1,,50,,66,,27,,-11.1,,-7.2,,-17.3,,0,,10.8,,NA,M,NA,M,998,,4.8,,4.4,,277,,23,,18.3,,5.1,,6.3,,4,
2003-11-15,319,-2.3,,2.8,,-5.4,,45,,72,,26,,-13.1,,-9.2,,-15.9,,0,,10.9,,NA,M,NA,M,1011,,2.6,,2.4,,274,,23,,10.5,,3.3,,4.1,,2.9,
2003-11-16,320,-0.6,,6.4,,-6.5,,65,,86,,36,,-6.6,,-0.7,,-10.9,,0,,7.5,,NA,M,NA,M,1020,,0.8,,0.6,,293,,36,,5.3,,2.6,,3.1,,2.2,
2003-11-17,321,2,,3.7,,-0.2,,76,,95,,51,,-1.9,,1.7,,-7.3,,0,,2,,NA,M,NA,M,1023,,0.7,,0.5,,60,,41,,3.6,,3.6,,4.4,,3,
2003-11-18,322,5.2,,10.8,,1,,71,,92,,51,,0.1,,4.4,,-5.8,,0,,4.8,,NA,M,NA,M,1026,,1.5,,1.1,,134,,38,,8.8,,5,,5.9,,4.3,
2003-11-19,323,10.2,,15.3,,5.5,,90,,96,,81,,8.7,,12.5,,4.2,,10.2,,0.9,,NA,M,NA,M,1012,,3.8,,3.5,,150,,24,,14.7,,6.5,,8,,5.6,
2003-11-20,324,6.9,,15.7,,2.5,,82,,99,,64,,4,,13.1,,-1.7,,28.5,,3.7,,NA,M,NA,M,1002,,3,,1.8,,313,,50,,13.3,,8.4,,9,,7.5,
2003-11-21,325,6.8,,14.2,,1.3,,59,,78,,26,,-1.4,,2,,-5.9,,0,,9.9,,NA,M,NA,M,1011,,1.8,,1.4,,317,,36,,9.5,,7,,7.8,,6.2,
2003-11-22,326,6.6,,14.2,,1.8,,68,,88,,31,,0.5,,2.6,,-3.4,,0,,9.8,,NA,M,NA,M,1019,,1.5,,0.9,,344,,50,,7.7,,6.6,,7.7,,5.8,
2003-11-23,327,4.9,,12.6,,0.3,,44,,71,,23,,-6.8,,-1.6,,-14,,0,,9.1,,NA,M,NA,M,1023,,1.7,,1.5,,80,,31,,6.8,,5.9,,6.7,,5,
2003-11-24,328,5.2,,12.4,,-0.4,,71,,98,,33,,-0.1,,3.7,,-13,,0,,NA,M,NA,M,NA,M,1015,,2,,1.6,,121,,35,,7.2,,5.6,,6.6,,4.6,
2003-11-25,329,0.4,,5.3,,-4,,77,,97,,44,,-3.5,,4,,-7.6,,3.6,,9.1,,NA,M,NA,M,1014,,2,,1.6,,288,,36,,13.8,,5.6,,6.1,,4.5,
2003-11-26,330,0.3,,4.6,,-4.3,,76,,96,,55,,-3.7,,-1.9,,-5.4,,0,,6.5,,NA,M,NA,M,1020,,1.1,,0.7,,218,,47,,5.9,,4.1,,4.7,,3.4,
2003-11-27,331,4.5,,11,,-1.8,,58,,89,,23,,-3.9,,-0.5,,-9.6,,0,,7.7,,NA,M,NA,M,1022,,1.2,,0.8,,104,,47,,5.6,,4.6,,5.5,,3.8,
2003-11-28,332,8.1,,16.4,,3.5,,95,,100,,68,,7.3,,15.5,,-1.1,,10.7,,0.7,,NA,M,NA,M,1008,,2.8,,2.3,,129,,33,,16.7,,5.7,,7.4,,5.1,
2003-11-29,333,3.7,,15.8,,-1,,73,,97,,43,,-0.8,,14.6,,-8.8,,3.3,,3,,NA,M,NA,M,991,,4.7,,3.9,,254,,32,,18.7,,7.1,,8.2,,5.2,
2003-11-30,334,1.6,,3.6,,-0.6,,64,,72,,55,,-4.5,,-2.9,,-7.1,,0,,3.1,,NA,M,NA,M,1007,,2.9,,2.6,,249,,26,,12.8,,4.6,,5.2,,4.2,
2003-12-01,335,1.3,,6.3,,-3.9,,63,,94,,35,,-5.1,,0.7,,-12.2,,0.5,,5.9,,NA,M,NA,M,1005,,2.8,,2.3,,256,,33,,15.1,,4,,4.7,,3.4,
2003-12-02,336,-6.5,,-2,,-12.7,,53,,94,,25,,-15,,-4.1,,-23.5,,0,,5.9,,NA,M,NA,M,1015,,3.4,,2.9,,281,,31,,15,,2.6,,3.4,,2,
2003-12-03,337,-8.8,E,-4.2,E,-13.3,E,NA,M,NA,M,NA,M,NA,M,NA,M,NA,M,0,,NA,M,NA,M,NA,M,1025,E,NA,M,NA,M,NA,M,NA,M,NA,M,1.7,E,2,E,1.3,E
2003-12-04,338,-6.7,,-0.7,,-11.9,,81,,92,,70,,-9.4,,-4.9,,-13.6,,0,,3,,6.7,,-20.1,,1024,,1.2,,0.8,,272,,46,,5.8,,1.1,,1.4,,0.8,
2003-12-05,339,-7.5,,-1.9,,-13.2,,69,,89,,31,,-12.7,,-7.1,,-18.5,,0,,6.7,,14.1,,4,,1022,,1.8,,1.3,,54,,40,,11.5,,0.9,,1.1,,0.7,
2003-12-06,340,-7.5,,-5.7,,-8.7,,89,,95,,82,,-9.1,,-6.3,,-10.6,,21.8,,1.5,,3.6,,-2.6,,1012,,3,,2.3,,36,,37,,11.6,,0.7,,0.9,,0.6,
2003-12-07,341,-7.5,,-5,,-8.6,,94,,96,,92,,-8.3,,-5.6,,-9.5,,12.2,,6,,12.9,,-9.3,,1004,,2.8,,2.3,,326,,34,,11.9,,0.7,,0.9,,0.6,
2003-12-08,342,-4.9,,0.3,,-8.5,,73,,93,,46,,-9.4,,-6.9,,-11.5,,0,,8.5,,18,,-29.8,,1014,,1.7,,1.3,,319,,37,,9.3,,0.7,,0.8,,0.6,
2003-12-09,343,-4.5,,2,,-11.5,,71,,87,,38,,-9.2,,-4.5,,-13.5,,0,,5.9,,12.9,,-9.5,,1023,,0.7,,0.2,,169,,62,,3.6,,0.7,,0.8,,0.6,
2003-12-10,344,0.5,,2.8,,-2,,89,,99,,74,,-1.2,,1.6,,-5.8,,0,,2,,4.8,,-0.1,,1020,,2.2,,1.9,,119,,28,,10.9,,0.7,,0.9,,0.6,
2003-12-11,345,5.2,,9.7,,0.3,,96,,100,,76,,4.6,,9.4,,-3.3,,19.3,,0.9,,2.4,,11.7,,999,,3.7,,1.9,,98,,56,,14.2,,0.7,,0.9,,0.5,
2003-12-12,346,-1.1,,2.1,,-4.5,,58,,77,,39,,-8.7,,-3,,-11.7,,0,,8.3,,17.4,,-31.6,,1008,,3.7,,3.4,,277,,22,,15.5,,0.6,,0.8,,0.5,
2003-12-13,347,-6.5,,-2.9,,-10.9,,49,,73,,26,,-16,,-8.9,,-21,,0,,8.5,,17.5,,-37.1,,1023,,2,,1.5,,288,,38,,9.7,,0.6,,0.8,,0.5,
2003-12-14,348,-8.4,,-2.2,,-12.1,,70,,97,,41,,-13.2,,-2.6,,-21.4,,17.8,,1.3,,3,,-9.6,,1022,,2.3,,2,,77,,32,,14.3,,0.6,,0.8,,0.4,
2003-12-15,349,-3.6,,-0.9,,-5.8,,83,,98,,62,,-6.3,,-1.3,,-9.8,,9.1,,3.7,,8,,-30.4,,1000,,3.4,,2.1,,311,,49,,17.4,,0.6,,0.7,,0.4,
2003-12-16,350,-2.9,,3.8,,-9.6,,68,,92,,41,,-8.4,,0,,-11,,0.5,,7.6,,16.1,,-29.7,,1016,,1.2,,0.7,,205,,48,,6.7,,0.6,,0.7,,0.5,
2003-12-17,351,6,,10.1,,-0.7,,96,,100,,85,,5.4,,9.7,,-0.7,,51.8,,0.9,,2.4,,14.5,,1003,,3.1,,2.2,,176,,44,,12.7,,0.6,,0.8,,0.2,
2003-12-18,352,-1.9,,1,,-3.7,,76,,100,,56,,-5.8,,-0.5,,-9.3,,0,,4.2,,9,,-20.1,,995,,3.8,,3.5,,260,,22,,14.2,,0.3,,0.5,,0.1,
2003-12-19,353,-3.1,,2,,-7.2,,63,,85,,34,,-9.5,,-6.7,,-12.7,,0,,8,,16.8,,-38.2,,1003,,1.4,,1.1,,274,,32,,10,,0.4,,0.6,,0.2,
2003-12-20,354,-4.3,,-0.2,,-8.7,,79,,94,,64,,-7.6,,-5.2,,-12.2,,0,,3.4,,7.4,,-25.8,,1010,,1.1,,0.9,,276,,30,,5.8,,0.5,,0.7,,0.4,
2003-12-21,355,-6.2,,-2.4,,-12,,71,,87,,57,,-10.8,,-8.1,,-13.9,,0,,3.6,,7.8,,-32.1,,1017,,1.7,,1.5,,244,,30,,7.6,,0.6,,0.7,,0.4,
2003-12-22,356,1.2,,6.1,,-3.3,,51,,64,,33,,-7.9,,-4.5,,-10.6,,0,,4.5,,9.7,,-19.4,,1015,,1.5,,1.2,,221,,35,,5.7,,0.6,,0.7,,0.4,
2003-12-23,357,5.4,,11,,0.1,,62,,85,,48,,-1.5,,3,,-4.9,,0,,4.4,,9.7,,-6.8,,1016,,1.7,,1.4,,182,,33,,9.4,,0.6,,0.8,,0.4,
2003-12-24,358,9.6,,12.2,,5.2,,96,,99,,84,,8.9,,11.6,,2.8,,19.3,,1.3,,3,,12.9,,1012,,3.1,,2.6,,155,,32,,11.4,,0.5,,0.8,,0.3,
2003-12-25,359,2.9,,10,,-1.6,,89,,100,,65,,1.2,,9.9,,-6.7,,0.8,,2,,4.3,,-9.6,,1007,,1.9,,1.6,,263,,32,,9.7,,1.7,,2.5,,0.4,
2003-12-26,360,-0.8,,0.9,,-3.2,,70,,84,,59,,-5.6,,-2.6,,-8.1,,0,,2,,4.4,,-13.2,,1008,,3,,2.8,,263,,23,,12.2,,0.9,,1.6,,0.6,
2003-12-27,361,1,,6.5,,-3.4,,47,,73,,24,,-9.5,,-6.9,,-15,,0,,8.4,,17.1,,-20.5,,1018,,2,,1.6,,320,,37,,9.8,,0.6,,0.9,,0.4,
2003-12-28,362,2.3,,11,,-5,,38,,73,,10,,-11.9,,-7.4,,-19.9,,0,,7.8,,16,,-14.4,,1024,,1,,0.5,,238,,52,,5.9,,0.5,,0.7,,0.3,
2003-12-29,363,4.9,,10.7,,0.1,,48,,64,,30,,-5.5,,-1.7,,-10.5,,0,,7.6,,15.9,,-11,,1017,,1.4,,1.2,,217,,32,,6.2,,0.4,,0.6,,0.3,
2003-12-30,364,4,,6.4,,1.4,,75,,99,,56,,-0.2,,6,,-5.1,,0.8,,1.6,,3.5,,-19.1,,1008,,3.4,,2.7,,253,,36,,17.7,,0.4,,0.6,,0.3,
2003-12-31,365,1.7,,6.4,,-2.4,,63,,84,,36,,-4.8,,-3.6,,-7.7,,0,,5.9,,12.5,,-16.4,,1017,,2.6,,2.2,,253,,33,,10,,0.4,,0.6,,0.3,
2004-01-01,1,0,,3.5,,-2.9,,62,,83,,42,,-6.7,,-4.6,,-9.1,,0,,3.4,,7.4,,-18.1,,1020,,2.1,,1.8,,276,,27,,14.2,,0.5,,0.6,,0.3,
2004-01-02,2,-1.7,,0,,-4.3,,93,,100,,74,,-2.8,,-0.6,,-6.3,,1.5,,0.6,,1.6,,-14.2,,1020,,1.2,,0.9,,111,,43,,5,,0.4,,0.6,,0.3,
2004-01-03,3,1.7,,5.7,,-1.2,,100,,100,,99,,1.7,,5.7,,-1.2,,3.3,,1,,2.5,,6.6,,1013,,1.5,,0.7,,173,,57,,6.6,,0.4,,0.6,,0.3,
2004-01-04,4,3.4,,6.8,,-2,,89,,100,,54,,1.6,,6.8,,-3.6,,2.8,,2.3,,5,,-1.6,,1012,,1,,0.7,,284,,45,,6.4,,0.4,,0.7,,0.3,
2004-01-05,5,-2.5,,-1.7,,-3.1,,95,,98,,91,,-3.2,,-2.7,,-3.8,,7.9,,0.6,,1.7,,-1.1,,1011,,1.4,,1,,69,,41,,6.8,,0.6,,0.9,,0.4,
2004-01-06,6,-5.4,,-1.8,,-12,,86,,98,,62,,-7.5,,-2.9,,-17.3,,0.5,,4.3,,9.1,,-20.8,E,1012,,2.1,,1.9,,269,,23,,11.3,,0.8,,0.9,,0.6,
2004-01-07,7,-11.4,,-8.1,,-14.1,,66,,88,,44,,-16.6,,-12.4,,-19.1,,0,,7,,14,,-33.4,,1014,,2.7,,2.5,,268,,22,,11.9,,0.7,,0.9,,0.5,
2004-01-08,8,-13.8,,-9.4,,-18.8,,60,,78,,38,,-20.1,,-18.1,,-23.3,,0,,8.9,,18,,-43.7,,1017,,2.6,,2.3,,277,,27,,12.6,,0.5,,0.7,,0.4,
2004-01-09,9,-20.1,,-15.6,,-23.7,,54,,70,,35,,-27.4,,-23.1,,-29.9,,0,,9.1,,18.6,,-45.3,,1021,,1.8,,1.5,,314,,33,,9.1,,0.4,,0.6,,0.2,
2004-01-10,10,-20.2,,-13.5,,-24.7,,54,,68,,32,,-27.4,,-25.3,,-29,,0,,9.1,,18.5,,-44.7,,1022,,1.8,,1.6,,309,,32,,7.8,,0.3,,0.5,,0.1,
2004-01-11,11,-15.1,,-7.9,,-23,,59,,76,,47,,-21.5,,-14.8,,-26.9,,0,,4.3,,9.3,,-13.1,,1020,,1.4,,1.1,,225,,34,,7.9,,0.2,,0.4,,0,
2004-01-12,12,-6.1,,-3.8,,-8.8,,93,,97,,56,,-7,,-4.6,,-15.2,,2.5,,2.7,,6,,-4.6,,1009,,1.2,,1,,229,,29,,5.3,,0.1,,0.3,,0,
2004-01-13,13,-6.3,,0.6,,-18.4,,72,,97,,27,,-11.1,,-1.3,,-32.4,,0.8,,4.1,,9,,-26.7,,1007,,3.2,,2.7,,265,,33,,17.4,,0.1,,0.3,,0,
2004-01-14,14,-20.9,,-17.6,,-25.3,,43,,78,,27,,-30.5,,-23,,-33.4,,0,,8.4,,17.9,,-26.4,,1013,,1.7,,1.5,,286,,31,,10.8,,0.1,,0.2,,-0.1,
2004-01-15,15,-20.8,,-16.5,,-25.6,,55,,79,,28,,-28.1,,-22.6,,-33.9,,0.3,,6.7,,14.8,,-44.5,,1005,,2.5,,1.9,,298,,39,,14.3,,0.1,,0.2,,-0.1,
2004-01-16,16,-19.7,,-13.6,,-25.6,,53,,69,,38,,-27,,-20.2,,-33.4,,0,,9.3,,19.7,,-31,,1002,,3.4,,3.1,,288,,25,,13.6,,0,,0.2,,-0.1,
2004-01-17,17,-8.9,,-0.7,,-16.7,,56,,83,,28,,-16.7,,-11.4,,-20.8,,0,,9.5,,19.8,,-29,,1010,,1.9,,1.7,,288,,26,,10.4,,0,,0.2,,-0.1,
2004-01-18,18,-4.4,,-2.6,,-7,,88,,98,,50,,-6.2,,-3.1,,-15.1,,0.8,,1.3,,2.9,,-14.1,,998,,1.7,,1.2,,225,,41,,10.5,,0,,0.1,,-0.1,
2004-01-19,19,-9.7,,-6.7,,-14.1,,61,,81,,41,,-16,,-10.4,,-18.6,,0,,9.6,,20,,-40,,996,,3.3,,3,,276,,22,,12.8,,0,,0.1,,-0.1,
2004-01-20,20,-11.8,,-7.7,,-15.2,,58,,77,,39,,-18.5,,-16.6,,-20.7,,0,,10,,20.6,,-37.4,,1005,,2.8,,2.5,,281,,25,,13.5,,0,,0.1,,-0.2,
2004-01-21,21,-10.8,,-4.7,,-14.4,,58,,78,,39,,-17.6,,-14.8,,-19.6,,0,,10.3,,21.4,,-25.1,,1011,,1.7,,1.4,,310,,34,,10.9,,-0.1,,0.1,,-0.2,
2004-01-22,22,-7.7,,0.1,,-14.5,,66,,95,,49,,-13.1,,-5.1,,-18.2,,0.3,,6.3,,13.4,,-20.5,,1003,,2.3,,1.7,,242,,41,,12.9,,-0.1,,0.1,,-0.2,
2004-01-23,23,-13.5,,-9.6,,-18,,54,,69,,37,,-21.1,,-17.3,,-24.7,,0,,8.6,,17.9,,-38,,1005,,3.3,,3.1,,275,,22,,14.2,,-0.1,,0.1,,-0.2,
2004-01-24,24,-16.1,,-11.3,,-20.4,,50,,81,,22,,-24.7,,-19.9,,-29.5,,0,,9.9,,20.8,,-39,,1005,,2.6,,2.4,,277,,22,,11.7,,-0.1,,0,,-0.3,
2004-01-25,25,-17.9,,-10.7,,-23.3,,42,,59,,20,,-28.2,,-25.3,,-30.6,,0,,10.4,,22,,-36,,1019,,1.6,,1.4,,286,,31,,8.9,,-0.1,,0,,-0.3,
2004-01-26,26,-14.6,,-7.7,,-20.1,,41,,60,,22,,-25.5,,-22.5,,-27.6,,0,,8.9,,19.4,,-12.3,,1024,,1.2,,1,,324,,35,,6.2,,-0.2,,0,,-0.4,
2004-01-27,27,-10.9,,-7,,-15.5,,43,,57,,21,,-21.3,,-15.6,,-25.8,,0,,2.9,,6.9,,4.9,,1013,,0.9,,0.4,,334,,57,,3.7,,-0.2,,-0.1,,-0.4,
2004-01-28,28,-7.7,,-5.3,,-10.2,,85,,95,,37,,-9.9,,-6.3,,-21.1,,8.9,,0.6,,1.4,,-15.5,,998,,1.6,,1.4,,279,,27,,9.5,,-0.2,,-0.1,,-0.4,
2004-01-29,29,-9,,-6.7,,-13.5,,62,,90,,37,,-15.2,,-9.9,,-19.9,,0,,7.5,,15.7,,-29.7,,1000,,3.7,,3.5,,274,,22,,17.3,,-0.2,,-0.1,,-0.4,
2004-01-30,30,-10.5,,-6.7,,-13.6,,60,,73,,41,,-17,,-15.4,,-18.2,,0,,9.5,,20,,-29.8,,998,,3.1,,2.9,,272,,22,,14.2,,-0.2,,-0.1,,-0.4,
2004-01-31,31,-10.1,,-6.2,,-13.9,,60,,78,,38,,-16.6,,-14.2,,-19.2,,0,,10.1,,21.6,,-27.8,,1004,,2.6,,2.4,,275,,23,,10.9,,-0.2,,-0.1,,-0.3,
2004-02-01,32,-8.2,,-1.6,,-15.7,,59,,80,,39,,-15.1,,-10.8,,-18.8,,0,,11.2,,23.9,,-31.4,,1020,,1.8,,1.5,,315,,34,,8.9,,-0.2,,-0.1,,-0.3,
2004-02-02,33,-4.2,,3.5,,-8.7,,70,,90,,42,,-9.1,,-7.3,,-12.2,,0,,11.7,,24.1,,-32.6,,1028,,1,,0.6,,322,,52,,5.5,,-0.2,,-0.1,,-0.3,
2004-02-03,34,-3.1,,0,,-8.4,,89,,100,,76,,-4.6,,-0.3,,-10.2,,10.9,,2.6,,5.8,,-5.2,,1020,,2.2,,1.6,,110,,44,,15.6,,-0.2,,-0.1,E,-0.3,E
2004-02-04,35,-1.8,,2.3,,-6.1,,74,,100,,39,,-6.3,,-0.4,,-12.2,,0.8,,9.5,,20,,-28,,1016,,3.3,,3,,271,,22,,15.6,,-0.2,,0,,-0.3,
2004-02-05,36,-4.3,,-0.5,,-9.1,,53,,76,,32,,-12.9,,-10.2,,-15.4,,0,,9.7,,20.2,,-16.1,,1028,,2.1,,1.8,,284,,28,,10.3,,-0.2,,0,,-0.3,
2004-02-06,37,-3.4,,-0.4,,-6.3,,87,,100,,53,,-5.4,,-0.4,,-12.6,,20.1,,1.3,,3.4,,5.9,,1019,,1.4,Q,0.9,Q,104,Q,47,Q,9.9,Q,-0.2,,0,,-0.3,
2004-02-07,38,-2.2,,1.1,,-8.6,,88,,100,,65,,-4,,0.2,,-12.8,,3,,4.7,,10.7,,-10.8,,1000,,1.5,Q,1.3,Q,277,Q,16,Q,12.4,Q,-0.2,,0,,-0.3,
2004-02-08,39,-9.9,,-6.4,,-14.6,,55,,74,,27,,-17.7,,-12.5,,-23.9,,0,,12.9,,26,,-23.4,,1017,,3.2,,2.8,,279,,26,,12.9,,-0.1,,0,,-0.3,
2004-02-09,40,-3,,3.6,,-9.4,,54,,68,,38,,-11.2,,-5.8,,-15.9,,0,,10.4,,21.2,,-14.9,,1020,,2.7,,2.4,,229,,27,,11.1,,-0.1,,0,,-0.3,
2004-02-10,41,0.3,,4.8,,-3.3,,63,,81,,39,,-6.2,,-4.6,,-8.6,,0,,10.1,,20.6,,-14.4,,1012,,1.8,,1.5,,270,,32,,9.5,,-0.1,,0,,-0.3,
2004-02-11,42,-4,,-0.8,,-10.3,,57,,81,,37,,-11.5,,-5.7,,-14.9,,0,,11.3,,23.1,,-18.8,,1012,,2.8,,2.6,,272,,22,,13.9,,-0.1,,0,,-0.3,
2004-02-12,43,-5.9,,0.5,,-12.8,,63,,83,,42,,-12,,-9,,-15.3,,0,,10.2,,21.6,,-6.2,,1018,,1.3,,1,,236,,34,,6.1,,-0.1,,0,,-0.2,
2004-02-13,44,-1.5,,3.2,,-6.1,,59,,86,,34,,-8.9,,-6,,-11.6,,0,,10.2,,21.4,,-8.9,,1010,,2.4,,2.2,,260,,27,,10.7,,-0.1,,0.1,,-0.2,
2004-02-14,45,-1.7,,2.2,,-4.5,,58,,69,,42,,-9.1,,-7.9,,-10.5,,0,,12.2,,25.2,,-16.2,,1007,,2.6,,2.4,,268,,22,,9.8,,-0.1,,0.1,,-0.2,
2004-02-15,46,-11,,-3.6,,-17,,45,,88,,18,,-21.8,,-6.5,,-29.2,,0,,14.6,,29.3,,-23,,1018,,1.8,,1.2,,324,,44,,8.6,,-0.1,,0.1,,-0.2,
2004-02-16,47,-11.1,,-3.9,,-17.3,,38,,58,,21,,-23.3,,-17.7,,-26.3,,0,,14.5,,29.6,,-17,,1028,,1.2,,0.8,,319,,42,,6.6,,-0.1,,0.1,,-0.2,
2004-02-17,48,-8.8,,-2.6,,-15.2,,51,,79,,34,,-17.4,,-10.5,,-24.7,,0,,10.4,,21.8,,-13.6,,1033,,1.7,,1,,102,,50,,5.8,,-0.1,,0.1,,-0.2,
2004-02-18,49,-4.1,,2.3,,-8.9,,55,,84,,27,,-12.6,,-9.9,,-16,,0,,11.3,,23.5,,-11.3,,1018,,1.6,,1.4,,50,,32,,7.8,,-0.1,,0.1,,-0.2,
2004-02-19,50,-3.5,,2,,-7.8,,57,,69,,45,,-10.9,,-7.9,,-15.2,,0,,12.7,,26.1,,-17.5,,1006,,2,,1.7,,308,,35,,11.5,,-0.1,,0.1,,-0.2,
2004-02-20,51,-2.1,,2.4,,-6.8,,64,,82,,44,,-8.1,,-5.1,,-9.7,,0,,8.4,,18,,-1.3,,1011,,1.1,,0.1,,307,,74,,7.3,,-0.1,,0.1,,-0.2,
2004-02-21,52,-0.4,,1.6,,-2.1,,91,,100,,64,,-1.9,,1.1,,-7.2,,1.5,,2.1,,5.1,,4.1,,1000,,1.5,,0.7,,72,,60,,10.1,,-0.1,,0.1,,-0.2,
2004-02-22,53,-1.2,,2.6,,-3.9,,74,,100,,51,,-5.4,,-1.5,,-9.1,,0,,6.4,,14.3,,-15,,1010,,2.4,,2.2,,281,,25,,11.4,,0,,0.1,,-0.2,
2004-02-23,54,-1.9,,5,,-6.7,,52,,80,,23,,-11.3,,-8.5,,-15.1,,0,,15.5,,31.8,,-19.1,,1017,,1.6,,1.3,,305,,33,,8.4,,0,,0.1,,-0.2,
2004-02-24,55,-3.9,,1.1,,-8.2,,44,,71,,22,,-15.2,,-10.3,,-23.7,,0,,7.1,,15.2,,-9.6,,1015,,1.2,,0.9,,311,,37,,7,,0,,0.1,,-0.2,
2004-02-25,56,-4.5,,2.4,,-10.6,,32,,47,,21,,-19,,-14,,-25.1,,0,,16,,32.5,,-15.8,,1015,,2,,1.6,,322,,35,,9.2,,0,,0.1,,-0.2,
2004-02-26,57,-3.1,,4.5,,-8.2,,36,,65,,15,,-17.1,,-12.1,,-22.5,,0,,16.3,,33.2,,-10.1,,1023,,1.7,,1.3,,319,,37,,8.7,,0,,0.1,,-0.2,
2004-02-27,58,-2.4,,5.4,,-8.8,,22,,36,,12,,-21.6,,-15.1,,-26,,0,,16.2,,33.1,,-5.2,,1023,,1.9,,1.5,,328,,36,,9.2,,0,,0.1,,-0.2,
2004-02-28,59,1.4,,9.9,,-6,,38,,70,,20,,-12,,-4.6,,-22.6,,0,,15.1,,31.4,,2.3,,1021,,1.3,,0.9,,312,,40,,10,,0,,0.1,,-0.2,
2004-02-29,60,3.7,,10.3,,-2.1,,45,,66,,27,,-7.8,,-4.4,,-11.4,,0,,11,,23.1,,4.6,,1019,,1.6,,1.4,,274,,26,,8.1,,0,,0.3,,-0.2,
2004-03-01,61,6.4,,13.3,,-0.6,,53,,79,,32,,-2.9,,-1.3,,-5.4,,0,,14.7,,30.6,,19.2,,1022,,1.3,,0.7,,205,,54,,6.8,,0,,0.1,,-0.2,
2004-03-02,62,6.6,,14,,2,,68,,92,,46,,0.9,,7.2,,-5.6,,0.8,,9.6,,20.6,,16.9,,1015,,2.6,,1.6,,236,,50,,14.2,,-0.1,,0.1,,-0.2,
2004-03-03,63,4.3,,8.7,,0.2,,66,,84,,45,,-1.6,,-0.1,,-2.9,,0,,11.6,,24.4,,35,,1019,,2.6,,2.4,,278,,24,,14.4,,-0.1,,0,,-0.3,
2004-03-04,64,2.8,,6.3,,0,,88,,98,,77,,1,,3.7,,-2.2,,0.5,,3.6,,8.1,,0.5,,1021,,1.1,,0.8,,252,,42,,5.8,,-0.1,,0.1,,-0.2,
2004-03-05,65,3,,6.5,,-0.8,,98,,100,,94,,2.6,,6.5,,-1.1,,0.5,,1.5,,3.9,,9.3,,1016,,1.9,,1.3,,155,,44,,9,,-0.1,,0.1,,-0.2,
2004-03-06,66,6.9,,11,,0.3,,89,,100,,63,,5.1,,11,,-5.2,,3.8,,1.9,,4.4,,8.4,,1000,,3.1,,2.5,,249,,36,,14.2,,-0.1,,0.1,,-0.2,
2004-03-07,67,1.6,,6.5,,-1.7,,55,,73,,29,,-6.8,,-3.3,,-10.7,,0,,17.3,,35.3,,83.1,,1009,,2.2,,1.2,,285,,52,,11.6,,-0.1,,0.1,,-0.2,
2004-03-08,68,-1.9,,0.4,,-3.9,,89,,96,,67,,-3.4,,-2.1,,-5.2,,2.8,,4.9,,10.7,,-14.1,,1007,,2,,1.7,,81,,30,,8.1,,0,,0.1,,-0.2,
2004-03-09,69,-1.9,,2,,-3.8,,91,,97,,66,,-3.1,,-1.9,,-4.5,,0.3,,5,,10.9,,-2.7,,1018,,1.2,,1.1,,181,,30,,5.1,,0,,0.1,,-0.1,
2004-03-10,70,-0.6,,4.7,,-5.5,,78,,97,,51,,-4.2,,-2.4,,-6.1,,0,,13.2,,27.3,,12.3,,1025,,1.5,,1.1,,76,,41,,8.1,,0,,0.2,,-0.1,
2004-03-11,71,1.9,,10.3,,-3.8,,50,,87,,15,,-9,,-4.4,,-16.4,,0,,18.5,,38.6,,76.5,,1014,,1.5,,1.1,,35,,42,,8.5,,0.1,,0.3,,-0.1,
2004-03-12,72,-0.9,,5.2,,-4.3,,77,,97,,41,,-4.9,,-0.6,,-9.1,,2.8,,7.3,,15.3,,-9.7,,1004,,2.3,,1.8,,267,,38,,12,,0.2,,0.3,,0,
2004-03-13,73,-2.8,,2,,-6.9,,58,,77,,37,,-10.3,,-7,,-13,,0,,19.2,,39.1,,13.3,,1017,,3.1,,2.8,,279,,24,,12.6,,0.2,,0.4,,0.1,
2004-03-14,74,-2.2,,5.1,,-9.2,,47,,100,,17,,-13.5,,-0.6,,-20.1,,1.8,,14.7,,30.4,,47.5,,1025,,2,,1.4,,220,,43,,12.2,,0.2,,0.4,,0.1,
2004-03-15,75,1.9,,6.3,,-1.4,,66,,100,,32,,-4.5,,0.5,,-10.5,,0.8,,13.7,,28.4,,34.6,,1018,,2.9,,2.4,,264,,34,,14.1,,0.4,,1,,0.1,
2004-03-16,76,-3.2,,0.3,,-6.7,,72,,96,,27,,-8.3,,-4.9,,-16.8,,9.6,,5.2,,11.3,,10.9,,1020,,1.9,,1.5,,55,,37,,11.1,,0.4,,0.7,,0.1,
2004-03-17,77,-6,,-3.8,,-7.5,,90,,94,,81,,-7.4,,-5.4,,-8.7,,3,,7.9,,17.1,,3,,1013,,2.1,,1.8,,61,,31,,9.8,,0.3,,0.4,,0.1,
2004-03-18,78,-4.2,,0.3,,-7.3,,82,,93,,61,,-6.9,,-3.7,,-8.9,,0,,9.8,,20.8,,-1.8,,1019,,1.7,,1.1,,123,,50,,7.8,,0.3,,0.4,,0.1,
2004-03-19,79,-2.3,,1.7,,-5.1,,82,,95,,60,,-5,,-3,,-7.1,,0.3,,10.3,,21.7,,-1.3,,1024,,1.7,,1.4,,75,,33,,8.5,,0.3,,0.4,,0.1,
2004-03-20,80,-1.2,,4.4,,-8.7,,75,,100,,39,,-5.6,,0.6,,-9.9,,3.3,,12.6,,27.3,,3.4,,1020,,2.1,,1.6,,209,,39,,9.7,,0.3,,0.5,,0.2,
2004-03-21,81,0.6,,5.6,,-6.6,,78,,100,,47,,-3.1,,2.5,,-12.7,,2.5,,12.6,,27.1,,22.2,,1003,,3,,2.6,,271,,30,,14.1,,0.3,,0.5,,0.2,
2004-03-22,82,-7.1,,-3,,-10.1,,45,,67,,19,,-17.9,,-11.8,,-25.1,,0,,21.4,,42.9,,34,,1015,,2.8,,2.5,,291,,28,,11,,0.3,,0.5,,0.2,
2004-03-23,83,-3.5,,3.8,,-11.6,,56,,98,,27,,-11.9,,-1.2,,-17.1,,0,,19.8,,40,,65.3,,1023,,2.4,,2,,235,,34,,11,,0.3,,0.4,,0.1,
2004-03-24,84,3.3,,11.5,,-4.5,,58,,98,,30,,-5.3,,-0.7,,-9.2,,0,,18.3,,38.3,,77.1,,1029,,1.5,,1,,201,,46,,7.3,,0.2,,0.4,,0.1,
2004-03-25,85,6.2,,9.3,,4.1,,72,,90,,37,,1.4,,4.1,,-8.3,,0,,5,,11.2,,21.2,,1032,,2.4,,2.1,,203,,26,,10.8,,0.6,,1.8,,0,
2004-03-26,86,11.8,,20.7,,3.2,,67,,96,,33,,4.9,,8.1,,2.1,,0.8,,15.8,,33.7,,83,,1028,,2,,1.7,,204,,31,,10.8,,4.2,,7.2,,1.5,
2004-03-27,87,10.2,,18.1,,6.6,,82,,100,,46,,7,,11.6,,3.2,,9.6,,14,,29.9,,75.4,,1021,,1.8,,0.7,,288,,64,,8.8,,7.5,,9.6,,6.1,
2004-03-28,88,5.2,,9.5,,-1.1,,69,,87,,53,,-0.1,,3.4,,-4,,0,,12.8,,26.8,,57.6,,1029,,2.3,,1.9,,65,,33,,9.1,,7.4,,8.5,,6.3,
2004-03-29,89,2.2,,9.9,,-2.6,,65,,92,,33,,-4.6,,-1.4,,-6.6,,0,,21.5,,44.5,,90.9,,1030,,2.1,,1.8,,80,,32,,8.5,,6.3,,8.4,,4.3,
2004-03-30,90,0.4,,7.5,,-4.2,,76,,92,,45,,-3.8,,-1.1,,-5.8,,0,,16,,33.9,,71.1,,1024,,1.9,,1.5,,115,,38,,7.3,,5.6,,7.3,,4.1,
2004-03-31,91,1.4,,3,,-0.3,,97,,99,,92,,0.9,,2.4,,-1.3,,39.6,,3.1,,7.6,,11.5,,1015,,2.5,,2.3,,76,,26,,11.3,,4.7,,5.8,,4.1,
2004-04-01,92,3.4,,5.4,,1.8,,95,,99,,92,,2.8,,4.6,,1.5,,29,,3.1,,7.6,,10.3,,1008,,4.9,,4.5,,73,,22,,17.5,,4.3,,4.8,,3.8,
2004-04-02,93,1.3,,2.8,,0.7,,95,,99,,92,,0.6,,1.9,,0,,3.8,,3.4,,7.9,,10.2,,1007,,3.1,,2.8,,67,,26,,14.5,,3.8,,4.4,,3.3,
2004-04-03,94,2.7,,5.1,,0.8,,93,,99,,83,,1.7,,2.8,,0.6,,0,,4.7,,10.5,,20.8,,1003,,1.3,,1.1,,58,,32,,5.7,,4,,4.9,,3.2,
2004-04-04,95,3,,5.9,,-1.1,,96,,100,,86,,2.4,,4.4,,-2.7,,6.6,,3.4,,7.7,,8.1,,994,,1,,0.5,,297,,50,,13.4,,4.3,,5.2,,3.7,
2004-04-05,96,-1.7,,3.4,,-4.6,,61,,90,,42,,-8.5,,-2.4,,-11.6,,0,,18.3,,38.7,,94.3,,997,,3.5,,3.1,,296,,29,,13.6,,4,,5.3,,2.7,
2004-04-06,97,1.3,,8.5,,-5.4,,39,,58,,25,,-11.7,,-6.2,,-14.7,,0,,24,,49.2,,110.3,,1004,,3.1,,2.7,,290,,28,,15,,3.8,,5.8,,2.1,
2004-04-07,98,3.2,,10.7,,-2,,47,,81,,26,,-7.5,,-1.9,,-12.6,,0,,17.6,,37.2,,84.8,,1005,,1.6,,1.4,,265,,29,,8.5,,4.5,,6.8,,2.6,
2004-04-08,99,4.6,,11.5,,-2.6,,59,,91,,29,,-3.8,,-1.7,,-8,,0,,18.8,,38.7,,84.5,,1004,,1.2,,0.8,,270,,45,,6.9,,5.3,,7.6,,3.1,
2004-04-09,100,5.6,,12.2,,-0.1,,52,,87,,17,,-4.8,,1.4,,-13.1,,0,,14.6,,30.4,,56.5,,1006,,1.7,,1.3,,285,,37,,10.7,,5.9,,7.5,,4.2,
2004-04-10,101,5,,11.5,,-2,,42,,69,,23,,-7.6,,-4.7,,-10.2,,0,,24.2,,49.4,,108,,1012,,2.5,,2.2,,275,,25,,14,,5.8,,8,,3.6,
2004-04-11,102,4.8,,11.5,,-1.3,,43,,76,,21,,-7.3,,-1.4,,-11.3,,0,,15.7,,32.7,,69,,1017,,1.3,,0.5,,336,,63,,7.1,,6.1,,7.9,,4.3,
2004-04-12,103,5.5,,12,,0.5,,59,,92,,28,,-2.9,,0.5,,-6.3,,4.1,,18.1,,37.5,,90.4,,1023,,2.3,,2,,77,,30,,8.2,,6.7,,8.5,,4.9,
2004-04-13,104,3.1,,9.8,,0.9,,97,,100,,91,,2.6,,9.8,,-0.2,,56.9,,2.5,,6.5,,11.2,,1014,,3.8,,3.5,,82,,25,,13.6,,5.8,,7.2,,5.2,
2004-04-14,105,10.3,,13.2,,3.4,,98,,100,,92,,10,,13.2,,2.2,,5.6,,2.5,,6.2,,8.6,,1005,,2,,0.8,,234,,62,,9.2,,7.2,,8.4,,5.3,
2004-04-15,106,5.3,,12.1,,1.2,,58,,95,,21,,-3.9,,2.5,,-10.2,,3.6,,15.5,,31.8,,61.5,,1013,,2,,1.5,,344,,42,,10.7,,7.5,,9.2,,6.3,
2004-04-16,107,5.8,,14.5,,-1.1,,34,,67,,10,,-10.6,,-4.1,,-17.1,,0,,26.2,,52.5,,120,,1022,,1.7,,1.2,,335,,46,,9,,7.4,,10.1,,4.8,
2004-04-17,108,13.4,,23.7,,0.6,,43,,76,,21,,0.1,,9.4,,-8.2,,0,,20.1,,41.6,,115.4,,1021,,1.5,,1.2,,224,,38,,9.4,,9,,11.7,,6.3,
2004-04-18,109,14.5,,21,,8.5,,60,,93,,27,,6,,10,,-0.1,,0,,15.6,,33.1,,79,,1025,,1.9,,1.1,,126,,51,,9.1,,11.1,,12.8,,9.4,
2004-04-19,110,16.8,,29,,6,,57,,95,,16,,6.7,,11.9,,-0.1,,0,,19.9,,41.3,,103.6,,1014,,2.8,,2.4,,219,,32,,15.8,,11.7,,14,,9.5,
2004-04-20,111,12.6,,18.1,,7.5,,45,,78,,16,,-0.2,,12,,-10.1,,0,,25,,51.1,,125.4,,1015,,2.4,,1.2,,318,,57,,10.5,,13,,15.1,,11.2,
2004-04-21,112,9.8,,16.4,,2.9,,48,,86,,26,,-1.7,,6.8,,-7.4,,0,,17.5,,37.8,,91.1,,1020,,2.8,,2.3,,153,,34,,11.9,,11.5,,13,,10.1,
2004-04-22,113,15.2,,24.7,,8.5,,74,,100,,36,,9.8,,15.1,,5,,1.3,,15.3,,34.4,,92.7,,1016,,1.7,,1,,227,,49,,7.4,,12.5,,14.9,,10.7,
2004-04-23,114,6.5,,11.5,,3.7,,93,,96,,82,,5.4,,10.6,,1.5,,20.1,,2.8,,7,,-5,,1018,,1.5,,1.2,,77,,38,,7.7,,11.8,,13.9,,10.3,
2004-04-24,115,8.7,,16.1,,2.6,,55,,98,,23,,-2.1,,7.7,,-13.9,,0,,23.5,,49.9,,130.1,,1018,,2.3,,1.8,,292,,39,,13.6,,11.4,,13.8,,9.5,
2004-04-25,116,5.1,,12.4,,-1,,38,,94,,12,,-10.1,,1.3,,-18.7,,3.8,,20.2,,42.2,,101.7,,1025,,1.8,,0.7,,214,,62,,7.4,,10.7,,12.5,,8.7,
2004-04-26,117,7.3,,11.1,,1.9,,98,,100,,94,,6.9,,10.8,,1.1,,17.3,,3.7,,9,,14.5,,1013,,1.8,,1.4,,169,,38,,7.6,,9.9,,10.9,,9,
2004-04-27,118,10.7,,17.1,,4.1,,69,,100,,31,,4.3,,10.6,,-1.8,,1.5,,19,,40.5,,101.3,,1005,,1.7,,1.3,,274,,38,,8,,11.6,,13.8,,9.8,
2004-04-28,119,5.4,,10.7,,0.8,,52,,74,,30,,-4,,-0.2,,-7.2,,0,,22.5,,45.2,,113.7,,1015,,2.3,,1.9,,286,,34,,12.4,,11.1,,12.7,,9.6,
2004-04-29,120,13.8,,23.1,,2,,42,,67,,28,,0.8,,8.1,,-9,,0,,23,,48,,123.2,,1023,,2.8,,2.4,,208,,29,,11.8,,11.2,,13.5,,9.2,
2004-04-30,121,17.1,,24.5,,11.2,,57,,82,,33,,7.9,,11.6,,6.1,,0,,22.5,,46.8,,116,,1023,,2.3,,2,,208,,29,,9.3,,13.1,,15.4,,11,
2004-05-01,122,17.5,,24.9,,10.4,,69,,92,,42,,11.2,,14.2,,8.9,,0,,23.5,,49.7,,125.9,,1018,,2.5,,2.2,,209,,30,,11.4,,14.3,,16.4,,12.3,
2004-05-02,123,16.2,,20.1,,13.6,,93,,100,,74,,15.1,,16.9,,12.2,,1.5,,6,,13.7,,20.1,,1014,,2.9,,2.6,,187,,28,,10.8,,14.5,,15.2,,13.7,
2004-05-03,124,11.1,,16.4,,4.6,,96,,100,,78,,10.4,,16,,4,,15.8,,4.6,,11.7,,11.6,,1010,,1.9,,1,,274,,55,,10.4,,14.3,,14.9,,13,
2004-05-04,125,5.5,,10.6,,-0.1,,70,,97,,37,,-0.3,,4.4,,-5.1,,6.6,,18.4,,38.8,,91.2,,1011,,2.3,,1.9,,283,,35,,12.2,,12.4,,13.7,,11.4,
2004-05-05,126,7.6,,14.6,,-0.7,,67,,98,,30,,1,,8,,-7.6,,0.3,,11.8,,24.8,,37.6,,1014,,1.2,,0.7,,206,,49,,9.3,,11.2,,12,,9.9,
2004-05-06,127,12.7,,19.8,,4.4,,64,,100,,32,,4.9,,9,,1.3,,0,,25,,53,,144.4,,1016,,1.5,,0.9,,230,,50,,7.6,,12.2,,14.7,,9.8,
2004-05-07,128,16.7,,25.1,,6.3,,44,,79,,15,,3.2,,13.5,,-11.3,,0,,26.8,,56.6,,156.7,,1016,,2.4,,1.7,,283,,42,,13.1,,14.2,,16.7,,12.2,
2004-05-08,129,8.6,,14.5,,2.2,,32,,69,,13,,-7.8,,1.5,,-14,,0,,20.8,,43.2,,113,,1026,,1.5,,0.5,,211,,65,,8.7,,13.4,,14.9,,11.8,
2004-05-09,130,8.1,,15,,4.8,,85,,100,,60,,5.7,,11.3,,-1.2,,8.1,,8.1,,18,,28.5,,1021,,1.4,,1,,237,,43,,9.1,,12.3,,13.4,,11.5,
2004-05-10,131,14.3,,21.6,,5.8,,75,,100,,48,,9.5,,13.4,,5.3,,0,,15.5,,33.5,,86.8,,1019,,1.8,,0.9,,144,,59,,9.8,,12.4,,14.1,,10.8,
2004-05-11,132,19.4,,27.4,,11.6,,68,,99,,37,,12.5,,17,,5.8,,0,,19.5,,42.2,,118.9,,1019,,1.3,,0.9,,272,,43,,9.7,,14.5,,16.7,,12.5,
2004-05-12,133,21.4,E,29.8,,13,E,60,E,85,,34,E,11,E,15.1,E,6.8,E,0,,24.2,,50.4,,162.9,,1021,,1.2,,0.2,,262,,70,,7.8,,16.6,E,19.1,,14.1,E
2004-05-13,134,15.8,,22.2,,8,,62,,95,,34,,7.7,,15.7,,3.2,,0,,27.5,,55.3,,167.3,,1023,,2.4,,2.1,,82,,29,,11.5,,17.2,,19.2,,15.4,
2004-05-14,135,16,,25.6,,6.3,,75,,96,,54,,11.4,,18,,4.4,,0,,26.8,,53.7,,160.7,,1023,,1.7,,1.1,,198,,48,,9.4,,16.9,,19.2,,14.7,
2004-05-15,136,20.2,,29.1,,14.9,,84,,100,,47,,16.7,,20.2,,13.3,,17.3,,24.9,,50.3,,166.9,,1018,,1.6,,1.1,,216,,42,,14.7,,18.3,,20.8,,16.3,
2004-05-16,137,15.9,,21.9,,12.7,,88,,100,,51,,13.7,,16.9,,10.3,,2,,17,,33.3,,91.7,,1023,,1.3,,0.1,,7,,76,,5.8,,18.3,,19.7,,17.3,
2004-05-17,138,17,,24.4,,10.9,,70,,100,,14,,9.8,,13.8,,-6.4,,0,,29.2,,57.7,,177,,1027,,1.5,,1,,189,,45,,7.7,,18.4,,20.9,,16.3,
2004-05-18,139,16.5,,22.2,,12.2,,94,,100,,74,,15.4,,18.3,,12.2,,9.9,,9.6,,19.5,,49.6,,1020,,2.1,,1.7,,201,,34,,10.6,,17.7,,18.9,,16.9,
2004-05-19,140,15.1,,21.1,,8.3,,71,,100,,31,,9.1,,16.6,,2.2,,0.3,,21.7,,41.3,,102.7,,1020,,1.2,,0.6,,337,,54,,7.1,,17.6,,19,,16.5,
2004-05-20,141,15.1,,22,,8.2,,63,,99,,28,,6.9,,13.4,,0.8,,0,,28.8,,56.8,,165,,1023,,1.6,,1.2,,203,,42,,10.5,,17.1,,19.6,,14.7,
2004-05-21,142,16.8,,25.8,,9.2,,73,,98,,39,,11.6,,17.7,,5.6,,0.8,,21.9,,43.7,,124.8,,1016,,1.3,,0.2,,268,,75,,6.5,,17.7,,19.7,,15.9,
2004-05-22,143,8.9,,15.5,,6.4,,87,,99,,55,,6.7,,10.4,,5,,3.6,,4.9,,10.1,,6.9,,1016,,1.9,,1.6,,75,,32,,9.7,,16.3,,18.2,,14.7,
2004-05-23,144,14.3,,24.9,,6.6,,86,,100,,53,,11.8,,19.2,,6.5,,2.5,,19.1,,39.3,,129,,1012,,1.7,,0.5,,124,,68,,7.9,,15.9,,18.4,,13.9,
2004-05-24,145,12,,19.5,,9.5,,93,,99,,73,,10.9,,15.9,,9.3,,19,,14.2,,29.3,,77.1,,1010,,1.9,,1.4,,98,,42,,8.5,,16.4,,17.4,,15.5,
2004-05-25,146,10.9,,17.5,,6.9,,92,,100,,73,,9.5,,14,,5.5,,0.3,,13.4,,26.1,,83,,1012,,1.8,,1.4,,92,,39,,8.5,,16,,17.1,,15,
2004-05-26,147,8.7,,11.6,,6.2,,97,,100,,90,,8.2,,10.6,,5.6,,13,,6,,12.1,,28.1,,1010,,1.4,,1,,136,,43,,7.6,,14.5,,15.7,,13.9,
2004-05-27,148,15.2,,23.6,,9.3,,80,,100,,37,,11.2,,14.6,,7.7,,4.6,,24.2,,48.5,,146.9,,1008,,1.2,,0.3,,167,,66,,6.1,,15.6,,18,,13.6,
2004-05-28,149,13.7,,18.8,,11.3,,93,,100,,78,,12.6,,16.1,,8.1,,7.6,,9,,18.3,,33.9,,1004,,1.5,,1,,188,,47,,7.2,,16,,16.9,,15.3,
2004-05-29,150,10.1,,15,,5.9,,55,,92,,28,,0.7,,9,,-5.1,,0,,30.9,,60.2,,167.3,,1011,,1.8,,1.3,,298,,44,,10.9,,15.7,,17.4,,14,
2004-05-30,151,12.3,,19.7,,3.8,,52,,85,,26,,2,,7.7,,-2.9,,0,,29.9,,59.8,,168.4,,1013,,1.4,,0.7,,284,,57,,9.4,,15.3,,17.6,,13.1,
2004-05-31,152,13.2,,20.8,,5.3,,52,,91,,23,,2.3,,6.9,,-2.5,,1.3,,26.8,,52.6,,150.3,,1010,,1.5,,0.9,,128,,50,,7.9,,15.9,,17.9,,13.8,
2004-06-01,153,8.6,,11,,6.3,,91,,100,,78,,7.3,,8.8,,5.5,,10.2,,8,,16,,37.2,,1007,,1.5,,1.2,,108,,35,,7.3,,15.1,,16.5,,14.2,
2004-06-02,154,14.4,,21.3,,8,,89,,100,,52,,12.4,,16.1,,8,,7.4,,16,,32.3,,82.2,,1008,,1.3,,0.8,,208,,51,,7.1,,15.2,,16.8,,13.7,
2004-06-03,155,12.6,,20,,8,,81,,99,,38,,9,,12.2,,5,,4.8,,21.6,,43.1,,112.9,,1014,,1,,0.5,,315,,55,,9.3,,16.2,,17.7,,14.7,
2004-06-04,156,13.6,,22.2,,6.6,,71,,100,,31,,7.6,,12.9,,1.9,,0.3,,30.6,,61.5,,178.2,,1022,,1,,0.3,,290,,66,,5.9,,16.3,,18.7,,14.1,
2004-06-05,157,14.5,,19.7,,8.9,,52,,91,,30,,4,,7.9,,-1.2,,0,,22.1,,43.3,,120.4,,1023,,2.4,,2.1,,86,,28,,9.2,,16.5,,17.7,,15.2,
2004-06-06,158,10.8,,13.4,,8.3,,77,,92,,59,,6.8,,9.6,,4.2,,0.5,,8.9,,18.3,,40.2,,1020,,1.8,,1.5,,72,,31,,9,,15.5,,16.5,,14.9,
2004-06-07,159,16.9,,25.4,,8.8,,74,,93,,47,,11.9,,17,,6.5,,0,,25.8,,51.9,,167.5,,1019,,1,,0.5,,249,,51,,5.8,,16.3,,18.8,,14.3,
2004-06-08,160,22.5,,29.2,,15.1,,68,,98,,37,,15.7,,20,,12.7,,0,,23.5,,47.4,,144,,1020,,1.1,,0.7,,244,,50,,6.9,,18.3,,20.2,,16.5,
2004-06-09,161,23.8,,31,,17.8,,71,,99,,45,,17.7,,22.7,,14.4,,14.5,,26.4,,53.7,,171.3,,1014,,1.4,,1,,254,,42,,13.4,,19.6,,21.7,,17.6,
2004-06-10,162,14.8,,19.7,,6.8,,86,,100,,52,,12.3,,19.1,,2,,5.6,,11.5,,23.9,,47.5,,1013,,0.9,,0.4,,353,,59,,6.3,,19.4,,20.7,,18.1,
2004-06-11,163,13.2,,21,,6.2,,52,,87,,23,,2.5,,8.8,,-3.8,,0,,30.1,,59.5,,164.8,,1014,,1.1,,0.6,,333,,53,,6.5,,17.8,,19.9,,15.9,
2004-06-12,164,14.1,,22.2,,6,,51,,75,,25,,3.2,,9.9,,-2.4,,0,,30.9,,62.4,,176,,1020,,1.2,,0.5,,4,,62,,8.7,,17.7,,20.1,,15.5,
2004-06-13,165,15.8,,23,,9.2,,64,,94,,39,,8.4,,13.9,,5.7,,0,,27.8,,56.3,,162.5,,1021,,2.1,,1.7,,199,,33,,9.5,,18.3,,20.3,,16.3,
2004-06-14,166,16.9,,23.1,,12.2,,88,,98,,66,,14.9,,18.6,,6.6,,0,,8.9,,18.5,,47.2,,1017,,2,,1.7,,208,,32,,7.7,,17.9,,18.8,,17.1,
2004-06-15,167,22.2,,28.6,,17.3,,71,,99,,32,,15.8,,19.3,,10.2,,0,,26.8,,54.6,,179.6,,1015,,1.6,,1,,245,,49,,8.3,,19.5,,21.9,,17.7,
2004-06-16,168,21.4,,28.6,,15.5,,63,,89,,30,,13.3,,17.6,,8.5,,0,,28.2,,57.2,,176.2,,1019,,0.9,,0.1,,313,,73,,4.8,,20.5,,22.6,,18.5,
2004-06-17,169,20.3,,26,,16.9,,76,,91,,48,,15.7,,19.2,,12.1,,1.3,,11.4,,23.2,,66.8,,1017,,0.8,,0.4,,36,,52,,5,,20.5,,21.3,,19.5,
2004-06-18,170,18.8,,23.2,,15.8,,90,,99,,66,,17.1,,19.5,,15.5,,6.1,,13.6,,27.6,,84.8,,1013,,1.3,,0.9,,86,,43,,6,,20.4,,21.6,,19.3,
2004-06-19,171,18.5,,24.4,,12.1,,73,,100,,39,,12.9,,18,,3.4,,0,,21.5,,41.7,,125,,1009,,1.6,,1,,262,,46,,10.1,,20.6,,22.2,,19.4,
2004-06-20,172,13.8,,20.8,,6.7,,56,,82,,29,,4.5,,8.6,,-0.1,,0,,29.2,,58.6,,166.6,,1014,,1.3,,0.7,,298,,53,,10.2,,19.4,,21.3,,17.4,
2004-06-21,173,16.4,,23.6,,7.8,,56,,86,,27,,6.9,,11,,2.7,,0,,29.1,,58.5,,170.4,,1013,,1.3,,0.7,,246,,53,,10.6,,18.9,,20.9,,16.8,
2004-06-22,174,17.5,,20.7,,13.7,,88,,98,,72,,15.5,,18.4,,10.2,,2,,7.6,,15.9,,20.6,,1010,,1.4,,1.1,,206,,39,,6.9,,18.6,,19.5,,17.9,
2004-06-23,175,18.8,,25.7,,13,,62,,98,,19,,10,,16.2,,-0.7,,0,,30.4,,61.3,,179.2,,1013,,1.2,,0.7,,286,,55,,7.2,,19.6,,22.1,,17.4,
2004-06-24,176,19.6,,26.9,,10.5,,59,,84,,28,,10.7,,15.9,,5.8,,0,,29.7,,59.6,,179,,1017,,1.7,,1,,186,,52,,8.7,,20.1,,22.4,,17.9,
2004-06-25,177,18,,22.8,,14.4,,82,,99,,62,,14.8,,17.3,,9.4,,0,,14.5,,28.6,,81,,1018,,1.4,,1,,199,,41,,7.9,,20.1,,21.2,,18.8,
2004-06-26,178,16.8,,20.5,,10.6,,84,,99,,49,,13.9,,18,,7,,9.6,,10.6,,21.2,,41.1,,1012,,1.1,,0.8,,250,,45,,9.8,,19.6,,20.5,,18.7,
2004-06-27,179,15,,22.2,,7.6,,64,,94,,35,,7.5,,12.5,,3.9,,0,,25.6,,51.5,,144.7,,1016,,1.3,,0.8,,267,,48,,8.6,,18.6,,20.5,,16.7,
2004-06-28,180,16.1,,22.7,,9.1,,68,,93,,36,,9.6,,14,,5.2,,0,,22.3,,44.5,,132.3,,1017,,0.9,,0.3,,261,,62,,7.2,,18.7,,20.5,,16.8,
2004-06-29,181,16.8,,22.9,,13,,75,,99,,34,,11.8,,15,,5.8,,7.6,,25.1,,49.5,,153.9,,1016,,1,,0.5,,284,,55,,6.4,,19.7,,21.7,,17.9,
2004-06-30,182,18,,25.1,,11.1,,64,,98,,26,,9.8,,14.4,,2.9,,0,,30,,59.9,,180.9,,1020,,1.3,,0.5,,300,,64,,8.2,,20.2,,22.5,,18.1,
2004-07-01,183,20,,27.4,,12.9,,74,,96,,41,,14.8,,18.5,,9.5,,0,,25.6,,50.8,,156.8,,1019,,1.6,,0.9,,194,,50,,7.7,,20.7,,22.6,,18.6,
2004-07-02,184,20.3,,26.2,,14,,73,,99,,30,,14.4,,19.7,,6.8,,16.5,,26.6,,53.6,,164.5,,1016,,1.1,,0.5,,266,,58,,7.3,,21.3,,23.3,,19.2,
2004-07-03,185,19.3,,26.2,,12.6,,63,,90,,30,,11.5,,15.5,,6.6,,0,,28.6,,58.3,,172,,1016,,1,,0.6,,352,,50,,8.8,,21.4,,23.6,,19.3,
2004-07-04,186,21.2,,28.1,,13.3,,61,,86,,29,,12.6,,17.3,,7.3,,0,,28.9,,58.7,,181,,1017,,1.3,,0.6,,190,,59,,6.2,,21.7,,24,,19.5,
2004-07-05,187,19.1,,21.9,,17.1,,90,,99,,64,,17.4,,20.6,,11,,3,,5.6,,11.7,,13.3,,1012,,2,,1.7,,172,,29,,7.6,,21.1,,22.6,,20.5,
2004-07-06,188,19,,24.6,,13.8,,80,,100,,51,,15.2,,18.4,,11.8,,0,,20,,39.6,,115.8,,1012,,1,,0.6,,312,,46,,7.6,,20.9,,22.6,,19.4,
2004-07-07,189,20.3,,27.3,,12.3,,66,,94,,29,,13,,16.9,,6,,0,,29.3,,60.7,,189.4,,1012,,1.1,,0.4,,208,,63,,5.8,,21.1,,23.5,,18.7,
2004-07-08,190,19,,25.1,,16.5,,92,,99,,73,,17.6,,21.4,,14.3,,43.9,,7.2,,15,,22.6,,1011,,1.4,,1,,149,,47,,9.3,,21,,22.2,,20.3,
2004-07-09,191,17.6,,22.6,,13.4,,83,,100,,57,,14.5,,17.3,,11.9,,0.3,,15.3,,30.7,,79.7,,1013,,1,,0.7,,269,,40,,9.4,,20.4,,21.4,,19.4,
2004-07-10,192,19.1,,26.1,,12.6,,76,,99,,43,,14.2,,18,,11.7,,3,,24.8,,50.3,,155,,1016,,0.9,,0.5,,319,,52,,6.8,,20.5,,22.5,,18.6,
2004-07-11,193,19,,25.4,,13.9,,73,,100,,38,,13.4,,16.6,,9,,0,,26.4,,53.4,,157.6,,1020,,1.1,,0.5,,68,,60,,5.8,,21.3,,23.2,,19.5,
2004-07-12,194,18.4,,23.7,,15.4,,78,,98,,52,,14.3,,16.8,,11.5,,0,,17.2,,34.3,,103.2,,1019,,1.5,,1.3,,179,,30,,7,,21.3,,22.5,,20.1,
2004-07-13,195,15.6,,17.4,,14.3,,93,,98,,83,,14.4,,16.1,,12.1,,1.8,,6.8,,14.3,,13,,1013,,2.2,,1.8,,86,,31,,8.7,,20.5,,21.5,,19.7,
2004-07-14,196,17.1,,21.6,,14.3,,91,,98,,75,,15.7,,18,,13.9,,0,,11.4,,23.4,,63.8,,1007,,1.5,,1.3,,70,,33,,7.9,,20,,21.2,,19,
2004-07-15,197,18.7,,24.4,,15.5,,87,,99,,59,,16.2,,19,,14.8,,0.5,,13.6,,28,,70.1,,1001,,1.5,,0.9,,178,,49,,7.7,,20.6,,21.8,,19.5,
2004-07-16,198,19.1,,24.3,,15.1,,81,,96,,57,,15.5,,17.7,,14,,0,,20.9,,43.4,,130.2,,1005,,1.3,,1,,220,,39,,8.5,,20.7,,22.2,,19.3,
2004-07-17,199,21,,28,,15.5,,78,,99,,41,,16.6,,19.6,,13,,0,,22.9,,48.1,,151.9,,1012,,0.9,,0.4,,273,,56,,4.8,,21.3,,23.1,,19.6,
2004-07-18,200,21.2,,26.6,,16.1,,78,,99,,43,,16.9,,20,,12.3,,0,,16.7,,34.4,,98.2,,1015,,1.2,,0.8,,106,,48,,6.5,,21.6,,22.8,,20.3,
2004-07-19,201,19.6,,22.4,,18.1,,95,,100,,82,,18.7,,20.4,,17.5,,32.3,,8.8,,18.7,,21,,1009,,1,,0.9,,65,,32,,6.3,,21.6,,22.3,,20.8,
2004-07-20,202,21.3,,27.2,,15.9,,84,,100,,50,,18,,20.5,,14.8,,0,,22.5,,46.2,,147.5,,1013,,0.9,,0.4,,252,,58,,6,,22.3,,24,,20.9,
2004-07-21,203,21.7,,28.8,,15.4,,75,,96,,43,,16.6,,20.6,,13.7,,0,,24.3,,49.8,,154.5,,1016,,0.7,,0.1,,296,,73,,5.2,,22.5,,24.1,,20.8,
2004-07-22,204,23,,29,,17,,74,,97,,49,,17.7,,20.7,,16.1,,0,,25.3,,50.5,,158.4,,1014,,1.4,,1.1,,188,,39,,7.6,,23,,24.8,,21.4,
2004-07-23,205,21.9,,27.1,,19.6,,87,,99,,60,,19.4,,21.5,,18,,6.9,,13.6,,27.3,,84.5,,1015,,1.8,,1.5,,197,,32,,7.8,,23.1,,24.1,,22.2,
2004-07-24,206,18.5,,22.5,,13.9,,85,,100,,57,,15.7,,20.1,,12,,1.5,,12.9,,26,,76,,1021,,1.1,,0.4,,16,,62,,5.7,,22.6,,23.3,,21.9,
2004-07-25,207,17.5,,23.7,,12.6,,69,,96,,39,,11.3,,14.7,,7.3,,0,,25.4,,52.6,,152.8,,1025,,1.4,,1.2,,74,,35,,6.6,,21.9,,23.4,,20.4,
2004-07-26,208,18.3,,25.1,,11,,69,,91,,45,,12.2,,17.3,,8.1,,0,,21.5,,44.4,,137.1,,1023,,0.9,,0.6,,76,,49,,4,,21.8,,23.2,,20.3,
2004-07-27,209,16.3,,19.9,,12.7,,78,,96,,51,,12.2,,14.9,,8.5,,9.1,,7,,14.6,,31.1,,1019,,0.9,,0.8,,65,,32,,4.5,,21.2,,22.3,,20.3,
2004-07-28,210,15.7,,19,,12.6,,96,,100,,88,,15.1,,17.8,,12.2,,7.6,,6.9,,14.3,,39.5,,1016,,0.9,,0.4,,104,,58,,6.7,,19.9,,20.7,,19.2,
2004-07-29,211,20.6,,27,,16.2,,83,,100,,50,,17.2,,19.9,,15.2,,0,,21,,42.8,,136.7,,1018,,0.8,,0.2,,305,,66,,5.2,,21.2,,23,,19.8,
2004-07-30,212,22.2,,28.2,,15.4,,81,,99,,50,,18.5,,21.4,,15.2,,0,,23.3,,47.7,,154.3,,1021,,1.4,,0.9,,198,,47,,8.7,,22.1,,23.8,,20.4,
2004-07-31,213,23.8,,28.4,,20.3,,81,,93,,58,,20.2,,21.8,,18.8,,0,,18.1,,38.6,,127.3,,1018,,2.5,,2.1,,203,,34,,10.8,,23.1,,24.4,,22,
2004-08-01,214,23.1,,27.4,,20.3,,89,,98,,68,,21.1,,22.8,,19.6,,4.1,,10.6,,22.1,,53.8,,1017,,1.5,,1.2,,213,,34,,8.3,,23.3,,24.2,,22.5,
2004-08-02,215,22.7,,28.8,,17.9,,74,,99,,35,,17.2,,20.6,,11.3,,0,,26.7,,55.1,,172.1,,1016,,0.8,,0.2,,356,,63,,4.7,,23.4,,25,,22,
2004-08-03,216,23.3,,29.7,,16.7,,78,,99,,39,,18.8,,21.6,,13.7,,0.3,,25.1,,52.1,,164.7,,1011,,1,,0.6,,214,,50,,7.1,,23.6,,25.2,,22,
2004-08-04,217,21.5,,27.2,,16.2,,75,,99,,39,,16.5,,20.5,,11.6,,1.3,,21.8,,45.5,,136.8,,1008,,0.8,,0.5,,11,,49,,6.9,,23.8,,25,,22.6,
2004-08-05,218,17,,23.5,,12.9,,79,,98,,49,,13.1,,17.1,,8.9,,16.8,,17.2,,35.5,,104,,1008,,0.9,,0.5,,48,,53,,4.6,,22.6,,23.9,,21.4,
2004-08-06,219,14.7,,21.3,,10.3,,69,,90,,36,,8.7,,12.9,,4,,0,,24.4,,49.5,,148,,1010,,1,,0.7,,327,,44,,7.3,,21.8,,23,,20.7,
2004-08-07,220,14.3,,20.9,,8.7,,74,,94,,35,,9.3,,13.1,,4.7,,0,,23.8,,48.8,,137.4,,1012,,1,,0.6,,302,,44,,5.9,,20.8,,22.1,,19.4,
2004-08-08,221,15,,20.7,,9.1,,76,,98,,49,,10.5,,14,,8.4,,0,,19.9,,40.2,,113.3,,1015,,0.9,,0.5,,267,,49,,6.9,,20.1,,21.3,,18.7,
2004-08-09,222,17.9,,25.6,,10.3,,69,,96,,30,,11.3,,15.3,,6.5,,0,,26.9,,55.7,,161.9,,1017,,1,,0.4,,299,,63,,6.3,,20.2,,21.9,,18.6,
2004-08-10,223,20.7,,27.1,,13.5,,73,,97,,45,,15.2,,18.4,,12.9,,0,,23.8,,48.4,,142.4,,1016,,1.8,,1.2,,188,,45,,9.5,,20.9,,22.5,,19.4,
2004-08-11,224,20.4,,25.5,,18.2,,89,,98,,69,,18.4,,21.4,,16.7,,1,,7.9,,16.1,,32.8,,1014,,2,,1.7,,192,,31,,10.2,,21.2,,21.9,,20.6,
2004-08-12,225,21.7,,27.1,,18.7,,84,,98,,50,,18.6,,20.2,,15,,1.5,,14,,29.2,,83.6,,1016,,2.1,,1.8,,165,,29,,8,,21.3,,22.2,,20.5,
2004-08-13,226,21.3,,25.7,,19.1,,91,,98,,71,,19.8,,21.7,,18.8,,0.8,,9.3,,19.8,,41.3,,1016,,1.8,,1.5,,169,,36,,10,,21.6,,22.2,,20.9,
2004-08-14,227,20,,26.2,,16.1,,78,,99,,45,,15.8,,19,,12.4,,0,,21.6,,44.8,,138.6,,1020,,0.9,,0.4,,290,,58,,6,,21.8,,23.1,,20.5,
2004-08-15,228,16.8,,18.6,,15.7,,92,,98,,78,,15.5,,16.3,,13.5,,14.5,,7.1,,14.9,,34,,1024,,1.3,,1.1,,68,,30,,7.1,,21.1,,22.2,,20.4,
2004-08-16,229,15.3,,16.7,,12.7,,97,,100,,94,,14.9,,15.9,,12.6,,7.4,,3.1,,7,,0.3,,1023,,1,,0.7,,93,,41,,5.4,,20.2,,20.9,,19.4,
2004-08-17,230,17.7,,24.5,,13.7,,84,,100,,46,,14.6,,17.5,,11.2,,0,,18.6,,38.6,,109.4,,1019,,0.9,,0.3,,265,,66,,4.7,,20.1,,21.5,,18.9,
2004-08-18,231,19.6,,24.6,,15.1,,84,,99,,57,,16.5,,18.6,,14.8,,0,,21,,42.5,,135.3,,1017,,1.6,,1.3,,197,,34,,7.6,,20.9,,22.4,,19.6,
2004-08-19,232,21.4,,25.3,,18.1,,87,,98,,70,,19.1,,21.3,,17.6,,0.3,,11.2,,23.3,,63.4,,1015,,1.5,,1.2,,211,,37,,7.4,,21.6,,22.4,,20.8,
2004-08-20,233,21.9,,28.9,,17.7,,87,,99,,62,,19.4,,22.9,,17.3,,7.6,,17.9,,37,,113,,1016,,1,,0.5,,195,,58,,9.7,,22.1,,23.7,,20.8,
2004-08-21,234,17.7,,22,,12.3,,97,,100,,91,,17.4,,21.5,,12.2,,29.7,,3.8,,8.3,,-1.9,,1011,,1.3,,0.6,,207,,58,,9.3,,21.6,,22.7,,20.6,
2004-08-22,235,15.3,,22.2,,9.1,,77,,100,,42,,10.8,,14.2,,7.2,,0.3,,25.4,,51.7,,135.6,,1017,,0.9,,0.1,,314,,75,,5.6,,20.3,,21.7,,19,
2004-08-23,236,18.4,,25.5,,11.5,,79,,99,,47,,14.2,,18.1,,11.1,,0,,23.4,,48.4,,134.8,,1015,,1,,0.6,,227,,48,,6.2,,20.4,,21.9,,18.9,
2004-08-24,237,15.9,,22.8,,10.6,,72,,93,,37,,10.4,,15,,6.7,,0,,24.7,,50.2,,129.2,,1022,,0.9,,0.4,,353,,59,,6.2,,20.6,,21.7,,19.4,
2004-08-25,238,16.8,,24.4,,10.8,,77,,100,,44,,12.1,,16.6,,8.1,,0.3,,22.3,,45.4,,128.8,,1026,,1.1,,0.7,,186,,49,,5.9,,20.3,,21.7,,19,
2004-08-26,239,17.4,,24,,11.1,,74,,97,,36,,12.1,,15.9,,5.8,,0,,23.2,,48.1,,128.6,,1025,,1.2,,0.9,,200,,39,,5.6,,20.3,,21.6,,19,
2004-08-27,240,20.2,,25.7,,16.1,,86,,98,,67,,17.7,,20.9,,15.4,,0,,15.1,,31.5,,98.6,,1019,,1.5,,1.2,,218,,36,,7.3,,20.7,,21.9,,19.8,
2004-08-28,241,23.8,,30,,19.4,,85,,100,,58,,20.9,,23.7,,19.4,,0,,16.4,,34.8,,114.1,,1015,,1,,0.8,,234,,41,,5.8,,21.8,,23.1,,20.7,
2004-08-29,242,24.1,,29.6,,19.7,,83,,99,,59,,20.8,,24.3,,17.5,,0,,19.8,,41.5,,128.6,,1016,,1.4,,1.2,,201,,35,,9,,22.8,,24.1,,21.7,
2004-08-30,243,23.5,,29.1,,20.2,,84,,98,,54,,20.4,,22.4,,18.2,,0.3,,17.7,,37.8,,118.9,,1017,,1.5,,1,,191,,45,,7.3,,23,,24.1,,22,
2004-08-31,244,20.3,,24.9,,15.4,,87,,100,,53,,17.8,,20.8,,13.4,,0.8,,11.2,,23.5,,51.1,,1015,,0.8,,0.5,,334,,49,,7.9,,22.7,,23.5,,21.8,
2004-09-01,245,18,,24.3,,12.7,,78,,99,,43,,13.6,,16.5,,10.4,,0,,20.9,,43.6,,117.2,,1020,,1,,0.4,,296,,60,,6.8,,21.5,,22.6,,20.3,
2004-09-02,246,16,,23.1,,11.3,,69,,97,,33,,9.8,,13.7,,5.1,,0,,23.3,,48.1,,119.2,,1024,,0.9,,0.4,,12,,60,,4.8,,20.7,,21.7,,19.5,
2004-09-03,247,18.5,,25.7,,12.5,,79,,99,,50,,14.4,,17.3,,12.2,,0,,21.3,,44.6,,119,,1024,,1,,0.8,,226,,36,,7.3,,20.3,,21.8,,19,
2004-09-04,248,19.5,,27.3,,14.3,,80,,99,,47,,15.6,,19.3,,11.1,,0,,19.1,,40,,109.4,,1021,,1.3,,0.4,,68,,64,,10.5,,20.7,,22,,19.4,
2004-09-05,249,14.4,,16.9,,11.1,,77,,89,,65,,10.4,,12,,9.2,,0,,7.5,,15.6,,44.7,,1028,,1.8,,1.6,,96,,29,,7.4,,20.1,,21.2,,19.3,
2004-09-06,250,14.9,,22.1,,8,,74,,99,,33,,9.6,,13.3,,4,,0,,21.1,,43.6,,101,,1026,,1.3,,0.9,,147,,47,,5.3,,19.3,,20.5,,18,
2004-09-07,251,19.1,,26,,12.2,,84,,98,,64,,16.2,,20.6,,10.9,,0,,13.9,,29.3,,82.3,,1019,,1.2,,0.9,,200,,40,,6.3,,19.6,,20.9,,18.5,
2004-09-08,252,19.3,,20.9,,17.8,,97,,99,,91,,18.8,,19.7,,17.5,,33,,3.4,,7.7,,5.8,,1020,,1,,0.6,,81,,48,,7.6,,20.1,,20.6,,19.5,
2004-09-09,253,20.2,,24.5,,16,,93,,99,,81,,19,,22.4,,15.7,,25.1,,5.9,,13.2,,25.7,,1013,,3.2,,2,,142,,50,,12.7,,20,,20.7,,19.3,
2004-09-10,254,16.7,,22.7,,12.7,,80,,98,,52,,13,,20.1,,11.3,,2,,16.7,,34.8,,86.2,,1017,,1.5,,0.9,,287,,47,,11.2,,20.4,,21.3,,19.6,
2004-09-11,255,16.3,,23.3,,10.9,,77,,99,,45,,11.7,,15.5,,8.4,,0,,18.3,,37.4,,84.5,,1024,,0.9,,0.4,,84,,57,,5.2,,19.7,,20.7,,18.5,
2004-09-12,256,16.2,,23.8,,9.2,,78,,98,,40,,11.8,,15.8,,6.6,,0,,21.2,,44.1,,109.8,,1022,,0.9,,0.1,,187,,77,,5.4,,19.5,,20.8,,18.2,
2004-09-13,257,17.1,,23.6,,10.3,,78,,100,,42,,12.7,,16.5,,7.7,,0.3,,19.2,,40.1,,96.1,,1022,,0.9,,0.5,,359,,53,,6.5,,19.7,,20.9,,18.5,
2004-09-14,258,13.9,,20.8,,9.9,,80,,100,,49,,10.1,,13.4,,5.9,,0,,15.2,,32.4,,72.4,,1027,,1.4,,0.9,,103,,47,,5.3,,18.9,,19.8,,18,
2004-09-15,259,15.7,,20.9,,11.1,,79,,97,,34,,11.6,,14.7,,4.1,,0,,17.3,,35.7,,100.5,,1025,,1.2,,1,,201,,34,,5.7,,18.9,,20,,17.9,
2004-09-16,260,18.4,,23.7,,14.8,,88,,99,,65,,16.2,,18.7,,14,,0,,13,,27.8,,76.8,,1018,,0.8,,0.6,,193,,45,,4.5,,19.6,,20.8,,18.6,
2004-09-17,261,19.1,,23.1,,16.9,,94,,100,,77,,18.2,,19.9,,16.7,,9.9,,7.3,,15.6,,39.8,,1014,,0.8,,0.3,,216,,61,,4.8,,19.9,,20.7,,19.2,
2004-09-18,262,12.4,,18.3,,6.6,,95,,99,,83,,11.6,,18.1,,4.4,,85.6,,2.1,,4.8,,-11.6,,1013,,1.4,,0.8,,27,,50,,10.7,,18.4,,20.5,,17,
2004-09-19,263,8.7,,15,,4.6,,73,,92,,47,,3.8,,7.6,,2.3,,0,,18.4,,37.9,,77.5,,1021,,1.5,,0.9,,339,,48,,14.2,,16.6,,17.6,,14.4,
2004-09-20,264,11.4,,20.2,,4.3,,71,,94,,33,,5.7,,11.2,,2.1,,0,,20,,41.4,,94,,1025,,0.9,,0.6,,318,,49,,6,,16.1,,17.4,,14.8,
2004-09-21,265,15.3,,22,,9.1,,76,,93,,51,,10.9,,16.1,,6.8,,0,,12.9,,27.2,,70.4,,1022,,0.6,,0.3,,305,,54,,4.5,,16.7,,17.9,,15.8,
2004-09-22,266,18.1,,25,,11.9,,69,,93,,39,,11.9,,15.4,,7.4,,0,,18.8,,39,,102.4,,1019,,0.8,,0.4,,315,,53,,6.1,,17.7,,19,,16.5,
2004-09-23,267,17.9,,24.7,,12.3,,75,,98,,31,,12.8,,16.4,,5.6,,0,,18.3,,38.5,,87.2,,1023,,0.9,,0.5,,358,,51,,6.4,,18.3,,19.5,,17.2,
2004-09-24,268,15.7,,23.1,,8.5,,74,,94,,34,,10.6,,15.7,,5.4,,0,,18,,37.5,,83.3,,1024,,0.8,,0.2,,213,,66,,4.2,,17.9,,19,,16.7,
2004-09-25,269,17.2,,22.3,,11.8,,86,,98,,68,,14.7,,17.5,,11.3,,0,,13.8,,28.9,,68.6,,1018,,1.2,,0.9,,217,,37,,6.5,,18.1,,19.1,,17,
2004-09-26,270,16.6,,23.4,,9.7,,74,,98,,39,,11.5,,16.5,,6.6,,0,,18.3,,38.3,,85,,1017,,0.9,,0.4,,336,,55,,5.9,,18.5,,19.6,,17.6,
2004-09-27,271,15.5,,22.7,,8.4,,72,,96,,37,,10,,14.1,,5.6,,0,,18.1,,37.8,,84,,1019,,1.2,,0.5,,180,,62,,5.5,,17.8,,18.9,,16.7,
2004-09-28,272,15.3,,17.2,,13.6,,97,,99,,93,,14.9,,16.4,,13.4,,33,,2.8,,6.4,,1,,1013,,0.8,,0.5,,75,,47,,6.1,,17.6,,18.2,,17.1,
2004-09-29,273,10.6,,15.6,,5.8,,87,,98,,54,,8.4,,15.2,,3.9,,22.1,,7.1,,15.4,,21.4,,1013,,1.9,,1.6,,60,,34,,11.6,,16.9,,17.8,,16,
2004-09-30,274,11.5,,18.6,,4.9,,89,,100,,56,,9.4,,13.4,,4.2,,2.5,,9.8,,20.9,,48,,1016,,0.7,,0.1,,254,,68,,3.8,,15.9,,16.7,,15,
2004-10-01,275,13.5,,20.7,,8.3,,89,,100,,55,,11.4,,14.2,,8.3,,0,,14.5,,30.1,,61.2,,1021,,0.8,,0.1,,333,,70,,4.1,,16.4,,17.4,,15.3,
2004-10-02,276,13.6,,17.2,,9.1,,90,,99,,69,,11.9,,13.6,,8.9,,3.6,,8.8,,18.5,,34.3,,1020,,1.4,,1,,169,,47,,6.8,,16.4,,17,,15.6,
2004-10-03,277,10.5,,17.5,,5,,76,,99,,38,,5.8,,12.8,,1.5,,0,,17.7,,36.2,,56.9,,1019,,1,,0.2,,11,,70,,5.4,,16.2,,17,,15.2,
2004-10-04,278,11.6,,18.4,,5.5,,84,,100,,54,,8.7,,11.4,,5,,0.3,,12.9,,27,,54.2,,1016,,1.4,,0.8,,200,,53,,8.4,,15.5,,16.4,,14.6,
2004-10-05,279,6,,11.5,,0.3,,67,,94,,32,,-0.2,,5.9,,-5.6,,0,,17.4,,35.1,,59.2,,1023,,1.2,,0.7,,341,,50,,8.4,,15,,15.9,,14,
2004-10-06,280,7.1,,15.1,,-0.2,,76,,99,,40,,2.6,,6.5,,-2.3,,0,,16.2,,33.6,,61.4,,1025,,1,,0.3,,240,,67,,6.2,,13.8,,14.7,,12.7,
2004-10-07,281,12.2,,21.7,,4.7,,77,,97,,43,,7.7,,12.2,,4.3,,0,,15.8,,33,,63.8,,1026,,0.8,,0.1,,6,,76,,4.2,,14,,15.2,,12.7,
2004-10-08,282,15.2,,23.1,,8.9,,78,,98,,37,,10.9,,14.4,,7.1,,0,,15.6,,32.7,,61,,1026,,1.2,,0.6,,185,,54,,6.1,,14.8,,16,,13.6,
2004-10-09,283,14.9,,19.6,,12,,84,,99,,58,,12.1,,14.2,,10.6,,0,,10.1,,20.5,,38.7,,1019,,2.2,,1.8,,198,,32,,10.4,,15.3,,16.2,,14.6,
2004-10-10,284,12,,16.9,,7.2,,73,,97,,40,,7,,13.5,,2.8,,0.3,,13.2,,27.2,,59.5,,1015,,1.3,,0.9,,299,,45,,8,,15.5,,16.3,,14.8,
2004-10-11,285,8.7,,13.8,,5.9,,74,,90,,52,,4.2,,6.4,,3.3,,0,,13.1,,27.7,,51.7,,1013,,1.8,,1.3,,319,,40,,9.9,,14.9,,15.6,,14.2,
2004-10-12,286,9.5,,15.3,,5.5,,62,,81,,36,,2.4,,5.9,,-0.9,,0,,13.8,,28.5,,50.2,,1003,,2.1,,1.6,,311,,41,,11.3,,14.1,,14.9,,13.5,
2004-10-13,287,10.5,,19.9,,3.9,,56,,83,,18,,1.1,,5,,-5.6,,0,,15.7,,32,,51.2,,1005,,1.1,,0.5,,330,,57,,6.9,,13.4,,14.5,,12.4,
2004-10-14,288,10.5,,16.7,,6.6,,75,,97,,38,,5.9,,10.9,,-0.1,,3.6,,6.7,,14.2,,20.7,,1003,,1.5,,1.3,,70,,30,,7.2,,13.4,,14,,12.7,
2004-10-15,289,11.3,,12.7,,9.9,,99,,100,,96,,11.1,,12.6,,9.6,,20.6,,2.2,,5,,5.5,,1001,,1.7,,1.5,,90,,32,,7.6,,13.8,,14.2,,13.4,
2004-10-16,290,10.2,,13.3,,6.4,,81,,99,,57,,7.1,,13.2,,3.7,,8.9,,8.5,,17.7,,26.4,,997,,1.9,,1.2,,218,,47,,9.8,,13.8,,14.3,,13.3,
2004-10-17,291,7,,11.4,,3.5,,74,,96,,46,,2.3,,5.1,,-0.2,,0,,10.8,,22.1,,33.2,,1004,,1.5,,1.2,,232,,38,,9.1,,13.1,,13.7,,12.4,
2004-10-18,292,6.5,,10.9,,4,,73,,93,,51,,1.9,,4,,0.4,,0.8,,7.9,,16.5,,27.5,,1015,,1.3,,1,,266,,40,,7.7,,12.5,,13.1,,11.9,
2004-10-19,293,4.7,,5.3,,4,,95,,98,,90,,4,,4.7,,2.9,,17.8,,1.9,,4.5,,-4.3,,1021,,1.6,,1.4,,71,,28,,7.7,,11.8,,12.5,,11.1,
2004-10-20,294,5.8,,11,,2.8,,81,,97,,52,,2.6,,4.1,,0.6,,0,,13.1,,27.8,,49.4,,1021,,1.6,,1.3,,74,,33,,7.4,,11.5,,12.3,,10.8,
2004-10-21,295,4.8,,7.9,,0.6,,83,,99,,68,,2.1,,3.3,,0.1,,0,,5.6,,11.8,,15.8,,1021,,1.2,,0.9,,61,,38,,7.2,,11,,11.5,,10.5,
2004-10-22,296,5,,8.4,,1.4,,83,,95,,69,,2.4,,5.4,,-0.2,,0.5,,3.9,,8.3,,-2.9,,1024,,1.1,,0.8,,51,,40,,6.9,,10.9,,11.4,,10.5,
2004-10-23,297,4.8,,8.6,,0.6,,74,,89,,57,,0.5,,2.5,,-1.3,,0,,5.2,,10.8,,10,,1020,,1.5,,1.2,,57,,38,,7.8,,10.3,,10.9,,9.7,
2004-10-24,298,5.4,,7.2,,4.4,,81,,96,,72,,2.4,,4.1,,1.2,,0,,2.7,,5.7,,7.2,,1016,,1.1,,0.8,,54,,40,,6.6,,10.4,,10.8,,10,
2004-10-25,299,5.1,,10.1,,0.9,,82,,97,,58,,2.2,,3.5,,0.4,,0,,5.8,,12.1,,6.6,,1016,,1.1,,0.8,,61,,37,,5.8,,10.4,,11,,9.9,
2004-10-26,300,6.4,,13.6,,1.1,,75,,98,,42,,1.9,,4.3,,-0.5,,0.3,,13,,26.9,,32.4,,1017,,1.1,,0.7,,338,,48,,8.8,,9.8,,10.6,,9,
2004-10-27,301,7.9,,12.4,,3.9,,76,,95,,57,,3.7,,6.8,,-1,,0,,7.4,,15.3,,9.4,,1020,,1,,0.7,,331,,41,,6.7,,9.9,,10.7,,9.1,
2004-10-28,302,4.2,,11.9,,-1.1,,65,,93,,27,,-2.8,,0.1,,-7.3,,0,,13.1,,26.3,,22.6,,1024,,0.9,,0.4,,351,,59,,5.2,,9.5,,10.2,,8.7,
2004-10-29,303,7.1,,14.3,,2.3,,77,,94,,48,,3,,6.2,,-2.1,,0,,9.8,,20.4,,35.1,,1017,,0.9,,0.4,,198,,56,,4.8,,9.4,,10.3,,8.6,
2004-10-30,304,10.3,,13.2,,6.9,,98,,100,,93,,10.1,,13.2,,5.9,,4.8,,1.4,,3.4,,6.7,,1010,,2,,1.5,,160,,40,,9.3,,10.1,,10.9,,9.5,
2004-10-31,305,13.3,,17.3,,9.4,,79,,100,,51,,9.4,,14.3,,3.7,,0.3,,7.5,,16.1,,26.5,,1005,,2.5,,2,,261,,35,,10.9,,11.5,,12.3,,10.6,
2004-11-01,306,7.8,,12.2,,1.7,,64,,85,,45,,1.3,,4.1,,-0.7,,0,,11.2,,23.6,,25.3,,1013,,2.1,,1.7,,288,,36,,13.3,,11.3,,11.8,,10.5,
2004-11-02,307,5.3,,9,,-0.3,,85,,99,,71,,2.8,,8.9,,-1,,0.3,,3.3,,7.7,,5.7,,1017,,1.8,,1.2,,167,,46,,7.6,,10,,10.9,,9.4,
2004-11-03,308,6.2,,9.7,,-1.4,,71,,100,,37,,0.7,,9.7,,-5.4,,3,,10.3,,21.2,,24.1,,1013,,2.2,,1.7,,301,,39,,12.2,,10.3,,10.9,,9.5,
2004-11-04,309,2,,6.2,,-3.6,,78,,99,,42,,-1.9,,5.7,,-6.4,,21.6,,6.9,,14.2,,10.1,,1012,,1.5,,0.7,,147,,58,,8.6,,8.8,,9.9,,8.1,
2004-11-05,310,4.5,,7.5,,2.1,,73,,100,,47,,-0.3,,5.4,,-4.3,,0.5,,7.4,,14.9,,7.8,,996,,3.6,,3.1,,269,,30,,19.9,,8.6,,9,,8.1,
2004-11-06,311,6.8,,12.8,,1.5,,59,,75,,41,,-0.8,,1.8,,-2.8,,0,,9.8,,20.6,,10.7,,1005,,2.9,,2.5,,242,,28,,10.8,,8.2,,8.9,,7.6,
2004-11-07,312,10.8,,17.3,,3.1,,59,,82,,41,,2.8,,6.4,,-0.3,,0,,10.6,,22.2,,30,,1007,,2.2,,1.7,,217,,38,,11.6,,8.6,,9.4,,7.7,
2004-11-08,313,2.8,,11.4,,-4,,59,,98,,24,,-5.2,,3.6,,-12.3,,0,,10.6,,21.6,,14.1,,1014,,2.3,,2,,285,,30,,12.5,,8.8,,9.4,,8.1,
2004-11-09,314,-3.7,,1.4,,-7.3,,67,,94,,34,,-9.4,,-5.4,,-13.5,,0.3,,9.7,,21.4,,0,,1026,,1.1,,0.7,,326,,45,,7.7,,7.2,,8.4,,6.2,
2004-11-10,315,-3.5,,1.1,,-9.4,,64,,92,,35,,-9.8,,-3.2,,-14.5,,0,,6.9,,14.5,,3.3,,1029,,1.5,,1,,220,,47,,10.5,,5.4,,6.5,,4.8,
2004-11-11,316,5.1,,11.2,,0.9,,66,,76,,48,,-0.9,,1.8,,-4.8,,0,,7.5,,15.7,,15.7,,1022,,2.3,,1.6,,220,,43,,10.8,,5.8,,6.7,,5,
2004-11-12,317,-1.7,,1.3,,-4,,84,,94,,65,,-4.2,,-3.1,,-5.5,,3.3,,1.8,,4.1,,-0.5,,1025,,1.3,,0.9,,37,,41,,6.5,,6.2,,6.7,,5.8,
2004-11-13,318,-2,,3.5,,-6.2,,65,,95,,25,,-8.6,,-4.1,,-14.8,,2.3,,9.6,,19.3,,-29.1,,1028,,1.8,,1.3,,347,,42,,10.2,,5.9,,6.2,,5.5,
2004-11-14,319,-1.2,,6.6,,-7.5,,57,,78,,38,,-8.8,,-3.6,,-14.4,,0,,10.2,,21.1,,-15.4,,1031,,1.5,,1.2,,299,,39,,8.6,,5.2,,5.8,,4.7,
2004-11-15,320,4,,13,,-2.3,,57,,84,,26,,-4.6,,-1.8,,-9.6,,0,,10.2,,20.8,,7.5,,1026,,1.1,,0.7,,300,,44,,7.4,,4.9,,5.5,,4.3,
2004-11-16,321,3.2,,8.5,,-0.9,,68,,89,,45,,-2.3,,-0.2,,-3.4,,0,,5.8,,12.1,,5.6,,1024,,0.7,,0.4,,331,,48,,4.3,,5.1,,5.8,,4.4,
2004-11-17,322,3.8,,7.9,,-1.5,,70,,90,,53,,-1.2,,1.2,,-3.7,,0,,5.5,,11.6,,14.3,,1024,,0.8,,0.5,,318,,45,,4.5,,5.4,,6.1,,4.7,
2004-11-18,323,8.8,,14.8,,4.3,,64,,86,,38,,1.9,,5.7,,-0.2,,0,,6.4,,13.6,,28.5,,1018,,0.9,,0.7,,242,,34,,5.6,,6.4,,7.4,,5.7,
2004-11-19,324,7.9,,13.4,,1.3,,73,,96,,37,,3.1,,8.2,,-2.7,,0,,5.9,,12.2,,2.2,,1017,,1,,0.6,,306,,43,,7.2,,7.4,,8.1,,6.9,
2004-11-20,325,3.4,,7.4,,-1.2,,77,,98,,50,,-0.4,,3.7,,-3.6,,5.1,,5.3,,11.1,,12.3,,1021,,1,,0.3,,128,,68,,4.8,,6.7,,7.3,,6,
2004-11-21,326,4.5,,6,,3,,99,,100,,98,,4.4,,6,,2.9,,1.3,,1.6,,3.6,,4.5,,1021,,1.3,,0.7,,167,,54,,6,,7,,7.4,,6.6,
2004-11-22,327,2.8,,6.9,,-0.9,,94,,100,,68,,1.9,,5.6,,-0.9,,0,,5.1,,10.7,,-14.1,,1017,,0.7,,0.2,,300,,62,,4.8,,7,,7.4,,6.5,
2004-11-23,328,3.7,,9.6,,-2,,81,,100,,33,,0.3,,4.9,,-6.9,,0,,9.2,,18.5,,7.5,,1017,,1.2,,0.6,,190,,58,,6.9,,6.4,,6.9,,5.8,
2004-11-24,329,8,,14.5,,5.1,,94,,100,,66,,7.1,,14.5,,2.6,,11.4,,2.7,,6,,7,,1012,,2.4,,1.9,,135,,38,,11.3,,6.9,,7.8,,6.2,
2004-11-25,330,10.1,,15.4,,-1.4,,91,,100,,63,,8.7,,15.1,,-7.4,,11.7,,1.4,,3.2,,-9.5,,993,,3.5,,2.4,,229,,46,,13.3,,8.8,,9.5,,7.4,
2004-11-26,331,-1.9,,2,,-4.9,,60,,83,,46,,-8.7,,-4.8,,-11.8,,0,,9,,18.1,,-6.7,,1012,,2.3,,2.1,,271,,27,,13.1,,7.2,,8.7,,5.9,
2004-11-27,332,1.9,,7.6,,-4.5,,73,,93,,46,,-2.7,,1.7,,-5.5,,0,,6.5,,13.4,,1.6,,1025,,1.9,,1.4,,152,,40,,10.1,,5.7,,6.3,,5,
2004-11-28,333,6.3,,11.1,,3,,91,,100,,69,,4.9,,11.1,,-1.5,,27.7,,1,,2.3,,-8.3,,1014,,3.7,,2.2,,108,,52,,13.6,,6.2,,7.2,,5.6,
2004-11-29,334,2.5,,7.2,,-1.7,,67,,95,,40,,-3.3,,-1,,-5.9,,0,,8.4,,17.1,,-5.5,,1019,,1.4,,1,,307,,39,,8,,6.3,,7.1,,5.6,
2004-11-30,335,1.9,,5.5,,-0.6,,70,,83,,47,,-3.1,,-0.7,,-5.6,,0,,4.4,,9.4,,11.3,,1021,,0.9,,0.3,,180,,66,,4.8,,5.7,,6.2,,5.2,
2004-12-01,336,6,,11.3,,1.9,,83,,98,,54,,3.2,,10.8,,-6.2,,29.2,,1,,2.2,,-13.2,,1002,,4,,2.1,,223,,55,,20.7,,6.2,,6.9,,5.6,
2004-12-02,337,1.6,,5.3,,-2.4,,70,,91,,51,,-3.5,,-2.1,,-6.4,,0,,4.5,,9.3,,-12.8,,1010,,2.4,,2,,270,,31,,14.2,,5.8,,6.5,,5.2,
2004-12-03,338,-0.5,,3.9,,-4.1,,76,,94,,59,,-4.4,,-1.6,,-7.8,,0,,4.5,,9.2,,-11.7,,1006,,1.7,,0.8,,270,,60,,8.7,,5,,5.5,,4.5,
2004-12-04,339,-2.2,,1.4,,-7.1,,63,,90,,32,,-8.8,,-4.7,,-14.9,,0,,8.6,,17.1,,-1.8,,1012,,1.7,,1.2,,219,,40,,8.7,,3.8,,4.8,,3.3,
2004-12-05,340,1.2,,6.9,,-5.8,,57,,78,,36,,-6.5,,-0.7,,-16.4,,0,,5.9,,12,,-9.4,,1015,,2.5,,1.9,,266,,38,,13.4,,3.7,,4.3,,3.3,
2004-12-06,341,-5.8,,-3.3,,-7.2,,66,,95,,38,,-11.7,,-5.5,,-16.4,,1.5,,2.3,,5,,-3.8,,1025,,1.3,,1.1,,74,,33,,5.5,,2.9,,3.8,,2.5,
2004-12-07,342,-1.5,,1.4,,-4.9,,98,,100,,94,,-1.7,,1.4,,-5.7,,12.2,,1.1,,2.6,,1.7,,1016,,1.9,Q,1.7,Q,75,Q,22,Q,9.8,Q,2.9,,3.2,,2.5,
2004-12-08,343,2.9,,6.1,,-0.4,,86,,100,,68,,0.7,,4.5,,-2.5,,1,,3.6,,7.4,,-0.6,,1008,,2.5,,1.9,,272,,38,,14.7,,3.4,,4,,2.8,
2004-12-09,344,0.5,,3.4,,-2.4,,80,,98,,60,,-2.6,,0.1,,-4.2,,2.3,,4.2,,8.7,,-4.2,,1018,,1,,0.5,,89,,54,,5.9,,3.4,,3.9,,2.9,
2004-12-10,345,2.1,,3.7,,0.1,,98,,100,,96,,1.9,,3.3,,-0.2,,11.9,,0.7,,1.6,,-4.8,,1008,,3.6,,3.3,,81,,23,,15.5,,3.6,,4,,3.3,
2004-12-11,346,3.2,,5.2,,1.4,,99,,100,,97,,3.1,,5.2,,1.4,,1,,1.1,,2.5,,3.2,,993,,1.7,,0.4,,133,,70,,12.4,,4.1,,4.7,,3.6,
2004-12-12,347,0.4,,3.3,,-1.4,,77,,100,,54,,-3.4,,2.4,,-6.5,,0,,4.3,,9,,3,,998,,2.1,,1.7,,262,,34,,10.7,,4.4,,4.7,,4,
2004-12-13,348,1.2,,4.6,,-2.1,,86,,98,,69,,-1,,0.9,,-4.8,,0,,3.4,,7.2,,-6.7,,998,,1.8,,1.5,,238,,34,,6.9,,4.1,,4.6,,3.8,
2004-12-14,349,-5.5,,-0.8,,-10,,67,,85,,50,,-10.7,,-3.8,,-14.3,,0,,7,,14.1,,-6.8,,1010,,2.2,,1.9,,292,,31,,10.9,,3.5,,4.2,,2.7,
2004-12-15,350,-9.1,,-4.3,,-12.4,,67,,88,,39,,-14.5,,-13.2,,-16.7,,0,,8.2,,16.2,,-21.3,,1022,,1.3,,1.1,,308,,34,,8.7,,2.2,,3,,1.6,
2004-12-16,351,-4.3,,1.5,,-10.8,,64,,85,,42,,-10.5,,-8.1,,-14.4,,0,,7.1,,14.2,,-19.4,,1021,,1.6,,1.4,,210,,31,,10.9,,1.5,,1.9,,1.1,
2004-12-17,352,-2.2,,1.9,,-8.9,,61,,87,,36,,-8.9,,-2.8,,-12.2,,0,,5.5,,11,,-15.3,,1016,,2.7,,2.1,,257,,37,,16.1,,1.2,,1.5,,1,
2004-12-18,353,-5.3,,0.1,,-12.2,,73,,90,,48,,-9.6,,-5,,-14,,0,,6.9,,13.9,,-16.8,,1019,,1.8,,1.1,,109,,48,,6.2,,1,,1.3,,0.8,
2004-12-19,354,-2.1,,1.4,,-6.7,,90,,99,,71,,-3.7,,0,,-7.2,,1.5,,4.6,,9.3,,0.1,,1005,,1.4,,0.3,,189,,70,,5.8,,0.9,,1.2,,0.7,
2004-12-20,355,-14.2,,-5.7,,-19.1,,84,,97,,62,,-16.3,,-6.1,,-24.4,,5.1,,4.6,,9.6,,-41.6,E,1003,,2.8,,2.4,,306,,30,,12.3,,0.9,,1.1,,0.7,
2004-12-21,356,-13,,-5.7,,-22,,64,,80,,41,,-18.4,,-9.8,,-26,,0,,5.5,,11.6,,-21.3,,1014,,1.5,,1.1,,245,,40,,8.5,,0.9,,1.1,,0.7,
2004-12-22,357,0,,6.1,,-7.8,,74,,98,,52,,-4.2,,2.9,,-10.8,,0,,5.4,,11.3,,-28.8,,1022,,1.6,,1.3,,165,,32,,7,,0.9,,1.1,,0.7,
2004-12-23,358,8.4,,13.5,,0.3,,92,,99,,82,,7.3,,12.8,,-2.1,,29,,1.8,,4.1,,1.4,,1014,,3.7,,2.8,,162,,40,,18.2,,1.1,E,2.5,E,0.8,E
2004-12-24,359,-3.6,,0.4,,-8.3,,66,,88,,42,,-9.2,,-1.5,,-12.6,,0.3,,4.9,,10,,-27.9,,1014,,1.8,,1.5,,292,,31,,10.1,,2,,2.7,,1.3,
2004-12-25,360,-7.6,,-3.9,,-10.1,,63,,88,,37,,-13.9,,-10.5,,-17.7,,0,,6.8,,13.5,,-18.5,,1021,,1.2,,0.5,,353,,60,,6.5,,1.2,,1.7,,0.8,
2004-12-26,361,-7.5,,-6.1,,-9.4,,81,,93,,62,,-10.3,,-8,,-15,,1.8,,2,,4.4,,-5.3,,1021,,2.5,,2.1,,55,,29,,9.5,,0.8,,1.2,,0.6,
2004-12-27,362,-10.8,,-8.1,,-17.4,,77,,93,,52,,-14.1,,-9.2,,-22.4,,2,,7.5,,15,,-29,,1018,,2.2,,1.7,,307,,41,,12,,0.7,,0.9,,0.5,
2004-12-28,363,-10.7,,-6,,-18.2,,65,,83,,52,,-16.1,,-8.8,,-23.5,,0,,5.3,,10.9,,-17.5,,1025,,1.8,,1.5,,240,,33,,12,,0.7,,0.9,,0.5,
2004-12-29,364,-2.4,,0.8,,-6.4,,75,,92,,64,,-6.3,,-2.3,,-10.6,,0,,2,,4.5,,-2.7,,1017,,1.4,,1.1,,244,,38,,8.5,,0.7,,0.8,,0.5,
2004-12-30,365,-0.6,,3.6,,-2.3,,75,,92,,52,,-4.6,,-2.4,,-6.7,,0,,5.8,,11.7,,-19.7,,1028,,1,,0.6,,142,,51,,5.2,,0.7,,0.9,,0.5,
2004-12-31,366,4.9,,6,,2.4,,83,,92,,78,,2.3,,3.3,,1.2,,0,,1.3,,2.8,,-1.3,,1021,,2.6,,2.3,,210,,28,,11.3,,0.7,,0.9,,0.5,
2005-01-01,1,3.7,,6.7,,-2.1,,70,,97,,47,,-1.5,,3.9,,-6.2,,0,,8.2,,16.4,,-4.8,,1023,,2.3,,1.9,,276,,35,,12.6,,0.6,,0.8,,0.5,
2005-01-02,2,-2.1,,1.1,,-6.1,,71,,100,,43,,-7.1,,1,,-13.5,,1,,5.1,,10.8,,-0.4,,1032,,1.9,,1,,166,,55,,8.2,,0.6,,0.9,,0.4,
2005-01-03,3,4.9,,8.6,,1,,97,,100,,75,,4.5,,7.2,,0.9,,8.4,,2.9,,6.1,,13.4,,1021,,1.7,,1.3,,242,,35,,10.4,,0.7,,1.2,,0.4,
2005-01-04,4,2.4,,6.8,,-1.5,,94,,100,,78,,1.5,,4.1,,-2.6,,7.1,,4.1,,8.5,,5,,1019,,0.9,,0.4,,301,,59,,4.9,,1.6,,2.4,,0.8,
2005-01-05,5,-2.6,,-0.9,,-5.2,,89,,97,,81,,-4.2,,-2,,-7.9,,2.8,,0.9,,2,,-16.8,,1018,,0.8,,0.3,,33,,59,,3.7,,1.5,,2.1,,1.2,
2005-01-06,6,-4.4,,-1,,-7.7,,96,,100,,82,,-4.9,,-1,,-8.7,,24.4,,1,,2.4,,5,,1013,,1.8,,1.5,,80,,32,,7.3,,1.4,,1.6,,1.2,
2005-01-07,7,-2.9,,-0.5,,-6.9,,93,,100,,74,,-3.9,,-0.6,,-8.3,,0,,5.9,,11.7,,-36.1,E,1017,,1.6,,1.3,,275,,38,,11.2,,1.5,,1.7,,1.2,
2005-01-08,8,-4.4,,-2.6,,-6.9,,93,,99,,75,,-5.5,,-2.9,,-8.3,,14.7,,0.8,,2,,-6.4,,1020,,1.2,,0.6,,67,,57,,6.1,,1.6,,1.8,,1.4,
2005-01-09,9,-4.7,,-1,,-9.4,,90,,97,,71,,-6.2,,-3.6,,-10.4,,0,,4.6,,10.1,,-27.6,,1025,,1.2,,0.4,,195,,65,,6.5,,1.7,,1.9,,1.4,
2005-01-10,10,-0.8,,2.4,,-3.7,,86,,98,,63,,-3,,0.5,,-5.5,,0,,1.5,,3.2,,-9.7,,1014,,2.8,,2.1,,244,,40,,12.4,,1.8,,2,,1.5,
2005-01-11,11,-2.7,,-0.2,,-4.6,,62,,94,,36,,-9.4,,-4.7,,-14.6,,0.8,,4.5,,9.5,,-15.8,,1022,,1.4,,0.6,,270,,59,,9.3,,1.8,,2.1,,1.6,
2005-01-12,12,-2.1,,0,,-4.2,,97,,100,,93,,-2.5,,0,,-5.2,,10.9,,1.4,,3.3,,3.5,,1023,,1.7,Q,1.5,Q,84,Q,24,Q,7.3,Q,1.9,,2.1,,1.7,
2005-01-13,13,4.2,,12.8,,-0.9,,100,,100,,100,,4.2,,12.9,,-0.9,,0.5,,1.7,,4.1,,8.1,,1018,,1.8,Q,1.5,Q,190,Q,22,Q,14.5,Q,1.9,,2.1,,1.7,
2005-01-14,14,4.2,,14,,-5.1,,96,,100,,71,,3.6,,14,,-9.5,,22.9,,0.9,,2.1,,-6,,1015,,2.5,Q,1.7,Q,233,Q,38,Q,20.2,Q,2.2,,2.7,,1.5,
2005-01-15,15,-6.8,,-4,,-10,,72,,91,,49,,-11.1,,-8.5,,-14.1,,0,,6.3,,12.8,,-30.5,,1032,,0.4,Q,0.2,Q,265,Q,30,Q,4.2,Q,1.7,,2.3,,1.2,
2005-01-16,16,-7.6,,-5.1,,-10.5,,70,,91,,40,,-12.3,,-9.4,,-17,,0.8,,3.2,,6.6,,-10.9,,1028,,1.6,,1.4,,49,,32,,7.1,,1.1,,1.5,,0.7,
2005-01-17,17,-10.1,,-6.3,,-16,,75,,93,,45,,-13.9,,-9.8,,-21.2,,1.3,,7.6,,14.7,,-27.6,,1016,,2,,1.6,,312,,37,,11.5,,0.8,,1.1,,0.6,
2005-01-18,18,-17.8,,-14.4,,-21.1,,56,,77,,36,,-24.8,,-20.6,,-26.9,,0,,9.8,,19.4,,-43.7,,1024,,2.1,,1.8,,294,,31,,11.9,,0.7,,1,,0.5,
2005-01-19,19,-14.1,,-8.2,,-21.7,,71,,93,,40,,-18.5,,-9.4,,-26.5,,1,,5.7,,11.7,,-10.9,,1018,,1.4,,0.9,,185,,47,,8.2,,0.6,,0.8,,0.4,
2005-01-20,20,-10,,-5.7,,-14.5,,75,,93,,47,,-13.8,,-8.8,,-20.6,,0.8,,8.3,,16.1,,-16.3,,1007,,1.5,,1.2,,288,,32,,9.6,,0.6,,0.8,,0.4,
2005-01-21,21,-18.3,,-13.9,,-21.9,,53,,73,,31,,-26,,-20.4,,-28.2,,0,,10.3,,20.5,,-41.1,,1014,,2,,1.7,,313,,30,,9.7,,0.6,,0.7,,0.4,
2005-01-22,22,-17.2,,-11.2,,-24.9,,70,,90,,33,,-21.6,,-12.6,,-29.1,,3.8,,3.9,,8.3,,-11.9,,1015,,2.2,,1.3,,71,,49,,11.5,,0.5,,0.7,,0.3,
2005-01-23,23,-14.3,,-10.6,,-19.5,,76,,90,,50,,-17.8,,-12.4,,-26.7,,5.1,,7.2,,14.8,,-19.3,,1003,,3.3,,2.2,,1,,46,,14.2,,0.5,,0.7,,0.3,
2005-01-24,24,-14.5,,-7.8,,-21.7,,60,,86,,34,,-20.7,,-13.2,,-26.9,,0,,8.7,,17.9,,-24,,1007,,1.7,,1.5,,278,,29,,10.5,,0.5,,0.7,,0.3,
2005-01-25,25,-9.9,,-5.5,,-14.6,,57,,90,,24,,-18,,-13.2,,-23.3,,0,,10.6,,21.6,,-21.7,,1005,E,1.4,,0.9,,306,,49,,8.8,,0.5,,0.7,,0.3,
2005-01-26,26,-10.1,,-7.9,,-13.1,,84,,92,,35,,-12.6,,-9.1,,-22.4,,5.1,,1.9,,4.3,,-4.7,,1007,,2,,1.3,,62,,49,,8.4,,0.5,,0.7,,0.3,
2005-01-27,27,-16.1,,-11.7,,-20,,60,,88,,34,,-22.5,,-14.5,,-26.3,,0,,11.1,,22.5,,-39.5,,1024,,2,,1.7,,332,,34,,9.8,,0.6,,0.8,,0.4,
2005-01-28,28,-14.6,,-6.6,,-21.6,,47,,65,,25,,-24,,-19.1,,-26.6,,0,,11.2,,22.8,,-34.8,,1035,,1.5,,1.2,,324,,35,,9.3,,0.6,,0.8,,0.4,
2005-01-29,29,-7.8,,0.8,,-16.8,,38,,65,,17,,-20.6,,-15.5,,-24.8,,0,,10.9,,22.6,,-21.4,,1027,,1,,0.6,,281,,50,,5.2,,0.6,,0.8,,0.4,
2005-01-30,30,-3.7,,3,,-7.4,,45,,71,,22,,-14.2,,-10.9,,-18,,0,,9.9,,20.3,,-22.7,,1018,,1.1,,0.8,,319,,42,,7.1,,0.6,,0.8,,0.5,
2005-01-31,31,-6,,2.4,,-12,,52,,85,,17,,-15.5,,-11.3,,-20.6,,0,,11.4,,23.3,,-33.3,,1025,,1.2,,0.8,,50,,44,,6.8,,0.7,,0.9,,0.5,
2005-02-01,32,-4.9,,4.6,,-12.1,,42,,64,,15,,-16.8,,-12.6,,-20.7,,0,,11.5,,23.4,,-30.3,,1029,,0.8,,0.1,,15,,72,,4.2,,0.7,,0.9,,0.5,
2005-02-02,33,-3,,6.2,,-9.2,,43,,72,,15,,-14.7,,-11.1,,-20.3,,0,,11.8,,23.7,,-33.7,,1032,,1.4,,1.2,,72,,30,,7.4,,0.8,,1,,0.6,
2005-02-03,34,-2.1,,5.1,,-9.9,,75,,99,,47,,-6.3,,-1.1,,-12.2,,1.8,,8,,16.8,,-8.2,,1026,,1.6,,1.4,,69,,30,,8,,0.8,,1.1,,0.6,
2005-02-04,35,0.7,,6.5,,-1.6,,86,,100,,43,,-1.6,,1.5,,-9.3,,2.8,,5.1,,11.6,,-21.2,,1022,,1.4,,1.1,,34,,38,,6.5,,0.9,,1.2,,0.7,
2005-02-05,36,3.3,,11.5,,-2.5,,46,,75,,25,,-7.8,,-3.5,,-12,,0,,11.9,,24.6,,-20.7,,1027,,1.4,,1,,338,,42,,6.1,,1.1,,1.3,,0.8,
2005-02-06,37,3,,10.5,,-0.9,,51,,75,,25,,-6.9,,-4.6,,-14,,0,,11.8,,24.9,,-19,,1033,,1.8,,1.6,,71,,27,,8,,1.2,,1.4,,0.9,
2005-02-07,38,4,,12.3,,-3.4,,28,,67,,6,,-15.8,,-7.4,,-25.6,,0,,11.2,,23.3,,-11.6,,1027,,1.1,,0.4,,199,,61,,5.2,,1.2,,1.5,,1,
2005-02-08,39,4,,7.8,,0.9,,36,,76,,23,,-10.3,,-2.1,,-16.5,,0,,4.4,,9.6,,5.9,,1017,,0.8,,0.5,,228,,46,,4.4,,1.3,,1.5,,1.1,
2005-02-09,40,4.4,,8.7,,1.6,,79,,96,,59,,1,,2.7,,-2.3,,1.8,,6.7,,14.7,,15.2,,1012,,1,,0.1,,318,,73,,5,,1.3,,1.5,,1.1,
2005-02-10,41,0,,3.2,,-5.6,,99,,100,,91,,-0.2,,2.8,,-5.9,,28.5,,1,,2.4,,-14.2,,997,,2.1,,0.8,,25,,64,,9.8,,1.2,,1.5,,1,
2005-02-11,42,-5.3,,-0.8,,-8.1,,73,,98,,41,,-9.9,,-5.7,,-13.3,,0,,5.9,,9.5,,-61.8,,997,,3.2,,2.8,,291,,29,,15.9,,1.2,,1.4,,0.9,
2005-02-12,43,-2.5,,0.8,,-6.4,,76,,91,,63,,-6.3,,-3.1,,-9.9,,0,,4.2,,8.8,,-9.1,,1002,,1.6,,1.4,,258,,24,,7.9,,1.1,,1.3,,1,
2005-02-13,44,-3.2,,1.2,,-8.5,,64,,99,,33,,-9.6,,-2.8,,-14.5,,0,,13.3,,27,,-25.9,,1017,,1.5,,1.1,,313,,41,,8.4,,1.2,,1.3,,1,
2005-02-14,45,-3.9,,0.6,,-11.1,,75,,99,,53,,-7.9,,0.4,,-14.9,,2.3,,6.5,,13.9,,-7.2,,1025,,2.6,,2.1,,117,,34,,11.6,,1.2,,1.4,,1,
2005-02-15,46,4.1,,8.2,,0.4,,81,,100,,53,,0.9,,4.2,,-1.1,,7.6,,10.7,,23.9,,-2.5,,1015,,2,,0.6,,215,,68,,11.6,,1.2,,1.4,,1,
2005-02-16,47,4.9,,11.2,,-1.2,,81,,99,,67,,1.8,,6.5,,-4.2,,8.4,,7.6,,16,,-1.9,,1007,,2.6,,1.8,,210,,45,,11.6,,1.1,,1.4,,0.9,
2005-02-17,48,-2.1,,2.6,,-6.4,,60,,88,,25,,-9.6,,-3.9,,-16.2,,0,,12.6,,25.6,,-11.5,,1007,,1.6,,1.3,,288,,32,,7.3,,1,,1.2,,0.8,
2005-02-18,49,-7.2,,-3.1,,-13.2,,56,,90,,28,,-14.9,,-7.4,,-20.1,,0,,10.5,,21,,-14.7,,1010,,2.7,,2.5,,280,,24,,11.4,,0.8,,1.1,,0.4,
2005-02-19,50,-10.6,,-4.6,,-15.5,,52,,70,,24,,-19.1,,-14.7,,-23.1,,0,,14.6,,29.3,,-6.9,,1020,,2,,1.8,,284,,30,,9.7,,0.5,,0.8,,0.2,
2005-02-20,51,-6.9,,-2.1,,-10.9,,47,,86,,20,,-17.5,,-11.5,,-23,,0,,14.7,,29.9,,3.3,,1025,,1.8,,0.7,,304,,63,,9.7,,0.4,,0.6,,0.2,
2005-02-21,52,-7.3,,-5.1,,-10.5,,89,,96,,33,,-9,,-5.7,,-21.3,,6.1,,2.2,,5,,-3,,1018,,2.4,,2.1,,77,,26,,9,,0.3,,0.5,,0.1,
2005-02-22,53,-3.6,,0.1,,-7.4,,89,,98,,77,,-5.2,,-2.8,,-8.4,,0.3,,6.7,,14.4,,0.4,,1016,,1,,0.3,,29,,68,,5,,0.3,,0.5,,0.1,
2005-02-23,54,-4.1,,-0.1,,-10,,72,,100,,42,,-8.9,,-2.3,,-14.9,,0.3,,9.5,,19,,-24.6,,1017,,2,,1.7,,271,,28,,9.5,,0.3,,0.5,,0.1,
2005-02-24,55,-8.8,,-1.9,,-16,,61,,90,,27,,-15.8,,-10.6,,-20,,1,,14.1,,28.6,,-9.9,,1022,,1.4,,0.7,,70,,57,,7.3,,0.3,,0.5,,0.1,
2005-02-25,56,-7.9,,-2.8,,-12.2,,74,,91,,44,,-12,,-8.9,,-14.5,,2.5,,9.2,,19.5,,-28.9,,1016,,1.2,,0.8,,342,,48,,6.2,,0.3,,0.5,,0.1,
2005-02-26,57,-7,,-0.5,,-14.1,,73,,94,,47,,-11.3,,-6.4,,-15.5,,0,,10.7,,21.3,,-8.4,,1017,,1.2,,0.9,,277,,42,,7.9,,0.3,,0.5,,0.1,
2005-02-27,58,-7.4,,-1,,-13.9,,54,,90,,21,,-16.3,,-13.2,,-21.4,,0,,15.9,,32.8,,-21.5,,1019,,1.7,,1.4,,279,,32,,11,,0.3,,0.5,,0.1,
2005-02-28,59,-5.5,,-0.7,,-11.6,,55,,93,,16,,-14.3,,-5.8,,-24.4,,1.3,,8.5,,17.9,,-0.4,,1012,,2.2,,1.9,,75,,31,,11.2,,0.3,,0.5,,0.1,
2005-03-01,60,-5,,-3.3,,-6.9,,96,,98,,91,,-5.6,,-3.6,,-7.7,,13,,2.7,,5.9,,-11.6,,993,,1.6,,0.7,,310,,61,,9.5,,0.3,,0.5,,0.1,
2005-03-02,61,-6.1,,-1.6,,-8.9,,81,,97,,48,,-8.9,,-4.9,,-15.6,,0.5,,8.4,,17.2,,-12.6,,993,,2.6,,2.3,,276,,24,,11.7,,0.3,,0.5,,0.1,
2005-03-03,62,-8.3,,-3.4,,-12.4,,49,,65,,28,,-17.5,,-14.5,,-19.9,,0,,16.3,,32.6,,-23.1,,1002,,2.7,,2.4,,277,,24,,10.4,,0.3,,0.5,,0.1,
2005-03-04,63,-7.7,,-1.3,,-14.9,,61,,88,,34,,-14.4,,-8.6,,-18.3,,0,,14.9,,29.9,,-17,,1008,,2,,1.8,,264,,25,,11.6,,0.3,,0.5,,0.2,
2005-03-05,64,-4.2,,3.1,,-11.6,,61,,94,,25,,-11.6,,-9.5,,-15.6,,0,,17.5,,35.3,,-15.1,,1008,,1.5,,1.2,,275,,33,,10.2,,0.4,,0.5,,0.2,
2005-03-06,65,-2.3,,1.4,,-6.9,,75,,97,,45,,-6.5,,-1.2,,-10.4,,0,,9.1,,18.8,,-10.9,,1003,,1.9,,1.6,,237,,30,,11.8,,0.4,,0.5,,0.2,
2005-03-07,66,4.1,,9.9,,-2.4,,64,,95,,45,,-2.4,,-0.1,,-4.1,,0,,10.1,,21.1,,0.5,,1000,,2.7,,2.2,,198,,35,,12.4,,0.4,,0.6,,0.2,
2005-03-08,67,-2.1,,6.2,,-12.8,,88,,99,,66,,-4,,2.9,,-14.2,,20.8,,1.1,,3,,-12.8,,986,,2.8,,1.6,,284,,53,,17.4,,0.4,,0.6,,0.2,
2005-03-09,68,-12.6,,-8.8,,-17.5,,68,,90,,44,,-17.7,,-14,,-20.1,,0,,18,,37.9,,-35.1,E,997,,4.4,,4,,272,,22,,16.1,,0.4,,0.6,,0.2,
2005-03-10,69,-9.6,,-2.9,,-14.9,,56,,80,,29,,-17.3,,-14.5,,-19.8,,0,,17.8,,36.4,,-16.8,,1005,,1.9,,1.6,,270,,30,,10.5,,0.4,,0.6,,0.2,
2005-03-11,70,-6,,-2.7,,-12.4,,77,,100,,41,,-9.6,,-3.1,,-15.7,,0.5,,8.4,,17.5,,-3.6,,1003,,2.1,,1.6,,109,,36,,8.8,,0.5,,0.7,,0.3,
2005-03-12,71,-2.2,,-1.3,,-3.5,,99,,100,,98,,-2.2,,-1.3,,-3.5,,19.6,,2,,3,,-13.8,,995,,1.5,,0.6,,354,,61,,7.8,,0.5,,0.7,,0.3,
2005-03-13,72,-2.7,,2.3,,-6.7,,87,,99,,56,,-4.7,,-0.2,,-7.2,,0,,10.7,,15.9,,-14.5,,1005,,1.2,,0.8,,275,,43,,7.1,,0.6,,0.8,,0.4,
2005-03-14,73,-3.1,,3,,-9.8,,61,,97,,37,,-10,,-6.6,,-12.2,,0,,16.5,,33.9,,-9.3,,1009,,1.7,,1.4,,295,,33,,9.5,,0.6,,0.9,,0.4,
2005-03-15,74,-1.1,,5.2,,-7.3,,58,,82,,35,,-8.8,,-6.9,,-10.4,,0,,19,,39.7,,-1.4,,1011,,2.2,,1.9,,287,,32,,10.9,,0.7,,0.9,,0.5,
2005-03-16,75,-0.8,,5.3,,-5.8,,50,,74,,23,,-10.7,,-8.5,,-14.8,,0,,19.8,,40.4,,-5.3,,1013,,2.1,,1.9,,284,,28,,11,,0.8,,1,,0.6,
2005-03-17,76,-1.1,,7.1,,-9.1,,51,,81,,22,,-10.9,,-6.2,,-14.3,,0,,19.6,,39.9,,3.4,,1014,,1.1,,0.6,,295,,56,,7.2,,0.8,,1,,0.6,
2005-03-18,77,0,,5.3,,-3.4,,50,,69,,24,,-9.8,,-6.3,,-14.6,,0,,17.7,,36,,1.8,,1013,,1.4,,1,,301,,38,,8.5,,0.9,,1.1,,0.7,
2005-03-19,78,-0.1,,7.8,,-7,,42,,68,,18,,-12.4,,-7.9,,-16,,0,,20.4,,41.1,,4.1,,1018,,1.3,,0.9,,305,,44,,8.6,,0.9,,1.1,,0.7,
2005-03-20,79,0.8,,6.3,,-5.5,,64,,99,,27,,-6.1,,1.2,,-12.9,,0,,10.6,,21.8,,6.6,,1016,,1.2,,0.7,,226,,53,,5.4,,0.9,,1.1,,0.7,
2005-03-21,80,3.1,,9.3,,-1.2,,65,,100,,19,,-4,,0.9,,-13.2,,0,,12.8,,26.3,,15.4,,1013,,1,,0.4,,28,,59,,6,,0.9,,1.1,,0.7,
2005-03-22,81,3.1,,9.9,,-3.4,,46,,74,,22,,-8.4,,-4.5,,-11.5,,0,,21,,42.6,,20.6,,1017,,1.3,,0.9,,278,,40,,8.4,,0.9,,1.1,,0.7,
2005-03-23,82,1.4,,5,,-2.6,,47,,94,,24,,-9.7,,-3.3,,-15,,1,,8.6,,17.6,,4,,1017,,1.7,,1,,66,,48,,8.6,,0.9,,1.1,,0.7,
2005-03-24,83,-0.5,,4.3,,-2.6,,91,,100,,64,,-1.8,,-0.4,,-3.5,,7.4,,6.6,,14.3,,-6.3,,1013,,1.5,,1.2,,43,,35,,8.6,,0.9,,1.1,,0.7,
2005-03-25,84,1.6,,6.3,,-2.6,,68,,96,,36,,-4.3,,-0.5,,-9.1,,0,,10.7,,22.2,,-8.7,,1013,,1.5,,0.6,,304,,60,,8.7,,0.9,,1.1,,0.7,
2005-03-26,85,0.7,,7.6,,-6.8,,41,,76,,14,,-12.5,,-6.3,,-19.3,,0,,21.9,,44,,13.3,,1021,,1.4,,0.3,,50,,70,,5.9,,0.9,,1.1,,0.7,
2005-03-27,86,2.9,,9.2,,-3.1,,56,,85,,32,,-5.6,,-2.3,,-8.9,,0,,19.5,,40.1,,26.5,,1020,,1.6,,0.7,,213,,60,,7.3,,0.9,,1.1,,0.7,
2005-03-28,87,1.3,,2.9,,-1,,90,,99,,47,,-0.3,,2.8,,-9.5,,37.8,,2,,5.3,,1.2,,1009,,2.5,,2.3,,69,,25,,9.8,,0.8,,1.1,,0.6,
2005-03-29,88,4.3,,9.1,,1.6,,90,,99,,71,,2.7,,4.9,,-0.5,,19.3,,8,,17.5,,12.2,,1003,,1.7,,1.2,,344,,42,,10.1,,0.7,,0.9,,0.4,
2005-03-30,89,6.5,,16.7,,0,,57,,87,,19,,-2.7,,-0.1,,-8.6,,0,,21,,43.1,,64.5,,1016,,1.6,,0.7,,360,,61,,7.7,,0.6,,0.8,,0.4,
2005-03-31,90,5.9,,12.2,,-1.1,,62,,96,,36,,-1.5,,1.2,,-2.9,,0,,20.5,,42.3,,90.1,,1020,,2,,1.5,,107,,40,,7.9,,0.5,,0.7,,0.3,
2005-04-01,91,5.3,,12.4,,1.5,,79,,97,,54,,1.8,,5.7,,-1,,2.5,,12.6,,26.3,,59.6,,1018,,1.5,,0.6,,169,,61,,6.6,,0.6,,0.8,,0.3,
2005-04-02,92,4.2,,11.4,,1.1,,96,,100,,81,,3.6,,10.7,,-0.1,,24.6,,2.3,,5.8,,6.9,,1008,,3.8,,3.4,,89,,27,,14.2,,1,,2.4,,0.5,
2005-04-03,93,6.2,,11,,1.5,,83,,98,,54,,3.3,,10.5,,-0.8,,20.6,,5.3,,11.7,,20.9,,995,,2.8,,2.4,,150,,33,,13.8,,3.8,,4.5,,2,
2005-04-04,94,3,,7.4,,-0.2,,83,,100,,59,,0.1,,2.8,,-1.9,,0.3,,9.1,,19.3,,42.2,,1003,,2.1,,1.9,,266,,25,,9.8,,4.3,,5.1,,3.5,
2005-04-05,95,6.8,,14.8,,-0.8,,48,,92,,13,,-5.7,,-1.2,,-14.6,,0,,22.8,,45.9,,107.3,,1016,,1.9,,1.4,,289,,40,,12.4,,4.7,,6.3,,3.2,
2005-04-06,96,12.1,,20.8,,4.4,,36,,71,,21,,-3.5,,3.9,,-10.6,,0,,17.9,,36.6,,89.1,,1019,,1.8,,1,,102,,54,,6.2,,6,,7.7,,4.5,
2005-04-07,97,13.2,,18.7,,6.9,,64,,99,,43,,6.3,,11.2,,2.5,,2.8,,10.6,,22.2,,48.7,,1011,,2,,1,,185,,56,,11.2,,7.3,,8.4,,6.2,
2005-04-08,98,9.2,,15.8,,3.5,,61,,100,,21,,0.7,,11.3,,-7,,1.3,,19.5,,40.2,,88.9,,1013,,1.7,,1.1,,326,,48,,8.5,,8.3,,9.6,,7.4,
2005-04-09,99,8.1,,16.8,,0,,43,,78,,12,,-5.5,,-0.5,,-13.6,,0,,24.1,,49,,106.5,,1019,,1.3,,0.4,,34,,66,,8.2,,8.1,,9.6,,6.5,
2005-04-10,100,10.9,,20.4,,1.9,,36,,71,,11,,-5.6,,0.1,,-11.9,,0,,23.4,,48.6,,110.8,,1017,,1.4,,0.7,,327,,56,,8.5,,8.3,,9.9,,6.7,
2005-04-11,101,4.3,,9.6,,-0.9,,32,,52,,16,,-11.4,,-6.1,,-17,,0,,23.3,,47.7,,98.9,,1019,,1.7,,1.2,,349,,44,,10.7,,8,,9.2,,6.8,
2005-04-12,102,2.5,,10.1,,-3,,47,,90,,23,,-8.5,,-1.5,,-11.8,,0,,22,,44.7,,103.8,,1015,,2,,1.2,,322,,50,,11.2,,7,,8.1,,5.7,
2005-04-13,103,4.2,,11.6,,-3.8,,50,,92,,22,,-6.5,,-2.3,,-10.4,,0,,22.4,,45.3,,99.2,,1013,,1.3,,0.9,,323,,44,,7.9,,6.8,,8.1,,5.5,
2005-04-14,104,7.8,,16.1,,1,,48,,79,,23,,-3.2,,2.1,,-7.6,,0,,23.9,,48.6,,113.9,,1018,,2,,1,,36,,55,,10.3,,7.5,,9.1,,5.9,
2005-04-15,105,5.8,,14,,-1,,26,,65,,8,,-14.3,,-5.2,,-21,,0,,25.4,,50.3,,108.5,,1031,,2.2,,1.9,,69,,33,,9,,7.4,,8.6,,6,
2005-04-16,106,8.6,,18.1,,-1.5,,23,,48,,10,,-12.6,,-5,,-21,,0,,25.2,,49.9,,112.3,,1031,,1.4,,0.7,,110,,57,,6,,7.6,,9.3,,5.9,
2005-04-17,107,11.8,,23.1,,-1,,35,,77,,11,,-5.3,,1.6,,-9.8,,0,,24.8,,49.5,,119,,1020,,1.4,,0.8,,296,,50,,8.2,,8.3,,10.1,,6.5,
2005-04-18,108,13.2,,20.6,,6.7,,24,,52,,7,,-8.7,,-0.3,,-18,,0,,24.9,,50.6,,123.9,,1018,,1.4,,0.9,,330,,46,,10,,9.2,,10.9,,7.8,
2005-04-19,109,14.8,,24.5,,2.8,,31,,72,,8,,-4.9,,4.8,,-12.4,,0,,25.3,,51.9,,128.5,,1016,,1.3,,0.7,,258,,53,,7.9,,9.6,,11.4,,7.9,
2005-04-20,110,19.8,,27.5,,13.1,,44,,98,,20,,5.7,,13.3,,2.3,,2,,18.8,,38.8,,103.6,,1008,,2.1,,1.5,,257,,44,,11.3,,10.8,,12.3,,9.3,
2005-04-21,111,7.1,,13.7,,0.3,,52,,99,,12,,-4,,13.4,,-17.4,,3.3,,25.6,,52.5,,134.9,,1012,,2,,1.4,,329,,44,,10.3,,11.4,,12.5,,10.3,
2005-04-22,112,7,,15.4,,-2,,45,,81,,22,,-4.9,,2.7,,-12.2,,0,,23.3,,47.5,,116.9,,1014,,2.1,,1,,193,,60,,9.7,,10.2,,11.5,,8.8,
2005-04-23,113,7.8,,12.6,,3,,97,,100,,68,,7.3,,12.5,,-1.1,,42.9,,2.8,,7,,6.9,,1004,,3.2,,2.8,,96,,28,,11,,9.7,,10.7,,9.3,
2005-04-24,114,11.2,,15.8,,5.2,,76,,98,,33,,6.5,,11.8,,-0.5,,15.8,,15.7,,32.3,,78.6,,997,,3.2,,2.7,,156,,32,,13.8,,10.5,,11.6,,9.6,
2005-04-25,115,4.9,,9.3,,2.4,,73,,98,,38,,0,,3.5,,-5.2,,3.3,,14.6,,30.3,,56.6,,999,,2.3,,1.9,,227,,36,,13.2,,10.2,,10.9,,9.5,
2005-04-26,116,10.7,,18.8,,1,,52,,90,,23,,0.1,,4,,-3,,0,,21.9,,45.1,,108.3,,1014,,2.6,,2,,197,,40,,12.3,,10,,11.3,,8.6,
2005-04-27,117,9.9,,11.8,,7.7,,93,,99,,54,,8.6,,11.3,,0.7,,6.9,,2.9,,7,,3.4,,1009,,2.8,,2.5,,97,,29,,10.6,,10.1,,10.7,,9.7,
2005-04-28,118,8.4,,14.2,,2.9,,74,,99,,35,,3.2,,7.8,,-2.3,,2,,16.1,,34.2,,86.3,,1008,,2.1,,1.7,,279,,34,,10.1,,10.6,,11.6,,9.6,
2005-04-29,119,8.7,,15.4,,1.1,,55,,92,,24,,-0.9,,3.5,,-5.7,,0,,26.3,,54.5,,148.6,,1013,,2.2,,1.7,,248,,36,,11.2,,10.6,,12,,9.3,
2005-04-30,120,9.8,,12.6,,6.9,,83,,100,,51,,6.7,,12.5,,-0.4,,15.8,,3.5,,8.3,,9.1,,1012,,2,,1.3,,126,,49,,9.3,,10.6,,11.3,,10.2,
2005-05-01,121,9.1,,13.2,,3,,83,,100,,38,,5.9,,11.4,,-2,,1,,7.6,,16.3,,20.1,,1009,,1.7,,1.5,,275,,29,,11.4,,10.7,,11.2,,10.2,
2005-05-02,122,6.8,,14.6,,1.3,,73,,99,,30,,1.4,,6.1,,-3.5,,10.4,,15.8,,32.9,,70.7,,1014,,1.7,,1.3,,231,,40,,10,,10,,10.9,,8.9,
2005-05-03,123,5.8,,11.4,,0.3,,70,,100,,34,,-0.1,,3.8,,-4.9,,0,,16.3,,33.9,,75,,1017,,1.3,,1.1,,273,,37,,7.6,,9.8,,10.6,,8.8,
2005-05-04,124,5.3,,11.3,,0.3,,62,,86,,32,,-1.9,,2.9,,-5.5,,0,,12.5,,26.2,,55.2,,1026,,1.1,,0.5,,293,,59,,7.1,,9.5,,10.3,,8.8,
2005-05-05,125,8.3,,15.9,,-1.4,,50,,89,,23,,-2.9,,2.9,,-7.5,,0,,26.7,,55.7,,149.8,,1032,,1.4,,0.3,,180,,72,,6.6,,9.6,,11.4,,8.1,
2005-05-06,126,7.9,,12.3,,1.6,,52,,80,,36,,-1.6,,2.7,,-3.8,,0,,13.4,,27.4,,61.3,,1027,,2,,1.6,,94,,35,,7.8,,10,,10.7,,9.2,
2005-05-07,127,4.5,,6,,3.3,,89,,97,,60,,2.9,,4,,-1.3,,14,,4.9,,11.2,,5.1,,1013,,2.1,,1.5,,25,,43,,10.4,,9.5,,10.2,,8.8,
2005-05-08,128,6.8,,9.2,,3.6,,79,,97,,65,,3.3,,4.5,,2.1,,0,,7.1,,15.8,,20.3,,1011,,1.7,,1.2,,352,,41,,9.3,,9,,9.6,,8.5,
2005-05-09,129,11.4,,18.3,,6.5,,72,,94,,50,,6.2,,10.6,,3.4,,0,,20.6,,43.3,,135.4,,1016,,1.7,,1.2,,66,,44,,8,,9.9,,11.4,,8.8,
2005-05-10,130,14.2,,23,,4.6,,69,,98,,39,,7.9,,12.8,,4.3,,0,,26.9,,57.5,,164.9,,1018,,1.4,,0.6,,155,,59,,7.3,,11.4,,13.2,,9.8,
2005-05-11,131,16.7,,25.4,,8.5,,67,,90,,39,,10,,15.3,,6.9,,0,,25.2,,52.7,,152.6,,1015,,1.6,,1.2,,210,,38,,6.4,,12.8,,14.4,,11.4,
2005-05-12,132,10.3,,15.5,,0.2,,46,,88,,14,,-2.7,,12.1,,-14,,0,,27.4,,55.7,,153.1,,1020,,1.9,,1.4,,335,,41,,11.5,,13.4,,14.3,,12.6,
2005-05-13,133,7.7,,16.7,,-1.5,,34,,66,,11,,-8.9,,-1.4,,-16.5,,0,,28.9,,57.7,,159.7,,1024,,1.4,,0.8,,313,,51,,8.6,,12.1,,13.2,,10.8,
2005-05-14,134,13,,20.5,,7.7,,58,,80,,32,,4.7,,10.7,,-6.8,,0,,14.8,,31.3,,88.4,,1013,,1.2,,0.6,,152,,57,,5.1,,12.1,,13.1,,11.4,
2005-05-15,135,10.5,,13.1,,6,,89,,99,,76,,8.7,,10.9,,5.9,,0.8,,5.7,,12.7,,24.7,,1009,,2.2,,2,,83,,26,,7.1,,12.3,,12.8,,11.9,
2005-05-16,136,10.1,,17.4,,5.2,,78,,99,,42,,5.8,,11.3,,2.1,,0.5,,12.3,,25.3,,65.1,,1013,,0.9,,0.2,,336,,68,,5.8,,12,,12.8,,11.3,
2005-05-17,137,11.7,,18.2,,6.8,,50,,78,,26,,0.8,,6,,-2.5,,0,,23.5,,48,,143.2,,1017,,1.1,,0.5,,315,,56,,6.4,,12.4,,13.6,,11.4,
2005-05-18,138,10.3,,15.4,,3.7,,60,,88,,34,,2.5,,6,,-2.3,,0.8,,18.7,,38.2,,107,,1018,,1.2,,0.7,,46,,51,,8.5,,12.4,,13.1,,11.4,
2005-05-19,139,10.1,,17.9,,3.6,,63,,99,,26,,2.2,,6.2,,-2.8,,0,,23,,47,,120.9,,1018,,1.1,,0.6,,342,,55,,7.8,,12.3,,13.4,,11.2,
2005-05-20,140,11.9,,18.3,,6.2,,64,,95,,29,,4.1,,7.9,,-0.6,,0,,17.9,,36.4,,86.1,,1016,,0.9,,0.5,,244,,50,,7.3,,12.3,,13.4,,11.3,
2005-05-21,141,9.6,,16.5,,4.3,,76,,98,,44,,5.1,,8,,3.7,,0.8,,21.7,,44.1,,118.5,,1011,,2.1,,1.8,,65,,31,,9.1,,12.2,,13.3,,11.1,
2005-05-22,142,7,,10.5,,4.3,,91,,99,,70,,5.5,,7.3,,3.6,,12.4,,10.4,,21.3,,34.7,,1007,,0.9,,0.5,,349,,51,,4.5,,12,,12.6,,11.3,
2005-05-23,143,7.4,,11,,3.3,,91,,100,,68,,5.9,,8.2,,3.3,,10.2,,8.9,,18.1,,41.6,,1004,,1.3,,1,,52,,37,,7.3,,11.6,,12.2,,10.9,
2005-05-24,144,5.9,,7.2,,4.7,,95,,98,,90,,5.2,,6.5,,4,,10.9,,5.5,,11.9,,14,,1009,,2.8,,2.4,,66,,32,,12.6,,10.9,,11.9,,10.4,
2005-05-25,145,6.8,,8.6,,5.2,,93,,96,,86,,5.7,,7.7,,4.4,,9.4,,8.1,,17,,28.2,,1010,,3.4,,2.8,,55,,32,,15.8,,10.4,,10.8,,10,
2005-05-26,146,8.8,,9.8,,7.6,,95,,100,,88,,8,,9.3,,6.5,,9.4,,5.1,,10.8,,11.4,,1007,,1.6,,1.2,,43,,40,,12.6,,10.5,,11,,10,
2005-05-27,147,12.7,,19.5,,8.8,,86,,100,,57,,10.2,,13,,8.2,,5.3,,13.6,,27.9,,82.1,,1007,,0.9,,0.5,,316,,55,,5.5,,11.5,,12.8,,10.4,
2005-05-28,148,16,,23.8,,8.5,,69,,100,,26,,9.2,,13.7,,2.6,,0,,21.7,,44.8,,131.7,,1009,,1,,0.6,,235,,48,,6.5,,12.8,,14.3,,11.4,
2005-05-29,149,14.3,,18.6,,10.8,,79,,97,,56,,10.6,,13.4,,8.6,,0.3,,12.8,,26.6,,63.1,,1008,,1,,0.6,,330,,53,,9.1,,13.8,,14.6,,13,
2005-05-30,150,13.6,,21.3,,8.3,,79,,99,,33,,9.4,,14.5,,3.8,,2.8,,20.2,,41.5,,106.3,,1013,,1,,0.4,,28,,61,,7.3,,14,,15,,12.8,
2005-05-31,151,12.5,,18.2,,7.9,,87,,98,,63,,10.3,,13.4,,7.5,,2,,14.4,,29.7,,82.6,,1019,,1.4,,1.2,,79,,32,,6.8,,14,,14.9,,13.2,
2005-06-01,152,14.3,,20.9,,9.6,,79,,97,,52,,10.5,,13.8,,8.5,,0,,14.4,,29,,84.3,,1023,,0.8,,0.4,,162,,51,,4.8,,14.3,,15.3,,13.5,
2005-06-02,153,15.4,,22.7,,10.4,,80,,100,,41,,11.6,,15.2,,8.2,,0,,23.4,,47.8,,146.7,,1023,,1.2,,0.9,,215,,39,,6,,15.1,,16.7,,13.8,
2005-06-03,154,16.3,,23.3,,10.3,,75,,100,,37,,11.2,,13.6,,7.1,,0,,23.1,,47.2,,147.2,,1019,,1.5,,1.2,,207,,34,,6.9,,16,,17.3,,14.7,
2005-06-04,155,20.6,,29.1,,13,,69,,99,,29,,13.8,,18.7,,8.2,,0,,22.4,,46.5,,138.5,,1014,,0.7,,0.2,,339,,61,,5.5,,16.8,,18.3,,15.3,
2005-06-05,156,22.8,,29.9,,15.1,,59,,86,,31,,13.8,,17.9,,9.8,,0,,26.4,,55.5,,174.4,,1014,,1,,0.2,,307,,69,,6.1,,17.7,,19.4,,16.1,
2005-06-06,157,17.4,,25.2,,12.5,,86,,99,,58,,14.9,,18.4,,11.8,,7.6,,17.7,,37.7,,117.4,,1016,,2,,1,,117,,55,,8.8,,18,,19.9,,17,
2005-06-07,158,22.2,,29,,16.4,,66,,100,,30,,14.4,,20.1,,7,,0,,25.2,,52.4,,158.3,,1010,,1.6,,1.1,,235,,43,,9.1,,18.8,,20.4,,17.4,
2005-06-08,159,22,,30.6,,13.9,,64,,99,,34,,14,,19.4,,8.1,,41.4,,27,,56.9,,180.5,,1014,,1.2,,0.2,,244,,72,,11.1,,19.1,,20.6,,17.5,
2005-06-09,160,22.6,,30,,16.8,,80,,100,,49,,18.6,,22.8,,15.5,,0,,16.1,,33.6,,92.6,,1020,,1.1,,0.8,,179,,43,,5.8,,19.8,,21,,18.7,
2005-06-10,161,21.8,,26.8,,19,,90,,99,,70,,20,,22,,18.2,,0,,14.6,,30.4,,98.6,,1019,,1.8,,1.5,,200,,34,,7.8,,20.2,,21.2,,19.3,
2005-06-11,162,23.5,,30.5,,18.8,,83,,98,,52,,20.3,,23.3,,18.3,,0,,22.3,,47.1,,159.1,,1017,,1.2,,0.8,,219,,41,,6.9,,21.1,,22.6,,19.8,
2005-06-12,163,22.7,,29,,20,,93,,100,,68,,21.4,,24.5,,20,,6.3,,12,,24.8,,73.7,,1017,,0.8,,0.6,,224,,39,,6.7,,21.6,,22.4,,20.8,
2005-06-13,164,24.5,,30.2,,20.1,,83,,99,,56,,21.2,,24.4,,19.8,,0.3,,20.5,,43,,134.1,,1010,,0.8,,0.6,,219,,39,,3.8,,22,,23.5,,20.8,
2005-06-14,165,20.9,,27.6,,11.5,,89,,99,,66,,19,,23.3,,10.1,,19.8,,14.5,,30.6,,86.7,,1005,,1.3,,0.2,,72,,72,,8.3,,22.4,,23.3,,21.6,
2005-06-15,166,9.6,,11.7,,7.6,,95,,99,,85,,8.8,,10.8,,7.4,,0.3,,6.2,,12.5,,25.8,,1006,,1.6,,1.4,,86,,32,,8.6,,20.5,,22.4,,18.9,
2005-06-16,167,10.2,,13.1,,7.5,,98,,100,,93,,9.9,,12.3,,7.3,,11.2,,5.9,,12.1,,24.7,,1003,,1.7,,1.5,,102,,30,,8.3,,18.4,,20.3,,15.8,
2005-06-17,168,14.1,,21.3,,9.4,,86,,100,,51,,11.5,,15,,9.3,,0,,16.1,,32.3,,97.4,,1004,,1.1,,0.3,,199,,66,,7,,17.9,,19.9,,16,
2005-06-18,169,14.8,,20.5,,10.1,,86,,100,,56,,12.3,,16,,9.7,,2,,16.9,,34.6,,95,,1012,,0.9,,0.4,,78,,58,,6.3,,18.2,,19.1,,17.2,
2005-06-19,170,14.5,,19.3,,10.7,,83,,99,,60,,11.5,,13.2,,9.7,,0.3,,16.8,,33.8,,87,,1023,,1,,0.8,,69,,35,,5.2,,18.3,,19.2,,17.6,
2005-06-20,171,16.8,,24.6,,8.7,,73,,99,,42,,11.3,,15.3,,8.5,,0,,27.5,,57.3,,172.4,,1023,,0.9,,0.2,,237,,67,,5.1,,18.4,,19.9,,16.9,
2005-06-21,172,18.9,,27,,10.9,,73,,99,,38,,13.2,,18,,10.7,,0,,27,,55.5,,171.8,,1014,,1.1,,0.7,,242,,43,,7.7,,19,,20.6,,17.5,
2005-06-22,173,17.7,,24,,10.6,,66,,95,,29,,10.6,,17,,1.7,,0.5,,18,,37.1,,91,,1013,,0.9,,0.6,,348,,48,,7.3,,19.2,,20.3,,18.4,
2005-06-23,174,16.2,,23.8,,8.3,,60,,86,,29,,7.6,,13.9,,1.2,,0,,28.2,,57.6,,171.3,,1019,,0.9,,0.3,,266,,65,,5.8,,18.7,,20.2,,17.2,
2005-06-24,175,20.6,,28.3,,11.9,,65,,94,,34,,13.1,,17.3,,9.9,,0,,25.6,,52.6,,159,,1019,,1.3,,1,,220,,37,,7.2,,19.4,,20.9,,17.9,
2005-06-25,176,24.2,,31.8,,16.4,,66,,89,,37,,17,,22.4,,14.4,,0,,27.2,,56.4,,182,,1017,,1.2,,0.9,,229,,36,,6.4,,20.5,,22.3,,18.8,
2005-06-26,177,24,,32.6,,18.8,,79,,99,,46,,19.7,,23.9,,16.7,,11.4,,22.7,,46.9,,152.5,,1021,,0.8,,0.1,,206,,70,,7.6,,21.5,,23.8,,20,
2005-06-27,178,24,,30.3,,18,,79,,99,,38,,19.6,,24.2,,14.4,,0,,25.5,,53.2,,176.3,,1024,,1.1,,0.8,,199,,42,,6.6,,22.3,,23.9,,20.9,
2005-06-28,179,21.9,,23.7,,20.9,,96,,100,,84,,21.3,,22.4,,20.5,,16,,6.3,,14,,23,,1019,,1.4,,0.9,,164,,48,,5.7,,22.4,,23.1,,21.9,
2005-06-29,180,21.5,,26.9,,19.1,,97,,100,,75,,21,,23.6,,18.9,,10.4,,7.7,,16.2,,39.5,,1016,,1.1,,0.8,,211,,40,,14,,22.1,,22.6,,21.5,
2005-06-30,181,21.8,,27.4,,19.4,,93,,100,,63,,20.5,,22.5,,18.8,,12.7,,13,,26.9,,80.5,,1014,,0.9,,0.2,,136,,65,,4.8,,22.2,,23.2,,21.3,
2005-07-01,182,20.5,,26,,17.2,,91,,99,,67,,18.8,,21.1,,17,,6.9,,14.8,,30.4,,85.6,,1009,,1.3,,0.9,,137,,45,,5.9,,22.3,,23.2,,21.5,
2005-07-02,183,18.5,,24.3,,12.4,,76,,100,,34,,13.6,,18.7,,6.3,,0.3,,24.3,,48.8,,147.6,,1011,,1.1,,0.5,,309,,60,,7.3,,22.2,,23.4,,21.2,
2005-07-03,184,18.6,,25.4,,11.8,,65,,92,,34,,11.1,,15.3,,6.9,,0,,27.9,,58.2,,180,,1021,,1.2,,0.7,,107,,53,,5.9,,21.6,,23.1,,20.1,
2005-07-04,185,19.5,,26.4,,11.3,,64,,96,,30,,11.6,,15.8,,6.1,,0,,28.2,,57.9,,183.5,,1020,,1,,0.5,,201,,57,,5.5,,21.7,,23.2,,20.2,
2005-07-05,186,21.2,,26.7,,15.3,,77,,96,,66,,17,,21.5,,11.1,,0,,23.1,,47.9,,162.2,,1016,,1.5,,1.2,,203,,35,,7.8,,22,,23.5,,20.5,
2005-07-06,187,19.6,,25.6,,15.3,,95,,100,,69,,18.7,,21.2,,15.1,,15,,7.4,,15.1,,36.5,,1015,,1.4,,0.9,,89,,48,,8.5,,22.2,,23,,21.5,
2005-07-07,188,15.9,,19.3,,14,,90,,99,,74,,14.2,,15.8,,12.4,,0.3,,8.8,,16.4,,45.3,,1021,,1.3,,1.1,,69,,32,,6.4,,21.1,,21.9,,20.6,
2005-07-08,189,13.9,,15.2,,12.2,,96,,99,,86,,13.3,,14.9,,11.9,,31.2,,4.1,,8.3,,11.7,,1019,,2.2,,1.9,,74,,28,,9.1,,20,,21.1,,18.8,
2005-07-09,190,16,,22.9,,11.9,,92,,99,,64,,14.5,,18.2,,11.7,,4.8,,12.5,,22.7,,75.5,,1014,,1.1,,0.6,,273,,53,,7.6,,19.2,,20.3,,18.3,
2005-07-10,191,21.6,,29.9,,15,,71,,99,,29,,15.3,,19.8,,9.4,,0,,25.7,,48.8,,171.1,,1015,,1,,0.6,,284,,46,,8.3,,20.5,,22.3,,19,
2005-07-11,192,24.1,,30.4,,19,,63,,83,,32,,16.2,,21.3,,11,,0,,25.6,,47.9,,173.9,,1016,,1.1,,0.5,,319,,55,,6.8,,21.8,,23.3,,20.5,
2005-07-12,193,21.5,,27.6,,15.9,,72,,93,,47,,15.9,,19.9,,12.4,,0,,23.1,,44.6,,156.9,,1018,,1.5,,0.9,,118,,49,,6.1,,22,,23.2,,20.8,
2005-07-13,194,19.1,,22.2,,16.4,,84,,99,,64,,16.2,,18.5,,13.2,,0,,12.2,,23.9,,92.3,,1017,,1.2,,1,,212,,34,,5.8,,21.9,,22.6,,21.1,
2005-07-14,195,21.7,,27.3,,18,,88,,100,,67,,19.5,,22.6,,16.1,,0,,14.7,,29,,105.3,,1017,,1.3,,1.1,,213,,36,,7.7,,21.8,,22.9,,21,
2005-07-15,196,23.7,,29.7,,20.2,,81,,100,,51,,19.8,,22.3,,17.1,,0,,18.9,,37.6,,141.4,,1020,,1.1,,0.5,,108,,61,,4.9,,22.6,,23.8,,20.5,
2005-07-16,197,23.1,,27.4,,20.2,,86,,99,,62,,20.4,,22.5,,19,,0,,13.8,,26.8,,102,,1022,,1.2,,0.8,,180,,44,,6.2,,22.8,,23.7,,22,
2005-07-17,198,22.3,,26.3,,20.6,,95,,100,,78,,21.5,,23.4,,20.1,,14,,6.2,,11.8,,32.1,,1019,,1.4,,1.3,,177,,27,,5.7,,22.6,,23.3,,22.1,
2005-07-18,199,23.4,,29.1,,20.5,,93,,99,,66,,22.1,,24.3,,20,,13,,12.5,,23.6,,92.3,,1017,,1.3,,0.9,,194,,41,,7,,23,,24.1,,22.2,
2005-07-19,200,24.4,,31.1,,19.9,,90,,100,,60,,22.5,,25.4,,19.8,,4.8,,19.3,,35.8,,131.5,,1014,,0.9,,0.6,,225,,49,,9.4,,23.8,,25.2,,22.7,
2005-07-20,201,22.6,,28.9,,17.2,,77,,99,,39,,17.9,,20.9,,13.1,,0,,24.5,,45,,163.8,,1016,,0.8,,0.3,,328,,58,,5.7,,23.9,,25.1,,22.6,
2005-07-21,202,21.8,,28.1,,16.1,,77,,97,,43,,17.1,,21.6,,12.9,,0,,21.6,,39.8,,135.6,,1015,,0.7,,0.2,,322,,64,,4.2,,23.6,,24.6,,22.5,
2005-07-22,203,22.8,,29.5,,16.9,,77,,98,,45,,18.3,,22.5,,15.8,,0.3,,21.6,,40.2,,141.2,,1014,,0.8,,0.3,,293,,63,,6.1,,23.3,,24.5,,22,
2005-07-23,204,20,,25.5,,14.8,,66,,98,,32,,12.5,,16.9,,7,,0,,27,,49.5,,164.9,,1015,,1.1,,0.7,,338,,48,,7.8,,23.2,,24.3,,22,
2005-07-24,205,19.8,,26.8,,12.9,,66,,88,,37,,12.7,,17.4,,8.9,,0,,26.5,,49.8,,170.9,,1017,,1,,0.2,,324,,69,,6.4,,22.4,,23.6,,21.1,
2005-07-25,206,22.2,,29.3,,18.8,,77,,95,,52,,17.9,,22.2,,14.2,,0,,15.1,,27.8,,93.8,,1009,,1.5,,0.9,,219,,50,,9.9,,22.5,,23.4,,21.6,
2005-07-26,207,24.4,,31.4,,17,,67,,93,,36,,17.4,,22.8,,13.2,,0,,24.7,,47.3,,163.4,,1011,,1.4,,0.9,,199,,48,,7.7,,22.6,,24,,21.2,
2005-07-27,208,24.4,,31.5,,16.6,,82,,99,,55,,20.9,,24.4,,16.2,,26.4,,23.2,,45,,155.2,,1010,,1.5,,0.9,,229,,50,,11,,NA,M,NA,M,NA,M
2005-07-28,209,17.7,,24.1,,13.4,,82,,98,,52,,14.3,,17.4,,11.9,,0,,16.9,,31.4,,88.1,,1017,,1,,0.7,,74,,46,,4.7,,NA,M,NA,M,NA,M
2005-07-29,210,19.4,,26.5,,12.4,,76,,100,,44,,14.6,,18.1,,11.8,,0,,23.6,,44.3,,147.4,,1021,,1,,0.3,,270,,63,,6.4,,NA,M,NA,M,NA,M
2005-07-30,211,20.6,,27.2,,14.4,,71,,97,,40,,14.7,,18.9,,11.7,,0,,23,,44.4,,142.3,,1024,,1.1,,0.8,,79,,42,,6.2,,22.9,,25.1,,20.8,
2005-07-31,212,17,,21.4,,15.5,,90,,97,,74,,15.3,,17.9,,13.3,,6.3,,8.9,,17.3,,33.9,,1025,,1.7,,1.4,,89,,31,,6.3,,21.9,,23.3,,21.1,
2005-08-01,213,19.9,,25.6,,16.3,,90,,99,,68,,18.1,,20.7,,15.8,,9.1,,12.1,,21.2,,71,,1019,,1.3,,1,,197,,38,,5.3,,21.9,,23.5,,20.5,
2005-08-02,214,22.4,,29,,18.1,,81,,100,,40,,18.5,,21.3,,12.9,,0,,23.4,,45.5,,157.5,,1016,,0.8,,0.5,,287,,50,,6.1,,23.4,,26,,21.1,
2005-08-03,215,23.1,,29.7,,18.1,,77,,94,,47,,18.5,,22.5,,15.7,,0,,19.8,,38.8,,124.9,,1016,,0.8,,0.3,,2,,64,,5.2,,23.9,,25.9,,21.9,
2005-08-04,216,24.4,,30.3,,18.8,,73,,94,,48,,18.9,,22.5,,16.3,,0,,23.8,,47.5,,154.9,,1018,,1.5,,0.8,,143,,57,,7.6,,24.2,,26.5,,22.1,
2005-08-05,217,23.4,,30,,18,,76,,99,,48,,18.7,,23.2,,14,,0,,17.3,,34.5,,117.1,,1016,,1.2,,0.7,,238,,50,,7.7,,24.5,,26.4,,23,
2005-08-06,218,20.5,,27.2,,15.4,,68,,93,,32,,13.7,,17.7,,7.9,,0,,24,,47.1,,146.9,,1022,,0.9,,0.4,,6,,60,,4.9,,23.7,,25.8,,21.9,
2005-08-07,219,21,,27.4,,14.7,,81,,99,,57,,17.3,,21.3,,14.2,,0,,19.5,,38,,110.4,,1022,,1.1,,0.7,,204,,49,,6,,23.1,,24.9,,21.5,
2005-08-08,220,23.3,,30.4,,18.4,,82,,100,,41,,19.7,,22.2,,15.2,,0,,19.9,,38.8,,134,,1022,,0.9,,0.6,,215,,41,,4.8,,23.7,,25.7,,21.8,
2005-08-09,221,22.2,,27,,18.7,,82,,97,,59,,18.8,,21.1,,16.7,,0,,15,,29.9,,90.3,,1019,,1.1,,0.8,,206,,36,,6.5,,23.7,,25,,22.5,
2005-08-10,222,23.4,,29.6,,17.7,,76,,98,,46,,18.6,,21.5,,16.3,,0,,23.7,,46.9,,150.2,,1016,,1.1,,0.8,,207,,41,,4.4,,23.7,,25.8,,21.8,
2005-08-11,223,23,,29.9,,18.9,,82,,99,,44,,19.2,,21.6,,15.6,,0,,19.1,,38.1,,119.4,,1014,,0.9,,0.3,,296,,64,,6.4,,23.9,,25.6,,22.3,
2005-08-12,224,24,,29.8,,18.7,,75,,94,,46,,19,,22.6,,15.3,,0,,17.4,,35.2,,118.8,,1017,,1.5,,0.7,,138,,58,,6.8,,23.9,,25.5,,22.3,
2005-08-13,225,25.1,,30.9,,21.5,,84,,99,,52,,21.8,,23.8,,19.5,,2.8,,18.6,,37.2,,132,,1013,,1,,0.5,,260,,53,,7.2,,24.7,,26.6,,23,
2005-08-14,226,23.3,,30.7,,17.9,,87,,100,,55,,20.7,,23.8,,17.8,,41.2,,14.4,,28.4,,99.5,,1015,,1,,0.3,,90,,64,,13.4,,24.3,,26.9,,23,
2005-08-15,227,17.3,,19.5,,14.8,,96,,100,,85,,16.8,,18.2,,14.8,,8.1,,5.9,,12,,19.4,,1020,,1.3,,1.2,,69,,30,,7.3,,22.7,,24,,21.6,
2005-08-16,228,18.6,,24.7,,12.4,,84,,100,,56,,15.6,,18.1,,12.5,,0.3,,21,,42.1,,130,,1019,,0.9,,0.4,,210,,57,,5.2,,22.2,,24,,20.3,
2005-08-17,229,19.8,,26.4,,14.8,,74,,100,,42,,14.6,,17.8,,7.7,,0,,20,,40.4,,122.7,,1014,,0.8,,0.3,,324,,57,,4.8,,22.6,,24.3,,20.9,
2005-08-18,230,17,,23.9,,10.9,,68,,94,,39,,10.6,,15,,6,,0,,21,,43.4,,130.2,,1019,,0.9,,0.2,,3,,67,,5.7,,21.9,,23.6,,20.2,
2005-08-19,231,18.4,,23.9,,13,,74,,97,,51,,13.4,,17.1,,11.4,,0,,14.3,,30,,90.9,,1021,,1.4,,1,,119,,44,,5.5,,21.6,,22.8,,20.3,
2005-08-20,232,19.4,,22.1,,15.7,,86,,96,,76,,17,,20.1,,12.3,,0,,4.6,,9.9,,22.6,,1017,,1.4,,1,,133,,41,,5.4,,21.2,,21.9,,20.4,
2005-08-21,233,22.1,,29.5,,15.8,,86,,100,,52,,19.4,,24.8,,12.3,,1.8,,12.1,,26.2,,79,,1010,,1.2,,0.6,,219,,57,,6.1,,22.1,,24,,20.9,
2005-08-22,234,18.9,,26.7,,12.5,,72,,95,,36,,13.2,,18,,9.7,,0,,20.7,,43.5,,134.1,,1011,,1,,0.4,,320,,63,,7,,22,,23.8,,20.3,
2005-08-23,235,16.7,,23.3,,11.7,,78,,98,,42,,12.4,,15.5,,9.4,,0,,17,,34.5,,101.8,,1015,,0.8,,0.4,,321,,59,,6.1,,21.2,,22.6,,19.8,
2005-08-24,236,16.6,,22.7,,12.6,,77,,98,,45,,12.3,,15.7,,9,,0,,18.5,,38.1,,108.2,,1020,,0.8,,0.5,,330,,48,,6.9,,21,,22.5,,19.7,
2005-08-25,237,17.5,,25,,11.2,,73,,98,,38,,12,,15.5,,9.2,,0,,22.7,,46.3,,134.5,,1023,,1,,0.6,,346,,49,,6,,20.6,,22.5,,18.9,
2005-08-26,238,18.8,,26.3,,12.3,,70,,94,,33,,12.5,,17.3,,7.3,,0,,21.5,,43.3,,123.7,,1020,,0.9,,0.2,,26,,70,,4.2,,20.8,,22.7,,19,
2005-08-27,239,20,,26.8,,14.2,,74,,99,,41,,14.6,,17.2,,10.6,,0,,21.5,,42.7,,126.8,,1018,,1.4,,1,,180,,45,,7.7,,21,,22.8,,19.3,
2005-08-28,240,20.3,,24,,17.7,,92,,99,,69,,18.9,,20.7,,16.5,,5.8,,6.8,,13.8,,21.9,,1017,,1.8,,1.3,,153,,41,,8.3,,21.1,,21.9,,20.2,
2005-08-29,241,22.4,,28.1,,20.2,,90,,99,,59,,20.5,,23,,18.5,,2.3,,12.5,,25.4,,69.8,,1017,,1.4,,1.1,,176,,32,,5.9,,22,,23.6,,20.6,
2005-08-30,242,21.3,,23.2,,20.2,,97,,100,,91,,20.9,,22.2,,20,,5.1,,6.1,,12.4,,14.1,,1015,,1.1,,0.9,,138,,37,,4.8,,22.2,,23.1,,21.5,
2005-08-31,243,22.9,,26.9,,18,,92,,99,,77,,21.6,,24.1,,17.6,,10.4,,8.2,,16.9,,40.1,,1004,,3.3,,2.8,,175,,32,,14,,22.3,,23.3,,21.5,
2005-09-01,244,19.6,,25.5,,14.5,,81,,99,,47,,15.7,,18,,12.8,,0,,18.9,,36.9,,105.7,,1008,,1.1,,0.7,,269,,50,,7.6,,22.4,,23.8,,21,
2005-09-02,245,19.5,,26.8,,12.8,,78,,100,,45,,15,,19.1,,11.9,,0,,20.5,,40.5,,120.6,,1012,,0.9,,0.4,,256,,61,,6.8,,21.8,,23.6,,20,
2005-09-03,246,17.8,,24.2,,12.4,,75,,98,,42,,12.9,,16.8,,10.3,,0,,19.4,,38,,107.4,,1015,,0.9,,0.4,,320,,59,,6.7,,21.4,,22.9,,19.9,
2005-09-04,247,17.7,,24.3,,12.9,,74,,98,,42,,12.5,,15.3,,9.8,,0,,21,,41.5,,116.4,,1021,,1,,0.6,,350,,50,,7.8,,21,,22.7,,19.4,
2005-09-05,248,16.1,,24,,8.9,,72,,98,,38,,10.5,,14.4,,7.7,,0,,21.8,,42.7,,115.4,,1029,,0.9,,0.5,,44,,55,,5.6,,20.3,,22,,18.6,
2005-09-06,249,17.3,,25.1,,10.5,,78,,99,,45,,12.8,,17.1,,10.1,,0,,20.6,,40.7,,110.9,,1031,,0.8,,0,,280,,77,,3.8,,20.1,,22,,18.4,
2005-09-07,250,18.4,,27,,11.8,,76,,100,,33,,13.3,,17.1,,8.6,,0,,20.8,,40.7,,112.1,,1026,,0.6,,0.1,,269,,66,,3.8,,20.1,,22,,18.4,
2005-09-08,251,19.3,,27.2,,13,,74,,100,,38,,13.9,,17,,10.4,,0.3,,20.7,,40.1,,115.2,,1018,,0.8,,0.3,,237,,62,,7.4,,20.3,,22.1,,18.6,
2005-09-09,252,17.6,,23.7,,13.4,,70,,96,,31,,11.5,,14.7,,4.9,,0,,18.6,,35.8,,92.2,,1018,,0.9,,0.5,,350,,52,,6.5,,20.3,,21.6,,19.1,
2005-09-10,253,14.2,,21.1,,8.7,,66,,97,,30,,7.3,,10.5,,1.6,,0,,21.8,,42.1,,102.5,,1023,,1,,0.6,,351,,51,,8,,19.3,,20.8,,17.8,
2005-09-11,254,14.1,,21.5,,5.8,,69,,97,,33,,7.8,,12.3,,2.7,,0,,21,,40.6,,100.2,,1026,,0.9,,0.4,,235,,55,,5.3,,18.3,,20,,16.6,
2005-09-12,255,20.7,,29.6,,13.3,,74,,95,,45,,15.5,,19.3,,11.3,,0,,19.3,,37.9,,102.1,,1017,,1.1,,0.7,,268,,48,,7.6,,19.1,,21.1,,17.3,
2005-09-13,256,23.1,,30.1,,17.2,,77,,98,,42,,18.4,,21,,15.4,,0,,19,,37.4,,102.9,,1017,,1,,0.4,,156,,61,,4.9,,20.3,,22.2,,18.6,
2005-09-14,257,22.6,,28.7,,17.2,,77,,98,,43,,18,,21.1,,14.1,,0,,18.7,,36.6,,100.9,,1017,,1.5,,1.1,,197,,41,,7.6,,20.9,,22.3,,19.4,
2005-09-15,258,20.8,,24.3,,17.8,,97,,100,,85,,20.2,,22.8,,17.8,,12.7,,5.3,,10.6,,7.7,,1020,,1,,0.3,,186,,62,,6,,21.3,,22.1,,20.5,
2005-09-16,259,17.7,,19,,16.2,,99,,100,,96,,17.5,,18.5,,16,,0,,4.2,,8.5,,15.5,,1020,,2,,1.7,,84,,27,,7.3,,20.4,,21.2,,19.7,
2005-09-17,260,18.6,,24.8,,15.9,,93,,99,,66,,17.3,,20.4,,15.7,,7.9,,11,,21.5,,63.6,,1014,,1,,0.3,,38,,64,,6,,20.5,,22,,19.2,
2005-09-18,261,16.5,,20.5,,12.9,,91,,100,,71,,14.8,,16.8,,12.8,,0,,9.9,,18.7,,36.3,,1015,,0.7,,0.3,,309,,57,,4.9,,20.1,,21,,18.9,
2005-09-19,262,17.3,,25.5,,11.9,,82,,100,,40,,13.5,,16.9,,10.1,,0.3,,18.8,,35.5,,97.3,,1022,,0.8,,0.1,,295,,69,,4.7,,19.6,,21.4,,17.9,
2005-09-20,263,18.3,,22.2,,14.8,,94,,99,,83,,17.3,,20.2,,12.6,,7.4,,4.2,,7.7,,-7.6,,1016,,1.7,,1.3,,205,,40,,9.6,,19.5,,20.3,,18.8,
2005-09-21,264,17.3,,24.7,,11.7,,75,,96,,44,,12.3,,15.9,,9.6,,0.3,,16.2,,35.4,,88.6,,1016,,1.2,,0.6,,264,,57,,7.4,,19.1,,20.8,,17.5,
2005-09-22,265,19.1,,26.3,,11.9,,66,,98,,33,,11.7,,16.2,,8.3,,0,,16.1,,34.9,,91.3,,1017,,1.5,,0.9,,191,,52,,9.3,,19.2,,20.9,,17.6,
2005-09-23,266,17.9,,25.3,,11.4,,79,,98,,56,,13.9,,18.8,,5.3,,0,,6.7,,14.4,,17.3,,1017,,1.1,,0.3,,244,,66,,7.9,,19.3,,20.4,,18.3,
2005-09-24,267,12.2,,20.1,,5.8,,67,,94,,29,,5.5,,9.5,,-0.3,,0,,16.8,,35,,77.5,,1026,,0.9,,0.3,,30,,61,,6.5,,17.8,,19.3,,16.3,
2005-09-25,268,12.7,,16,,6.8,,86,,98,,71,,10.3,,14.9,,6.5,,0,,3.3,,7.1,,5.3,,1023,,1.6,,1.3,,190,,35,,7.7,,16.6,,17.6,,15.7,
2005-09-26,269,17.8,,19.3,,15.7,,95,,100,,79,,17,,19.2,,14.7,,16.8,,3.1,,6.6,,10.9,,1010,,2.6,,2.2,,206,,35,,13.3,,17.3,,18.3,,16.5,
2005-09-27,270,14.5,,19,,7.2,,80,,100,,45,,10.7,,18.9,,4.9,,0.3,,12.9,,24.3,,55.2,,1012,,1.2,,0.7,,325,,53,,7.3,,18,,19.1,,17,
2005-09-28,271,13.5,,20.2,,6.3,,72,,97,,38,,7.9,,12.2,,4.4,,0,,17,,31.2,,77.7,,1021,,1.5,,0.9,,164,,49,,8.9,,17.1,,18.6,,15.6,
2005-09-29,272,13.1,,20.3,,4.5,,83,,99,,62,,10.2,,16.8,,2.4,,15.5,,5.8,,10.3,,-1.2,,1012,,2.8,,1.9,,189,,45,,17.4,,16.9,,17.5,,15.7,
2005-09-30,273,8.5,,16.5,,3.5,,72,,97,,28,,2.8,,7.3,,-3.6,,0,,16,,28.7,,70.7,,1020,,0.8,,0.3,,350,,65,,6.9,,15.6,,16.9,,14.5,
2005-10-01,274,12.2,,19.9,,5.3,,77,,99,,45,,7.8,,10.8,,5,,0,,16.2,,29.1,,70.2,,1024,,1.1,,0.5,,193,,56,,6.4,,15.5,,17,,14.1,
2005-10-02,275,15.1,,24.6,,8.4,,78,,100,,29,,10.6,,15.2,,4.8,,0.3,,16,,28.1,,70.5,,1028,,0.9,,0.3,,51,,62,,3.8,,16,,17.7,,14.4,
2005-10-03,276,15.4,,22.3,,9.9,,86,,100,,55,,12.8,,16.2,,9.8,,0,,16.2,,27.8,,70.4,,1030,,0.9,,0.1,,141,,72,,4.9,,16.6,,18.2,,15,
2005-10-04,277,16.4,,23.6,,13.4,,87,,100,,49,,13.9,,16.1,,11.7,,0.3,,14,,24.9,,69.3,,1027,,0.9,,0.4,,215,,60,,4.1,,17.2,,18.8,,16.1,
2005-10-05,278,18.5,E,24.1,E,12.9,E,NA,M,NA,M,NA,M,NA,M,NA,M,NA,M,0.3,,NA,M,NA,M,NA,M,1025,,NA,M,NA,M,NA,M,NA,M,NA,M,17.6,,19.1,,16.4,
2005-10-06,279,18.6,,24,,15.5,,85,,96,,56,,15.8,,17.6,,13.4,,0,,13.5,,24.6,,75.7,,1023,,1.3,,1.1,,206,,34,,7.6,,18.3,,19.7,,17.3,
2005-10-07,280,19.9,,22.9,,17.8,,90,,96,,70,,18,,19.2,,16.6,,6.6,,5,,9.1,,16.5,,1018,,2.1,,1.9,,177,,29,,10.7,,18.8,,19.4,,18.1,
2005-10-08,281,16.8,,20.7,,7.9,,95,,97,,92,,16.1,,19.9,,7.3,,104.9,,1,,2.2,,-2.6,,1009,,2.6,,0.9,,137,,65,,12.3,,18.7,,19.8,,16.5,
2005-10-09,282,9.7,,12.8,,7.2,,94,,96,,87,,8.7,,11.1,,6.5,,19,,5.1,,9.4,,20,,1013,,1.6,,1.3,,52,,36,,14.2,,15.9,,16.9,,15,
2005-10-10,283,10.8,,11.7,,9.9,,95,,96,,93,,10,,11,,9.3,,2.8,,2.3,,4.3,,0.9,,1018,,1,,0.8,,64,,34,,5.5,,16,,16.3,,15.6,
2005-10-11,284,11.6,,13.3,,9.2,,94,,96,,90,,10.7,,12.2,,8.2,,1.5,,2.7,,4.9,,0.2,,1020,,1.7,,1.4,,67,,31,,11.5,,15.9,,16.4,,15.6,
2005-10-12,285,8.2,,9.4,,7,,92,,94,,90,,7,,8.5,,6.1,,10.4,,1.6,,3,,-6.9,,1024,,3.4,,3,,72,,29,,14.1,,14.8,,15.9,,14.1,
2005-10-13,286,9.9,,10.7,,8.8,,94,,96,,90,,9.1,,10.1,,7.5,,3.8,,1.5,,2.8,,0.8,,1024,,3,,2.7,,76,,28,,12.4,,14.2,,14.4,,13.8,
2005-10-14,287,11.9,,13.3,,10.5,,96,,96,,94,,11.3,,12.5,,9.8,,44.4,,2,,3.6,,3.4,,1015,,2.4,,2.1,,68,,28,,9.5,,14.3,,14.8,,13.9,
2005-10-15,288,11.9,,14.2,,6.9,,92,,96,,74,,10.7,,13.5,,4.6,,31.7,,3.3,,5.7,,-12.4,,1001,,1.7,,0.4,,356,,69,,11.7,,14.4,,15.1,,13.9,
2005-10-16,289,9.2,,11.4,,7.8,,74,,90,,65,,4.9,,6.7,,3.3,,0,,4.6,,7.4,,5.8,,996,,2.9,,2.5,,265,,32,,14.1,,13.5,,14.2,,13,
2005-10-17,290,8.6,,13.3,,5.4,,74,,90,,56,,4.1,,6.8,,3.2,,0,,11.2,,19.9,,42.2,,1001,,2,,1.6,,270,,35,,11.5,,13.1,,14.1,,12.4,
2005-10-18,291,9.2,,14.5,,5,,83,,95,,67,,6.5,,10.2,,3.6,,1.5,,4.4,,7.1,,2.9,,1003,,1.5,,1.3,,253,,34,,9.3,,12.8,,13.4,,12.2,
2005-10-19,292,11.1,,16,,7.4,,71,,90,,50,,5.9,,8.7,,3.5,,0,,10.2,,18.3,,33.9,,1008,,1.8,,1.4,,234,,41,,11.2,,13.1,,14.1,,12.3,
2005-10-20,293,6,,10.5,,2,,69,,93,,43,,0.4,,4.2,,-2.2,,0,,9,,16.1,,9.3,,1013,,1.4,,0.9,,296,,45,,8.8,,12.6,,13.4,,11.5,
2005-10-21,294,5.6,,13.1,,0.5,,73,,97,,36,,0.6,,4.1,,-2.7,,0,,12.3,,22,,29.2,,1016,,1,,0.4,,16,,63,,6.8,,11.5,,12.6,,10.5,
2005-10-22,295,4,,6.3,,0.3,,84,,95,,69,,1.6,,3.8,,-2.2,,9.1,,2.4,,4.1,,-0.4,,1009,,2.2,,2,,75,,26,,10.4,,10.7,,11.4,,10.2,
2005-10-23,296,4.4,,6.6,,2,,92,,96,,82,,3.2,,4.2,,1.4,,9.4,,4.5,,7.9,,9.2,,1003,,1.4,,0.7,,349,,55,,12,,10.4,,11.1,,9.8,
2005-10-24,297,4.6,,6.1,,3.1,,91,,96,,80,,3.3,,5.3,,1.8,,9.9,,2.2,,3.9,,2.4,,1014,,1.4,,1.2,,71,,31,,10.9,,10.6,,10.9,,10.2,
2005-10-25,298,3.7,,6.6,,-0.1,,93,,97,,90,,2.8,,5.6,,-0.5,,40.1,,1.4,,2.6,,-3.3,,998,,3,,2.2,,54,,41,,17.8,,9.7,,10.5,,8.6,
2005-10-26,299,2.2,,6.9,,-0.6,,85,,97,,59,,-0.2,,1.3,,-1.5,,1.3,,8,,14.1,,33.3,,1001,,1.7,,1.3,,292,,37,,14.1,,8.9,,9.5,,8.5,
2005-10-27,300,2,,6.4,,-1.3,,81,,97,,59,,-1.1,,1.6,,-2.5,,0,,4.8,,8.7,,8.2,,1018,,0.7,,0.5,,287,,40,,6.4,,8.2,,8.8,,7.5,
2005-10-28,301,1.1,,3.7,,-2.1,,71,,93,,51,,-3.9,,-1.3,,-6,,0,,4.1,,7.3,,4.1,,1024,,0.8,,0.5,,17,,46,,5.1,,7.9,,8.4,,7.4,
2005-10-29,302,2.3,,6.6,,-0.3,,65,,74,,44,,-3.8,,-1,,-6,,0,,6.4,,11.4,,18.7,,1018,,1,,0.7,,323,,45,,7.1,,7.7,,8.4,,7,
2005-10-30,303,8.1,,17,,0.4,,64,,85,,31,,1.2,,5,,-3.3,,0,,12.1,,22.4,,23.5,,1016,,1.4,,1.1,,290,,38,,9.3,,8,,9.2,,6.9,
2005-10-31,304,10.9,,18.4,,4.8,,53,,82,,27,,1.1,,4.4,,-1.6,,0,,11.7,,21.1,,27.5,,1018,,0.9,,0.7,,245,,34,,7.1,,8.4,,9.6,,7.3,
2005-11-01,305,12.2,,18.7,,5.7,,57,,85,,32,,3.4,,7.9,,0.5,,0,,10.5,,19.1,,20.1,,1013,,2.1,,1.7,,204,,35,,12.4,,9.1,,10.1,,8.1,
2005-11-02,306,6.8,,11.7,,0.6,,67,,94,,33,,0.5,,7.1,,-5.3,,1,,10.6,,18.8,,13.5,,1012,,1.5,,1.2,,282,,37,,13.1,,9.4,,10.2,,8.5,
2005-11-03,307,8.3,,15.7,,-1,,62,,94,,38,,0.8,,4.2,,-2.8,,0,,9.6,,17.8,,14.2,,1013,,2.3,,1.8,,221,,37,,16.2,,8.5,,9.4,,7.5,
2005-11-04,308,11.4,,19.7,,5.5,,68,,93,,35,,4.8,,7.1,,3,,0,,9.7,,17.3,,17.9,,1015,,1.7,,1,,124,,49,,8.6,,9.2,,10.4,,8.2,
2005-11-05,309,13.5,,20.6,,7.5,,73,,94,,42,,8.3,,10,,6.3,,0,,9.4,,17.1,,25.9,,1015,,0.9,,0.6,,187,,50,,7,,10.1,,11.3,,9.1,
2005-11-06,310,10.5,,13.5,,7.5,,92,,96,,77,,9.2,,12.5,,6.7,,4.6,,3.4,,6,,7,,1014,,2,,1.3,,123,,46,,11,,10.4,,11,,9.8,
2005-11-07,311,8.5,,12.2,,3.8,,61,,93,,32,,0.9,,9.8,,-4.7,,0.3,,9.6,,17.2,,7.8,,1014,,2.2,,1.9,,269,,28,,13.7,,10.5,,11.1,,9.5,
2005-11-08,312,7.7,,13.6,,3.4,,57,,75,,39,,-0.3,,5,,-3.6,,0,,6.7,,11.8,,8.9,,1015,,1.6,,1.2,,266,,41,,10.9,,9.6,,10.5,,9.1,
2005-11-09,313,3.7,,11.4,,-1.2,,73,,96,,42,,-1.1,,10.8,,-7.5,,10.7,,4.8,,8.8,,4.3,,1015,,2.1,,1.5,,112,,42,,11.7,,8.6,,9.4,,8,
2005-11-10,314,4.8,,11.7,,-1.7,,68,,97,,47,,-0.9,,11.2,,-7.2,,3.8,,4,,7.3,,-5,,1002,,2.8,,2.4,,270,,31,,14.1,,8.9,,9.3,,8,
2005-11-11,315,-0.9,,3.8,,-4.7,,63,,84,,36,,-7.6,,-5,,-10.7,,0,,11.2,,19.9,,14,,1012,,1.6,,1.2,,278,,40,,10.3,,7.5,,8.3,,6.6,
2005-11-12,316,2.3,,10.7,,-5.4,,65,,90,,35,,-4.1,,0.8,,-8.3,,0,,9.8,,18.6,,10,,1021,,1,,0.4,,233,,62,,5.2,,6.4,,7.3,,5.5,
2005-11-13,317,9.2,,15.3,,3.8,,70,,88,,40,,3.7,,8.4,,0.4,,0,,9,,16.6,,12.6,,1020,,2.6,,2.3,,204,,27,,12.5,,7.2,,8.2,,6.2,
2005-11-14,318,9.1,,13.8,,1.6,,64,,93,,29,,1.9,,8.7,,-4.7,,0.3,,9.9,,18.3,,8.3,,1021,,2.1,,1.4,,253,,47,,11.3,,8.5,,9.4,,7.8,
2005-11-15,319,5,,8.2,,1.2,,85,,96,,55,,2.5,,7.6,,-3.9,,3.6,,0.8,,1.5,,-7.8,,1026,,2.8,,2.6,,85,,23,,9.3,,7.7,,8.1,,7.3,
2005-11-16,320,12.1,,18.5,,5.3,,92,,97,,76,,10.8,,15.4,,4.6,,25.9,,1.7,,3.2,,2.5,,1013,,3.5,,1.9,,172,,55,,15.4,,9.1,,10.4,,7.8,
2005-11-17,321,1.5,,5.4,,-3.2,,72,,97,,43,,-3.5,,4.8,,-9.6,,4.8,,9.2,,16.9,,0.7,,1015,,2.2,,2,,273,,26,,11.4,,8.7,,9.9,,7.4,
2005-11-18,322,-2,,1.3,,-4.5,,51,,86,,21,,-11.7,,-4.5,,-19.1,,0,,9.7,,17.8,,-0.1,,1021,,1.7,,1.4,,279,,32,,11,,6.7,,7.7,,5.8,
2005-11-19,323,-1.4,,3.9,,-6.7,,64,,83,,41,,-7.6,,-5.2,,-10.6,,0,,9,,16.8,,-0.4,,1024,,1.3,,0.8,,197,,49,,7.4,,5.5,,6.1,,4.8,
2005-11-20,324,4.2,,11,,-0.5,,54,,71,,33,,-4.7,,-2.2,,-6.7,,0,,8.8,,16.5,,2,,1018,,1.4,,1.2,,217,,32,,6.1,,5.3,,6.3,,4.5,
2005-11-21,325,6.7,,12.1,,0.5,,57,,94,,32,,-1.9,,6.2,,-4.6,,1.3,,7,,13.4,,9.3,,1009,,1.4,,1.1,,192,,34,,6.6,,5.7,,6.6,,4.8,
2005-11-22,326,3,,6.9,,-1.9,,91,,96,,74,,1.7,,6.1,,-5.8,,30.7,,0.6,,1.2,,-10.5,,984,,2.6,,1.5,,324,,53,,16.1,,6.3,,6.7,,5.7,
2005-11-23,327,-5,,-1.8,,-8.7,,68,,82,,50,,-10.1,,-5.2,,-12.6,,0,,5.1,,9.4,,-0.5,,995,,2.2,,1.9,,276,,30,,10.4,,5.2,,6,,4.2,
2005-11-24,328,-4.3,,0.1,,-9.5,,89,,97,,63,,-6,,-0.3,,-15.1,,4.6,,1.4,,2.6,,-15.9,,992,,2.4,,0.4,,169,,74,,12,,3.8,,4.5,,3.4,
2005-11-25,329,-7.3,,-0.9,,-12,,66,,83,,46,,-12.8,,-9.6,,-16.4,,0,,9,,16.8,,-42.4,,1014,,2.1,,1.8,,253,,26,,10.8,,4,,4.3,,3.6,
2005-11-26,330,-5.4,,-2.1,,-10.3,,83,,94,,58,,-8,,-5,,-12.1,,1,,2.2,,4.4,,-10.6,,1024,,0.9,,0.5,,180,,49,,6.4,,4.1,,4.3,,3.9,
2005-11-27,331,-0.8,,3,,-6,,81,,93,,66,,-3.7,,0.5,,-7,,0,,3.4,,6.4,,-1.8,,1025,,1.5,,1.4,,87,,25,,6.3,,4.2,,4.4,,4,
2005-11-28,332,4.8,,8.1,,0.7,,96,,97,,92,,4.2,,7.6,,0,,0,,1.9,,3.5,,10.8,,1025,,2.1,,1.9,,104,,27,,7.2,,4.4,,5.2,,3.8,
2005-11-29,333,13,,15.6,,8,,89,,97,,76,,11.2,,13.4,,7.4,,0,,2.2,,4.3,,8.4,,1020,,4.1,,3.7,,153,,24,,13.1,,6.5,,7.8,,4.9,
2005-11-30,334,11.4,,14.5,,3.4,,94,,96,,85,,10.5,,13.7,,2.8,,15.5,,0.9,,1.7,,-13.3,,1012,,2.5,,1.5,,188,,49,,14,,8.5,,9.1,,7.4,
2005-12-01,335,2.9,,6.4,,-0.3,,82,,96,,60,,0,,3,,-2.6,,0,,6.6,,13.1,,-1.9,,1008,,1,,0.5,,6,,52,,7,,7.3,,8.3,,6.7,
2005-12-02,336,0.1,,3.8,,-2.9,,78,,97,,50,,-3.4,,0.8,,-10.3,,0,,4.2,,7.8,,0.4,,997,,2.8,,2.6,,260,,24,,13.4,,6.6,,7.3,,5.7,
2005-12-03,337,-3.5,,-0.4,,-5.3,,56,,76,,40,,-11.2,,-7.2,,-13.7,,0,,6.5,,12.4,,-13.2,,1007,,3.7,,3.4,,270,,24,,18,,4.9,,6,,4,
2005-12-04,338,-5.1,,-3.2,,-7.8,,84,,96,,59,,-7.5,,-4.4,,-11.9,,1.5,,0.9,,1.8,,-20.2,,1008,,1.1,,0.7,,253,,49,,6.4,,3.8,,4.3,,3.4,
2005-12-05,339,-4.3,,-1.1,,-7.5,,80,,93,,62,,-7.2,,-5.4,,-9.3,,0,,4.3,,8.3,,-14.5,,1015,,1,,0.8,,261,,36,,4.5,,3.6,,3.9,,3.3,
2005-12-06,340,-4,,0.5,,-6.9,,64,,78,,47,,-9.8,,-7.7,,-14.1,,0,,4.8,,8.9,,-20.4,,1012,,1.7,,1.3,,285,,37,,9.3,,3.6,,3.9,,3.2,
2005-12-07,341,-7.4,,-4.2,,-10.6,,59,,79,,38,,-14.3,,-9.4,,-20.3,,0,,5.6,,10.3,,-33.2,,1018,,3.1,,2.8,,272,,25,,13.2,,2.8,,3.5,,2.3,
2005-12-08,342,-7.7,,-0.9,,-12.5,,56,,72,,30,,-15.5,,-11.4,,-17.9,,0,,8.1,,15.1,,-25.8,,1030,,1.2,,0.9,,293,,40,,7.7,,2.1,,2.6,,1.7,
2005-12-09,343,-4.7,,-2.8,,-7.3,,88,,97,,56,,-6.5,,-3.3,,-13.2,,17,,0.8,,1.6,,-14.4,,1012,,1.9,,0.4,,250,,71,,9.2,,1.8,,2.1,,1.6,
2005-12-10,344,-3.2,,0.5,,-8.6,,86,,97,,69,,-5.4,,-1.5,,-9.5,,0,,7,,13.2,,-23.9,,1010,,1.9,,1.5,,220,,34,,9.5,,2,,2.5,,1.6,
2005-12-11,345,-2.5,,2.6,,-6.9,,74,,96,,39,,-6.8,,-4,,-10.5,,0,,7.3,,14,,-26.6,,999,,1.1,,0.8,,239,,37,,8.6,,2.6,,3,,2.2,
2005-12-12,346,-3.3,,1.6,,-9.8,,74,,93,,48,,-7.5,,-3.9,,-12.9,,0,,4.7,,9.3,,-23.6,,1002,,1.6,,1.4,,277,,30,,8,,3,,3.2,,2.7,
2005-12-13,347,-12,,-7,,-15.6,,60,,81,,32,,-18.6,,-12.6,,-21.6,,0,,7.9,,15.2,,-43.2,,1018,,1.6,,1.2,,328,,38,,9.7,,3.1,,3.4,,2.9,
2005-12-14,348,-12.7,,-6.3,,-17.1,,54,,73,,32,,-20.4,,-18.3,,-21.9,,0,,7.6,,14.9,,-41.6,,1025,,1.3,,1,,324,,38,,7.3,,3.2,,3.4,,3,
2005-12-15,349,-9.6,,-2,,-17.6,,53,,78,,26,,-18.1,,-10.5,,-21.2,,0,,7.2,,14.6,,-17.9,,1022,,0.9,,0.2,,12,,66,,5.7,,3.2,,3.4,,3,
2005-12-16,350,-1.6,,2.4,,-5.1,,90,,98,,38,,-3.2,,1.8,,-17.1,,11.9,,0.9,,2,,-13.1,,1009,,3,,1.1,,72,,64,,13.7,,3.2,,3.4,,3,
2005-12-17,351,-2.6,,1.7,,-6.4,,75,,94,,45,,-6.7,,-3,,-9.5,,0,,8.6,,16,,-34.5,,1022,,1.8,,1.6,,271,,27,,9.3,,3.2,,3.4,,3,
2005-12-18,352,-4.2,,0.4,,-7.1,,77,,90,,55,,-7.9,,-6.7,,-8.9,,0,,5.6,,11.1,,-19.6,,1026,,0.7,,0.6,,259,,32,,5.3,,3.2,,3.4,,3,
2005-12-19,353,-5.9,,-1.5,,-8.8,,71,,91,,44,,-10.4,,-7.4,,-14.1,,0,,5.3,,10.4,,-25.1,,1016,,1.9,,1.7,,270,,22,,11.2,,3.2,,3.4,,2.9,
2005-12-20,354,-6.8,,-1.6,,-10.3,,69,,86,,46,,-11.8,,-10.1,,-13.1,,0,,7.5,,14.6,,-35.6,,1010,,2.2,,2,,270,,25,,11,,3,,3.3,,2.7,
2005-12-21,355,-8.4,,-3.3,,-13.9,,71,,93,,36,,-13.3,,-10.4,,-17.7,,0,,7.4,,14.6,,-28.6,,1015,,1.1,,0.8,,266,,41,,6.9,,2.7,,3.1,,2.4,
2005-12-22,356,-5.4,,-1,,-10,,70,,91,,46,,-10.2,,-6.9,,-13.3,,0,,5.6,,11.1,,-21.1,,1015,,1.8,,1.5,,241,,30,,7.8,,2.5,,2.8,,2.2,
2005-12-23,357,0.8,,5.5,,-3.4,,66,,85,,50,,-5.1,,-1.4,,-7.1,,0.5,,7,,13.9,,-10.4,,1009,,1.7,,1.5,,224,,31,,6.7,,2.5,,2.8,,2.3,
2005-12-24,358,2.7,,7.4,,-1,,71,,90,,51,,-2.2,,0,,-6.5,,0,,5.9,,11.9,,-9.6,,1010,,1.3,,0.7,,273,,50,,8,,2.7,,2.9,,2.4,
2005-12-25,359,3.1,,7.7,,-0.6,,86,,97,,69,,1,,4.3,,-1.9,,14,,3.8,,7.7,,-5.8,,1007,,2.1,,1.7,,100,,36,,9.5,,2.7,,2.9,,1.8,
2005-12-26,360,2.5,,5.7,,-2.7,,96,,98,,80,,1.8,,5.2,,-5.7,,19.3,,0.5,,1.3,,4.2,,990,,1.9,,0.7,,344,,62,,11,,2.1,,2.5,,1.4,
2005-12-27,361,-2.2,,2,,-4.9,,69,,88,,48,,-7.3,,-5.4,,-9.6,,0,,7.5,,14.4,,-18.8,,1002,,2.6,,2.2,,296,,31,,15.1,,2,,2.3,,1.6,
2005-12-28,362,-1.1,,4.6,,-6.7,,83,,95,,68,,-3.7,,3.7,,-7.5,,0,,4.3,,8.6,,-9.7,,1009,,1.3,,0.9,,175,,45,,7.4,,1.4,,2,,1.1,
2005-12-29,363,5.2,,7.1,,2.9,,97,,98,,94,,4.7,,6.6,,2.5,,11.9,,1.2,,2.6,,15.8,,997,,2.3,,1.8,,86,,37,,9,,1.8,,2.7,,1.1,
2005-12-30,364,-0.5,,4.3,,-6.9,,81,,98,,65,,-3.4,,3.9,,-9.7,,0.5,,5.4,,10.3,,-4.8,,1000,,2.5,,2.1,,307,,31,,14,,2.5,,2.9,,1.9,
2005-12-31,365,-5.5,,-1,,-9.3,,80,,94,,57,,-8.6,,-4.6,,-12.5,,0.8,,3.7,,7.4,,1,,1008,,1.4,,0.5,,79,,63,,6.8,,1.4,,2.2,,1,
2006-01-01,1,-4.2,,-2.2,,-5.9,,91,,96,,84,,-5.4,,-2.7,,-7.4,,0.5,,1.5,,3.1,,-8.7,,1013,,0.9,,0.3,,142,,64,,5.5,,1.2,,1.4,,1,
2006-01-02,2,-0.4,,3.7,,-4,,92,,98,,72,,-1.5,,0.2,,-4.4,,2.3,,3.4,,7.2,,-1.3,,1019,,0.7,,0.2,,115,,61,,3.9,,1.2,,1.5,,1,
2006-01-03,3,-2.3,,0,,-7.3,,94,,98,,79,,-3.2,,-0.4,,-10.3,,4.6,,0.6,,1.4,,-19.9,,1014,,2.6,,2.3,,68,,29,,10.7,,1.6,,1.9,,1.2,
2006-01-04,4,-5.4,,1.2,,-10.9,,82,,97,,59,,-8.1,,-3.9,,-12.9,,0,,6.8,,13.4,,-18.3,,1013,,1.2,,0.7,,74,,46,,7.3,,1.8,,2,,1.5,
2006-01-05,5,-1,,0.9,,-3.7,,98,,98,,96,,-1.4,,0.7,,-4.2,,3,,1.2,,2.6,,-6,,1001,,1.4,,0.7,,179,,55,,5.6,,1.9,,2.1,,1.6,
2006-01-06,6,-1.6,,0.2,,-5.7,,91,,98,,79,,-2.9,,0,,-8.1,,0,,1.2,,2.7,,-6.8,,1001,,1.3,,1.1,,297,,33,,7.8,,2,,2.2,,1.8,
2006-01-07,7,-7.3,,-2.2,,-12,,75,,94,,45,,-11.3,,-7.9,,-13.5,,0,,8.2,,15.8,,-31.2,,1007,,1,,0.8,,275,,34,,6.4,,2.1,,2.3,,1.8,
2006-01-08,8,-3.2,,1.8,,-8,,84,,96,,65,,-5.6,,-2.2,,-11.2,,1.3,,3.8,,7.5,,-23.5,,1014,,1.1,,0.5,,194,,58,,4.7,,2,,2.2,,1.8,
2006-01-09,9,0.2,,4.4,,-2.7,,89,,97,,79,,-1.4,,2.2,,-4.8,,0.5,,3,,5.9,,-15.9,,1013,,2.4,,0.6,,152,,70,,9.8,,2,,2.2,,1.8,
2006-01-10,10,0.5,,4.2,,-2.7,,70,,89,,50,,-4.4,,-1.6,,-6.4,,0,,6.6,,12.6,,-27.4,,1025,,1.5,,1.3,,268,,30,,8.2,,2.1,,2.3,,1.9,
2006-01-11,11,3.4,,8.7,,-1.1,,89,,97,,74,,1.8,,8.3,,-4.4,,13.5,,1.5,,3.1,,2.3,,1018,,2.5,,2.2,,203,,29,,10.2,,1.9,,2.3,,0.7,
2006-01-12,12,4.9,,9.8,,1,,81,,98,,54,,1.8,,7.4,,-0.7,,0,,7.2,,13.9,,7.2,,1011,,1.6,,1.4,,256,,28,,8.9,,2,,3,,0.9,
2006-01-13,13,6.2,,11.3,,1.8,,83,,97,,65,,3.4,,8.2,,-0.8,,0,,6,,11.6,,8.5,,1011,,1.9,,1.6,,189,,30,,8.9,,2.6,,3.7,,1.6,
2006-01-14,14,10.1,,13.3,,-2,,96,,97,,92,,9.4,,12.8,,-2.9,,25.6,,1,,2.1,,-2,,992,,2.8,,1.5,,160,,55,,12,,5,,6,,3.3,
2006-01-15,15,-10.8,,-1.8,,-16.4,,78,,95,,53,,-14.1,,-2.7,,-21.5,,10.9,,1.9,,3.7,,-24.9,,993,,3.7,,3.1,,314,,34,,16.2,,4.2,,5.6,,3.4,
2006-01-16,16,-11.3,,-3.3,,-17.9,,63,,81,,43,,-17.1,,-13.1,,-21.2,,0,,9.1,,17.8,,-42.2,,1004,,2.2,,1.9,,278,,30,,10.5,,3.2,,3.8,,2.8,
2006-01-17,17,-3.9,,4.3,,-11.7,,56,,89,,24,,-12.1,,-2.3,,-15.8,,0.8,,8.5,,16.5,,-18.1,,1018,,1.8,,0.8,,98,,58,,12.6,,2.6,,3.1,,2.3,
2006-01-18,18,4.5,,13.6,,-0.6,,89,,97,,52,,2.8,,12.3,,-8.2,,14.2,,0.4,,1.1,,-8.1,,1002,,4.9,,2.2,,169,,60,,21.7,,2.3,,2.6,,1.9,
2006-01-19,19,0.5,,3.7,,-2.7,,57,,68,,43,,-7.2,,-5,,-10.5,,0,,8.3,,15.7,,0.5,,1017,,3,,2.6,,256,,30,,12.4,,2,,2.4,,1.6,
2006-01-20,20,5.5,,11.7,,1,,62,,76,,40,,-1.4,,0.8,,-6,,0,,8.2,,15.9,,7.3,,1016,,1.9,,1.6,,225,,30,,9.2,,2.3,,3.3,,1.5,
2006-01-21,21,5.6,,12.6,,-1.5,,64,,90,,51,,-0.7,,6.5,,-9,,0.3,,5.3,,10.5,,-5.5,,1013,,3.2,,2.2,,239,,44,,17.9,,3,,3.9,,2.4,
2006-01-22,22,-2.8,,1.3,,-6.4,,44,,63,,25,,-13.7,,-8.5,,-17.7,,0,,8.9,,17.1,,-5.1,,1031,,1.4,,0.9,,296,,50,,12.2,,2.2,,3.2,,1.5,
2006-01-23,23,-1.5,,0,,-3.2,,89,,99,,42,,-3.4,,-0.3,,-13.2,,14.2,,2.1,,4.5,,-9.5,,1016,,1.5,,0.9,,100,,50,,7.8,,1.5,,1.9,,1.2,
2006-01-24,24,-2.7,,0.5,,-7.8,,94,,99,,86,,-3.5,,-0.1,,-8.6,,0,,7.9,,15.9,,-26.5,,1006,,1.2,,0.7,,202,,51,,7.8,,1.6,,1.9,,1.3,
2006-01-25,25,-0.2,,3.1,,-2.3,,92,,98,,73,,-1.4,,-0.2,,-2.9,,0.8,,5.2,,9.9,,-6.6,,998,,1.4,,1,,256,,42,,6.8,,1.8,,2.1,,1.6,
2006-01-26,26,-3.9,,-0.4,,-8.8,,76,,98,,57,,-7.8,,-2.3,,-15,,0,,5.1,,8.1,,-32.8,,1014,,2.2,,1.9,,304,,32,,12,,1.9,,2.1,,1.7,
2006-01-27,27,-5.2,,1,,-12.4,,53,,73,,31,,-13.8,,-7.7,,-17.6,,0,,10,,19.2,,-29.4,,1025,,1.4,,1.1,,271,,32,,5.6,,1.9,,2.1,,1.7,
2006-01-28,28,2.6,,9.5,,-3.1,,54,,72,,33,,-6,,-1.9,,-9.8,,0,,8.3,,16.1,,-20.5,,1017,,1.9,,1.7,,271,,24,,10.4,,1.9,,2.1,,1.7,
2006-01-29,29,3.1,,7.6,,-0.5,,79,,98,,50,,-0.5,,4.3,,-2.8,,11.2,,3.4,,6.9,,-2.2,,1010,,1.4,,1,,108,,44,,9.8,,1.7,,2.1,,0.9,
2006-01-30,30,0.4,,5.2,,-1.8,,98,,98,,97,,0.2,,4.8,,-2,,0.3,,2.2,,4.5,,8.8,,1007,,2.4,,2,,85,,32,,9.2,,1.8,,2,,1.4,
2006-01-31,31,-1.1,,0,,-2.5,,96,,98,,93,,-1.6,,-0.3,,-3.4,,0.3,,1.2,,2.6,,-1.5,,1003,,1.8,,1.4,,59,,38,,9,,1.7,,1.9,,1.5,
2006-02-01,32,-0.7,,1.4,,-2.3,,89,,97,,73,,-2.4,,-1,,-4,,0,,3.3,,6.7,,1.5,,1007,,0.9,,0.7,,287,,33,,7.6,,1.6,,1.8,,1.4,
2006-02-02,33,0.8,,6.2,,-4.6,,80,,96,,53,,-2.5,,1.9,,-5.3,,0,,8.8,,16.8,,7.5,,1013,,1.4,,0.8,,155,,53,,6.9,,1.5,,1.8,,1.2,
2006-02-03,34,5.1,,10.3,,1.5,,95,,98,,86,,4.4,,9.9,,0.9,,15.8,,1,,2.2,,-10.2,,1006,,2.8,,1,,119,,64,,10.6,,2.2,,3.2,,1.4,
2006-02-04,35,3.9,,8.3,,0.5,,85,,97,,59,,1.4,,4.2,,-0.3,,5.6,,5.4,,10.6,,3.7,,1007,,2.4,,2,,79,,31,,12.4,,2.7,,3.4,,1.9,
2006-02-05,36,5,,8.6,,0.1,,79,,97,,53,,1.4,,8.1,,-7,,16.3,,5.6,,10.9,,16,,992,,3.4,,1.2,,203,,65,,13.1,,3.8,,4.8,,2.9,
2006-02-06,37,-1.3,,1.3,,-3.3,,62,,94,,35,,-7.9,,-3.7,,-12.7,,0.3,,6.4,,12.2,,5.1,,999,,3.5,,3.2,,249,,25,,13.2,,2.8,,3.8,,2.1,
2006-02-07,38,-3.7,,-0.4,,-7.5,,58,,78,,41,,-10.8,,-6.4,,-12.9,,0,,10.6,,19.6,,22,,1006,,3.3,,3,,273,,25,,15.1,,1.9,,2.4,,1.4,
2006-02-08,39,-6,,-0.9,,-11.1,,62,,83,,42,,-12.4,,-10,,-14.4,,0,,11.4,,21.4,,22.2,,1010,,1.8,,1.5,,276,,30,,9.3,,1.2,,1.7,,0.8,
2006-02-09,40,-6.5,,-1.3,,-10.7,,53,,78,,18,,-15.5,,-9.4,,-23,,0,,12,,22.5,,18.3,,1010,,2,,1.6,,281,,34,,11.6,,0.8,,1.1,,0.6,
2006-02-10,41,-8.5,,-4,,-12.6,,51,,83,,26,,-17.6,,-14.4,,-21.5,,0,,10.7,,20.3,,13.4,,1014,,1.9,,1.6,,273,,26,,9.3,,0.6,,0.9,,0.4,
2006-02-11,42,-5.9,,0.1,,-11.6,,54,,82,,30,,-14.2,,-10.8,,-16.2,,0,,11.8,,22.5,,28.2,,1016,,1.4,,0.7,,82,,53,,10,,0.5,,0.7,,0.3,
2006-02-12,43,-9.3,,-6.8,,-11.6,,88,,93,,64,,-11.1,,-9.7,,-12.9,,6.3,,2.7,,5.8,,-10.2,,1001,,2.4,,1.4,,26,,52,,11.5,,0.4,,0.7,,0.2,
2006-02-13,44,-7.8,,-1.6,,-15.1,,78,,92,,51,,-11.1,,-6.7,,-16.6,,0.8,,10.7,,20.8,,-19.3,,1005,,2,,1.8,,248,,30,,10.4,,0.4,,0.6,,0.2,
2006-02-14,45,-2.1,,3.5,,-7.3,,63,,86,,37,,-8.6,,-5.8,,-10.4,,0,,12,,23.3,,-25.2,,1012,,2.2,,2,,237,,28,,8.6,,0.4,,0.6,,0.2,
2006-02-15,46,3.7,,10.9,,-1.9,,56,,75,,31,,-4.8,,-2.5,,-6.3,,0,,12.8,,24.8,,-12,,1018,,2,,1.7,,211,,31,,10.7,,0.4,,0.6,,0.2,
2006-02-16,47,6.8,,14.2,,-1,,56,,84,,27,,-2.4,,1.2,,-5.4,,0,,12.5,,24.4,,22.5,,1020,,1.8,,1.3,,181,,43,,9.2,,0.4,,0.6,,0.2,
2006-02-17,48,3,,9.1,,-6.5,,69,,95,,35,,-2.5,,7.4,,-15.3,,3.6,,5.3,,10.3,,-10.2,,1009,,4.3,,3.2,,245,,40,,20,,0.3,,0.5,,0.1,
2006-02-18,49,-8.8,,-4.2,,-15.4,,46,,85,,17,,-19.1,,-8.4,,-29.9,,0,,9.3,,17.9,,2.4,,1014,,3.5,,3.1,,275,,28,,14.6,,0.4,,0.6,,0.2,
2006-02-19,50,-11.4,,-4.9,,-17.1,,52,,74,,33,,-19.5,,-15.3,,-25.2,,0,,11.2,,21.8,,7.8,,1018,,1.9,,1.7,,274,,27,,11.5,,0.2,,0.5,,0,
2006-02-20,51,-7.3,,-1,,-12.3,,53,,71,,30,,-15.8,,-12.7,,-17.5,,0,,13.9,,26.9,,23.9,,1015,,1.7,,1.3,,263,,38,,9.3,,0.1,,0.4,,-0.1,
2006-02-21,52,-4.9,,1,,-10.8,,59,,80,,37,,-11.9,,-8.1,,-15.4,,0,,9.1,,17.8,,16,,1009,,1.7,,0.9,,257,,54,,10.7,,0.1,,0.3,,-0.1,
2006-02-22,53,-2.4,,4.2,,-8.8,,64,,92,,32,,-8.9,,-5,,-12,,0,,12.1,,23.3,,22.4,,1013,,1.4,,0.8,,214,,50,,7.4,,0,,0.3,,-0.1,
2006-02-23,54,-1,,2.5,,-3.4,,93,,98,,76,,-2,,0.4,,-5.1,,0,,3.4,,6.9,,-2.7,,1008,,1.1,,0.9,,220,,34,,4.9,,0,,0.2,,-0.1,
2006-02-24,55,-3.5,,-0.9,,-8.9,,52,,93,,27,,-12.6,,-2.7,,-22.7,,0,,8.2,,15.5,,6.9,,1009,,3.4,,2.9,,283,,30,,16.7,,0,,0.2,,-0.1,
2006-02-25,56,-8.4,,-6,,-13.4,,72,,95,,32,,-13.2,,-7.3,,-22.5,,2,,3.4,,7.1,,-13.7,,1014,,1.5,,0.6,,107,,62,,8,,0,,0.2,,-0.2,
2006-02-26,57,-12.1,,-8.1,,-15.3,,63,,91,,35,,-18.1,,-9.7,,-23.4,,0,,11.2,,21.7,,-20.9,,1011,,2.4,,2,,296,,31,,12.2,,0,,0.2,,-0.2,
2006-02-27,58,-13.3,,-7.8,,-18.7,,46,,67,,25,,-22.8,,-19.4,,-26.2,,0,,15.7,,30.1,,-24.3,,1008,,2.9,,2.6,,276,,24,,12.4,,0,,0.2,,-0.2,
2006-02-28,59,-10.1,,-5,,-16.5,,54,,89,,28,,-18.4,,-13.1,,-23.3,,0,,14.8,,28.5,,-10.9,,1003,,2.7,,2.5,,272,,24,,16.4,,-0.1,,0.1,,-0.2,
2006-03-01,60,-7.6,,-2.1,,-13.8,,52,,86,,26,,-16.6,,-12.9,,-20.1,,0,,15.8,,31.2,,0.5,,1006,,2.2,,1.9,,274,,27,,10.8,,-0.1,,0.1,,-0.3,
2006-03-02,61,-5.2,,-2,,-9.6,,61,,79,,47,,-11.6,,-8.8,,-14.7,,0,,4.2,,8.6,,-9.6,,1001,,1.2,,0.8,,278,,40,,8.8,,-0.1,,0.1,,-0.3,
2006-03-03,62,-8.4,,-5,,-11.4,,52,,72,,26,,-16.9,,-12.8,,-22.1,,0,,13,,25.8,,4.9,,1003,,3,,2.5,,294,,30,,13.9,,-0.1,,0.1,,-0.3,
2006-03-04,63,-4.9,,1.2,,-12.1,,57,,73,,36,,-12.3,,-9.4,,-16.2,,0,,14.7,,29.3,,31.5,,1005,,2.6,,2.3,,288,,29,,11.6,,-0.1,,0.1,,-0.3,
2006-03-05,64,-2.3,,4.5,,-8.4,,50,,80,,25,,-12.2,,-9.9,,-14.3,,0,,16.4,,32.3,,45.4,,1010,,1.9,,1.6,,282,,31,,9.8,,-0.1,,0.1,,-0.3,
2006-03-06,65,-2.5,,4.1,,-7.6,,51,,71,,32,,-11.5,,-8.4,,-13.6,,0,,16,,31.6,,45.3,,1013,,1.5,,0.9,,338,,51,,9.5,,-0.1,,0.1,,-0.3,
2006-03-07,66,-2,,4.3,,-7.4,,52,,75,,30,,-11.1,,-8.6,,-13.4,,0,,16.7,,32.9,,49.6,,1016,,1.2,,0.9,,325,,40,,7.1,,-0.1,,0.1,,-0.3,
2006-03-08,67,-0.2,,7.4,,-7.1,,40,,66,,14,,-13.4,,-8.9,,-19.1,,0,,15.8,,31.3,,55.4,,1016,,1.1,,0.6,,298,,53,,5.7,,-0.1,,0.1,,-0.3,
2006-03-09,68,2.1,,3.2,,0.3,,71,,97,,35,,-3.1,,2.8,,-12,,0,,2.3,,5.1,,2.2,,1012,,2.4,,2.1,,127,,31,,10.3,,-0.1,,0.1,,-0.3,
2006-03-10,69,9.5,,16,,2.8,,81,,97,,45,,5.9,,11,,-0.3,,0.8,,4.4,,9.2,,14.6,,1004,,3,,1.8,,222,,51,,14.3,,-0.1,,0.1,,-0.3,
2006-03-11,70,6,,12.1,,1.7,,54,,73,,30,,-3.1,,-0.1,,-5.4,,0,,16.5,,32.6,,65.2,,1019,,2.3,,2,,287,,29,,13.6,,-0.1,,0.1,,-0.3,
2006-03-12,71,5.9,,12.3,,0.1,,74,,97,,47,,1.2,,5.7,,-4.2,,0,,4.4,,9.4,,15.5,,1017,,1.7,,1.3,,213,,40,,14.3,,-0.1,,0.1,,-0.3,
2006-03-13,72,7.7,,11.2,,3.2,,97,,98,,93,,7.2,,10.3,,2.8,,8.9,,2.2,,5,,7.7,,1007,,1.2,,0.7,,128,,47,,7.4,,-0.1,,0.1,,-0.3,
2006-03-14,73,6.7,,11,,-2,,75,,98,,37,,2,,10.6,,-9.1,,3,,10.2,,20.8,,49.3,,996,,3.1,,2,,271,,48,,14.3,,1.1,,2.4,,-0.2,
2006-03-15,74,-1.1,,1.9,,-3.3,,58,,88,,46,,-8.3,,-3.4,,-11.7,,0,,12.9,,25.2,,55.3,,999,,4.2,,3.9,,269,,24,,16.5,,1.3,,2.1,,0.6,
2006-03-16,75,-1.6,,2.8,,-4.1,,51,,61,,33,,-10.6,,-7.9,,-12.3,,0,,11.6,,22.8,,37.9,,1007,,2.9,,2.6,,281,,27,,12.3,,1,,1.5,,0.6,
2006-03-17,76,-3.5,,2.5,,-7.9,,48,,75,,24,,-13.5,,-10.1,,-17.2,,0,,18.2,,35.8,,67.6,,1010,,1.9,,1.4,,299,,38,,10.6,,1.1,,2,,0.5,
2006-03-18,77,-5,,0.1,,-10.2,,50,,69,,31,,-14.1,,-10.8,,-16,,0,,15.2,,30.1,,57.6,,1009,,2.5,,2.3,,283,,27,,11.6,,0.8,,1.3,,0.5,
2006-03-19,78,-5,,-0.9,,-9.3,,57,,82,,35,,-12.3,,-10.2,,-14.9,,0,,12,,24.1,,46.6,,1008,,2.1,,1.8,,283,,30,,10.9,,0.6,,0.9,,0.4,
2006-03-20,79,-5.7,,-1.3,,-10.2,,54,,88,,30,,-14.2,,-8.6,,-17.3,,0,,17.8,,35.4,,67.2,,1010,,2.3,,1.9,,302,,32,,11.9,,0.6,,1,,0.3,
2006-03-21,80,-2.4,,5.9,,-10.8,,49,,73,,28,,-12.2,,-8.3,,-15.6,,0,,18.8,,37.2,,75.3,,1004,,1.6,,1.3,,298,,36,,8.3,,0.6,,1.2,,0.2,
2006-03-22,81,-0.8,,3,,-4.1,,58,,71,,41,,-8.3,,-6.7,,-9.4,,0,,10,,20.2,,39.9,,1006,,1.7,,1.4,,308,,34,,9.1,,0.8,,1.4,,0.3,
2006-03-23,82,3,,10.4,,-3.6,,54,,70,,34,,-5.7,,-2.7,,-8.4,,0,,18.6,,37.2,,83.1,,1014,,1.7,,1.3,,314,,39,,9.3,,1.6,,3.3,,0.5,
2006-03-24,83,3.1,,6.6,,0.2,,73,,93,,55,,-1.4,,1.8,,-3.8,,0,,5,,10.5,,3,,1016,,1.4,,1.1,,91,,37,,6.2,,2.3,,3.1,,1.5,
2006-03-25,84,1.5,,5.7,,-1.9,,69,,94,,46,,-3.9,,-1.3,,-6.4,,0,,8.5,,17.1,,34.1,,1011,,1.8,,1.6,,69,,28,,7.8,,2.5,,3.4,,1.6,
2006-03-26,85,3.3,,8.5,,-0.7,,55,,72,,38,,-5.1,,-0.9,,-7.9,,0,,7.9,,15.8,,29.7,,1010,,1.4,,1.1,,328,,37,,10.1,,2.8,,3.8,,1.9,
2006-03-27,86,4.5,,11.5,,-2.2,,41,,73,,19,,-8.8,,-5.8,,-13.8,,0,,20,,38.9,,82.1,,1015,,1.6,,1.2,,313,,38,,10.4,,3.2,,5.1,,1.7,
2006-03-28,87,4.7,,12.4,,-2.8,,44,,74,,22,,-7.3,,-4.1,,-9.6,,0,,17.5,,33.6,,65.1,,1019,,1,,0.4,,252,,60,,6.5,,3.7,,5.6,,2.1,
2006-03-29,88,7.1,,16,,-2.3,,41,,81,,15,,-7.4,,-2.2,,-11.6,,0,,20.3,,39.4,,87.3,,1021,,1.1,,0.6,,285,,54,,7.2,,4.5,,6.8,,2.6,
2006-03-30,89,9.3,,17.3,,0.1,,34,,66,,14,,-7.2,,-1.9,,-12.4,,0,,19.5,,38.5,,82.8,,1023,,1.2,,0.4,,281,,63,,6.7,,5.4,,7.6,,3.4,
2006-03-31,90,12.7,,20.7,,3.4,,46,,71,,26,,0.8,,4.9,,-3.5,,0,,18.8,,37.6,,80.6,,1019,,2.2,,1.9,,200,,31,,9.8,,6.4,,8.5,,4.4,
2006-04-01,91,11.2,,20.1,,7.3,,72,,95,,52,,6.2,,11.7,,2.7,,2.3,,8.6,,17.9,,30.1,,1007,,2.8,,2,,236,,42,,14.4,,7.5,,8.6,,6.3,
2006-04-02,92,8.1,,14.3,,2.4,,41,,79,,12,,-6.5,,4.2,,-16.2,,0,,21.1,,41.7,,101.4,,1012,,2.3,,1.9,,298,,37,,12.4,,7.8,,9.4,,6.5,
2006-04-03,93,5.5,,12.3,,-0.3,,51,,93,,17,,-5.5,,4.7,,-14.1,,1.3,,9.5,,19.5,,21.6,,1012,,2.2,,1.5,,110,,44,,10.1,,6.5,,7.3,,5.4,
2006-04-04,94,1.5,,5,,-2.6,,94,,98,,82,,0.6,,4.4,,-4.4,,19.3,,2.2,,5,,-7.6,,998,,3.2,,0.5,,337,,74,,13.9,,5.7,,6.5,,4.8,
2006-04-05,95,-0.3,,4.4,,-3.4,,78,,94,,48,,-3.8,,-0.1,,-7.2,,1.3,,7.8,,16.3,,-34.4,,1001,,1,,0.7,,297,,43,,6,,4.4,,5.1,,3.8,
2006-04-06,96,1.4,,7.9,,-4.6,,72,,95,,44,,-3.6,,-1,,-6.2,,0,,12.2,,24.9,,52,,1007,,1.5,,1.2,,275,,31,,9.5,,3.9,,5.1,,2.8,
2006-04-07,97,6.3,,13.1,,-1.5,,80,,98,,44,,2.8,,8.8,,-3,,4.8,,8.2,,17.5,,35.6,,1004,,2.3,,1.9,,199,,33,,12.7,,4.4,,5.7,,3,
2006-04-08,98,3.3,,9.1,,-0.4,,66,,98,,32,,-2.9,,8.8,,-11.5,,0.3,,5.6,,11.6,,12.3,,1007,,1.6,,1.1,,324,,42,,8.1,,5.4,,5.8,,4.5,
2006-04-09,99,4.4,,12.3,,-2.1,,45,,66,,25,,-7.1,,-2.4,,-9.9,,0,,21.5,,43,,106.3,,1016,,1.4,,1,,336,,46,,7.6,,5.4,,7.6,,3.4,
2006-04-10,100,6.5,,14.5,,-2,,45,,80,,21,,-5.6,,0.4,,-8.4,,0,,20.9,,42.1,,103.2,,1021,,1.3,,0.7,,290,,55,,8.5,,6.2,,8.4,,4.2,
2006-04-11,101,9.8,,18,,0,,43,,80,,18,,-3.6,,0.8,,-8.4,,0,,18.2,,36.2,,83.5,,1024,,1.2,,0.4,,209,,64,,6.6,,6.9,,8.9,,5,
2006-04-12,102,12.4,,20,,6.6,,45,,77,,26,,0.2,,7.3,,-5.6,,0,,16.7,,34,,84,,1025,,3,,2.6,,197,,29,,11.5,,7.8,,9.5,,6.1,
2006-04-13,103,13.5,,20.8,,8.7,,61,,86,,24,,5.2,,12.7,,-1.1,,0.8,,14.4,,30.2,,69.8,,1014,,2.7,,1.9,,214,,43,,12.7,,9.1,,10.8,,7.8,
2006-04-14,104,13.2,,20.3,,5.8,,65,,97,,29,,5.8,,11.1,,1.2,,0.3,,16.7,,34,,97.1,,1007,,1.5,,1,,219,,45,,7.4,,9.7,,11.5,,7.8,
2006-04-15,105,13.8,,21.9,,8.8,,68,,97,,17,,6.2,,13.8,,-5.6,,1,,15.2,,31.5,,83.6,,998,,2.4,,1.8,,255,,41,,14.2,,10.8,,12.5,,9.6,
2006-04-16,106,8.8,,13.4,,4.4,,52,,77,,32,,-0.9,,3.8,,-5.1,,0,,17.9,,36.2,,95.6,,1004,,2.3,,1.9,,305,,35,,12.2,,10.2,,11.4,,9,
2006-04-17,107,7.1,,13.4,,0.9,,64,,91,,39,,0.3,,3.8,,-0.8,,0,,18.2,,36.1,,99.9,,1007,,1.7,,1.2,,328,,40,,9.6,,9.5,,11.1,,8,
2006-04-18,108,11.6,,19.5,,4.6,,55,,89,,26,,1.8,,5.1,,-1.6,,0,,21.9,,43.2,,126.2,,1009,,2.1,,1.6,,339,,40,,11.8,,10.3,,12.3,,8.5,
2006-04-19,109,13.5,,20.6,,7.3,,41,,72,,14,,-0.9,,5.2,,-8.1,,0,,23.2,,45.9,,123.7,,1007,,1.9,,1.5,,327,,40,,13.2,,10.9,,12.7,,9.4,
2006-04-20,110,15.9,,24.1,,8.4,,27,,63,,9,,-4.6,,3.4,,-11.2,,0,,24.3,,46.8,,118.5,,1010,,2,,0.8,,1,,63,,8.7,,11.1,,13.3,,9.1,
2006-04-21,111,8.8,,15.8,,2.1,,51,,84,,28,,-1.4,,4.8,,-12.2,,0,,23.4,,46.1,,117.2,,1023,,2,,1.7,,94,,34,,8.1,,11.1,,12.9,,9.5,
2006-04-22,112,4.4,,8.5,,0.8,,50,,78,,29,,-5.5,,1,,-11.5,,1.3,,6.6,,13.8,,-3.5,,1024,,1.8,,1.6,,90,,28,,8.8,,9.4,,10.8,,8.5,
2006-04-23,113,3.7,,6.3,,2.5,,82,,96,,59,,0.9,,3.5,,-3.9,,8.6,,3.3,,7.5,,-7,,1016,,3.7,,3.4,,82,,24,,13.5,,8.1,,8.9,,7.4,
2006-04-24,114,5.5,,8.6,,2.3,,93,,97,,83,,4.5,,7,,1.9,,0,,4.6,,10.2,,23.1,,1008,,1.2,,0.2,,330,,73,,6.5,,7.9,,8.8,,7.1,
2006-04-25,115,8.8,,17.5,,2.2,,70,,94,,45,,3.3,,8.6,,-5.9,,0.3,,11.5,,24.8,,64.6,,1006,,2.2,,1.7,,272,,35,,10.5,,8.9,,10.5,,7.4,
2006-04-26,116,6.4,,14.4,,-2.7,,46,,80,,21,,-5.6,,-0.3,,-9.8,,0,,24.3,,49,,128.2,,1009,,2,,1.4,,229,,44,,10.9,,9.2,,11.3,,7.2,
2006-04-27,117,9.4,,17.6,,-0.1,,47,,87,,13,,-3,,3.7,,-12,,0,,22,,44.9,,119.6,,1009,,1.5,,0.6,,301,,62,,10.4,,9.8,,11.9,,7.8,
2006-04-28,118,7.8,,14.3,,0.6,,33,,57,,20,,-7.9,,-1.1,,-12.1,,0,,24.5,,50.3,,133.2,,1020,,1.4,,0.8,,358,,51,,7.4,,10.1,,12.2,,8.1,
2006-04-29,119,8.9,,16.7,,2.2,,32,,59,,12,,-8.1,,-2.9,,-13.9,,0,,24.7,,50.1,,130.5,,1028,,1.9,,1.4,,55,,41,,8.6,,10.1,,12.2,,8.1,
2006-04-30,120,11.3,,20.3,,0.3,,32,,65,,13,,-6.6,,-0.2,,-11.7,,0,,24.6,,50.3,,137.2,,1027,,1.8,,1.5,,66,,37,,9.1,,10.3,,12.5,,8.3,
2006-05-01,121,10.9,,17.4,,5.1,,31,,68,,14,,-6.5,,0,,-11,,0,,21.8,,44.8,,135.8,,1026,,2.9,,2.6,,67,,27,,12.8,,10.6,,12.4,,9,
2006-05-02,122,6.4,,7.4,,5.2,,88,,95,,67,,4.5,,6.4,,-0.2,,11.7,,4.2,,9.8,,6.7,,1013,,1.6,,1.2,,36,,36,,8.7,,9.9,,10.8,,9.4,
2006-05-03,123,8.8,,11.2,,5.8,,95,,97,,89,,8,,10.2,,5.2,,10.4,,5.1,,11.3,,16.6,,1009,,1.5,,1.3,,50,,33,,7.3,,9.8,,10.6,,9,
2006-05-04,124,16,,25,,9.8,,70,,98,,24,,9.4,,14.1,,2.5,,0,,22.5,,45.6,,148.5,,1008,,1.1,,0.6,,328,,51,,6.9,,12,,14.7,,9.9,
2006-05-05,125,17.6,,23.7,,12.2,,46,,84,,18,,4.4,,11.9,,-2.1,,0,,23.2,,46.3,,141.3,,1006,,1.4,,1.1,,277,,35,,8.4,,13.6,,15.5,,11.9,
2006-05-06,126,11.7,,20,,3.9,,58,,81,,32,,3.3,,9.2,,0.8,,0,,12.1,,25.4,,51,,1008,,1.2,,0.8,,293,,47,,9.9,,12.8,,14,,11.7,
2006-05-07,127,9.4,,17,,2.4,,49,,87,,20,,-2,,2.5,,-7.7,,0,,22.9,,46.4,,127.1,,1016,,1.3,,0.6,,332,,57,,7.6,,12.2,,13.9,,10.3,
2006-05-08,128,11.7,,19.7,,3.3,,46,,83,,24,,-0.8,,6.8,,-6.2,,0,,23.6,,48.8,,144,,1019,,1.6,,1,,101,,49,,7.8,,12.5,,14.5,,10.7,
2006-05-09,129,9.7,,14.1,,6.4,,60,,93,,26,,1.2,,7.3,,-6.6,,1,,8.4,,17.9,,28.8,,1015,,2.2,,1.9,,55,,31,,11.5,,11.9,,12.8,,11.3,
2006-05-10,130,9.4,,11.4,,7.2,,93,,97,,85,,8.3,,10.1,,6.3,,0.3,,6.8,,13.3,,32.9,,1012,,2.2,,1.9,,59,,30,,10.5,,11.6,,12.3,,10.9,
2006-05-11,131,10.7,,13.3,,7.5,,94,,97,,86,,9.9,,11.9,,7,,1.3,,7.7,,14.7,,35.6,,1011,,2.4,,2.1,,83,,26,,8.6,,12,,12.9,,11.3,
2006-05-12,132,8.6,,10.4,,7.1,,97,,97,,96,,8.1,,9.9,,6.6,,17.3,,2.3,,5.4,,6.9,,1010,,3.6,,3.3,,76,,22,,10.4,,11.4,,12.3,,10.9,
2006-05-13,133,7.5,,9.3,,5.5,,95,,97,,91,,6.8,,8.8,,4.7,,15,,4.1,,8.8,,12.1,,1014,,4.2,,3.9,,73,,22,,15.9,,10.8,,11.3,,10.1,
2006-05-14,134,6.5,,7.8,,5.9,,95,,96,,92,,5.7,,6.8,,5.1,,18,,4.7,,10.1,,17,,1016,,3.7,,3.3,,72,,24,,12.5,,10,,10.4,,9.6,
2006-05-15,135,7.8,,11,,6.1,,95,,97,,83,,7.1,,8.7,,5.5,,1.5,,7.6,,15.7,,48.9,,1014,,3.3,,3.1,,75,,22,,11.8,,10.2,,10.9,,9.5,
2006-05-16,136,9.4,,11.9,,7.5,,97,,98,,94,,8.8,,11.4,,7.1,,17.8,,3.5,,7.6,,9.9,,1002,,1.5,,0.3,,27,,71,,7.6,,10.5,,11.1,,10,
2006-05-17,137,12.2,,18.4,,7.3,,80,,97,,53,,8.6,,11.2,,6.7,,0.5,,16.7,,32.9,,99.7,,999,,1.5,,1.1,,215,,42,,7.8,,11.5,,13,,10,
2006-05-18,138,15.8,,22.6,,8.5,,67,,97,,34,,8.8,,12.6,,5.6,,0.3,,24.2,,48,,154.7,,997,,1.7,,1.3,,198,,36,,9,,13,,15.2,,11.1,
2006-05-19,139,10.2,,12.7,,7.9,,93,,97,,74,,9.1,,10.8,,7.3,,11.4,,4.2,,8.7,,-1.6,,998,,1.2,,0.6,,243,,54,,7.8,,12.8,,14,,12.1,
2006-05-20,140,9.8,,14.9,,6.6,,82,,97,,57,,6.7,,10.3,,3.4,,0.8,,10.1,,19.9,,31.1,,1000,,2.1,,1.6,,242,,39,,9,,12.3,,13.1,,11.5,
2006-05-21,141,8,,14.9,,2.2,,79,,93,,53,,4.3,,10,,0.6,,6.3,,11.1,,21.6,,33.7,,1001,,1.8,,1.5,,249,,35,,11.3,,11.7,,12.6,,10.8,
2006-05-22,142,8.1,,14.8,,3,,67,,93,,40,,2.1,,6.2,,0.7,,0,,23.8,,46.7,,158.7,,1005,,2.4,,2,,275,,32,,11.6,,11.7,,13.7,,10,
2006-05-23,143,8.1,,13.6,,3.4,,67,,89,,46,,2.2,,5.1,,0.5,,0,,14.3,,27.6,,84,,1010,,1.7,,1.3,,284,,37,,9.3,,12,,13,,11,
2006-05-24,144,12.2,,20.3,,3.9,,61,,95,,25,,3.5,,7.6,,-1.5,,0,,24.9,,48.9,,158.7,,1011,,1.3,,0.5,,331,,59,,9.6,,12.4,,14.4,,10.4,
2006-05-25,145,16.6,E,24.2,,6.1,E,52,E,90,E,26,E,5.6,,8.5,E,0.6,E,0,,30.1,E,65.8,E,172.4,E,1008,,2,,1.7,,201,,35,,8.6,,13.6,E,15.7,,11.3,
2006-05-26,146,17.8,,25.1,,13,,73,,97,,43,,12.6,,16.8,,6.1,,0.8,,20.1,E,39.5,,106.6,,1004,,1.1,,0.8,,202,,39,,7.3,,15,,16.5,,13.4,
2006-05-27,147,19.9,,26.9,,14.5,,76,,97,,44,,15,,18.1,,11.8,,0.3,,19.5,E,39.3,,110.3,,1008,,1,,0.6,,330,,50,,7.6,,16.3,,18,,14.8,
2006-05-28,148,19.6,,27.5,,11.5,E,62,,96,,30,E,11.4,E,14.8,E,7.6,E,0,,28.1,E,64.6,E,166.1,E,1018,,1,,0.2,,138,,69,,6.5,,16.8,,19.2,,15,E
2006-05-29,149,20.6,,28,,15.1,,76,,93,,45,,15.9,,19.7,,13.8,,0,,15.8,,37.3,,103.2,,1017,,0.9,,0.2,,273,,67,,6.4,,17.6,,19.2,,16.2,
2006-05-30,150,20.6,,27.6,,14.7,,71,,96,,45,,14.6,,18.9,,12.4,,0,,23.1,,56.2,,170.2,,1021,,2.1,,1.7,,94,,37,,10.6,,18.5,,20.6,,16.7,
2006-05-31,151,19.5,,26.6,,12.3,,75,,94,,50,,14.6,,18.5,,11.4,,0,,25.3,,60.4,,182.6,,1019,,1.5,,0.8,,195,,56,,7.7,,19,,21.1,,17.2,
2006-06-01,152,20.5,,27.5,,15.9,,85,,97,,55,,17.6,,20.9,,15.2,,1.3,,14.9,,35.4,,100.4,,1015,,1.1,,0.8,,218,,37,,6.7,,19.2,,20.3,,18,
2006-06-02,153,16.6,,18.6,,12.1,,96,,97,,91,,15.9,,18,,11.4,,2.8,,3.4,,8.7,,6,,1011,,1.2,,0.8,,67,,46,,6.2,,18.5,,19.5,,17.5,
2006-06-03,154,12,,13.7,,10.2,,96,,97,,94,,11.3,,13,,9.4,,15.8,,3.3,,8.6,,4.8,,1006,,2.5,,2.2,,74,,28,,11.1,,16.5,,17.8,,15.4,
2006-06-04,155,12.3,,16.3,,10.2,,90,,96,,65,,10.7,,13,,9.3,,0.8,,9.1,,21.3,,40.7,,1007,,1.1,,0.7,,29,,46,,8.2,,15.7,,16.5,,14.9,
2006-06-05,156,13.6,,17.4,,11,,85,,97,,62,,11,,13.4,,8.9,,0,,9.2,,20.6,,57.4,,1012,,0.7,,0.3,,295,,57,,4.7,,16,,16.8,,15.3,
2006-06-06,157,16.5,,21.2,,11.1,,77,,97,,57,,12.1,,15.4,,10.2,,0,,15.3,,35.5,,100.1,,1015,,1.3,,1.1,,90,,34,,7.7,,16.7,,17.8,,15.5,
2006-06-07,158,11.9,,14.1,,10.6,,94,,96,,86,,11,,12.4,,10,,17.8,,3.7,,9.9,,5.1,,1010,,2.7,,2.3,,65,,31,,17.4,,15.9,,17.2,,15.1,
2006-06-08,159,12.6,,14.4,,10.7,,95,,97,,88,,11.9,,13.4,,10.1,,4.8,,6.1,,13.2,,25.2,,1007,,0.8,,0.2,,356,,65,,6.1,,15.3,,15.9,,14.7,
2006-06-09,160,14.6,,18.2,,12.5,,91,,98,,69,,13.2,,14.4,,11.9,,2.3,,8.9,,21,,53,,1004,,0.6,,0.3,,218,,48,,4.4,,16,,16.9,,15.2,
2006-06-10,161,11.7,,13.6,,9,,90,,97,,74,,10.1,,13.2,,6.4,,6.9,,6.1,,14,,23.9,,997,,1.7,,1.4,,270,,36,,10.7,,15.8,,16.5,,15.2,
2006-06-11,162,13.1,,19.1,,8.3,,75,,90,,53,,8.5,,12.2,,5.4,,0,,20.5,,49.3,,154.1,,1003,,1.8,,1.3,,280,,39,,10.4,,15.9,,17.5,,14.4,
2006-06-12,163,17.1,,24.5,,9.6,,72,,94,,40,,11.6,,15.2,,8.4,,0,,23.1,,55.2,,167.2,,1011,,1,,0.6,,316,,48,,6.3,,17,,18.9,,15.3,
2006-06-13,164,19.4,,27.2,,12.9,,69,,95,,26,,12.9,,16.5,,5.4,,0,,25.6,,59.8,,185.1,,1014,,0.9,,0.5,,318,,50,,5.7,,18.4,,20.3,,16.7,
2006-06-14,165,17.9,,23.8,,13.8,,84,,96,,51,,14.8,,17.2,,12.1,,2.5,,15.4,,36.1,,96.8,,1013,,1,,0.4,,28,,60,,5.9,,18.8,,20,,17.6,
2006-06-15,166,17.6,,23.5,,13.5,,66,,96,,28,,10.1,,14.8,,3.1,,2,,19.3,,45.6,,131.3,,1012,,1.2,,0.8,,328,,47,,8.3,,18.9,,20.3,,17.7,
2006-06-16,167,19.3,,27.4,,11.5,,61,,89,,29,,10.8,,16,,6.3,,0,,21.9,,51.2,,147.1,,1017,,0.8,,0.4,,344,,56,,7.3,,18.9,,20.6,,17.3,
2006-06-17,168,17.6,,23,,13,,76,,97,,48,,13.1,,17.7,,7.8,,4.1,,14.4,,34.1,,90,,1018,,1,,0.3,,221,,63,,5.6,,18.9,,20,,17.7,
2006-06-18,169,23.7,,31.6,,15.1,,72,,97,,37,,17.5,,21.7,,14.5,,0,,24.1,,56.5,,181.2,,1016,,0.8,,0.4,,212,,49,,5.6,,20,,22.4,,18,
2006-06-19,170,23.3,,29.6,,18.2,,78,,97,,51,,18.8,,22.7,,15.9,,4.6,,21.1,,48.9,,154.1,,1011,,1.3,,0.9,,207,,42,,10.8,,21.4,,23.1,,19.9,
2006-06-20,171,20,,25.6,,15,,85,,97,,54,,17.2,,20.7,,13.8,,2.3,,16.2,,38.5,,114.2,,1010,,1,,0.6,,236,,48,,9.7,,21.6,,22.7,,20.5,
2006-06-21,172,18.5,,25.1,,12.5,,72,,97,,43,,12.8,,16.8,,8.7,,0.3,,25.9,,59.7,,174.1,,1016,,1,,0.3,,240,,66,,6,,21,,22.6,,19.5,
2006-06-22,173,21.4,,26.2,,16.3,,75,,90,,61,,16.7,,20.4,,12,,0,,17.5,,41.3,,118.8,,1016,,1.7,,1.4,,193,,34,,7.9,,21,,22.3,,19.8,
2006-06-23,174,22.1,,27.8,,18.4,,86,,97,,55,,19.4,,21.8,,17.3,,17,E,12.7,,30.2,,91.4,,1016,,0.9,,0.2,,199,,65,,5,,21.5,,22.6,,20.5,
2006-06-24,175,18.4,,20.2,,16.5,,94,,97,,85,,17.4,,18.3,,15.9,,2.8,E,5.4,,13,,17.3,,1018,,0.8,,0.7,,79,,29,,3.9,,20.9,,21.7,,20.3,
2006-06-25,176,18.8,,22.2,,16.9,,90,,97,,71,,17,,18.7,,15.8,,21.6,E,9.3,,21.7,,71.7,,1021,,1.3,,1.1,,97,,35,,6,,20.5,,21.2,,19.9,
2006-06-26,177,20.9,,23.6,,18.7,,89,,97,,77,,19,,21.3,,17.9,,2.3,,9.6,,22.7,,47.5,,1021,,2.4,,2.2,,165,,24,,9.1,,20.6,,21.4,,19.8,
2006-06-27,178,22.3,,26.9,,19.2,,79,,95,,53,,18.1,,20.5,,15.6,,0,,18.7,,45,,139.9,,1023,,2.8,,2.5,,173,,26,,11,,21.2,,22.3,,20.2,
2006-06-28,179,20.3,,21.8,,18.9,,93,,97,,87,,19.2,,21.2,,17.6,,27.9,E,4.6,,11.2,,9,,1017,,1.8,,1.3,,160,,44,,10.8,,20.8,,21.6,,20.4,
2006-06-29,180,20.7,,25.8,,17.2,,91,,97,,69,,19.1,,21.4,,15.5,,1.3,,9.4,,21.9,,51.3,,1016,,1.3,,1,,180,,37,,8.9,,21,,21.7,,20.4,
2006-06-30,181,19,,24.5,,13.2,,72,,97,,38,,13.3,,18,,8.5,,0,,22.5,,53.1,,162.4,,1013,,1.3,,0.9,,264,,40,,10.5,,21.2,,22.4,,20.1,
2006-07-01,182,19.7,,26.6,,11.1,,68,,92,,35,,13.2,,17.6,,9.4,,0,,22.4,,51.5,,158.7,,1017,,1.5,,0.9,,224,,49,,9,,20.9,,22.3,,19.5,
2006-07-02,183,22.3,,27.9,,18.9,,78,,93,,61,,18.1,,22.6,,15.5,,4.1,E,14.5,,34.2,,91.9,,1013,,2,,1.6,,218,,38,,9.3,,21.4,,22.5,,20.4,
2006-07-03,184,23,,28.7,,17.8,,69,,95,,39,,16.5,,19.7,,11.9,,0,,25.4,,58.3,,185.9,,1016,,1,,0.5,,227,,55,,6.9,,22.1,,23.6,,20.8,
2006-07-04,185,22.4,,27.1,,18.8,,83,,96,,58,,19.2,,21.7,,17.5,,0,,14.6,,34.2,,97.1,,1012,,1.1,,0.8,,214,,39,,7.1,,22.5,,23.3,,21.6,
2006-07-05,186,20.2,,24,,16.1,,75,,96,,37,,15.2,,19.4,,7.5,,0,,16,,36.1,,97.2,,1013,,0.8,,0.5,,269,,47,,7.4,,22.1,,22.8,,21.5,
2006-07-06,187,18.5,,24,,14.5,,68,,86,,38,,12.3,,16.1,,8.3,,0,,18.2,,42.3,,125.3,,1015,,0.8,,0.4,,344,,53,,5.8,,21.5,,22.5,,20.6,
2006-07-07,188,19.1,,26,,13.2,,69,,86,,39,,12.9,,17.8,,10.3,,0,,22.3,,49.9,,145.7,,1021,,0.9,,0.5,,351,,53,,7.6,,21.1,,22.3,,19.8,
2006-07-08,189,20.6,,26.7,,15,,74,,92,,43,,15.3,,18.9,,12.6,,0,,18.8,,40.5,,116.4,,1021,,0.8,,0.5,,71,,51,,3.6,,21.3,,22.4,,20.1,
2006-07-09,190,22.1,,28.2,,17,,70,,96,,37,,15.9,,19.5,,11.6,,0,,24.2,,54.9,,171.4,,1016,,1.2,,0.9,,208,,38,,7,,21.8,,23.1,,20.6,
2006-07-10,191,21.3,,26.5,,16.4,,76,,94,,49,,16.5,,19.6,,14.1,,0,,21.9,,49.2,,151.2,,1016,,1.6,,1.4,,194,,33,,7.9,,21.9,,23,,20.8,
2006-07-11,192,20.6,,24.5,,17.8,,90,,97,,78,,18.9,,22.3,,16.6,,7.1,E,9.9,,23,,30.4,,1017,,1.2,,0.8,,175,,47,,6.5,,21.9,,22.5,,21.2,
2006-07-12,193,20.9,,24.3,,17.4,,92,,97,,68,,19.5,,21.3,,16.8,,39.4,E,7.4,,17.7,,36.8,,1016,,1.2,,0.5,,166,,58,,9.4,,21.5,,22.1,,20.9,
2006-07-13,194,20.2,,23.4,,17.6,,94,,97,,74,,19.1,,21.6,,17.1,,4.8,E,8.9,,21.6,,31.9,,1012,,1.1,,0.3,,94,,64,,8.5,,21.7,,22.1,,21.3,
2006-07-14,195,22.9,,29.9,,17,,81,,97,,50,,19,,22.2,,16.6,,0.3,,22.2,,53.2,,171.9,,1015,,0.7,,0.4,,232,,44,,6.5,,22,,23.5,,20.6,
2006-07-15,196,22.8,,28.5,,18.6,,82,,96,,54,,19.4,,22.5,,17.5,,0,,14.1,,32.7,,88.3,,1013,,0.8,,0.6,,205,,38,,5.7,,22.6,,23.3,,21.7,
2006-07-16,197,24.5,,31.4,,19.4,,75,,97,,37,,19.1,,21.9,,13.7,,0,,24.7,,58.6,,189.3,,1014,,0.9,,0.5,,339,,49,,7,,23.1,,24.5,,21.8,
2006-07-17,198,25.5,,32,,18.9,,76,,94,,48,,20.4,,24,,17.8,,0,,23.2,,53.9,,173.8,,1014,,0.8,,0.1,,217,,71,,4.8,,23.6,,24.9,,22.4,
2006-07-18,199,26.2,,32.1,,21.4,,67,,93,,35,,19,,23.2,,14.1,,0,,23.7,,55,,180.9,,1013,,1.1,,0.3,,271,,63,,6.2,,24.2,,25.3,,23.1,
2006-07-19,200,22.3,,26.6,,16.6,,70,,89,,47,,16.4,,19.5,,11.4,,0,,23.9,,55.6,,173.3,,1021,,1.6,,1.2,,96,,37,,7.7,,23.8,,24.6,,23,
2006-07-20,201,20.6,,26,,14.7,,76,,96,,50,,16,,20.6,,9.8,,0,,18.1,,42.3,,128.7,,1020,,1.8,,1.6,,87,,31,,6.4,,22.7,,23.5,,21.8,
2006-07-21,202,22.9,,28.5,,19.5,,84,,96,,60,,20,,22.4,,18.8,,0,,17.2,,39.9,,129.9,,1011,,1,,0.4,,215,,61,,6.7,,23.1,,24.1,,22.2,
2006-07-22,203,21.1,,23,,19.3,,94,,97,,88,,20.1,,21.7,,18.4,,8.1,E,4.4,,10.6,,7.7,,1008,,1.6,,0.8,,142,,58,,10.3,,22.7,,23.6,,22.3,
2006-07-23,204,18.1,,22,,14.7,,87,,97,,64,,15.8,,20.1,,13.5,,0.5,,11.4,,25.9,,65.3,,1010,,1,,0.6,,315,,48,,5.5,,22,,22.7,,21.5,
2006-07-24,205,20,,26.5,,13.1,,71,,97,,35,,14,,17.3,,9.1,,0.3,,24.3,,56.6,,171.7,,1015,,1,,0.4,,236,,61,,6.3,,21.5,,22.6,,20.4,
2006-07-25,206,22.2,,27.7,,17.1,,75,,96,,55,,17.4,,20.5,,14.8,,1.5,,21.7,,50,,147.3,,1016,,1.8,,1.5,,196,,34,,8.3,,22,,23.1,,21,
2006-07-26,207,23.3,,29.2,,17.8,,77,,96,,47,,18.8,,21.8,,15.6,,0,,21.9,,51.9,,162.1,,1015,,1.2,,0.9,,201,,37,,6.2,,22.6,,23.8,,21.4,
2006-07-27,208,24,,29.5,,19.1,,81,,96,,57,,20.4,,22.6,,17.5,,0,,18.3,,42.9,,135.6,,1014,,1.8,,1.5,,194,,33,,10,,23.4,,24.7,,22.1,
2006-07-28,209,22.8,,28.7,,18.3,,87,,97,,67,,20.5,,23.9,,17.8,,25.1,,13.1,,31.3,,84.9,,1010,,1.4,,1,,218,,39,,9.3,,23.5,,24.6,,22.8,
2006-07-29,210,22.7,,29.5,,16.9,,80,,97,,52,,18.8,,22.5,,16.4,,0.3,,20,,49.4,,149.2,,1010,,1.1,,0.9,,254,,34,,7.8,,23.3,,24.9,,21.7,
2006-07-30,211,22.5,,28.4,,15.9,,70,,93,,41,,16.4,,20.8,,8,,0,,20.9,,49.9,,153,,1008,,1,,0.4,,329,,57,,6.7,,23.8,,25.3,,22.6,
2006-07-31,212,22.3,,28.6,,14.2,,66,,84,,45,,15.4,,20.9,,8.8,,0,,21.7,,50.6,,156.3,,1011,,1.1,,0.2,,206,,69,,6,,23.3,,24.7,,21.8,
2006-08-01,213,26.3,,33.4,,21.5,,76,,90,,52,,21.7,,26.1,,17.9,,0,,17.3,,39.9,,127.2,,1010,,1.1,,0.9,,245,,36,,5.9,,24.1,,25.7,,22.8,
2006-08-02,214,26.6,,33.7,,22.1,,75,,91,,46,,21.6,,25.4,,19.3,,0,,20.1,,47.1,,152.2,,1009,,1.1,,0.9,,256,,36,,8.2,,24.8,,26.4,,23.4,
2006-08-03,215,25.5,,29.8,,18.3,,76,,93,,56,,20.6,,23.6,,16.8,,0,,18.6,,44,,135.7,,1007,,1.5,,0.7,,268,,57,,8.8,,24.7,,25.7,,23.7,
2006-08-04,216,20.7,,27.9,,17.5,,86,,96,,48,,18,,21.1,,15.3,,24.1,,15.7,,36.5,,96.8,,1011,,1.1,,0.7,,54,,48,,8.1,,23.6,,24.6,,22.4,
2006-08-05,217,20.9,,26.7,,16.3,,68,,94,,38,,14.3,,18.5,,8.6,,0.3,,23.7,,53.9,,153.4,,1017,,1.1,,0.5,,2,,57,,6.2,,23.5,,24.8,,22.2,
2006-08-06,218,19.8,,26,,12.8,,64,,84,,41,,12.5,,17,,8.4,,0,,23.4,,55.7,,161.2,,1023,,1.4,,0.7,,155,,56,,6.4,,22.8,,24.2,,21.3,
2006-08-07,219,22.4,,27.8,,18.1,,85,,96,,64,,19.7,,21.9,,13.8,,11.2,,14.2,,32.3,,100.7,,1016,,1.7,,1.4,,200,,35,,7.9,,23.1,,24.2,,22.1,
2006-08-08,220,19.7,,24.7,,15.4,,73,,97,,40,,14.2,,20.3,,9.6,,0.3,,20.3,,47.4,,127.8,,1015,,1,,0.5,,352,,51,,7.9,,23.1,,24.2,,22.1,
2006-08-09,221,18.4,,25.9,,11.9,,63,,92,,26,,10.4,,15.3,,3.6,,0,,23.8,,55.6,,155.6,,1018,,0.9,,0.3,,331,,64,,4.6,,22.1,,23.5,,20.7,
2006-08-10,222,19.6,,26.8,,13.9,,74,,96,,45,,14.4,,18,,11.1,,0,,17.9,,41.5,,116.6,,1010,,1,,0.6,,257,,50,,12.4,,21.9,,23.2,,20.6,
2006-08-11,223,16.1,,21.9,,11,,66,,95,,32,,9.2,,13.8,,3.2,,0.3,,24.1,,54.8,,144.1,,1012,,1.2,,0.7,,338,,50,,7.7,,21.7,,22.9,,20.6,
2006-08-12,224,14.7,,22.1,,8.3,,63,,90,,30,,6.9,,11.4,,2.2,,0,,23.5,,53.2,,144.4,,1015,,1.1,,0.5,,322,,55,,7.9,,20.6,,21.9,,19.2,
2006-08-13,225,15.3,,22.5,,8.1,,65,,88,,31,,8,,13.3,,3.3,,0,,21.7,,49.1,,131.8,,1016,,1,,0.4,,324,,59,,8.1,,20,,21.4,,18.6,
2006-08-14,226,19.4,,27.3,,11.3,,72,,95,,39,,13.8,,18,,9,,0,,20.9,,48.4,,137.1,,1012,,1.6,,1.1,,198,,45,,8.5,,20.3,,21.8,,18.8,
2006-08-15,227,20.2,,26,,15.8,,78,,96,,39,,15.8,,19.1,,10.1,,7.4,,15.5,,34.9,,92.2,,1011,,1.4,,0.9,,234,,46,,8.5,,21.3,,22.5,,20.5,
2006-08-16,228,19.2,,26,,13.1,,72,,91,,40,,13.7,,18.1,,10.5,,0,,20.1,,46.3,,128.8,,1019,,0.9,,0.3,,333,,63,,5.2,,20.9,,22.3,,19.5,
2006-08-17,229,20.3,,27.4,,15.1,,67,,91,,32,,13.4,,17.2,,8.1,,0,,20.2,,46.6,,127,,1023,,0.8,,0.3,,45,,58,,5.2,,21.1,,22.5,,19.9,
2006-08-18,230,20.7,,26.5,,16,,71,,95,,44,,15,,18.1,,12.8,,0,,18.2,,41.7,,111.5,,1020,,1.2,,0.9,,198,,35,,6.2,,21.3,,22.5,,20.1,
2006-08-19,231,20,,25.3,,15.2,,81,,94,,61,,16.5,,19.3,,13.2,,0.3,,12.5,,29,,75.6,,1016,,1.2,,1,,195,,33,,6.7,,21.1,,22.1,,20,
2006-08-20,232,20.5,,26.7,,16.7,,89,,96,,60,,18.6,,22.3,,15.8,,30.7,,9.5,,21.9,,55.6,,1008,,1.6,,0.8,,189,,56,,10.3,,21.1,,22.2,,20.2,
2006-08-21,233,17.4,,22.4,,14.1,,85,,97,,61,,14.7,,16.5,,13.1,,0,,9.5,,21.8,,45.4,,1013,,0.9,,0.4,,319,,55,,6.5,,20.9,,21.5,,20.4,
2006-08-22,234,18.5,,26,,11.4,,74,,96,,39,,13.2,,16.9,,10.1,,0.3,,21.9,,51.4,,144.7,,1016,,0.9,,0.4,,288,,61,,7.1,,20.6,,22.1,,19.1,
2006-08-23,235,18.7,,25,,14.4,,75,,95,,36,,13.8,,16.9,,8.4,,0,,18.2,,42.3,,121.5,,1014,,0.9,,0.3,,350,,62,,7.7,,21,,22.3,,20,
2006-08-24,236,16.8,,22.7,,13.1,,70,,95,,45,,11,,15.1,,6.5,,10.9,,14.2,,33,,90.3,,1016,,1.3,,0.9,,77,,41,,5.4,,20.5,,21.4,,19.7,
2006-08-25,237,14.3,,15.4,,13.6,,95,,97,,93,,13.6,,14.4,,13,,17,,3.3,,8.2,,4.5,,1016,,1.6,,1.5,,84,,24,,6.2,,19.4,,20.2,,19,
2006-08-26,238,15.8,,20.5,,12.9,,84,,96,,59,,12.9,,15.3,,10.3,,0,,10.8,,25.1,,66.5,,1022,,1.2,,0.9,,104,,39,,6.3,,19.3,,20.1,,18.6,
2006-08-27,239,12.8,,15.7,,10.8,,87,,97,,62,,10.6,,12.5,,8.3,,20.6,,3.1,,7.8,,9.9,,1021,,1.3,,1.1,,132,,36,,6.9,,18.8,,19.7,,17.9,
2006-08-28,240,16,,21.1,,11.9,,92,,97,,77,,14.7,,17.9,,11.5,,0,,9.1,,21.2,,60.7,,1013,,1.3,,1.1,,71,,28,,5.1,,18.6,,19.6,,17.7,
2006-08-29,241,14.9,,16,,14.1,,95,,96,,92,,14.1,,15.1,,13.4,,5.6,,3.4,,8.4,,8.1,,1010,,1.1,,0.9,,71,,29,,5.3,,19,,19.4,,18.7,
2006-08-30,242,17,,23.7,,10.4,,81,,97,,54,,13.4,,17.8,,7.6,,0.3,,15.8,,36.8,,92.7,,1013,,0.8,,0.5,,336,,46,,6,,19.3,,20.6,,18.4,
2006-08-31,243,14.1,,21,,8.1,,74,,91,,47,,9.3,,13.3,,6.2,,0,,17.2,,39,,93.9,,1021,,1,,0.5,,351,,57,,5.9,,18.6,,19.7,,17.5,
2006-09-01,244,15.6,,20.5,,11.5,,73,,91,,52,,10.7,,13.1,,9.6,,0,,14.8,,33.1,,81.9,,1024,,1.7,,1.5,,78,,27,,6.8,,18.6,,19.5,,17.7,
2006-09-02,245,14.3,,16.2,,13,,83,,91,,73,,11.5,,12.7,,10.3,,0,,5,,11.8,,23.8,,1024,,3.3,,2.9,,83,,28,,12.9,,18.2,,18.8,,17.6,
2006-09-03,246,15.7,,18.6,,12.9,,94,,96,,88,,14.6,,16.9,,11.4,,8.6,,7.4,,17.8,,37.1,,1017,,2.8,,2.4,,86,,29,,11.3,,17.9,,18.6,,17.2,
2006-09-04,247,15.9,,19.8,,12.4,,85,,97,,64,,13.2,,15.1,,11.8,,0.3,,10.6,,24.6,,55.7,,1015,,1,,0.8,,257,,35,,8,,18.5,,19.2,,17.8,
2006-09-05,248,14.9,,18.1,,11.4,,90,,97,,71,,13.2,,15.2,,10.8,,1.8,,6.8,,16,,23.8,,1016,,0.5,,0.3,,284,,42,,3.8,,18.1,,18.7,,17.4,
2006-09-06,249,15.9,,20.9,,13.3,,89,,97,,62,,14,,16.4,,12.8,,1.3,,9.6,,22.4,,53.4,,1013,,0.6,,0.3,,298,,46,,4.4,,18.4,,19.2,,17.8,
2006-09-07,250,17.2,,24.6,,12.7,,81,,97,,42,,13.4,,16.9,,10.4,,0.3,,17.6,,41.4,,109.8,,1016,,0.9,,0.4,,333,,56,,5.2,,18.6,,19.8,,17.4,
2006-09-08,251,17.6,,24.8,,12,,83,,96,,53,,14.4,,18.1,,11.4,,0.3,,15.2,,34.6,,85.5,,1016,,0.8,,0,,273,,75,,5.3,,18.9,,20,,17.8,
2006-09-09,252,18.2,,25.8,,13.9,,84,,97,,50,,15.1,,18.9,,13.4,,2,,16.4,,37.2,,96.6,,1015,,0.8,,0.4,,227,,47,,7,,19.2,,20.4,,18.1,
2006-09-10,253,12.8,,17.7,,8,,74,,96,,41,,7.7,,14,,2.5,,0.3,,17.8,,40,,93.6,,1021,,1,,0.5,,1,,53,,8.1,,18.7,,19.4,,18,
2006-09-11,254,11.1,,17.2,,5.3,,64,,86,,35,,3.8,,7.3,,0.1,,0,,18.9,,42.6,,95.9,,1026,,1.7,,1.5,,70,,28,,7.2,,17.5,,18.4,,16.7,
2006-09-12,255,11.8,,20.3,,5.3,,66,,91,,32,,4.8,,9.2,,0.3,,0,,19.3,,44.1,,103.6,,1022,,1,,0.6,,43,,49,,6.7,,16.8,,18,,15.7,
2006-09-13,256,12.2,,17,,7.9,,84,,96,,61,,9.5,,11.4,,6.5,,0,,8,,18.5,,38.7,,1017,,1.2,,0.8,,192,,45,,7.6,,16.5,,17.2,,15.9,
2006-09-14,257,14.8,,16.7,,12.7,,93,,96,,88,,13.8,,15.5,,11.2,,10.4,,3.2,,8,,2.4,,1016,,1.4,,1.1,,152,,38,,6.8,,16.8,,17.3,,16.4,
2006-09-15,258,16.6,,20.9,,13.1,,89,,97,,67,,14.6,,16.4,,12.5,,0.5,,9.4,,22.9,,61.5,,1017,,1.5,,1.4,,74,,25,,6.7,,17.6,,18.5,,16.8,
2006-09-16,259,17.3,,24.1,,12.6,,86,,97,,55,,14.8,,18.4,,11.9,,0,,16.9,,39,,101.6,,1017,,0.9,,0.5,,334,,52,,5.1,,18,,19.3,,17,
2006-09-17,260,18.1,,25.9,,12.4,,83,,97,,48,,14.8,,17.9,,11.9,,0.5,,17.3,,37.7,,89.7,,1013,,0.6,,0.3,,291,,56,,3.8,,18.2,,19.3,,17.1,
2006-09-18,261,19,,24.9,,13.9,,84,,97,,55,,15.9,,19.1,,13.4,,0.3,,16.2,,36,,87.7,,1010,,1.1,,0.8,,197,,39,,7.3,,18.5,,19.7,,17.4,
2006-09-19,262,18.7,,24.2,,14.6,,89,,97,,63,,16.7,,18.8,,12.9,,8.1,,8.6,,19.8,,57,,1005,,1.5,,1,,208,,43,,8.9,,18.9,,19.6,,18.2,
2006-09-20,263,13.9,,19.9,,8.6,,76,,96,,42,,9.4,,13.2,,5.5,,0,,16.3,,37.5,,79.6,,1004,,1.1,,0.8,,272,,42,,8.8,,18.6,,19.3,,17.8,
2006-09-21,264,10.2,,16.7,,5,,67,,92,,33,,3.8,,6.9,,-1.1,,0,,18.2,,40.9,,90,,1014,,1.3,,0.7,,291,,55,,8.6,,17.1,,18,,16.4,
2006-09-22,265,11.9,,18.3,,4.8,,73,,96,,40,,6.8,,10,,1.9,,0.3,,15.2,,34.4,,81.1,,1019,,1.1,,0.5,,205,,58,,5.9,,16.3,,17.2,,15.2,
2006-09-23,266,15.3,,17.7,,12.4,,93,,97,,83,,14.3,,16.9,,9.7,,9.9,,1.2,,3.1,,-7.2,,1010,,1.8,,1.4,,209,,37,,10.3,,16.5,,16.8,,16.1,
2006-09-24,267,17.6,,24,,12.2,,90,,97,,68,,15.9,,19.7,,10.2,,4.3,,5,,12,,6.8,,1001,,1.7,,1.3,,228,,41,,11,,17.2,,17.8,,16.6,
2006-09-25,268,11.9,,15.9,,7.4,,81,,97,,47,,8.4,,12.2,,4.1,,0.3,,11.5,,25.9,,50.9,,1006,,1,,0.6,,281,,49,,7.6,,16.7,,17.4,,16,
2006-09-26,269,11.8,,18,,6.6,,73,,96,,39,,6.5,,10.1,,3.4,,0,,16.8,,37.9,,82.4,,1012,,1.5,,0.9,,272,,50,,10.1,,15.9,,16.9,,15.1,
2006-09-27,270,12.4,,19.8,,4.9,,74,,96,,32,,7.3,,12.4,,2.4,,0,,14.5,,33,,68.8,,1015,,1.4,,0.7,,142,,55,,6.1,,15.5,,16.5,,14.5,
2006-09-28,271,15.1,,20.3,,11.4,,73,,96,,43,,9.8,,12.8,,6.2,,0,,14.1,,31.6,,77.6,,1010,,2.1,,1.7,,150,,33,,8.3,,16.1,,17,,15.2,
2006-09-29,272,11.3,,15.2,,3.9,,88,,97,,64,,9.4,,14.5,,2.1,,25.4,,5.8,,13.3,,12.5,,1006,,1.7,,0.4,,188,,69,,10.4,,16,,16.5,,15.1,
2006-09-30,273,9.3,,16.1,,1.6,,77,,97,,42,,5,,9,,1.1,,0,,14.2,,32.4,,69.5,,1018,,1.2,,0.6,,147,,57,,6.6,,14.7,,15.6,,13.7,
2006-10-01,274,10.6,,12,,9.5,,93,,96,,81,,9.5,,11.2,,7.5,,25.4,,2.2,,5.6,,-5.8,,1016,,2.3,,2,,97,,31,,12.4,,14.6,,15.2,,14.1,
2006-10-02,275,11.4,,17.7,,7.6,,83,,97,,49,,8.3,,12.1,,6.3,,0,,11.2,,25.4,,56.7,,1016,,1.1,,0.4,,323,,60,,8.3,,14.8,,15.7,,14.2,
2006-10-03,276,14.3,,21.3,,7.2,,84,,97,,57,,11.3,,15.6,,6.7,,1.3,,13.1,,30.7,,70.8,,1018,,0.8,,0.3,,216,,54,,6.9,,14.9,,16,,13.8,
2006-10-04,277,17.6,,22.8,,12.2,,85,,97,,63,,14.8,,17.1,,11.7,,3.3,,12.2,,28.6,,63.7,,1014,,1.5,,1,,205,,47,,8.9,,15.9,,16.8,,14.9,
2006-10-05,278,10,,16.1,,6.4,,67,,94,,43,,3.9,,15.1,,0.3,,0,,15,,33.9,,77.7,,1019,,1.5,,0.9,,351,,51,,9.5,,16,,16.7,,15.1,
2006-10-06,279,7.5,,13.1,,4.4,,65,,80,,33,,0.8,,3.7,,-3.5,,0,,12,,27,,46.5,,1028,,1.9,,1.7,,68,,27,,9.1,,14.4,,15.3,,13.7,
2006-10-07,280,8.5,,16.3,,2.8,,75,,96,,43,,3.9,,7.3,,1.3,,0,,14.5,,32.3,,60.2,,1027,,1.2,,1,,67,,36,,6.9,,13.7,,14.5,,12.9,
2006-10-08,281,11.2,,21.2,,3,,69,,97,,22,,4.5,,8.4,,-1.9,,0.3,,15.9,,34.4,,60.9,,1023,,0.7,,0.2,,301,,60,,4.5,,13.4,,14.5,,12.4,
2006-10-09,282,14.5,,24.5,,7.1,,72,,96,,34,,8.9,,14.3,,5.5,,0,,15,,33.7,,68.2,,1017,,0.9,,0.2,,262,,66,,6.3,,13.8,,15.1,,12.7,
2006-10-10,283,14.4,,20.5,,10.5,,71,,89,,49,,9,,12.1,,4,,0,,9.3,,21,,42.6,,1016,,1.5,,1.2,,86,,37,,7.7,,14.4,,15.3,,13.6,
2006-10-11,284,11.2,,13.5,,8,,85,,96,,69,,8.8,,12.1,,5.2,,16.8,,6.3,,14.9,,33.8,,1013,,2.5,,2.1,,87,,29,,9.9,,14.2,,14.7,,13.8,
2006-10-12,285,13,,16.9,,7.2,,92,,97,,70,,11.6,,15.1,,3.9,,25.9,,3.8,,9.3,,8.7,,999,,1.6,,0.3,,174,,72,,10.8,,14.3,,14.9,,13.7,
2006-10-13,286,5.1,,10.6,,-0.8,,56,,88,,25,,-3.7,,4.2,,-9.2,,0.3,,14.7,,32,,41.4,,1008,,1.3,,0.8,,235,,51,,8.7,,13.3,,14.3,,12.4,
2006-10-14,287,5.7,,13,,0.5,,62,,89,,26,,-2.1,,1.4,,-6.9,,0,,13.7,,30.4,,43,,1007,,1.5,,0.9,,219,,48,,15.4,,12.1,,12.8,,11.3,
2006-10-15,288,4.6,,11.6,,-0.7,,69,,95,,37,,-1.2,,1.6,,-3.2,,0,,10.4,,23.3,,30.2,,1013,,1.1,,0.6,,262,,54,,8.1,,11.3,,12,,10.6,
2006-10-16,289,6.3,,13.7,,-0.6,,64,,93,,31,,-0.8,,2.3,,-3.9,,0,,13.8,,30.3,,45.8,,1023,,0.9,,0.2,,190,,70,,5.2,,11,,11.9,,10.1,
2006-10-17,290,7.2,,9.9,,3.2,,86,,96,,66,,4.9,,8.3,,1.4,,12.2,,2.9,,6.7,,-3.4,,1019,,2.1,,1.8,,130,,32,,10.7,,10.9,,11.3,,10.4,
2006-10-18,291,12.8,,18.1,,8.8,,88,,97,,58,,10.7,,14.4,,8.2,,6.1,,6.5,,15.2,,26.9,,1008,,1.5,,0.7,,226,,59,,8.3,,11.8,,12.9,,10.9,
2006-10-19,292,12.8,,17.2,,7.8,,82,,96,,55,,9.6,,12.7,,7.1,,0,,10.2,,23.5,,58.5,,1007,,1.3,,0.9,,201,,41,,8,,12.7,,13.5,,12,
2006-10-20,293,11.6,,16.1,,3,,92,,97,,74,,10.4,,15.5,,-1,,24.6,,1.2,,3.2,,-10.5,,997,,2.7,,1.4,,217,,57,,14.2,,13.5,,14.1,,13,
2006-10-21,294,4.7,,10,,-0.4,,62,,88,,36,,-2.3,,-0.2,,-5,,0,,12.8,,28.6,,33.9,,1008,,2.3,,1.8,,281,,33,,12.9,,12.1,,13.2,,11.2,
2006-10-22,295,5.3,,10.1,,-1.4,,72,,93,,46,,0.3,,6.7,,-3.7,,0,,8,,18.4,,25.1,,1011,,1.2,,0.4,,191,,62,,6.1,,10.7,,11.4,,9.9,
2006-10-23,296,6.2,,9.3,,2.9,,85,,97,,59,,3.8,,7.8,,0,,1.8,,4.9,,11.5,,11.5,,1000,,1.4,,0.9,,269,,42,,9.4,,11.2,,11.7,,10.8,
2006-10-24,297,3.8,,6.2,,0.7,,77,,94,,56,,-0.1,,1,,-2.1,,0,,3.5,,8.1,,5.7,,1000,,1.4,,1.2,,272,,30,,7.4,,10.7,,11.1,,10.3,
2006-10-25,298,4.3,,9.1,,0.2,,72,,94,,48,,-0.6,,1.9,,-1.9,,0,,6.9,,15.9,,18.7,,1005,,1.7,,1.4,,283,,33,,10.5,,9.9,,10.5,,9.3,
2006-10-26,299,3.5,,6.8,,-0.5,,68,,91,,50,,-2.1,,-0.2,,-3.6,,0,,6.3,,14.2,,7.7,,1013,,1.4,,1.1,,297,,38,,10.7,,9.6,,10,,9,
2006-10-27,300,3.1,,10.2,,-2.9,,69,,94,,34,,-2.6,,2.3,,-5.5,,0.5,,12.3,,26.6,,36.7,,1017,,1.1,,0.3,,161,,66,,5.1,,8.9,,9.5,,8,
2006-10-28,301,8.2,,15.8,,3.4,,93,,96,,77,,7.1,,14.8,,0.8,,50,,0.8,,2.4,,-10.7,,992,,3.5,,1.9,,132,,56,,15.3,,9.1,,10,,8.4,
2006-10-29,302,5.3,,8.3,,3.7,,56,,83,,32,,-3.2,,1.3,,-7.9,,0,,5.2,,11.7,,7.5,,994,,4.1,,3.6,,250,,29,,20.6,,9.1,,9.8,,8.6,
2006-10-30,303,7.1,,11.9,,3.7,,48,,67,,33,,-3.4,,-0.6,,-6.6,,0,,11.4,,25.4,,33.5,,1010,,2.8,,2.6,,270,,25,,14.3,,8.8,,9.5,,8.3,
2006-10-31,304,11.1,,19.8,,2.4,,60,,77,,38,,3.5,,8.3,,-2.4,,0,,9.6,,21.7,,29.3,,1011,,1.6,,1.3,,212,,37,,10.2,,8.9,,9.9,,8,
2006-11-01,305,11.1,,17,,5.2,,64,,97,,29,,3.8,,10.6,,-3.3,,1.3,,10.5,,23.7,,28.6,,1011,,1.2,,0.6,,270,,56,,7.7,,10.1,,10.9,,9.6,
2006-11-02,306,3.7,,9.2,,-2.3,,76,,97,,46,,-0.3,,3.4,,-6.5,,6.6,,6.7,,14.5,,6.7,,1012,,1.2,,0.8,,313,,44,,7.8,,9.6,,10.1,,8.7,
2006-11-03,307,0.3,,5,,-3.3,,69,,91,,41,,-5,,-3.2,,-7.8,,0,,9.9,,20.4,,17,,1019,,1.3,,1.1,,271,,31,,9,,8,,8.9,,7.3,
2006-11-04,308,0.1,,5.7,,-3.4,,69,,92,,33,,-5.4,,-2.9,,-10.8,,0,,9.2,,19.4,,11.8,,1027,,1,,0.6,,296,,44,,9,,7.1,,7.7,,6.6,
2006-11-05,309,1.3,,6.8,,-3.3,,67,,90,,40,,-4.6,,-2.3,,-6.5,,0,,9.6,,21.2,,19.1,,1028,,0.9,,0.5,,216,,52,,5.9,,6.6,,7.2,,5.9,
2006-11-06,310,6,,12.9,,1.4,,55,,75,,31,,-2.9,,-0.4,,-5,,0,,9.1,,20.4,,28,,1025,,1,,0.6,,230,,50,,5.3,,7.1,,7.9,,6.4,
2006-11-07,311,8.3,,12.3,,3.8,,69,,92,,44,,2.8,,8,,-2.7,,0,,5.2,,12,,16.8,,1021,,1.5,,1.2,,186,,37,,8.1,,7.5,,8.4,,6.8,
2006-11-08,312,10.7,,11.9,,9.1,,96,,97,,92,,10.2,,11.4,,7.8,,38.3,,1.3,,3.4,,2.3,,1007,,2.5,,2.2,,82,,26,,9.5,,8.9,,9.9,,8.2,
2006-11-09,313,12.6,,19,,9.2,,86,,97,,58,,10.1,,13.2,,7.3,,0.5,,7.9,,17.9,,19,,997,,1.4,,0.9,,308,,49,,8.2,,10.2,,11.1,,9.6,
2006-11-10,314,8.9,,14.3,,2.7,,70,,93,,44,,3.4,,7.6,,1.4,,0,,9.9,,21.7,,11.8,,1009,,1.8,,1.3,,284,,41,,8.4,,9.9,,10.4,,9.3,
2006-11-11,315,10.1,,17.1,,2,,76,,96,,55,,5.8,,11.1,,1.2,,0,,8.8,,19.6,,19.9,,1012,,1.8,,1.4,,177,,40,,7.9,,9.3,,10,,8.6,
2006-11-12,316,11.1,,13.2,,7.1,,96,,97,,92,,10.5,,12.6,,6.6,,7.6,,1.9,,4.8,,3.5,,1015,,2.7,,2.4,,72,,25,,10.6,,10.3,,10.8,,9.7,
2006-11-13,317,8.7,,10.1,,7,,96,,97,,94,,8.2,,9.5,,6.6,,2.3,,2,,4.9,,7.3,,1017,,3.8,,3.5,,70,,22,,11.8,,10.3,,10.5,,10,
2006-11-14,318,9.4,,10.8,,8.2,,96,,97,,94,,8.8,,10.3,,7.6,,7.6,,2.1,,5.1,,0.9,,1007,,1.7,,0.4,,44,,70,,11.5,,10.4,,10.8,,10,
2006-11-15,319,11.9,,14.7,,9.6,,94,,98,,79,,10.9,,11.9,,9.2,,0.3,,2.5,,5.8,,-0.7,,1014,,1.5,,0.8,,160,,53,,6.1,,10.8,,11.3,,10.4,
2006-11-16,320,15.5,,18.7,,12.1,,93,,98,,82,,14.3,,16.9,,11.6,,22.1,,2.9,,6.9,,4.5,,1010,,3.3,,2.8,,145,,34,,14.1,,11.6,,12.8,,11,
2006-11-17,321,13.3,,18.3,,3.2,,77,,96,,49,,9.3,,17,,0.1,,15,,6.9,,15,,12.8,,1004,,3,,2.2,,210,,43,,15.4,,13.1,,13.5,,12.4,
2006-11-18,322,4,,8.6,,1.1,,76,,93,,55,,-0.1,,2,,-1.4,,0,,7,,15.3,,-3.1,,1009,,0.9,,0.6,,318,,43,,6.4,,11.1,,12.6,,10.1,
2006-11-19,323,2.9,,4.7,,0.9,,78,,90,,67,,-0.6,,0.4,,-1.5,,0,,2.7,,6.3,,5.8,,1009,,0.8,,0.6,,328,,39,,4.8,,9.9,,10.3,,9.5,
2006-11-20,324,0.5,,3.7,,-2.3,,71,,92,,52,,-4.2,,-0.5,,-7.4,,0,,6.6,,14.4,,8.3,,1014,,1.6,,1.3,,286,,33,,7.1,,9.2,,9.7,,8.4,
2006-11-21,325,-1,,6.3,,-5.2,,68,,88,,36,,-6.5,,-3.9,,-8.4,,0,,9.5,,19.3,,-3.5,,1028,,0.9,,0.3,,4,,61,,6,,7.5,,8.6,,6.9,
2006-11-22,326,0.9,,6.4,,-4.1,,66,,87,,34,,-5.2,,-1.4,,-9,,0,,5.9,,12.4,,0,,1026,,1.8,,1.6,,61,,25,,7.4,,6.7,,7.2,,6.3,
2006-11-23,327,2.8,,4.9,,0.4,,78,,93,,43,,-0.9,,2.3,,-9.9,,15.2,,1.4,,3.4,,-9.9,,1020,,2.7,,2.3,,51,,31,,13,,6.6,,6.9,,6.3,
2006-11-24,328,5.4,,10.8,,-0.5,,46,,78,,30,,-5.9,,-0.7,,-10.3,,0,,9.2,,18.6,,-0.4,,1017,,1.8,,1.3,,338,,39,,11,,6.8,,7.2,,6.4,
2006-11-25,329,2.6,,8.9,,-2.7,,69,,92,,47,,-2.7,,2.1,,-7.5,,0,,8.9,,18.5,,0.6,,1025,,1.1,,0.3,,154,,64,,5.4,,6.1,,6.6,,5.5,
2006-11-26,330,6.2,,11.5,,2.6,,85,,97,,59,,3.7,,5.4,,1.9,,0,,5.9,,13,,11.5,,1024,,1.3,,1.1,,217,,33,,6,,6.5,,7.3,,5.9,
2006-11-27,331,8.8,,15.6,,4.4,,77,,94,,51,,4.7,,7.2,,3.3,,0,,6,,13.2,,11.5,,1022,,0.6,,0.2,,215,,62,,5.7,,7.3,,8.1,,6.6,
2006-11-28,332,4.6,,8.9,,1.8,,93,,98,,76,,3.6,,5.5,,1.5,,0,,0.7,,1.9,,-3.2,,1025,,1.8,,1.6,,84,,26,,8.3,,7.6,,7.8,,7.3,
2006-11-29,333,6,,9.5,,1.8,,97,,98,,95,,5.6,,9.1,,1.5,,0.3,,1.1,,2.7,,2.7,,1025,,1.5,,0.9,,196,,48,,8.8,,7.6,,8.1,,7.2,
2006-11-30,334,12.4,,14.9,,9.3,,94,,98,,87,,11.4,,13,,8.9,,0,,1.4,,3.5,,1.2,,1018,,3,,2.7,,209,,28,,14.6,,8.7,,9.5,,7.9,
2006-12-01,335,14.9,,17.5,,6.9,,91,,97,,72,,13.4,,16.3,,2.6,,8.1,,0.6,,1.6,,-15.7,,1004,,3.7,,3,,208,,35,,19.9,,10,,11,,9.3,
2006-12-02,336,3.3,,7.2,,0,,56,,79,,38,,-4.8,,3.2,,-8.5,,0,,5.5,,12,,-6.3,,1012,,3.7,,3.4,,273,,24,,15.4,,9.5,,10.9,,8.2,
2006-12-03,337,0.9,,5.1,,-4.3,,64,,85,,47,,-5.4,,-2,,-7.7,,0,,7.2,,15.5,,-8.9,,1022,,1.9,,1.5,,225,,39,,9,,7.3,,8.4,,6.8,
2006-12-04,338,-1.4,,1,,-5.6,,63,,87,,32,,-7.8,,-1.7,,-15.1,,0,,5.8,,12.3,,-4.5,,1013,,1.8,,1.5,,282,,33,,12,,6.4,,7,,5.7,
2006-12-05,339,-5.5,,-1.4,,-7.4,,76,,92,,58,,-9.1,,-5.8,,-10.7,,0.3,,4.2,,8.6,,-26.7,,1018,,1,,0.9,,272,,28,,6.1,,4.9,,5.9,,4.2,
2006-12-06,340,-1.2,,5.1,,-7.9,,72,,91,,52,,-5.7,,2,,-11.9,,0,,3.1,,6.5,,-11.3,,1020,,2.6,,2.3,,193,,30,,11.9,,3.8,,4.4,,3.4,
2006-12-07,341,3.8,,8.6,,-5.1,,69,,86,,47,,-1.5,,1.5,,-8.4,,0,,5.4,,11.3,,10.3,,1009,,2.1,,1.6,,249,,40,,10,,4.7,,5.5,,3.8,
2006-12-08,342,-8.6,,-4.8,,-11.2,,58,,88,,40,,-15.6,,-7.9,,-20.7,,0,,6.6,,13.1,,-5.2,,1012,,3,,2.7,,287,,28,,14.3,,4.3,,5.3,,3.3,
2006-12-09,343,-3.1,,1.8,,-8.7,,63,,79,,48,,-9.1,,-6.9,,-12.3,,0,,5.5,,11.5,,1,,1019,,2.1,,1.9,,247,,25,,7.2,,3,,3.5,,2.7,
2006-12-10,344,2.3,,8.8,,-1.7,,46,,66,,32,,-8.3,,-4.3,,-12.3,,0,,7.6,,15.7,,-2.1,,1019,,2.3,,2,,249,,27,,9.4,,3.1,,3.6,,2.7,
2006-12-11,345,3.5,,7.4,,0.5,,67,,89,,50,,-2.2,,0,,-4.5,,0,,2.6,,5.6,,-1.4,,1025,,0.8,,0.6,,291,,37,,7.2,,3.5,,4.2,,3,
2006-12-12,346,0.5,,5.5,,-3.3,,80,,95,,57,,-2.7,,-1.4,,-4.1,,0,,6.6,,13.6,,-3.7,,1032,,1.2,,0.6,,117,,56,,6,,3.6,,4,,3.2,
2006-12-13,347,5.8,,8.9,,1.6,,91,,97,,77,,4.5,,8.5,,-2,,5.1,,1.1,,2.7,,-0.9,,1021,,2.4,,1.8,,172,,42,,10.4,,4.3,,5.2,,3.5,
2006-12-14,348,7.2,,11.3,,4.5,,87,,98,,58,,5,,6.8,,2.5,,0,,6.8,,14.3,,2.4,,1011,,1.9,,1.5,,214,,35,,7.6,,5.5,,6.1,,5,
2006-12-15,349,5.8,,8.6,,4.2,,95,,98,,83,,5,,6.9,,3.8,,0,,2,,4.5,,-1.6,,1003,,1.6,,1.4,,204,,33,,7.3,,5.9,,6.4,,5.5,
2006-12-16,350,3,,7.4,,-1.2,,80,,97,,59,,-0.3,,4,,-3.1,,0,,4.5,,9.7,,-10.3,,1011,,1.9,,1.7,,274,,24,,11.5,,5.6,,6.1,,5.1,
2006-12-17,351,4.9,,9.9,,-1,,67,,87,,47,,-1,,2.7,,-3.3,,0,,3.8,,8.3,,3.1,,1015,,1.8,,1.5,,241,,31,,7.3,,5,,5.6,,4.4,
2006-12-18,352,6.9,,9.5,,1.7,,59,,80,,38,,-0.8,,5.6,,-6.8,,0,,1,,2.5,,-16.2,,1013,,2.1,,1.9,,272,,24,,11.4,,5.7,,6,,5.3,
2006-12-19,353,-0.3,,3.6,,-4.5,,64,,95,,38,,-6.9,,-3,,-10.1,,0,,6.6,,14,,-10.1,,1019,,1.6,,1.3,,283,,32,,9.1,,4.8,,5.5,,4.2,
2006-12-20,354,-1.1,,3.5,,-6.3,,73,,95,,54,,-5.8,,-3.3,,-7.3,,0,,7,,13.4,,-16,,1022,,1.6,,1.1,,231,,42,,8.3,,3.7,,4.4,,3.3,
2006-12-21,355,3,,8.9,,-0.6,,49,,67,,26,,-7,,-5.2,,-9.8,,0,,6.7,,13.8,,-4.3,,1019,,2.2,,1.9,,265,,30,,10.7,,3.6,,4.2,,3.2,
2006-12-22,356,0.2,,2.4,,-4.3,,70,,97,,45,,-5,,1.9,,-9.2,,4.8,,3.4,,7.5,,-4.5,,1024,,1.4,,0.9,,104,,45,,8.4,,3.2,,3.7,,2.8,
2006-12-23,357,4.5,,8.3,,1.9,,97,,98,,90,,4.1,,7.9,,1.6,,17,,1.3,,3,,-5.5,,1007,,2.2,,0.5,,104,,71,,9.3,,4.1,,4.8,,3.3,
2006-12-24,358,3.5,,6.9,,-0.1,,73,,95,,51,,-1.1,,2.5,,-4,,0,,4.5,,9.3,,-13.8,,1010,,2.7,,2.5,,269,,23,,14.7,,4.3,,4.7,,4,
2006-12-25,359,1.3,,4.7,,-2.3,,76,,97,,51,,-2.7,,0.5,,-5,,6.6,,4.3,,9.1,,-5.3,,1016,,1.2,,0.4,,235,,61,,6.1,,3.7,,4.2,,3.2,
2006-12-26,360,2.9,,5.1,,0.7,,97,,98,,92,,2.5,,4.6,,-0.4,,6.6,,1.4,,3.2,,2.8,,995,,1.9,,0.4,,67,,71,,10.1,,3.9,,4.5,,3.4,
2006-12-27,361,-0.6,,1.5,,-4.1,,81,,97,,64,,-3.5,,-0.2,,-6.5,,0,,3,,6.4,,-21.9,,1005,,1.8,,1.5,,278,,29,,9.3,,4.2,,4.5,,3.7,
2006-12-28,362,0.2,,4.1,,-4.2,,74,,93,,56,,-3.9,,-2.5,,-6.2,,0,,4.3,,9.2,,-15.9,,1021,,1.9,,1.6,,264,,31,,10.9,,3.3,,3.8,,2.9,
2006-12-29,363,-4,,-1.1,,-7.4,,53,,93,,24,,-13,,-3,,-20.3,,0,,7.7,,15.6,,-1.8,,1031,,1.3,,1,,340,,39,,7.8,,2.7,,3.2,,2.3,
2006-12-30,364,-3.4,,-0.9,,-6.4,,70,,98,,33,,-8.6,,-1.3,,-19.8,,0.3,,0.8,,2,,-10.9,,1026,,1.4,,0.9,,239,,48,,6.7,,2.1,,2.5,,1.9,
2006-12-31,365,-2.9,,2.9,,-7,,72,,90,,45,,-7.4,,-5.3,,-8.6,,0,,6.8,,14.6,,-11.7,,1025,,1.3,,0.5,,304,,62,,7.1,,1.9,,2.2,,1.8,
2007-01-01,1,1.7,,5.3,,-1,,94,,98,,63,,0.9,,4.8,,-7.1,,19.6,,0.7,,2,,4.9,,1010,,1.8,,1.3,,121,,41,,10.1,,2,,2.6,,1.7,
2007-01-02,2,1.3,,5.1,,-3.1,,73,,98,,37,,-3.5,,2.3,,-9.1,,0,,7.6,,16.3,,-0.1,,1012,,2.4,,2.1,,275,,26,,15.2,,2.7,,3.1,,2.4,
2007-01-03,3,2.2,,7.7,,-2.9,,62,,88,,33,,-4.9,,-2.6,,-8.3,,0,,6.9,,14.9,,-10.6,,1019,,2.1,,1.8,,229,,29,,9.9,,2,,2.6,,1.7,
2007-01-04,4,5.4,,9.9,,1,,60,,76,,41,,-1.9,,0.1,,-4.2,,0,,6.2,,13.5,,-5.2,,1016,,1.6,,1.3,,216,,35,,7.3,,2.3,,2.8,,1.8,
2007-01-05,5,10.7,,13,,6.4,,86,,98,,56,,8.3,,12.6,,-0.5,,1,,1,,2.7,,5.9,,1009,,2.6,,2.3,,208,,28,,11,,3.6,,5,,2.5,
2007-01-06,6,13.1,,18.5,,5.2,,86,,98,,58,,10.7,,16,,-0.8,,6.9,,3.3,,7.7,,-6.4,,1003,,3.2,,2.5,,233,,38,,15.6,,6.1,,7.2,,4.8,
2007-01-07,7,3.9,,8,,0.3,,60,,78,,37,,-3.4,,0,,-6.2,,0,,7.5,,16.5,,3.1,,1019,,1.9,,1,,260,,55,,12,,5.6,,6.7,,5,
2007-01-08,8,2.6,,5.7,,-0.7,,91,,98,,61,,1.1,,5.3,,-6.4,,25.4,,0.7,,1.9,,-18.2,,1001,,2.4,,0.2,,170,,76,,12.7,,4.8,,5.2,,4.5,
2007-01-09,9,-0.5,,3.8,,-3.6,,65,,95,,40,,-6.5,,-3.1,,-9.1,,0,,7.3,,15.7,,-6.6,,1004,,2.2,,2,,254,,24,,10.9,,3.9,,4.7,,3.4,
2007-01-10,10,-4.9,,-1.9,,-8.4,,65,,92,,31,,-11,,-4.5,,-17.6,,0,,6.8,,14.3,,-15.9,,1012,,2.5,,2.3,,276,,24,,11.8,,2.8,,3.6,,2.3,
2007-01-11,11,-5.9,,-1.5,,-11.2,,62,,75,,47,,-12.1,,-7,,-16,,0,,5.4,,11.6,,-10.6,,1027,,2,,1.5,,221,,38,,9.4,,1.9,,2.5,,1.5,
2007-01-12,12,2.2,,6.5,,-1.7,,66,,75,,54,,-3.5,,0,,-7.8,,0,,4.1,,9.1,,9.7,,1021,,2.5,,2.2,,220,,30,,12,,1.5,,1.7,,1.3,
2007-01-13,13,3.9,,7.4,,0.6,,84,,97,,75,,1.5,,6.6,,-2.4,,0.3,,1.7,,3.9,,-1.6,,1018,,1.4,,0.6,,249,,61,,6.7,,2.3,,3.1,,1.4,
2007-01-14,14,-0.4,,0.8,,-1.5,,97,,98,,81,,-0.9,,0,,-2.5,,3,,0.9,,2.1,,1.3,,1020,,0.9,,0.6,,69,,44,,5,,2.9,,3.1,,2.7,
2007-01-15,15,-0.2,,0.8,,-1.3,,97,,99,,92,,-0.6,,0.6,,-2.2,,21.6,,0.6,,1.8,,5.5,,1012,,0.4,Q,0.3,Q,72,Q,17,Q,6,Q,2.8,,3.1,,2.5,
2007-01-16,16,-4.2,,2.2,,-12.8,,78,,99,,53,,-7.6,,1.9,,-19,,0,,1.3,,2.8,,-30.8,,1009,,2.2,Q,1.9,Q,292,Q,30,Q,11.3,Q,2.6,,2.9,,2,
2007-01-17,17,-13.3,,-8.9,,-17.3,,60,,83,,35,,-19.7,,-15.3,,-23.3,,0,,9,,18.9,,-10.9,,1029,,1.7,,1.4,,291,,32,,9.3,,1.6,,2.2,,1.1,
2007-01-18,18,-6.4,,-0.2,,-13.7,,78,,98,,50,,-9.7,,-0.5,,-18.1,,0,,5,,10.8,,8.3,,1027,,1.8,,1.3,,189,,38,,11.8,,1,,1.3,,0.8,
2007-01-19,19,-1.1,,0.8,,-2.9,,85,,98,,67,,-3.5,,0.1,,-7.9,,0.3,,3.1,,6.7,,-3,,1003,,2.5,,2.2,,268,,31,,13.8,,0.8,,1,,0.7,
2007-01-20,20,-7,,-2.5,,-13.4,,58,,76,,43,,-14.1,,-7.2,,-20.9,,0,,7.3,,15.1,,-0.1,,1006,,3.9,,3.5,,279,,25,,16.4,,0.8,,0.9,,0.7,
2007-01-21,21,-10.6,,-6.3,,-14.6,,45,,61,,28,,-20.6,,-17.6,,-23,,0,,8.3,,17.4,,3.7,,1018,,1.8,,1.5,,292,,32,,7.7,,0.7,,0.9,,0.5,
2007-01-22,22,-8.3,,-6.3,,-10.3,,72,,93,,46,,-12.6,,-8.5,,-19.2,,0,,2.5,,5.5,,1.7,,1010,,0.6,,0.2,,59,,64,,3.3,,0.5,,0.7,,0.4,
2007-01-23,23,-6.1,,-1.1,,-10.2,,77,,94,,49,,-9.8,,-8.3,,-11.3,,0,,9,,18.2,,12.6,,1006,,0.9,,0.7,,298,,39,,7,,0.5,,0.6,,0.3,
2007-01-24,24,-4.3,,0.2,,-8.4,,72,,94,,47,,-8.9,,-5.4,,-10.8,,0,,5.8,,12.2,,-7.9,,1008,,1.1,,1,,274,,29,,7.3,,0.4,,0.6,,0.3,
2007-01-25,25,-10.7,,-5.8,,-17.7,,66,,93,,31,,-16.4,,-10,,-23.3,,0,,8.2,,16.5,,-4.9,,1006,,1.4,,1,,304,,42,,10.5,,0.4,,0.5,,0.2,
2007-01-26,26,-17.6,,-13.8,,-21.1,,54,,73,,32,,-25.1,,-22.4,,-27.7,,0,,9.9,,19.8,,-3.2,,1006,,2.2,,1.9,,291,,30,,13.6,,0.2,,0.4,,0,
2007-01-27,27,-12.3,,-5.6,,-19.5,,71,,83,,54,,-16.5,,-8.9,,-25,,0,,3.4,,7.5,,-1.6,,1003,,1,,0.7,,239,,43,,6.5,,-0.1,,0.2,,-0.2,
2007-01-28,28,-3.6,,2,,-7.5,,76,,95,,47,,-7.5,,-5.3,,-10.4,,0.5,,8.2,,16.4,,16.9,,1000,,1,,0.7,,294,,43,,6.9,,-0.1,,0,,-0.3,
2007-01-29,29,-9.5,,-5.9,,-12.8,,60,,82,,37,,-16.1,,-8.9,,-20.5,,0,,8.9,,19.2,,4,,1004,,2.1,,1.7,,288,,35,,11.6,,-0.1,,0,,-0.3,
2007-01-30,30,-8.2,,-2.9,,-12.7,,66,,91,,36,,-13.8,,-8.4,,-17.2,,0,,8.5,,18.4,,7.8,,1008,,1.6,,1.4,,255,,28,,9.3,,-0.3,,-0.1,,-0.4,
2007-01-31,31,-7.3,,-3,,-10.7,,69,,94,,32,,-12.5,,-9.1,,-17.8,,0,,7.4,,15.6,,3.7,,1009,,1.5,,1.3,,272,,27,,9.7,,-0.3,,-0.2,,-0.5,
2007-02-01,32,-5.2,,-0.2,,-9.3,,62,,83,,41,,-11.4,,-7.5,,-14.1,,0,,6.4,,14.4,,5.4,,1011,,1.7,,1.5,,197,,32,,10.1,,-0.4,,-0.2,,-0.6,
2007-02-02,33,-2.1,,1.5,,-6.1,,82,,98,,49,,-4.9,,-1.2,,-8.4,,7.4,,5.5,,12.9,,23.1,,1003,,1.4,,0.8,,104,,51,,7.2,,-0.4,,-0.2,,-0.6,
2007-02-03,34,-6.6,,-1.4,,-10.5,,58,,99,,31,,-14,,-1.6,,-21.1,,0,,7.2,,12.1,,-28.1,,1003,,2.7,,2.5,,267,,26,,12.7,,-0.3,,-0.2,,-0.4,
2007-02-04,35,-11.3,,-7.4,,-16.2,,44,,66,,25,,-21.5,,-16.9,,-25.3,,0,,10.8,,23.5,,-28.7,,1008,,2.5,,2.2,,259,,27,,10.6,,-0.3,,-0.2,,-0.4,
2007-02-05,36,-14.4,,-11.7,,-17.9,,47,,62,,32,,-23.5,,-19.4,,-26.7,,0,,7.7,,17.1,,-31.1,,1008,,3.9,,3.5,,267,,23,,17.9,,-0.3,,-0.2,,-0.4,
2007-02-06,37,-11.6,,-7,,-15.1,,56,,72,,31,,-18.9,,-17.1,,-22.4,,0,,10.1,,22.3,,-31.2,,1010,,2.5,,2.3,,268,,24,,12,,-0.3,,-0.2,,-0.4,
2007-02-07,38,-12.6,,-8.1,,-17.1,,56,,76,,31,,-20,,-16.4,,-22.9,,0,,9.6,,21.1,,-26.5,,1006,,2.2,,2,,272,,25,,12.5,,-0.4,,-0.2,,-0.5,
2007-02-08,39,-10.6,,-6.2,,-14.2,,62,,72,,37,,-16.5,,-12.6,,-18.7,,0,,7.7,,16.9,,-24.2,,1004,,2.6,,2.3,,262,,25,,15.5,,-0.4,,-0.3,,-0.5,
2007-02-09,40,-9.6,,-6.6,,-12.6,,58,,77,,37,,-16.5,,-14.1,,-19.5,,0,,11.5,,25.5,,-14.2,,1004,,3,,2.7,,268,,26,,14.7,,-0.4,,-0.3,,-0.5,
2007-02-10,41,-8.8,,-2.6,,-14.7,,63,,80,,45,,-14.7,,-9.1,,-17.6,,0,,7.1,,16.2,,-12.7,,1008,,1.5,,1.3,,269,,28,,8.9,,-0.4,,-0.3,,-0.6,
2007-02-11,42,-7.9,,-3.4,,-14.1,,61,,85,,38,,-14.4,,-11.9,,-17.7,,0,,9.8,,21.7,,-13.9,,1015,,1.4,,1,,232,,44,,6.5,,-0.4,,-0.3,,-0.6,
2007-02-12,43,-6,,-1.1,,-10.5,,55,,67,,41,,-13.7,,-10.3,,-19,,0,,8.6,,19.5,,-18.4,,1015,,2.5,,2.3,,274,,25,,12.5,,-0.4,,-0.3,,-0.6,
2007-02-13,44,-13,,-9.1,,-17.9,,40,,83,,24,,-24.1,,-15.2,,-27.4,,0.3,,9,,20.1,,5.9,,1021,,1.4,,1.1,,329,,38,,8.7,,-0.5,,-0.3,,-0.6,
2007-02-14,45,-10.7,,-7.4,,-13.5,,89,,93,,76,,-12.2,,-8.5,,-16.5,,31,,1.2,,3.4,,-4,,997,,3.1,,1.7,,26,,55,,17.4,,-0.4,,-0.3,,-0.6,
2007-02-15,46,-13.5,,-9.5,,-15.9,,53,,77,,32,,-21.4,,-16.3,,-26,,0,,12.7,,27.7,,-27.4,,998,,4,,3.7,,271,,23,,16.4,,-0.4,,-0.3,,-0.5,
2007-02-16,47,-9.4,,-5.1,,-14.5,,60,,87,,39,,-16,,-13.4,,-19.2,,1.5,,11.5,,25.3,,-12.6,,997,,3.7,,3.4,,265,,24,,15.9,,-0.4,,-0.2,,-0.5,
2007-02-17,48,-5.9,,-0.2,,-11.6,,50,,73,,28,,-15.3,,-11.6,,-17.6,,0,,12.3,,27.5,,-19,,1001,,2.4,,2.2,,259,,25,,9.5,,-0.3,,-0.2,,-0.5,
2007-02-18,49,-6.3,,-2.1,,-12.1,,66,,96,,36,,-12.1,,-6.6,,-20.5,,0,,8.3,,18.6,,-18.2,,999,,2.1,,1.8,,279,,30,,11.7,,-0.3,,-0.2,,-0.4,
2007-02-19,50,-13.1,,-8.4,,-18.4,,42,,80,,22,,-24,,-16.3,,-28.1,,0,,13.6,,29.6,,-14.5,,1007,,2.6,,2.1,,289,,34,,13.2,,-0.3,,-0.2,,-0.4,
2007-02-20,51,-1.7,,5.7,,-10.6,,55,,74,,39,,-9.8,,-2.9,,-21.9,,0,,4.8,,11.4,,2.9,,1003,,1.4,,1.2,,221,,33,,7.3,,-0.3,,-0.2,,-0.4,
2007-02-21,52,0.4,,4.6,,-3.9,,63,,92,,34,,-6.3,,-2,,-10.5,,0,,12.4,,27.7,,-11.7,,1006,,1.5,,1.2,,285,,35,,9.1,,-0.3,,-0.2,,-0.4,
2007-02-22,53,-1.1,,4.6,,-5.6,,76,,98,,39,,-5.2,,-0.3,,-8.7,,3,,5.4,,12.5,,-4.8,,1003,,1.6,,0.9,,117,,53,,6.9,,-0.3,,-0.2,,-0.4,
2007-02-23,54,-5.2,,-1.3,,-11.9,,68,,98,,39,,-10.8,,-1.5,,-18.7,,1.3,,9,,17.8,,-64.6,,1003,,2.7,,2.2,,307,,34,,12.6,,-0.3,,-0.2,,-0.4,
2007-02-24,55,-7.6,,0.3,,-14,,58,,68,,44,,-14.5,,-9.4,,-19,,0,,13.8,,31.4,,-19.1,,1011,,2.7,,2.3,,308,,32,,14.7,,-0.3,,-0.1,,-0.4,
2007-02-25,56,-3.4,,3.8,,-10.2,,54,,75,,30,,-11.9,,-6.1,,-14,,0,,13.6,,29.4,,-9.1,,1013,,1.6,,1.2,,319,,36,,6.8,,-0.3,,-0.1,,-0.4,
2007-02-26,57,-1.9,,0.1,,-4.5,,74,,97,,43,,-6.1,,-3.1,,-12.4,,1.5,,4.2,,9.3,,0.6,,1006,,1.3,,1.1,,68,,33,,7.2,,-0.2,,-0.1,,-0.4,
2007-02-27,58,-1.3,,1.4,,-3.9,,90,,98,,74,,-2.8,,-1.4,,-4.4,,0.8,,3.5,,7.8,,-14.1,,1008,,0.3,,0.2,,244,,42,,3.2,,-0.2,,-0.1,,-0.4,
2007-02-28,59,-0.3,,6.1,,-4.7,,69,,99,,33,,-6.2,,-1.8,,-10.3,,0,,14.2,,30.2,,-8.1,,1013,,1.1,,0.8,,299,,38,,6.9,,-0.2,,-0.1,,-0.4,
2007-03-01,60,-1.6,,4.3,,-8.2,,35,,63,,17,,-15.6,,-7.3,,-20.6,,0,,13.3,,28.4,,-0.6,,1016,,1,,0.1,,330,,75,,5.8,,-0.2,,-0.1,,-0.3,
2007-03-02,61,-0.4,,2.7,,-3.1,,97,,99,,58,,-0.9,,2.3,,-7.9,,36.1,,2.1,,5.5,,-2,,1001,,3.3,,2.4,,81,,41,,15.7,,-0.2,,-0.1,,-0.3,
2007-03-03,62,1.5,,8.9,,-2.4,,83,,99,,34,,-1.7,,0.5,,-7,,0.5,,8.5,,18.8,,-18.9,,1000,,1.1,,0.6,,225,,51,,9.7,,-0.2,,-0.1,,-0.3,
2007-03-04,63,-2.3,,0.8,,-5.4,,69,,98,,47,,-7.6,,-1,,-11.8,,0.3,,6.3,,13.4,,-18.9,,1000,,2.7,,2.5,,272,,24,,11.6,,-0.2,,-0.1,,-0.3,
2007-03-05,64,-4.6,,0.2,,-10,,61,,93,,26,,-11.3,,-5.1,,-19,,0,,9.3,,19.6,,-9.8,,1000,,3.6,,3.2,,265,,27,,16.3,,-0.2,,-0.1,,-0.3,
2007-03-06,65,-15.9,,-9.9,,-19.3,,35,,57,,18,,-28.2,,-17.6,,-33.9,,0,,17,,35.5,,-4.8,,1015,,3.9,,3.4,,290,,27,,17,,-0.2,,-0.1,,-0.3,
2007-03-07,66,-13.9,,-7.3,,-21,,46,,67,,32,,-23.4,,-18.8,,-29.9,,0,,15.2,,32.3,,-0.6,,1018,,1.5,,1.3,,266,,29,,9,,-0.2,,-0.1,,-0.3,
2007-03-08,67,-13,,-6.9,,-18.3,,52,,84,,27,,-21.4,,-15.5,,-29.1,,0,,13,,26.9,,-9.2,,1017,,2.2,,1.8,,288,,32,,14.1,,-0.2,,-0.1,,-0.3,
2007-03-09,68,-9.9,,-0.2,,-20.2,,33,,53,,15,,-23.9,,-14.4,,-29.1,,0,,17.3,,37.3,,5.9,,1025,,1.5,,0.9,,243,,51,,6.5,,-0.2,,-0.1,,-0.3,
2007-03-10,69,1.1,,7.3,,-6.5,,84,,97,,53,,-1.3,,5.3,,-14.5,,7.4,,6.3,,14.2,,3.5,,1019,,2.8,,2.5,,209,,26,,12.4,,-0.2,,0,,-0.3,
2007-03-11,70,3.1,,7.6,,-1.6,,75,,99,,42,,-1.3,,4.7,,-5.8,,5.8,,12.6,,27.1,,15.5,,1016,,1.7,,1.3,,273,,36,,9.8,,-0.2,,0,,-0.3,
2007-03-12,71,4.1,,11.3,,-2.7,,48,,88,,17,,-7.4,,-3.6,,-14.2,,0,,15.2,,32.3,,22,,1019,,1.2,,0.9,,244,,43,,7.1,,-0.2,,0,,-0.3,
2007-03-13,72,6.7,,13,,0.7,,49,,68,,29,,-3.9,,0.9,,-6.8,,0,,13.3,,29.3,,44.2,,1016,,2,,1.7,,206,,29,,10.1,,-0.1,,0,,-0.3,
2007-03-14,73,11.5,,19.4,,6.2,,65,,88,,42,,4.9,,8.8,,0.7,,0.8,,12.7,,28.2,,66.1,,1010,,2.1,,1.8,,206,,29,,9.5,,-0.1,,0,,-0.3,
2007-03-15,74,5.6,,10.6,,-1.9,,86,,97,,50,,3.3,,10.1,,-9.2,,7.1,,2,,5,,-1,,1012,,1.6,,0.6,,280,,62,,7.1,,-0.1,,0,,-0.2,
2007-03-16,75,-5.6,,-1.7,,-8.1,,72,,92,,30,,-10.5,,-6.9,,-19.2,,15.2,,2.5,,6.4,,3.3,,1018,,2.9,,2.5,,54,,31,,14.5,,-0.1,,0,,-0.2,
2007-03-17,76,-5.1,,-1.5,,-7.1,,84,,95,,66,,-7.5,,-3.6,,-10.8,,11.9,,4.8,,11.4,,-5.1,,998,,2.5,,1.4,,337,,55,,14.1,,-0.1,,0,,-0.2,
2007-03-18,77,-5.4,,-0.7,,-10.1,,61,,94,,29,,-12.5,,-8.9,,-17.6,,0,,11.1,,24.1,,-12.9,,1005,,3.1,,2.8,,269,,24,,13.9,,-0.1,,0,,-0.2,
2007-03-19,78,-3.1,,1.7,,-8.8,,62,,97,,33,,-10.1,,-0.6,,-15.2,,1,,14.1,,30.4,,5,,1018,,2.6,,2.2,,223,,34,,12.6,,-0.1,,0,,-0.2,
2007-03-20,79,-0.2,,3.8,,-8.4,,54,,99,,19,,-10.3,,0.2,,-19.9,,0.3,,18.6,,39.4,,-0.8,,1020,,3.1,,2.3,,278,,40,,14.5,,-0.1,,0.1,,-0.2,
2007-03-21,80,-3.1,,4.3,,-10.7,,36,,84,,9,,-18.5,,-3.8,,-28.7,,0,,20.1,,42.4,,7,,1033,,2,,1.1,,216,,55,,9.3,,-0.1,,0.1,,-0.2,
2007-03-22,81,5.5,,12.3,,-1.6,,84,,98,,56,,2.9,,8.2,,-4,,1,,14.1,,31.2,,45.6,,1017,,3.4,,3,,216,,28,,14.1,,0,,0.1,,-0.2,
2007-03-23,82,6.5,,10.4,,1.3,,59,,98,,25,,-2.4,,8.2,,-9.5,,0.5,,11.9,,25.8,,26.5,,1016,,1.9,,1.6,,269,,32,,10.1,,-0.1,,0.1,,-0.2,
2007-03-24,83,3.6,,10.7,,-2.4,,64,,98,,29,,-3.7,,2.3,,-8,,11.9,,16.7,,36.2,,87.3,,1023,,1.2,Q,0.6,Q,110,Q,57,Q,7.8,Q,-0.1,,0,,-0.2,
2007-03-25,84,1.6,,7.6,,-1.3,,89,,98,,59,,-0.2,,1.5,,-1.6,,0,,7.6,,16,,9.6,,1025,,0.6,Q,0.3,Q,314,Q,47,Q,5.6,Q,-0.1,,0.1,,-0.2,
2007-03-26,85,2,,3.9,,-1.7,,92,,98,,71,,0.9,,3.5,,-1.9,,7.6,,4.3,,10.1,,11.8,,1021,,2.1,,1.7,,208,,35,,11.8,,-0.1,,0.1,,-0.2,
2007-03-27,86,9.4,,16.8,,3.5,,86,,98,,61,,7,,11.1,,3.1,,0.8,,11.4,,26,,74.7,,1012,,1.2,,0.9,,288,,35,,6.2,,-0.1,,0.1,,-0.2,
2007-03-28,87,5.6,,9.9,,0.4,,44,,97,,13,,-8.4,,6.7,,-18.7,,0,,21.3,,44.6,,97.9,,1019,,2.4,,2,,310,,33,,15.7,,0,,0.1,,-0.2,
2007-03-29,88,2,,8,,-3,,26,,61,,12,,-16.1,,-8,,-21,,0,,21.7,,45,,86.8,,1023,,2.4,,1.9,,326,,39,,12.8,,0,,0.1,,-0.1,
2007-03-30,89,5.3,,13,,-2.7,,33,,61,,11,,-10.9,,-5.4,,-18.1,,0,,17.5,,37.1,,71.9,,1019,,1.6,,1.2,,297,,39,,14.5,,0.1,,0.2,,-0.1,
2007-03-31,90,3.8,,10.7,,-1.7,,27,,55,,8,,-14.9,,-5.9,,-22.3,,0,,21.4,,45.2,,91.6,,1020,,1.3,,0.8,,333,,48,,7.8,,0.3,,0.8,,0,
2007-04-01,91,5,,14,,-2.9,,49,,96,,10,,-8.1,,1.1,,-19,,4.8,,16.2,,34.9,,73.8,,1019,,1.6,,0.8,,174,,56,,8.8,,1.2,,2.5,,0.3,
2007-04-02,92,2.2,,3.4,,1.1,,97,,97,,96,,1.8,,3,,0.7,,0.8,,3.4,,8.2,,15.3,,1013,,1.8,,1.7,,84,,26,,8.6,,1.9,,2.3,,1.5,
2007-04-03,93,1.9,,3.8,,-0.5,,94,,98,,84,,1,,2.9,,-2.2,,0,,4,,9.2,,13.5,,1017,,1.5,,1.3,,82,,31,,7.9,,2.3,,2.8,,1.9,
2007-04-04,94,-0.3,,0.3,,-1,,94,,98,,88,,-1.1,,-0.4,,-2,,20.8,,2.2,,5.6,,8.8,,1009,,2.5,,2.2,,93,,29,,11.2,,1.9,,2.5,,1.5,
2007-04-05,95,-1.8,,2,,-6.1,,84,,98,,57,,-4.3,,0.5,,-11.2,,2.5,,7.9,,16.1,,-17.7,,999,,1.9,,1.6,,281,,35,,10.8,,1.5,,1.7,,1.3,
2007-04-06,96,-3.8,,-1.1,,-7.5,,64,,80,,49,,-9.8,,-7.4,,-12.4,,0,,11.3,,24.6,,16.9,,1001,,2.5,,2.3,,263,,24,,10.2,,1,,1.5,,0.7,
2007-04-07,97,-2.7,,2.6,,-7.9,,55,,84,,31,,-10.9,,-7.6,,-14.4,,0,,20.1,,42.1,,84.9,,1001,,1.7,,1.4,,280,,32,,8.7,,1,,1.6,,0.6,
2007-04-08,98,-2.5,,1.9,,-6.8,,62,,79,,40,,-9.1,,-5.6,,-12.6,,0,,13.9,,29.7,,62.2,,1004,,2.7,,2.5,,266,,24,,12.7,,0.9,,1.3,,0.6,
2007-04-09,99,0.5,,5.1,,-2.8,,59,,75,,37,,-6.9,,-4.5,,-8.5,,0,,17.5,,37.3,,89.8,,1008,,2.8,,2.5,,272,,26,,10.2,,1.5,,2.6,,0.6,
2007-04-10,100,0.2,,3.7,,-2.5,,60,,80,,38,,-6.9,,-4.8,,-9.7,,0,,8.8,,19.4,,39.1,,1012,,1.5,,1.3,,279,,30,,8,,1.8,,2.4,,1.2,
2007-04-11,101,2.5,,9,,-4,,53,,84,,25,,-7,,-3.1,,-10.2,,0,,21.6,,46.3,,110.2,,1017,,1.2,,0.2,,301,,72,,6.3,,2.5,,4,,1.2,
2007-04-12,102,0.7,,2.9,,-1.3,,83,,98,,55,,-2.1,,-0.2,,-5.4,,27.4,,2.3,,6.1,,3.4,,1007,,2.5,,1.8,,83,,40,,19.3,,2.5,,3.4,,1.9,
2007-04-13,103,1.5,,5.1,,-1.5,,84,,98,,61,,-1,,1.6,,-2.2,,0,,6.9,,15.9,,26.6,,1004,,2.4,,2.2,,274,,23,,11,,2,,2.4,,1.8,
2007-04-14,104,3.2,,7.6,,-0.6,,67,,86,,45,,-2.6,,-0.2,,-4.3,,0,,10,,22,,54.1,,1011,,1.8,,1.3,,294,,43,,9.6,,2.6,,3.5,,1.8,
2007-04-15,105,1.4,,4.2,,-0.3,,90,,97,,69,,-0.1,,3.5,,-2.7,,36.8,,1.4,,4,,-19.5,,1004,,3.8,,3.4,,83,,25,,18,,2.4,,3.1,,1.8,
2007-04-16,106,5.2,,8.6,,2.2,,93,,96,,88,,4.1,,7.9,,1.2,,33.5,,2.7,,6.7,,0.5,,982,,4.2,,3.8,,81,,26,,16.8,,2.9,,3.5,,1.7,
2007-04-17,107,2.2,,3.9,,0.4,,93,,95,,88,,1.2,,2.6,,-0.4,,9.6,,6.5,,14.9,,23.1,,996,,2.2,,1.7,,19,,39,,10.8,,3.2,,3.7,,2.8,
2007-04-18,108,3.9,,6.1,,1.1,,90,,96,,80,,2.3,,4.5,,0.4,,1,,6.1,,14.4,,21.3,,1006,,1.9,,1.6,,44,,31,,9.1,,3.6,,4.2,,3.1,
2007-04-19,109,7.9,,15.5,,2.6,,57,,94,,12,,-2.4,,3.6,,-13.8,,0,,20.4,,44.8,,126.6,,1011,,2,,1.6,,48,,36,,9.8,,5,,6.6,,3.7,
2007-04-20,110,11.6,,20.3,,3.2,,27,,65,,10,,-8.5,,-0.8,,-16.9,,0,,25,,52.8,,128.8,,1015,,1.5,,1.2,,34,,36,,9.8,,6,,7.7,,4.5,
2007-04-21,111,14.5,,22.2,,6.7,,24,,47,,10,,-6.8,,0.4,,-11.5,,0,,23.9,,50.7,,125.5,,1016,,1.5,,1,,334,,48,,9.3,,7.1,,8.8,,5.4,
2007-04-22,112,15.6,,23.7,,5.2,,27,,55,,12,,-4.2,,2.7,,-8.3,,0,,23.6,,50.9,,125,,1018,,1.7,,0.8,,220,,56,,8.3,,8.1,,10,,6.4,
2007-04-23,113,19.4,,28.3,,10.8,,29,,57,,13,,0.4,,9,,-4.4,,0,,22.6,,48.9,,122.7,,1012,,2.7,,2.4,,222,,29,,12.3,,9.4,,11.2,,7.7,
2007-04-24,114,14.6,,18.3,,5.4,,49,,79,,20,,3,,11.4,,-6.1,,0,,22.3,,50.5,,132.3,,1010,,2.4,,1.8,,288,,40,,12.2,,10.7,,12.1,,9.6,
2007-04-25,115,6.7,,12.7,,2.4,,70,,97,,32,,0.8,,6.1,,-4.3,,7.1,,6.7,,16.1,,15.8,,1016,,1,,0.5,,303,,57,,5.4,,9.4,,10.5,,8.6,
2007-04-26,116,8.6,,15.7,,0.6,,64,,98,,23,,0.8,,7,,-6.2,,0,,19.6,,44.6,,111.7,,1018,,1.4,,0.7,,221,,54,,10,,8.9,,10.5,,7.4,
2007-04-27,117,6.9,,8.7,,5,,93,,97,,67,,5.8,,8,,1.9,,15.2,,3.8,,10,,18.2,,1010,,1.6,,1.3,,96,,36,,9,,8.9,,9.7,,8.5,
2007-04-28,118,12.3,,18.8,,6.5,,80,,98,,51,,8.5,,13.2,,6.1,,0,,14.7,,34.8,,98.8,,1005,,1.2,,0.8,,250,,44,,7.8,,9.7,,11.3,,8.4,
2007-04-29,119,10.2,,13.3,,6.7,,83,,97,,62,,7.2,,8.8,,5.5,,0.5,,6.5,,15.7,,29.6,,1005,,1,,0.8,,289,,30,,5.7,,10.3,,10.7,,9.7,
2007-04-30,120,11.3,,19.3,,4.8,,64,,97,,29,,3.4,,9.7,,-2,,0.3,,15.2,,35.1,,83.3,,1004,,2.5,,1.8,,263,,43,,13,,10,,11.3,,8.9,
2007-05-01,121,10.7,,17,,2.3,,44,,81,,16,,-2,,3.2,,-10.3,,0,,18.6,,42.3,,109.7,,1010,,1.5,,0.9,,278,,47,,7.2,,10.2,,11.5,,8.7,
2007-05-02,122,10.1,,16.8,,3.8,,57,,94,,13,,0,,6.7,,-12.9,,4.3,,17.7,,40.7,,104.4,,1010,,1.6,,0.9,,346,,53,,10.5,,10.8,,12.2,,9.7,
2007-05-03,123,10.3,,17.6,,2.2,,34,,73,,11,,-7.2,,-1.1,,-14.4,,0,,25.3,,56.5,,143.3,,1017,,1.8,,1.3,,310,,41,,11.8,,10.6,,12.3,,8.9,
2007-05-04,124,10.4,,17.2,,2.2,,34,,65,,15,,-6,,0.5,,-10.3,,0,,25.2,,56.6,,146.5,,1018,,1.8,,1.1,,328,,49,,12.9,,10.6,,12.4,,8.9,
2007-05-05,125,10.5,,17.5,,3,,31,,63,,13,,-6.9,,0.3,,-11.8,,0,,18.9,,43.3,,110.5,,1017,,1.6,,0.9,,340,,52,,9.3,,10.6,,12.2,,9.1,
2007-05-06,126,8.2,,14.9,,2.2,,47,,78,,20,,-3.4,,0.5,,-8.1,,0,,22.8,,52.2,,131.8,,1026,,2,,1.6,,54,,39,,10.7,,10.7,,12.2,,9.2,
2007-05-07,127,11.3,,19.7,,0.8,,44,,88,,14,,-2.8,,3.7,,-10.1,,0,,24.9,,55.4,,144.1,,1026,,1.3,,0.8,,231,,49,,6.5,,11.1,,13.2,,9.1,
2007-05-08,128,15.2,,24.5,,5.7,,39,,77,,13,,-0.7,,8,,-6.7,,0,,25.9,,57.4,,149.6,,1019,,2.1,,1.8,,216,,33,,9,,12,,14.2,,10,
2007-05-09,129,19.3,,28,,10,,57,,93,,18,,8.6,,15.6,,1.2,,0,,22.8,,52.6,,142.5,,1016,,1.6,,1.3,,213,,36,,7.9,,13.3,,15.4,,11.2,
2007-05-10,130,20.5,,28.3,,15.6,,73,,98,,28,,14.4,,18.5,,7.4,,0,,19.8,,46.1,,141.9,,1012,,1.8,,1.5,,218,,33,,7.7,,15,,17,,13.4,
2007-05-11,131,18,,23.9,,14.5,,85,,97,,52,,15.2,,17.4,,12.7,,14.2,,12.5,,29.8,,76.7,,1009,,1.1,,0.6,,221,,49,,5.4,,15.6,,16.9,,14.6,
2007-05-12,132,14.8,,21.4,,9.1,,52,,86,,16,,3.5,,13.2,,-7.1,,0,,23.3,,52.4,,141.5,,1014,,1.4,,0.6,,340,,61,,7.6,,15.5,,17,,14.1,
2007-05-13,133,10.6,,16.6,,4.7,,36,,84,,12,,-5.6,,5.3,,-14.7,,0,,26.9,,57.3,,150.3,,1017,,1.5,,1,,337,,46,,10.4,,14.8,,16.3,,13.3,
2007-05-14,134,12.3,,20.9,,2,,36,,67,,15,,-3.6,,4.3,,-8.2,,0,,26.5,,56.8,,151.6,,1019,,1.4,,0.8,,253,,52,,8,,14,,15.9,,12.2,
2007-05-15,135,16,,26.3,,9.2,,63,,96,,34,,8.4,,16.2,,-2.1,,4.6,,13.4,,29.6,,76.4,,1009,,1.9,,1.4,,219,,43,,10.6,,14,,15.4,,12.7,
2007-05-16,136,14,,26,,6.2,,88,,97,,49,,11.8,,17.7,,5.7,,56.1,,11.6,,25.8,,65,,1005,,2.2,,1.2,,99,,54,,11.9,,14.8,,16.6,,13.6,
2007-05-17,137,7.9,,12.4,,4.6,,91,,98,,72,,6.6,,9.2,,3.7,,0,,10.9,,23.5,,72.8,,1016,,1.5,,1.1,,81,,43,,9.1,,13.6,,14.5,,12.9,
2007-05-18,138,4.5,,5.1,,3.8,,91,,95,,81,,3.1,,4.1,,1.8,,6.1,,3.2,,7.6,,2.7,,1019,,1.8,,1.4,,56,,36,,9.8,,12,,13.4,,10.9,
2007-05-19,139,8,,10.7,,4.6,,96,,97,,91,,7.3,,10.1,,3.9,,10.7,,7.7,,16.8,,32.4,,1010,,1,,0.7,,332,,43,,5.8,,11.4,,12.5,,10.4,
2007-05-20,140,12,,20.9,,9.5,,88,,98,,32,,9.8,,14.5,,3.4,,4.8,,11.2,,24.5,,56.9,,1005,,1,,0.7,,288,,37,,10.4,,12.8,,14.5,,11.6,
2007-05-21,141,10.9,,16.6,,6,,64,,91,,26,,3.8,,8.7,,-3.5,,0,,21,,44.9,,127.5,,1015,,1.6,,1,,315,,47,,8.7,,13.7,,15.4,,12.3,
2007-05-22,142,13.1,,20.9,,4.6,,48,,82,,16,,0.6,,6.8,,-6.9,,0,,27.3,,58.6,,158.7,,1024,,1.1,,0.3,,4,,65,,5.6,,14.5,,17,,11.9,
2007-05-23,143,15.3,,22.8,,8.3,,67,,96,,32,,8.6,,12.9,,4.7,,0,,24.2,,53.2,,149.7,,1026,,1.4,,1.1,,204,,37,,7.3,,15.7,,18.1,,13.2,
2007-05-24,144,19.8,,29.7,,9.7,,59,,91,,22,,10.2,,16.9,,5.4,,0,,26.4,,57.4,,168.7,,1024,,1.1,,0.6,,253,,54,,7.3,,17.2,,20.1,,14.3,
2007-05-25,145,23.1,,31.7,,15.1,,55,,86,,20,,12,,16.6,,5.7,,0,,24.9,,53.1,,158.5,,1018,,0.9,,0.4,,310,,55,,6.6,,18.7,,21.4,,16.2,
2007-05-26,146,21.3,,27.6,,16.3,,51,,81,,17,,9.6,,16,,0.2,,0,,24.2,,54.1,,157.4,,1016,,1.3,,0.7,,281,,52,,8.5,,19.4,,21.6,,17.5,
2007-05-27,147,19.5,,25.2,,14.1,,53,,78,,33,,9.5,,14.4,,5.9,,0,,18.4,,41.9,,122.4,,1018,,1.3,,0.7,,147,,52,,7.7,,19,,20.7,,17.4,
2007-05-28,148,18.6,,25.9,,10.8,,61,,89,,26,,9.9,,16.9,,2.4,,0,,20.3,,45.9,,131,,1016,,1.4,,0.9,,267,,46,,11.3,,19.1,,21.2,,17.6,
2007-05-29,149,15.8,,22.8,,9.1,,57,,86,,30,,6.6,,10.7,,3.4,,0,,27,,59.5,,162.9,,1021,,1.2,,0.7,,342,,54,,8.9,,18.5,,21,,16.3,
2007-05-30,150,18.7,,26.8,,10.3,,55,,78,,31,,8.6,,13.2,,4.2,,0,,27,,59.9,,173.8,,1019,,1,,0.4,,284,,57,,7.3,,18.9,,21.6,,16.3,
2007-05-31,151,16.4,,18.7,,14.4,,85,,96,,71,,13.8,,15.6,,11.7,,1.5,,12,,26.5,,70.6,,1018,,1.7,,1.5,,92,,30,,6.5,,18.7,,19.6,,17.8,
2007-06-01,152,19.3,,29.6,,13.1,,81,,97,,32,,15.1,,19.5,,10.4,,2.5,,22.8,,49.7,,152.4,,1014,,1.2,,0.4,,260,,63,,9.2,,19.8,,22.7,,17.3,
2007-06-02,153,21.7,,29.2,,14.8,,76,,97,,43,,16.7,,19.8,,14.3,,0,,17.8,,39,,107.6,,1011,,0.8,,0.4,,210,,54,,5.5,,20.6,,22.9,,18.2,
2007-06-03,154,15.1,,19.8,,9.2,,91,,97,,81,,13.7,,17.1,,8.7,,4.8,,8.6,,19.3,,45.3,,1009,,2.3,,2,,84,,29,,10.3,,19.4,,20.8,,17.7,
2007-06-04,155,11.9,,15.6,,8.5,,96,,97,,89,,11.2,,14.4,,7.9,,12.7,,8.2,,18.7,,42.9,,998,,2.7,,2.1,,71,,38,,12.7,,16.9,,17.9,,16,
2007-06-05,156,18.4,,24.7,,11.3,,82,,97,,54,,15.1,,20.1,,7.9,,1,,18,,40.1,,107.3,,997,,1.6,,1.1,,208,,46,,7.6,,18.6,,20.9,,16.3,
2007-06-06,157,10.5,,16.2,,5.9,,71,,90,,49,,5.3,,9.6,,3.5,,0,,24.2,,53.4,,147.7,,1007,,1.5,,1,,276,,44,,8.9,,18.6,,21,,16.5,
2007-06-07,158,12.9,,20.5,,3.4,,63,,94,,31,,5.3,,12,,0.4,,0,,25.7,,55.6,,157.1,,1016,,0.9,,0.3,,268,,62,,5.9,,18.1,,20.6,,15.5,
2007-06-08,159,20.5,,27.5,,11.8,,73,,94,,43,,15,,19.7,,10,,0,,24.7,,54.4,,162.3,,1012,,1.2,,0.9,,144,,39,,6.8,,19.7,,22.3,,16.9,
2007-06-09,160,16.4,,18.5,,14.1,,94,,97,,86,,15.4,,17.1,,13.5,,4.3,,7.5,,16.8,,41.1,,1012,,1.3,,1,,79,,35,,6.5,,19.7,,20.6,,18.9,
2007-06-10,161,16.4,,22.9,,12.6,,79,,96,,40,,12.3,,14.9,,7.9,,0,,19.3,,42,,118.4,,1016,,1,,0.6,,54,,48,,5.1,,19.7,,21.9,,17.8,
2007-06-11,162,19.1,,27.3,,15,,79,,97,,44,,15,,19.8,,12.2,,14,,18.6,,41.2,,126.8,,1015,,1.1,,0.6,,344,,49,,6.9,,20.3,,22.8,,18.4,
2007-06-12,163,18.9,,24.5,,15.5,,80,,97,,52,,15.2,,18.5,,13.1,,1.5,,18.4,,41,,102.2,,1015,,1.4,,1.1,,55,,38,,8.5,,20.7,,22.3,,18.9,
2007-06-13,164,11.9,,15.6,,9.4,,87,,95,,75,,9.9,,13.5,,7,,0.5,,8,,16.7,,30.3,,1017,,1.8,,1.5,,72,,31,,8.7,,19,,20.5,,17.7,
2007-06-14,165,12.6,,17.5,,9.4,,80,,94,,60,,9.1,,12.3,,7.7,,0,,14.8,,31.6,,88.3,,1018,,1.3,,0.9,,66,,43,,6.6,,18,,19.3,,16.8,
2007-06-15,166,15.5,,23.6,,9.1,,72,,96,,38,,9.9,,13.4,,7.8,,0,,25.2,,55.6,,169.9,,1017,,1.1,,0.7,,77,,45,,5.5,,19.1,,21.9,,16.6,
2007-06-16,167,16.5,,24.7,,11.1,,84,,96,,47,,13.4,,17.1,,9.3,,2,,17.2,,39.1,,108.6,,1012,,0.7,,0.1,,189,,70,,5.6,,19.8,,21.9,,17.8,
2007-06-17,168,19.6,,25.5,,14.1,,81,,97,,55,,16.1,,19.2,,13.6,,0.8,,19,,43.5,,117.4,,1009,,0.8,,0.4,,267,,53,,7.4,,20.5,,22.6,,18.3,
2007-06-18,169,18.5,,24.6,,12.3,,66,,94,,31,,11.2,,15.7,,5.8,,0,,23.7,,53.8,,147.1,,1015,,0.8,,0.4,,353,,54,,5.2,,21,,23,,18.8,
2007-06-19,170,21.4,,28.3,,14.6,,69,,92,,53,,15.2,,20.7,,10.9,,0,,24.2,,56.2,,175.4,,1015,,1.4,,0.9,,178,,44,,7.6,,21.7,,24.4,,19.3,
2007-06-20,171,18.6,,23.7,,12.5,,79,,96,,45,,14.6,,18.7,,9.8,,2,,11.4,,25.3,,49.8,,1008,,1,,0.6,,251,,49,,7.9,,21.2,,22.3,,20.1,
2007-06-21,172,16.9,,24.2,,11,,71,,97,,38,,11,,15.2,,8.3,,4.1,,25.5,,58.6,,171.8,,1008,,1.1,,0.6,,274,,52,,8.1,,20.8,,23.5,,18.2,
2007-06-22,173,13.4,,18.2,,9.4,,84,,97,,60,,10.6,,14.5,,8.5,,13.7,,16.4,,37.2,,75,,1006,,1,,0.6,,291,,47,,11.5,,19.8,,21.1,,18.4,
2007-06-23,174,13.2,,19.9,,6.9,,67,,97,,34,,6.3,,10.2,,1.8,,0,,25.5,,57.7,,161.9,,1008,,1.2,,0.6,,308,,52,,10,,19.3,,21.8,,16.8,
2007-06-24,175,15.8,,23,,7,,65,,87,,34,,8.4,,13.9,,4.2,,0,,27.5,,60.4,,180.4,,1015,,1,,0.5,,283,,55,,7.8,,19.7,,22.4,,16.9,
2007-06-25,176,21.7,,28.4,,13.7,,67,,92,,36,,14.6,,18.4,,11.5,,0,,24.9,,54.8,,167.2,,1020,,1.3,,0.9,,210,,44,,8.2,,21.3,,23.8,,18.9,
2007-06-26,177,24.2,,32.1,,17.2,,72,,97,,36,,18,,22.2,,14.8,,0,,25.7,,57.1,,180.7,,1020,,1.2,,0.9,,225,,37,,6.3,,22.6,,25.3,,20.3,
2007-06-27,178,25.1,,31.9,,19.2,,75,,95,,49,,20.1,,23.7,,17.6,,0.3,,22.4,,49.5,,154.9,,1015,,1.1,,0.8,,217,,37,,8.6,,23.6,,25.9,,21.3,
2007-06-28,179,23.2,,28.5,,17.6,,71,,94,,46,,17.3,,22.7,,9.4,,0.3,,18.8,,43,,128,,1009,,1.4,,1,,253,,45,,8.7,,23.6,,25.4,,21.9,
2007-06-29,180,16.5,,22.4,,11.9,,63,,85,,36,,8.9,,12.5,,3.7,,0,,22.7,,50.1,,139.5,,1014,,1.1,,0.6,,329,,53,,6.2,,22.4,,24.1,,21,
2007-06-30,181,16.7,,23,,10.1,,62,,90,,32,,8.8,,12.7,,4.8,,0,,24.3,,53.9,,150.4,,1012,,1.1,,0.5,,316,,59,,8.2,,21.4,,23.6,,19.2,
2007-07-01,182,13.9,,19.8,,9.4,,69,,94,,37,,7.8,,10.7,,3.4,,0,,20.3,,43.2,,110.6,,1015,,1,,0.6,,331,,49,,7.3,,20.6,,22.1,,19,
2007-07-02,183,14,,20.8,,7.3,,65,,92,,37,,7,,10.2,,4.9,,0,,23.2,,49.9,,131.5,,1017,,1.1,,0.6,,333,,50,,7.8,,19.7,,21.7,,17.6,
2007-07-03,184,16.6,,24.2,,9.3,,61,,89,,26,,8.1,,12,,3.3,,0,,25.6,,56.1,,152,,1019,,0.9,,0.4,,340,,60,,6.7,,20,,22.6,,17.4,
2007-07-04,185,17,,22.5,,13.2,,78,,96,,46,,12.8,,15.4,,10,,14.5,,15,,32.8,,73.4,,1018,,1.8,,1.5,,180,,32,,9.7,,19.9,,21.4,,18.3,
2007-07-05,186,20.1,,26.9,,15.8,,88,,97,,56,,17.9,,21.2,,15.1,,20.1,,16.5,,36.7,,107.9,,1010,,1.5,,1.1,,200,,42,,7.6,,20.9,,23.7,,18.7,
2007-07-06,187,18.8,,26.1,,14,,87,,97,,47,,16.4,,19.3,,12.4,,4.1,,18.7,,42.1,,117.7,,1008,,0.9,,0.4,,272,,52,,11.5,,22.5,,24.5,,20.9,
2007-07-07,188,18.6,,25.3,,12.5,,76,,97,,42,,13.9,,16.8,,10.7,,0.3,,19.4,,44,,133.4,,1009,,0.9,,0.6,,254,,44,,10,,21.9,,24,,19.9,
2007-07-08,189,20.7,,28.8,,16.5,,79,,96,,40,,16.5,,20.5,,13.4,,6.3,,15.3,,34.8,,96.9,,1007,,1.3,,0.2,,222,,73,,7.9,,22.5,,24.2,,20.8,
2007-07-09,190,21.2,,29.9,,15.6,,85,,96,,59,,18.4,,22.7,,15,,19.6,,18.2,,42.3,,134.4,,1011,,1.8,,1,,131,,53,,8,,22.7,,25,,20.6,
2007-07-10,191,25,,32.5,,17.7,,78,,97,,50,,20.6,,25.8,,17.2,,0,,22,,50.3,,158.3,,1012,,1.3,,0.9,,176,,41,,6.8,,24.4,,26.7,,22.1,
2007-07-11,192,23.1,,27.8,,19.6,,85,,96,,64,,20.5,,22.5,,18.9,,16.3,,15.5,,35.3,,114.3,,1008,,2,,1.7,,181,,31,,9.5,,24.9,,26.3,,23.6,
2007-07-12,193,18.5,,24.3,,12.2,,73,,96,,46,,13.3,,19.3,,9.1,,0,,23.4,,52.8,,146.5,,1007,,1.1,,0.6,,288,,54,,6.2,,24.3,,26,,22.8,
2007-07-13,194,17.7,,25.3,E,12.3,E,77,,97,E,38,E,12.9,,16.1,E,9.5,E,6.2,,22.8,,51.5,,129,,1011,,1.2,,0.2,,201,,24,,9.1,,23.1,,24.9,E,21.5,E
2007-07-14,195,19.3,,25.2,E,12.5,E,68,,97,E,42,E,12.6,,15.2,E,10.2,E,0,,28,,64.1,,162.6,,1012,,1.4,,0.7,,190,,25,,6.9,,23,,25.2,E,20.9,E
2007-07-15,196,20,,27.5,,16.7,,86,,97,,59,,17.5,,20.5,,15.2,,6.3,,15.5,,35.5,,91,,1008,,1.6,,1.2,,187,,38,,10.6,,23.2,,24.9,,21.7,
2007-07-16,197,19.2,,26.3,,12.8,,70,,97,,29,,12.8,,16.5,,6.4,,0,,24.9,,57.7,,166.2,,1013,,0.9,,0.3,,336,,65,,7.6,,23.3,,25.8,,21.1,
2007-07-17,198,20.8,,27.8,,15.2,,65,,90,,30,,13.2,,17.1,,7.2,,0,,22.4,,51.1,,154.5,,1016,,0.8,,0.1,,324,,72,,4.8,,23.6,,25.9,,21.6,
2007-07-18,199,18.8,,20.2,,16.8,,92,,97,,74,,17.4,,19,,15.1,,5.1,,4.6,,10.8,,7.9,,1012,,1.3,,0.8,,143,,48,,7.3,,22.6,,23.8,,22.1,
2007-07-19,200,19.6,,23.4,,15.4,,93,,97,,72,,18.4,,20.6,,14.9,,15.5,,9.8,,22.5,,44.5,,1005,,0.9,,0.7,,181,,39,,6.4,,22.2,,23.1,,21,
2007-07-20,201,20.1,,24.7,,14.1,,79,,97,,43,,15.9,,20,,10.4,,16.8,,20.3,,46.2,,143.7,,1005,,1.5,,1,,243,,45,,8.7,,23.2,,25.2,,21.7,
2007-07-21,202,18.6,,25.3,,12.6,,66,,91,,36,,11.6,,16,,8.8,,0,,22.5,,51.1,,142.4,,1014,,1.1,,0.6,,348,,53,,7.9,,22.8,,24.7,,20.9,
2007-07-22,203,19.6,,26.2,,13.7,,61,,82,,30,,11.1,,15.1,,6,,0,,24.7,,53.8,,156.4,,1021,,1.1,,0.7,,63,,46,,6.1,,22.8,,24.9,,20.8,
2007-07-23,204,17.2,,19.7,,15.3,,84,,97,,65,,14.2,,17.7,,9.6,,2,,10.9,,25,,57.8,,1018,,2.6,,2.3,,72,,27,,11.4,,21.9,,22.9,,21.1,
2007-07-24,205,18.6,,24.2,,15.3,,86,,97,,62,,16,,18.7,,14.4,,0,,13.6,,29.5,,77.8,,1016,,1.1,,0.6,,197,,53,,6.3,,21.9,,23.4,,20.8,
2007-07-25,206,21.3,,27.8,,14.9,,74,,97,,46,,16.1,,20.3,,14,,0,,23.6,,51.4,,149.7,,1020,,0.8,,0.4,,217,,51,,5.2,,22.6,,24.9,,20.4,
2007-07-26,207,22.8,,29.5,,15.8,,74,,96,,45,,17.5,,21.1,,14.5,,0,,24.2,,53.4,,157.2,,1018,,0.8,,0.4,,223,,51,,5.1,,23.5,,25.7,,21.3,
2007-07-27,208,23.9,,29.3,,20.3,,77,,96,,41,,19.2,,22,,14,,0,,22.9,,51.3,,157,,1012,,1.3,,1.1,,191,,33,,6.6,,24.5,,26.5,,22.9,
2007-07-28,209,20.9,,24.9,,18.5,,92,,96,,76,,19.5,,22.5,,17.6,,34,,10,,22.3,,43.7,,1010,,0.8,,0.5,,189,,46,,5.5,,23.6,,24.6,,22.5,
2007-07-29,210,22.1,,28.2,,18.7,,84,,97,,49,,19,,21.4,,16.1,,0,,18.8,,41.6,,133.1,,1013,,0.7,,0.3,,358,,55,,4.4,,24.1,,25.9,,22.6,
2007-07-30,211,21.8,,28.6,,18.6,,86,,97,,48,,19.1,,21.8,,15.6,,0.3,,15.4,,34.3,,99.5,,1013,,0.8,,0.4,,63,,54,,4.6,,24.3,,25.6,,23.2,
2007-07-31,212,22.7,,29.4,,17.3,,72,,97,,38,,16.7,,20.5,,11.1,,0,,24,,55,,164.5,,1013,,0.8,,0.5,,21,,48,,5.5,,24.5,,26.3,,22.8,
2007-08-01,213,23.3,,29.8,,18.2,,69,,90,,32,,16.7,,20.4,,10,,0,,23,,52.9,,153.2,,1013,,0.8,,0.4,,11,,53,,5.4,,24.7,,26.4,,23.1,
2007-08-02,214,24.3,,30.9,,17.8,,77,,96,,50,,19.6,,23.2,,15.3,,0,,23.3,,51.6,,152.7,,1015,,0.7,,0.4,,219,,50,,5.8,,24.9,,26.9,,23,
2007-08-03,215,24,,31.1,,17.3,,78,,95,,50,,19.5,,23.1,,14.7,,4.3,,21.1,,47,,135.5,,1014,,1.2,,0.6,,198,,52,,10.6,,25.3,,27.1,,23.7,
2007-08-04,216,22.6,,29.1,,17.6,,69,,97,,27,,15.8,,21.7,,7.2,,0,,23.9,,53.4,,153,,1013,,1,,0.5,,265,,53,,7.4,,25.1,,27,,23.4,
2007-08-05,217,18.7,,25.9,,12.9,,61,,84,,31,,10.4,,15.1,,5.4,,0,,25.4,,55.5,,143,,1016,,0.9,,0.3,,8,,63,,7.3,,24,,25.6,,22.4,
2007-08-06,218,19.8,,23.9,,14.5,,91,,96,,71,,18.3,,21.3,,10.8,,0.3,,5.7,,13,,14.9,,1010,,1.6,,1.2,,182,,39,,7.8,,22.7,,23.6,,22.2,
2007-08-07,219,23.3,,28.2,,19.8,,82,,97,,50,,19.8,,22.1,,16.5,,0.5,,17.2,,38.5,,113.3,,1010,,0.7,,0.2,,192,,60,,4.1,,23.6,,25.2,,22.1,
2007-08-08,220,23.3,,29.7,,19.6,,83,,96,,56,,20.1,,24.4,,15.7,,15,,12.6,,28.3,,77.3,,1006,,1.6,,0.9,,210,,53,,9.2,,23.8,,25.1,,22.6,
2007-08-09,221,18.8,,24.3,,12.5,,72,,93,,45,,13.4,,17.7,,9.9,,0,,22.2,,50.5,,140.5,,1012,,1,,0.1,,105,,72,,6.5,,23.4,,24.9,,21.8,
2007-08-10,222,12.9,,17.2,,8.9,,89,,97,,71,,11,,15.2,,8.4,,5.8,,6.7,,15.8,,0.3,,1013,,1,,0.7,,104,,44,,6.8,,22,,23.5,,20.5,
2007-08-11,223,18,,27.2,,8.4,,75,,97,,41,,13,,18.1,,8,,0,,23.4,,52.3,,144.5,,1013,,0.9,,0.4,,338,,55,,5.7,,21.2,,23.4,,19.1,
2007-08-12,224,21.3,,27.7,,15.5,,76,,95,,39,,16.5,,20.6,,12.1,,0,,21.9,,47.7,,139.9,,1015,,0.8,,0.3,,233,,59,,5.4,,22.3,,24.2,,20.6,
2007-08-13,225,20.4,,27.4,,13,,80,,95,,50,,16.7,,20.8,,9.6,,2,,17.2,,38.1,,103.3,,1009,,0.7,,0.3,,286,,56,,11.1,,23,,24.4,,21.7,
2007-08-14,226,16.7,,23,,12.3,,70,,90,,42,,10.9,,16.2,,7.1,,0,,21.8,,47.3,,126.3,,1011,,0.9,,0.4,,6,,57,,5.6,,22.1,,23.5,,20.5,
2007-08-15,227,19.2,,26.1,,12.4,,75,,94,,50,,14.3,,18.1,,10.6,,0,,19.1,,40.6,,109.9,,1010,,1.1,,0.6,,214,,53,,7.2,,21.7,,23.3,,20.2,
2007-08-16,228,21.4,,27.4,,14.2,,73,,94,,42,,16.2,,21,,11.1,,0,,20.1,,43.2,,127.7,,1011,,1.3,,0.8,,199,,49,,8.1,,22,,23.7,,20.6,
2007-08-17,229,19.8,,25.1,,12.6,,69,,96,,29,,13.3,,20.8,,5.2,,1.3,,18.6,,39.5,,111.7,,1009,,0.9,,0.5,,255,,49,,6.9,,22.5,,23.7,,21.6,
2007-08-18,230,14,,20,,9.4,,69,,95,,38,,7.8,,11.4,,4.4,,0.3,,19.6,,41.8,,97.5,,1014,,1.5,,0.9,,298,,51,,11.6,,21.1,,22.2,,20,
2007-08-19,231,13.1,,20.5,,7.5,,73,,93,,39,,7.9,,12.4,,5,,0,,16.5,,35.3,,85.9,,1019,,1,,0.4,,27,,60,,4.9,,19.8,,21.2,,18.6,
2007-08-20,232,14.1,,19.6,,10.1,,73,,94,,44,,8.9,,13.8,,4.8,,0,,13.1,,27.8,,59.9,,1021,,1.2,,1.1,,73,,28,,5.3,,19.4,,20.3,,18.3,
2007-08-21,233,13.7,,18.9,,9,,75,,96,,45,,8.9,,12.4,,6,,0,,15.7,,32.8,,70.4,,1022,,1.4,,1.1,,80,,35,,5.8,,18.9,,20.1,,17.8,
2007-08-22,234,14.3,,18.5,,9.3,,75,,96,,42,,9.5,,12,,4.7,,0,,11.2,,24.6,,67.3,,1022,,1.6,,1.4,,85,,29,,7.6,,18.5,,19.5,,17.4,
2007-08-23,235,17.5,,21.4,,13.5,,84,,95,,70,,14.9,,18.1,,10.9,,0,,8.6,,19,,56.4,,1019,,1.5,,1.1,,149,,45,,6.3,,19.1,,20.2,,18.2,
2007-08-24,236,22,,27.7,,18.1,,85,,96,,64,,19.3,,21.8,,17.2,,0,,13.9,,30.2,,92.1,,1013,,1.7,,1.4,,206,,34,,8.3,,20.4,,21.9,,19.3,
2007-08-25,237,24.4,,30.7,,20.7,,86,,96,,64,,21.8,,24.8,,20,,0,,15.1,,33,,103.6,,1010,,1.4,,1.2,,203,,35,,7.2,,21.9,,23.5,,20.6,
2007-08-26,238,21.6,,24.9,,17.1,,81,,96,,59,,18.1,,22.2,,15,,0,,12,,26.6,,65.9,,1012,,0.9,,0.5,,278,,49,,6.8,,22.2,,22.9,,21.5,
2007-08-27,239,19.9,,27,,14.8,,75,,94,,40,,15,,18.6,,12,,0,,17.7,,39.7,,101.4,,1019,,0.8,,0.4,,61,,53,,4.4,,21.4,,22.8,,20,
2007-08-28,240,20.5,,27.6,,15.2,,73,,96,,36,,15,,18.4,,10.7,,0,,16.3,,36.7,,87.6,,1019,,0.9,,0.4,,133,,59,,5.9,,21.2,,22.5,,20.1,
2007-08-29,241,21.7,,28.3,,15.9,,70,,92,,41,,15.6,,19,,13.1,,0,,20.9,,46.5,,119.8,,1018,,0.9,,0.7,,194,,37,,5.8,,21.3,,23,,19.7,
2007-08-30,242,22.5,,29.1,,16.2,,73,,89,,49,,17.2,,20.6,,14.1,,0,,19.6,,43.6,,116.6,,1014,,1,,0.6,,177,,51,,5.4,,21.8,,23.5,,20.2,
2007-08-31,243,19.1,,23.7,,12.9,,82,,95,,68,,16,,19.6,,10.2,,0,,7.8,,17.5,,31.1,,1014,,0.8,,0.5,,20,,49,,5,,21.5,,22.4,,20.7,
2007-09-01,244,15.9,,22.5,,10.5,,60,,86,,30,,7.6,,12.5,,3.2,,0,,20.4,,45.8,,100.8,,1020,,1.1,,0.6,,354,,51,,7.6,,20.3,,21.7,,18.9,
2007-09-02,245,15.2,,22.9,,7.2,,58,,86,,25,,6.2,,10,,1.4,,0,,21.1,,47.2,,104.8,,1021,,0.9,,0.4,,193,,57,,5.2,,19.3,,21,,17.6,
2007-09-03,246,19.4,,27.5,,11.7,,68,,93,,36,,12.9,,16.3,,9.1,,0,,20,,45,,109.4,,1014,,1.2,,0.9,,228,,38,,7.2,,19.7,,21.6,,17.8,
2007-09-04,247,16.9,,22.5,,10.6,,59,,88,,28,,8.2,,14.2,,2.6,,0,,17.3,,39,,84.4,,1014,,1,,0.5,,359,,54,,6.2,,20,,21.3,,18.7,
2007-09-05,248,15.3,,23.2,,9,,57,,83,,25,,6.2,,11.1,,1.5,,0,,20.2,,44.4,,95.3,,1020,,1.1,,0.5,,42,,56,,5.1,,19.1,,20.7,,17.5,
2007-09-06,249,18.1,,25.1,,12,,79,,94,,55,,14.1,,16.7,,8.8,,0,,15.2,,33.7,,88.7,,1023,,1.9,,1.5,,190,,40,,8.9,,19.4,,21.1,,18,
2007-09-07,250,22.6,,30.1,,16.8,,78,,96,,48,,18.1,,20.3,,16.1,,0,,17.9,,40.2,,98.9,,1019,,1.7,,1.4,,202,,34,,8.2,,20.9,,22.8,,19.3,
2007-09-08,251,23,,30.7,,19.4,,83,,94,,51,,19.7,,21.8,,18.4,,0.3,,12.5,,29.3,,79.9,,1016,,1.5,,1.1,,195,,39,,7.6,,21.8,,23.3,,20.6,
2007-09-09,252,17.8,,21.2,,13.9,,95,,97,,92,,17.1,,20.4,,13.5,,19.3,,4.3,,10.5,,16.3,,1016,,1.6,,1.3,,91,,37,,6.6,,21.5,,22.3,,20.5,
2007-09-10,253,15.4,,17.7,,13.8,,97,,97,,95,,14.8,,17.1,,13.3,,4.8,,3.9,,9.3,,14.3,,1016,,1.2,,1,,82,,30,,4.7,,20.2,,20.7,,19.7,
2007-09-11,254,15.1,,17.5,,14.1,,97,,97,,96,,14.5,,17,,13.6,,34.5,,1.8,,4.8,,2.4,,1005,,1.5,,0.8,,104,,57,,7.6,,19,,20,,18.3,
2007-09-12,255,14.3,,19.8,,9.8,,77,,97,,46,,9.9,,14.3,,7.2,,0.3,,14.6,,32.6,,67.2,,1010,,1.4,,1,,265,,43,,11,,18.6,,19.5,,17.7,
2007-09-13,256,13.6,,21.3,,7.6,,76,,96,,39,,8.9,,12.6,,5.6,,0,,17.8,,40.5,,95,,1020,,0.9,,0.3,,24,,67,,4.5,,18,,19.3,,16.7,
2007-09-14,257,16,,22.2,,9.8,,77,,94,,49,,11.7,,14.3,,9,,0,,16.3,,36.8,,90.1,,1018,,1.7,,1.3,,173,,39,,7.9,,18.3,,19.6,,16.9,
2007-09-15,258,12.9,,16.8,,6.3,,84,,96,,50,,10,,14.9,,4.9,,8.9,,8.3,,18.8,,26.3,,1012,,1.3,,0.4,,235,,66,,9.7,,18.4,,18.9,,17.3,
2007-09-16,259,8.9,,16.7,,3.6,,76,,96,,35,,4.2,,7.9,,0.2,,0.3,,18.2,,40.9,,92.8,,1023,,1,,0.5,,13,,56,,6.2,,16.8,,17.9,,15.6,
2007-09-17,260,10.9,,18.2,,5.6,,70,,92,,35,,4.9,,9,,1,,0,,18.6,,41.8,,92.5,,1026,,1.5,,1.3,,70,,32,,6.9,,16.5,,17.8,,15.3,
2007-09-18,261,11.2,,19.1,,4.5,,72,,94,,34,,5.5,,9.3,,2.6,,0,,17.8,,39.7,,86.6,,1027,,1.2,,1,,74,,37,,6,,16.2,,17.5,,15,
2007-09-19,262,13,,22.3,,5.1,,72,,96,,26,,7.2,,11.8,,1.4,,0.3,,18.4,,41.2,,93.4,,1024,,0.9,,0.1,,95,,74,,3.9,,16.1,,17.6,,14.8,
2007-09-20,263,17,,26.1,,10.1,,80,,97,,44,,13.1,,18,,8.7,,0,,16.7,,37.5,,97.3,,1018,,0.7,,0.2,,244,,66,,4,,16.9,,18.5,,15.4,
2007-09-21,264,19.4,,25.8,,14.8,,78,,94,,51,,15.1,,18.3,,13.2,,0,,16.6,,37.4,,92.1,,1019,,1.3,,0.7,,103,,54,,5.7,,18,,19.5,,16.8,
2007-09-22,265,18.6,,22.7,,14.4,,87,,97,,67,,16.3,,18.4,,13.5,,0,,10.8,,24.8,,67,,1017,,1.5,,1.2,,204,,37,,8.4,,18.6,,19.5,,17.7,
2007-09-23,266,16.5,,23.1,,11.1,,61,,88,,32,,8.4,,16.1,,5.1,,0,,17.4,,39.5,,84.2,,1018,,1.1,,0.5,,302,,59,,7.1,,18.3,,19.3,,17.3,
2007-09-24,267,16.8,,24.6,,9.9,,63,,83,,34,,9.4,,15,,5.7,,0,,17,,38.8,,89.4,,1020,,0.8,,0.2,,274,,63,,4.9,,17.6,,18.9,,16.4,
2007-09-25,268,19.6,,27.7,,11.1,,65,,89,,37,,12.4,,16.8,,9.1,,0,,16.9,,38,,92.2,,1016,,0.9,,0.6,,228,,41,,6.1,,17.6,,19,,16.3,
2007-09-26,269,23.1,,29.3,,18.6,,73,,92,,54,,17.8,,21.3,,15,,0,,14.5,,33.2,,86.4,,1014,,1.1,,0.9,,202,,34,,6.3,,18.9,,20.3,,17.7,
2007-09-27,270,21.7,,26.8,,18.1,,82,,96,,59,,18.3,,20.5,,16.5,,0,,11.2,,25.7,,68.1,,1012,,1.4,,1.1,,188,,36,,7.6,,19.6,,20.6,,18.6,
2007-09-28,271,16.8,,21,,11.1,,84,,97,,52,,13.8,,18.6,,8.8,,6.6,,10.7,,24.4,,49.4,,1008,,1.1,,0.8,,255,,44,,8.1,,19.6,,20.4,,18.4,
2007-09-29,272,13.5,,20,,8.6,,73,,94,,37,,8.2,,10.9,,4.4,,0.3,,16.3,,36.7,,72.7,,1021,,1,,0.6,,340,,51,,7.9,,18,,19,,17.1,
2007-09-30,273,11.4,,18.5,,5.8,,78,,95,,47,,7.4,,11.2,,4.9,,0,,12.5,,28.1,,48.8,,1031,,1.1,,0.8,,101,,42,,4.6,,16.7,,17.6,,15.7,
2007-10-01,274,12.5,,18.4,,8.6,,83,,95,,58,,9.6,,12.1,,7.4,,0,,8.8,,19.7,,36.5,,1030,,1.1,,0.8,,171,,40,,4.6,,16.6,,17.5,,15.9,
2007-10-02,275,13.3,,20.6,,7,,82,,96,,55,,10,,13.1,,6.3,,0,,13.4,,30.2,,67.1,,1026,,1,,0.6,,174,,50,,6.1,,16.2,,17.5,,15.1,
2007-10-03,276,16.8,,22.3,,11.5,,89,,97,,71,,14.9,,17.7,,10.6,,0.3,,8.6,,19.6,,48.1,,1019,,1.2,,0.7,,194,,51,,7.1,,16.9,,18,,15.9,
2007-10-04,277,19.8,,26,,15,,74,,96,,36,,14.6,,18.1,,9.4,,0,,14.2,,32.2,,82.1,,1020,,1.1,,0.4,,268,,63,,7,,18.1,,19.4,,17.3,
2007-10-05,278,19.9,,27.7,,13.2,,76,,95,,51,,15.2,,19.4,,10,,0,,14,,31.9,,73.7,,1023,,0.8,,0.2,,200,,64,,4.9,,18,,19.3,,16.9,
2007-10-06,279,20.3,,26.9,,15.5,,84,,97,,54,,17.1,,19.4,,14.9,,2.8,,11.7,,26.6,,64.3,,1018,,0.7,,0.4,,234,,41,,5.6,,18.4,,19.5,,17.3,
2007-10-07,280,15.3,,19.2,,10.8,,89,,97,,64,,13.4,,17.7,,10,,0.3,,8.4,,19.4,,35.6,,1015,,0.9,,0.4,,68,,57,,6.5,,18.5,,19,,17.5,
2007-10-08,281,16,,19.2,,11.3,,95,,97,,90,,15.3,,18.4,,10.3,,3.6,,3.1,,7.5,,10.5,,1010,,0.7,,0.5,,248,,39,,5.4,,17.6,,18.2,,17,
2007-10-09,282,12.5,,17.4,,9.2,,80,,96,,54,,8.9,,16.7,,5.9,,9.1,,10.7,,25,,60.5,,1009,,1.6,,1.1,,96,,44,,6.7,,17.6,,18.2,,17,
2007-10-10,283,11.1,,12.6,,9.3,,96,,97,,93,,10.4,,11.6,,8.7,,4.1,,3.1,,7.2,,5.4,,1008,,1.3,,1,,109,,33,,5.3,,16.6,,17.2,,16.3,
2007-10-11,284,11.8,,13.4,,10.7,,95,,97,,92,,11,,12.4,,10.1,,22.9,,3.8,,9,,6.9,,1004,,2.6,,2.3,,78,,28,,13.1,,16.3,,16.7,,15.4,
2007-10-12,285,9,,12.1,,2.6,,92,,97,,78,,7.7,,11.6,,0.9,,7.9,,2,,4.8,,-15,,999,,1.5,,0.4,,348,,66,,10.2,,15.2,,15.6,,14.3,
2007-10-13,286,6.7,,13.6,,1,,73,,93,,41,,1.8,,5,,-0.5,,0.3,,13.5,,29.9,,54.9,,1008,,1.1,,0.7,,261,,45,,7.6,,13.8,,14.5,,12.9,
2007-10-14,287,7.8,,12.8,,3.3,,70,,91,,42,,2.3,,4.3,,-1.1,,0,,13.2,,29.7,,55.6,,1013,,1.2,,0.8,,276,,46,,10.7,,13.6,,14.4,,13,
2007-10-15,288,7.5,,15.2,,1.4,,77,,97,,45,,3.4,,6.6,,0.8,,0,,12.1,,26.1,,49,,1016,,0.9,,0.3,,301,,62,,7.2,,13.1,,14,,12.2,
2007-10-16,289,8.6,,16.2,,4,,70,,94,,38,,3,,5.6,,0.2,,0,,14.6,,30.5,,48.8,,1017,,1,,0.6,,327,,47,,7.3,,12.9,,13.8,,12.2,
2007-10-17,290,11,,19.3,,3.1,,76,,97,,48,,6.6,,12.6,,0.6,,0,,12,,25.7,,50.3,,1017,,0.6,,0.3,,241,,49,,3.7,,12.7,,13.8,,11.7,
2007-10-18,291,16.1,,20.6,,12,,90,,97,,71,,14.3,,16.8,,11.5,,0.3,,6.8,,14.8,,35.7,,1012,,1,,0.8,,195,,35,,5.5,,14.1,,15,,13.1,
2007-10-19,292,19,,20.6,,16.4,,95,,97,,90,,18.2,,19.4,,15.1,,20.3,,2.2,,5.3,,6.3,,1006,,2.4,,2.1,,172,,30,,12.4,,15.5,,16.5,,14.8,
2007-10-20,293,14.3,,19.5,,10.2,,84,,97,,54,,11.6,,15.3,,7.8,,9.1,,8.9,,19.2,,33.1,,1003,,1.4,,1,,241,,43,,9.1,,16.4,,17,,15.8,
2007-10-21,294,14.7,,20.9,,9,,65,,88,,40,,7.7,,10.3,,4.7,,0,,13,,28.7,,41.1,,1017,,1.3,,1,,229,,40,,6.8,,15.3,,16,,14.5,
2007-10-22,295,16.9,,24.5,,9.7,,64,,93,,35,,9.6,,14.1,,7.4,,0,,13.4,,28.5,,41,,1018,,1.4,,1.1,,210,,35,,7.7,,15.1,,15.9,,14.2,
2007-10-23,296,17.8,,21.5,,14.7,,85,,96,,66,,15.2,,17,,13.8,,5.8,,5.2,,11.6,,25.6,,1008,,2.8,,2.3,,210,,34,,12.5,,15.7,,16.3,,15.1,
2007-10-24,297,10.6,,14.9,,8.6,,92,,97,,82,,9.4,,14.3,,6.3,,2.8,,2.6,,6.2,,-0.8,,1011,,0.7,,0.4,,332,,45,,4.9,,15.7,,16.3,,15.1,
2007-10-25,298,8.4,,14.9,,3.2,,78,,95,,41,,4.3,,7.6,,0.9,,2,,10.4,,22.1,,27.6,,1025,,1.3,,1.1,,65,,33,,6.3,,14.8,,15.3,,13.8,
2007-10-26,299,8.4,,13.8,,3,,76,,96,,51,,4.2,,8.3,,0.5,,2,,9.7,,21.1,,34.3,,1028,,1.7,,1.4,,87,,33,,8.8,,13.4,,14,,12.7,
2007-10-27,300,13.4,,19.3,,8.7,,95,,97,,91,,12.6,,17.9,,8,,23.9,,1.8,,4.3,,-9.6,,1014,,2.2,,1.2,,183,,52,,16.4,,13.9,,14.6,,13.3,
2007-10-28,301,6.8,,10.5,,-0.6,,58,,94,,29,,-1.5,,8.4,,-7.6,,0,,12.2,,25.5,,23.3,,1020,,1.8,,1.4,,288,,38,,11.2,,13.4,,14.3,,12.2,
2007-10-29,302,1.8,,7.6,,-2.6,,60,,86,,24,,-5.8,,-2.6,,-12.1,,0,,10.8,,22.2,,16.7,,1025,,1,,0.6,,275,,43,,6.6,,11.1,,12.4,,10.3,
2007-10-30,303,6.8,,14.7,,0.3,,71,,91,,42,,1.5,,4.9,,-3.3,,0,,11.6,,24.4,,30.6,,1024,,1,,0.4,,284,,59,,6.8,,10.4,,11.3,,9.6,
2007-10-31,304,9.9,,15.5,,3.4,,72,,93,,40,,4.6,,8.6,,1.5,,0,,10.3,,21.7,,26.8,,1021,,2.2,,1.6,,194,,39,,12.8,,10.8,,11.6,,10.1,
2007-11-01,305,9.4,,13.6,,3.7,,75,,89,,50,,5,,9.9,,-2.1,,0,,2.7,,6.1,,-11.8,,1014,,2.4,,1.8,,230,,40,,14.1,,11.5,,12,,10.9,
2007-11-02,306,4.9,,12.5,,-0.4,,57,,85,,22,,-3.7,,-0.1,,-10,,0,,11.8,,24.3,,22,,1024,,1.2,,0.8,,58,,43,,6.4,,10.5,,11,,9.8,
2007-11-03,307,4.1,,5.7,,3.1,,75,,94,,43,,-0.3,,2.8,,-7.4,,5.3,,1.5,,3.5,,-16.2,,1009,,2.5,,1.4,,24,,54,,11.2,,9.8,,10.4,,9.3,
2007-11-04,308,4.4,,11.3,,-2,,55,,79,,30,,-4.2,,0.1,,-9.4,,0,,10.2,,21.2,,20.4,,1006,,1.1,,0.5,,304,,57,,7.4,,9.1,,9.7,,8.4,
2007-11-05,309,6.3,,11.4,,1.6,,60,,79,,36,,-1.3,,2.9,,-4.3,,0,,10.2,,21,,26.7,,1011,,1.6,,1.1,,163,,42,,8.6,,9.4,,10.1,,8.7,
2007-11-06,310,5,,8.1,,-0.4,,91,,98,,74,,3.6,,7.5,,-1.4,,30,,2,,4.4,,-22.8,,1005,,2,,1.3,,178,,45,,12,,9.3,,9.6,,8.8,
2007-11-07,311,1.8,,6.2,,-1.9,,71,,95,,50,,-3,,0.5,,-5.9,,2,,7,,15,,5.3,,1011,,1.7,,1.3,,270,,38,,10,,8.4,,8.9,,8,
2007-11-08,312,-1.2,,2.1,,-4,,77,,93,,52,,-4.9,,-2.6,,-7,,0,,5.1,,11.4,,-5.7,,1017,,0.8,,0.4,,14,,56,,4.6,,7.5,,8.2,,7,
2007-11-09,313,0.6,,5.2,,-2.8,,69,,86,,47,,-4.6,,-1.8,,-6.4,,0,,6.9,,15.1,,18.2,,1017,,1.8,,1.6,,76,,27,,6.2,,7.1,,7.6,,6.6,
2007-11-10,314,0.3,,4.2,,-3.5,,62,,82,,44,,-6.3,,-3.1,,-8.8,,0,,9.5,,20.4,,13.2,,1016,,1.9,,1.2,,34,,48,,9.3,,7.1,,7.7,,6.7,
2007-11-11,315,-1.5,,5.1,,-6.2,,59,,81,,31,,-9.1,,-6.9,,-11.4,,0,,10.3,,21.8,,4.2,,1020,,1.2,,0.9,,319,,37,,9.2,,6.2,,6.9,,5.6,
2007-11-12,316,0.6,,4.4,,-4,,65,,95,,46,,-5.4,,3,,-9.5,,1.5,,4.3,,9.9,,17.2,,1019,,1.1,,0.8,,197,,42,,6.9,,5.7,,6.3,,5.1,
2007-11-13,317,6.2,,12.6,,2.1,,86,,97,,49,,3.9,,8.4,,0.7,,3.8,,6.5,,14.2,,7.9,,1011,,1.3,,0.9,,256,,44,,10.2,,7,,7.9,,6.1,
2007-11-14,318,7.6,,13.2,,0.1,,86,,97,,65,,5.3,,10.7,,-0.4,,0.3,,7.7,,17.2,,17.4,,1010,,2.1,,1.7,,198,,33,,10.9,,7.3,,8.3,,6.4,
2007-11-15,319,8.2,,13.8,,2.3,,95,,97,,90,,7.6,,13.2,,1.2,,18.3,,0.7,,1.9,,-7,,995,,2.3,,1,,214,,60,,8.8,,8.9,,9.5,,8.1,
2007-11-16,320,1.4,,4.4,,-3.3,,74,,96,,49,,-2.9,,1.6,,-9,,3,,4.6,,10.2,,-1.8,,996,,2.7,,2.4,,283,,29,,13.3,,8.1,,8.8,,7.3,
2007-11-17,321,-1.7,,2.2,,-4.3,,65,,81,,45,,-7.5,,-5.9,,-9,,0,,7.3,,16.1,,-5.8,,1011,,1.9,,1.7,,266,,25,,13.8,,6.4,,7.4,,5.7,
2007-11-18,322,-0.9,,5.1,,-4.7,,64,,87,,33,,-7.3,,-5.1,,-10.5,,0,,9.3,,20.1,,-0.3,,1023,,1.2,,0.8,,51,,45,,5.9,,5.5,,6,,5,
2007-11-19,323,-1.9,,3.3,,-4.8,,69,,83,,50,,-7,,-4.8,,-7.9,,0,,9.3,,19.4,,-1.9,,1027,,2.2,,1.9,,75,,26,,7.9,,5,,5.5,,4.5,
2007-11-20,324,-1.1,,1.6,,-4.9,,93,,99,,76,,-2.2,,1.3,,-7.2,,3.3,,1,,2.5,,-8.1,,1017,,1.4,,0.8,,128,,48,,7,,4.5,,4.9,,4.2,
2007-11-21,325,2.2,,6.9,,-0.9,,98,,99,,95,,1.9,,6.5,,-1.2,,0,,1.7,,4,,5.7,,1013,,1.1,,0.7,,115,,46,,5.6,,5,,5.6,,4.5,
2007-11-22,326,8.4,,14.5,,-0.5,,90,,98,,68,,6.8,,12.6,,-3.9,,0,,2.8,,6.3,,0.2,,1004,,2.3,,1,,215,,60,,13.9,,6.5,,7.5,,5.4,
2007-11-23,327,-2.8,,0.5,,-7.6,,62,,79,,45,,-9.1,,-3.6,,-13.9,,0,,6.4,,13.7,,-6.8,,1013,,2.5,,2.2,,284,,28,,10.4,,6.2,,7.2,,5.2,
2007-11-24,328,-5.4,,-0.6,,-10.1,,54,,77,,30,,-13.8,,-10.3,,-17.1,,0,,8.7,,18.1,,2.5,,1024,,1.3,,0.9,,280,,40,,7,,4.3,,5.4,,3.9,
2007-11-25,329,0.2,,6.1,,-5.6,,54,,72,,35,,-8.4,,-3.9,,-11.9,,0,,8.4,,17.5,,-3.1,,1020,,1.5,,1.2,,223,,32,,7.3,,3.8,,4.3,,3.3,
2007-11-26,330,4.1,,10.3,,0.7,,94,,98,,62,,3.1,,9.9,,-4.2,,18.8,,0.8,,1.9,,3.7,,1013,,1.7,,1.3,,192,,40,,8.2,,4.3,,5.3,,3.7,
2007-11-27,331,6.3,,13.7,,-1.1,,78,,98,,53,,2.6,,13.3,,-5.8,,3.6,,3.7,,8.4,,-5.2,,1007,,2.9,,2.4,,256,,32,,13.7,,6,,6.5,,5.1,
2007-11-28,332,-0.3,,2.8,,-2.4,,66,,83,,52,,-5.9,,-4.1,,-7.5,,0.3,,2.9,,6.1,,4.8,,1025,,1.4,,0.1,,318,,78,,7.8,,5,,5.3,,4.6,
2007-11-29,333,2.4,,5.1,,-1,,79,,92,,57,,-1,,3,,-7.5,,0.8,,1.5,,3.4,,-19.8,,1012,,3,,2,,208,,45,,14.2,,4.7,,5.1,,4.4,
2007-11-30,334,-0.7,,2.4,,-3.5,,52,,76,,33,,-9.5,,-6.6,,-13,,0,,8.2,,17,,-10.8,,1015,,2.8,,2.2,,254,,37,,12.8,,4.3,,4.9,,3.9,
2007-12-01,335,-6.8,,-0.6,,-11.4,,45,,90,,24,,-17.1,,-3.4,,-24.3,,0,,8.1,,16.4,,-1.5,,1023,,2.9,,2.4,,295,,34,,16,,3.4,,4.1,,2.8,
2007-12-02,336,-8.8,,-5.1,,-11.5,,61,,96,,39,,-15.5,,-5.7,,-22.2,,0.8,,1.7,,3.9,,3.6,,1022,,1.4,,0.2,,318,,75,,9.4,,2.4,,3,,2,
2007-12-03,337,-3.1,,-1.1,,-7.1,,93,,98,,72,,-4,,-1.5,,-10.5,,11.4,,1.1,,2.5,,-10.3,,995,,2.3,,0.2,,290,,77,,12.7,,2.1,,2.4,,2,
2007-12-04,338,-8.2,,-5.1,,-10.6,,73,,87,,58,,-12.2,,-9.9,,-13.8,,0,,5.7,,11.8,,-25.8,,994,,2.1,,1.9,,276,,26,,11.2,,2.4,,2.5,,2.2,
2007-12-05,339,-7.1,,-3.6,,-10.7,,78,,91,,59,,-10.3,,-7.9,,-12.4,,0,,4.3,,9.2,,-21.9,,1003,,0.8,,0.7,,267,,30,,5.6,,2.2,,2.5,,2,
2007-12-06,340,-8,,-2.7,,-12.8,,69,,88,,43,,-13.1,,-10.2,,-16.4,,0,,8.1,,16.8,,-37.1,,1016,,1.1,,0.9,,290,,35,,7.2,,2,,2.3,,1.8,
2007-12-07,341,-5.7,,-2,,-10.5,,83,,97,,60,,-8.2,,-4.8,,-12,,0.3,,2.9,,6.3,,-16.4,,1021,,1.5,,0.9,,205,,50,,8.8,,1.8,,2,,1.7,
2007-12-08,342,-1.9,,3.4,,-5.8,,79,,97,,50,,-5.4,,-2.2,,-7.8,,0,,6.1,,12.7,,-20.7,,1019,,1.5,,1.3,,258,,31,,13.3,,1.9,,2.1,,1.7,
2007-12-09,343,-2.9,,-1.4,,-5.9,,77,,95,,65,,-6.5,,-2.8,,-8.9,,1.8,,1.7,,3.9,,-2.4,,1025,,0.7,,0.5,,239,,37,,4.2,,2,,2.2,,1.8,
2007-12-10,344,-2.9,,-1.1,,-6.5,,96,,98,,92,,-3.5,,-2,,-7.2,,2.8,,1.3,,3.1,,-4.8,,1021,,0.7,,0.4,,65,,46,,4.1,,2.2,,2.5,,2,
2007-12-11,345,-3.4,,0.4,,-8.3,,93,,98,,79,,-4.3,,0.2,,-9.1,,1.5,,4.3,,10,,-1.8,,1020,,0.8,,0.5,,203,,43,,5.8,,2.2,,2.5,,2,
2007-12-12,346,0.7,,3.5,,-4.3,,78,,98,,49,,-3.2,,2.8,,-11.5,,0.5,,4.2,,9.2,,-33.8,,1010,,2.4,,2,,273,,31,,13.5,,2.4,,2.6,,2.2,
2007-12-13,347,-7.1,,-4.1,,-8.6,,79,,95,,40,,-10.5,,-7.6,,-17.3,,15.5,,0.8,,2.1,,-11.7,,1018,,1.5,,1,,79,,41,,7.3,,2.2,,2.6,,1.9,
2007-12-14,348,-4.2,,-0.7,,-8.2,,96,,98,,92,,-4.7,,-0.9,,-9,,3.8,,1.6,,3.3,,-24.7,,1013,,1.7,,1.5,,263,,29,,10.1,,2.1,,2.3,,1.9,
2007-12-15,349,-9.5,,-4.7,,-12.2,,64,,94,,45,,-15.1,,-5.6,,-18.8,,0,,5.6,,12.2,,-14.2,,1025,,1.4,,0.8,,349,,53,,8.7,,2.4,,2.6,,2.1,
2007-12-16,350,-6.9,,-1.3,,-11,,90,,98,,57,,-8.3,,-1.7,,-17,,12.4,,1.1,,3,,2.4,,998,,3.4,,2.2,,71,,47,,17.6,,2.6,,2.8,,2.4,
2007-12-17,351,-9,,-2.5,,-12.7,,66,,98,,46,,-14.5,,-2.8,,-17.3,,1,,7.7,,16,,-42.3,,1001,,3.1,,2.8,,274,,25,,15,,2.7,,2.8,,2.6,
2007-12-18,352,-8.8,,-0.9,,-16,,76,,93,,52,,-12.5,,-8.6,,-17.9,,0,,7.3,,15.5,,-27.1,,1020,,0.9,,0.3,,288,,63,,5.2,,2.7,,2.8,,2.6,
2007-12-19,353,-3.1,,1.9,,-9.6,,84,,98,,53,,-5.6,,-1.6,,-10.7,,0,,3.9,,8.7,,-3.5,,1019,,1.8,,1.4,,106,,38,,7.3,,2.7,,2.9,,2.6,
2007-12-20,354,-1.8,,1,,-4.1,,91,,98,,81,,-3,,-1.6,,-5.3,,0.5,,3,,6.6,,-6.4,,1017,,1.2,,0.8,,17,,47,,6.7,,2.7,,2.8,,2.6,
2007-12-21,355,-5.5,,-3.6,,-7.2,,93,,96,,86,,-6.5,,-4.6,,-8.2,,0,,1.7,,3.8,,-5.6,,1028,,1.4,,1.3,,65,,25,,9,,2.7,,2.8,,2.5,
2007-12-22,356,-3,,-0.9,,-5.7,,91,,95,,83,,-4.3,,-2.1,,-6.5,,0,,1.8,,4.3,,-8.1,,1031,,1.4,,1.2,,97,,30,,5.3,,2.6,,2.7,,2.5,
2007-12-23,357,5.3,,12,,-1.5,,94,,98,,83,,4.4,,11.4,,-2.3,,17.8,,2,,4.9,,6.6,,1017,,3.1,,2.6,,156,,31,,16.9,,2.6,,2.8,,2.4,
2007-12-24,358,0.8,,10.6,,-2.3,,60,,96,,40,,-6.3,,9.8,,-10.1,,0,,4.9,,10.6,,-25.5,,1006,,3.1,,2.8,,261,,25,,13.3,,2.4,,2.7,,2.2,
2007-12-25,359,-1.2,,3.3,,-5.2,,75,,95,,55,,-5.2,,-4.1,,-6.7,,0,,4.6,,10.2,,-23.7,,1016,,1.7,,1.5,,268,,28,,10.2,,2.1,,2.3,,2,
2007-12-26,360,-1.7,,3.5,,-6.7,,80,,97,,58,,-4.8,,-2.4,,-7.5,,0,,5.7,,12.3,,-14.6,,1018,,1.1,,0.6,,47,,48,,8.4,,1.9,,2.2,,1.7,
2007-12-27,361,-0.5,,0.1,,-1,,95,,98,,84,,-1.1,,-0.5,,-3,,7.9,,0.9,,2.2,,-2.6,,1014,,1.2,,0.9,,59,,32,,9.7,,1.9,,2,,1.7,
2007-12-28,362,0.7,,4.6,,-1.4,,91,,99,,65,,-0.7,,1.4,,-2.3,,0,,5.8,,11.2,,-15,,1021,,1.2,,0.2,,235,,71,,8.2,,2,,2.2,,1.9,
2007-12-29,363,2.2,,8.1,,-1.7,,86,,98,,63,,0,,6.1,,-5.4,,5.3,,4.6,,10.1,,-24.9,,1011,,2,,0.8,,214,,61,,10.2,,2,,2.1,,1.9,
2007-12-30,364,0,,2.5,,-2.4,,73,,98,,54,,-4.5,,-1.8,,-6.3,,2.3,,4.2,,9.2,,-10.5,,1015,,1.3,,0.2,,258,,72,,8.6,,2,,2.1,,1.8,
2007-12-31,365,-2,,-0.2,,-5.3,,96,,99,,85,,-2.6,,-0.4,,-5.9,,11.4,,0.6,,1.2,,-23.1,,1009,,1.5,,0.7,,274,,57,,12,,2,,2.1,,1.9,
2008-01-01,1,-3.6,,-1.5,,-7.2,,93,,98,,75,,-4.6,,-1.9,,-8,,6.3,,0.7,,1.4,,-12.6,,1008,,1.5,,0.9,,85,,49,,11,,2,,2.2,,1.9,
2008-01-02,2,-8.3,,-3,,-16.5,,80,,98,,57,,-11.2,,-3.3,,-20.8,,0,,4.1,,7.4,,-35.3,E,1006,,1.8,,1.5,,305,,36,,10.3,,2.1,,2.2,,1.9,
2008-01-03,3,-16.8,,-12.1,,-20.2,,64,,81,,44,,-22.1,,-20.6,,-23.3,,0,,8.4,,16.4,,-39.8,,1027,,1.5,,1.2,,308,,36,,10,,2.1,,2.2,,1.9,
2008-01-04,4,-10.8,,-3.4,,-20.2,,71,,88,,53,,-15.1,,-10.2,,-22.8,,0,,5.8,,12.1,,-10.6,,1026,,1.4,,1.1,,244,,32,,7.1,,2,,2.1,,1.9,
2008-01-05,5,-2.6,,1,,-8.6,,58,,81,,35,,-10.1,,-4.2,,-12.8,,0,,5.2,,11.2,,-9.1,,1021,,1.2,,0.9,,207,,36,,6.5,,2,,2.1,,1.9,
2008-01-06,6,1.9,,7.8,,-1.4,,81,,94,,58,,-1.1,,1.5,,-4.4,,0,,3.9,,8.4,,-6.5,,1018,,1,,0.8,,223,,31,,5.1,,2,,2.1,,1.9,
2008-01-07,7,6,,12.7,,2,,83,,93,,59,,3.3,,5.3,,0.3,,0,,3.6,,8.1,,-3.9,,1018,,1.2,,1,,202,,30,,6.2,,2,,2.1,,1.9,
2008-01-08,8,10.5,,15.8,,6.8,,81,,94,,60,,7.2,,8.5,,4.6,,0,,6.8,,14.8,,-2.2,,1015,,1.9,,1.7,,199,,28,,9.7,,1.9,,2.1,,1.7,
2008-01-09,9,8.9,,12.9,,2.4,,71,,97,,29,,3,,10.4,,-10.5,,0.5,,3.5,,7.3,,-1.7,,1006,,3.7,,2.9,,233,,37,,15.2,,2.1,,2.9,,1.5,
2008-01-10,10,1.9,,6.2,,-1.2,,64,,81,,39,,-4.5,,-2.6,,-7.9,,0,,6.8,,14.3,,-4.9,,1015,,1.6,,1.3,,268,,35,,7.7,,2,,2.5,,1.6,
2008-01-11,11,1.5,,3.4,,0,,92,,98,,60,,0.3,,3,,-4.9,,23.1,,0.8,,1.9,,-5.6,,1007,,1.9,,1.2,,88,,49,,9.7,,2,,2.4,,1.6,
2008-01-12,12,1.1,,5,,-2.3,,83,,99,,52,,-1.8,,3.2,,-5.1,,0,,6.6,,13.7,,-10.1,,1012,,1,,0.8,,272,,37,,7.8,,2.3,,2.9,,1.9,
2008-01-13,13,0,,5.2,,-3.6,,74,,92,,42,,-4.3,,-2,,-7.5,,0,,7.6,,15.5,,5.7,,1018,,1.6,,1.3,,73,,30,,9.7,,1.8,,2.3,,1.4,
2008-01-14,14,-2.8,,0,,-4.7,,96,,98,,80,,-3.5,,-1.9,,-5.1,,24.4,,1.1,,2,,-18.4,,1008,,1.4,,1,,40,,39,,10.1,,1.7,,1.9,,1.6,
2008-01-15,15,-4.5,,-2,,-8.3,,97,,98,,93,,-4.9,,-2.4,,-9.2,,0.3,,2,,2.6,,-20.9,,1005,,0.9,,0.7,,305,,34,,7.3,,1.8,,2,,1.7,
2008-01-16,16,-6.4,,-1.5,,-9.8,,71,,94,,38,,-11.3,,-6.7,,-15.4,,0,,9.2,,17.4,,-42,,1017,,1.5,,1.2,,309,,34,,11.1,,1.9,,2,,1.8,
2008-01-17,17,-6.2,,-2.2,,-12.6,,65,,95,,45,,-12,,-4.2,,-16.3,,0.5,,5.1,,10.9,,-10.2,,1021,,1.4,,0.8,,120,,51,,6,,2,,2.1,,1.9,
2008-01-18,18,-0.1,,4.5,,-6.1,,80,,99,,50,,-3.5,,2.9,,-12.7,,12.2,,6.5,,13.9,,-28.5,,1007,,2.4,,0.4,,265,,73,,8.5,,1.9,,2.1,,1.8,
2008-01-19,19,-4.3,,-1.2,,-8.5,,58,,78,,38,,-11.6,,-8.4,,-14.4,,0,,6.5,,13.5,,-15.5,,1010,,1.5,,1.2,,243,,32,,7.1,,1.9,,2,,1.8,
2008-01-20,20,-9.3,,-3.4,,-13.6,,54,,73,,34,,-16.9,,-8.8,,-20.9,,0,,7.7,,15.3,,-25,,1012,,2.3,,2.1,,276,,27,,12.7,,1.8,,2,,1.7,
2008-01-21,21,-12.1,,-7.1,,-15.5,,61,,88,,37,,-18.3,,-16.2,,-20.6,,0,,9,,18,,-34.1,,1029,,1.7,,1.5,,260,,29,,9,,1.6,,1.9,,1.3,
2008-01-22,22,-5,,0.1,,-12.8,,68,,96,,49,,-10.2,,-2.4,,-18.2,,0.3,,6.2,,12.9,,-15.8,,1017,,2.6,,2.2,,206,,29,,13.9,,1.3,,1.5,,1.1,
2008-01-23,23,-4,,-0.5,,-7.7,,57,,92,,34,,-11.7,,-3.6,,-15.9,,0,,9.6,,19.4,,-29.6,,1009,,2.2,,2,,268,,26,,9.4,,1.2,,1.3,,1.1,
2008-01-24,24,-7.7,,-3.6,,-12.4,,67,,87,,51,,-12.9,,-9.7,,-15.3,,0,,6.1,,12.8,,-23.8,,1013,,1,,0.5,,264,,52,,5.7,,1.2,,1.3,,1.1,
2008-01-25,25,-9.2,,-3.3,,-16,,62,,89,,31,,-15.6,,-12,,-19.3,,0,,9.1,,18.5,,-34.6,,1017,,1.7,,1.5,,270,,28,,11.2,,1.1,,1.3,,0.9,
2008-01-26,26,-6.7,,-1.5,,-11.7,,70,,89,,50,,-11.4,,-8.9,,-13.7,,0,,6.9,,14.7,,-17.5,,1018,,0.8,,0.3,,210,,59,,5.3,,0.9,,1.1,,0.8,
2008-01-27,27,-5.4,,-3.3,,-8.3,,82,,92,,65,,-8,,-5.2,,-11.4,,0.3,,2.9,,6.9,,-12,,1016,,1.9,,1.6,,52,,31,,10.4,,0.9,,1,,0.8,
2008-01-28,28,-3.9,,1.9,,-9,,66,,86,,42,,-9.7,,-8.3,,-11.6,,0,,10.2,,21.4,,-35.8,,1011,,2.1,,1.7,,326,,35,,11.9,,0.9,,1,,0.8,
2008-01-29,29,-1.3,,4,,-9.1,,58,,83,,31,,-8.9,,-2.9,,-12.1,,0,,6.3,,14,,-11.8,,1006,,1.3,,0.5,,234,,63,,9.1,,1,,1.1,,0.8,
2008-01-30,30,0.3,,4.9,,-7.1,,82,,97,,55,,-2.4,,4.4,,-12.7,,4.6,,2.3,,4.9,,-24.5,,1001,,2.8,,1.4,,223,,57,,13.9,,1,,1.2,,0.9,
2008-01-31,31,-5.2,,-0.3,,-10.2,,55,,79,,32,,-13.3,,-8.9,,-15.8,,0,,9.9,,21,,-22.4,,1027,,1.5,,0.9,,278,,49,,7.3,,1,,1.2,,0.9,
2008-02-01,32,-2.3,,1.6,,-5.4,,78,,98,,48,,-5.9,,1.3,,-14.1,,33.8,,1.3,,3.4,,-5.7,,1021,,2.5,,2.3,,83,,24,,15.7,,0.9,,1.1,,0.8,
2008-02-02,33,0.9,,3.5,,-0.7,,81,,98,,60,,-2.1,,1,,-4.1,,0,,5.1,,11.5,,5.5,,1011,,2.8,,2.5,,267,,26,,13.8,,1,,1.1,,0.8,
2008-02-03,34,0.6,,4.7,,-1.6,,72,,86,,48,,-4.1,,-2.8,,-6.2,,0,,7.3,,15.9,,-1.1,,1019,,1.2,,1,,263,,31,,6.2,,1,,1.2,,0.9,
2008-02-04,35,-0.4,,3.5,,-3.4,,73,,91,,45,,-4.8,,-2.7,,-7.5,,0,,4.3,,9.7,,0.3,,1023,,0.8,,0.4,,136,,51,,5.7,,1.1,,1.2,,1,
2008-02-05,36,1.6,,4.9,,-1.1,,96,,98,,85,,1,,4.5,,-3.1,,18.5,,1.5,,3.9,,0.3,,1011,,1.9,,0.9,,117,,58,,11.3,,1.2,,1.3,,1,
2008-02-06,37,2,,4.3,,-0.2,,98,,98,,97,,1.7,,4,,-0.6,,35,,1.1,,2.8,,6.4,,1001,,1.7,,1.4,,73,,34,,12,,1,,1.3,,0.7,
2008-02-07,38,-2.4,,0.1,,-4.3,,96,,98,,90,,-3,,-0.4,,-5.1,,9.1,,1.2,,2.4,,-16.1,,1004,,1.8,,1.5,,87,,31,,10.2,,0.9,,1,,0.7,
2008-02-08,39,-3.6,,-1.3,,-7.3,,94,,97,,89,,-4.4,,-2.2,,-7.9,,0.3,,1.4,,2.8,,-19.2,,1011,,0.6,,0.2,,353,,59,,4.2,,0.9,,1.1,,0.8,
2008-02-09,40,-3,,2.4,,-8.3,,93,,99,,73,,-4,,-0.9,,-9.1,,4.3,,3.9,,8.4,,-20.8,,1011,,1.4,,1.1,,143,,34,,6.6,,0.9,,1.1,,0.8,
2008-02-10,41,-3.9,,0,,-14.9,,92,,99,,59,,-5,,-0.2,,-20.9,,5.1,,1.8,,4.1,,-33.4,,1000,,2.6,,1.9,,254,,42,,17,,1,,1.1,,0.8,
2008-02-11,42,-12.5,,-7.7,,-16.3,,65,,77,,50,,-17.8,,-15.1,,-20.8,,0,,12,,24.5,,-29.4,,1011,,3.5,,3.2,,273,,24,,14.6,,1.1,,1.2,,0.9,
2008-02-12,43,-10.3,,-5.1,,-16.5,,73,,94,,45,,-14.5,,-8.5,,-18.4,,7.1,,8.5,,17.9,,-9.9,,1022,,1.1,,0.3,,243,,64,,5.1,,1,,1.2,,0.9,
2008-02-13,44,-1.8,,0.8,,-7.8,,97,,99,,93,,-2.1,,0.6,,-8.7,,90.2,,0.6,,2,,-1.6,,1004,,1.4,Q,0.8,Q,56,Q,46,Q,10.1,Q,0.9,,1.1,,0.5,
2008-02-14,45,-3.5,,0.5,,-6.9,,74,,99,,48,,-7.6,,0.4,,-10.8,,0,,12.7,,27,,-17.4,,1010,,2.3,,1.9,,300,,33,,11.2,,0.7,,0.9,,0.4,
2008-02-15,46,-2,,5,,-8.8,,64,,81,,46,,-8.1,,-4.1,,-16.4,,0,,7.5,,16.5,,-10.9,,1012,,3.1,,2.5,,252,,36,,15,,0.8,,0.9,,0.7,
2008-02-16,47,-8.6,,-3.1,,-12.7,,57,,81,,30,,-16.2,,-13.2,,-19.8,,0,,13.1,,27.5,,-17.5,,1020,,1.5,,1.2,,287,,35,,7.6,,0.8,,0.9,,0.7,
2008-02-17,48,-3.5,,4.5,,-12.4,,75,,97,,57,,-7.5,,4.1,,-15.3,,6.9,,5.3,,12.1,,-8.4,,1018,,2.6,,2.3,,173,,29,,10.2,,0.8,,0.9,,0.6,
2008-02-18,49,8.1,,12.1,,-1.4,,97,,99,,91,,7.7,,11.7,,-2.3,,24.1,,0.9,,2.4,,15.1,,999,,3.2,,2.5,,206,,39,,13.6,,0.5,,0.8,,0.1,
2008-02-19,50,-2.3,,2.8,,-8.1,,78,,96,,44,,-5.8,,-2.1,,-14.3,,0,,9.5,,20.4,,-0.6,,1003,,2.4,,2,,258,,32,,11.1,,0.4,,0.6,,0.2,
2008-02-20,51,-8.1,,-3.9,,-11.6,,61,,78,,35,,-14.6,,-12.6,,-18,,0,,10.5,,22.1,,-22.7,,1012,,2,,1.8,,265,,26,,9.8,,0.5,,0.7,,0.4,
2008-02-21,52,-9.4,,-4.5,,-13.9,,60,,89,,26,,-16.7,,-13.8,,-22,,0,,14.1,,29.6,,-12.3,,1021,,1.5,,1.3,,273,,33,,9.3,,0.4,,0.6,,0.3,
2008-02-22,53,-7.3,,-5.3,,-11,,86,,96,,57,,-9.4,,-6.1,,-15.9,,9.9,,2.9,,6.9,,-2.6,,1015,,1.5,,1.2,,91,,39,,8.1,,0.3,,0.5,,0.2,
2008-02-23,54,-6.1,,-2,,-9.6,,95,,97,,93,,-6.7,,-2.6,,-10.5,,1,,2.9,,6.7,,-23.4,,1008,,0.9,,0.6,,319,,39,,4.4,,0.3,,0.4,,0.2,
2008-02-24,55,-4.9,,2.6,,-12.1,,74,,96,,39,,-9.4,,-6.5,,-13.3,,0,,12,,25.7,,-18.1,,1012,,1.2,,1,,269,,33,,6.4,,0.3,,0.4,,0.2,
2008-02-25,56,-0.9,,7.3,,-7,,60,,85,,30,,-8.3,,-6,,-10.1,,0,,13.8,,29.6,,-14.6,,1008,,1.2,,1,,254,,31,,6.6,,0.3,,0.5,,0.2,
2008-02-26,57,-1,,3.6,,-4.6,,82,,99,,47,,-3.8,,-0.1,,-7.2,,20.3,,4,,9,,-2.8,,1001,,1.6,,1.1,,98,,40,,9.2,,0.4,,0.5,,0.2,
2008-02-27,58,-2.8,,0,,-9,,93,,99,,79,,-3.8,,-0.2,,-9.9,,0,,3.3,,7.1,,-17.2,,993,,1.5,,1.3,,299,,31,,8.2,,0.4,,0.5,,0.3,
2008-02-28,59,-10.3,,-6,,-16,,76,,94,,46,,-14.1,,-9.7,,-18.4,,0.3,,12.7,,25.7,,-44.7,,1010,,2,,1.8,,276,,26,,7.9,,0.4,,0.5,,0.3,
2008-02-29,60,-11.3,,-3.9,,-19.7,,64,,93,,32,,-17.4,,-9.6,,-22,,1.5,,15.7,,32.4,,-17.6,,1025,,1.3,,0.7,,140,,56,,7.3,,0.4,,0.5,,0.2,
2008-03-01,61,-3.3,,1,,-8.8,,88,,98,,68,,-5,,-0.4,,-9.8,,6.9,,5.9,,13.5,,-20.9,,1009,,2.6,,0.2,,194,,77,,10.3,,0.4,,0.6,,0.3,
2008-03-02,62,-3.7,,2,,-8,,57,,87,,30,,-11.5,,-7.3,,-14.9,,0,,15.7,,32.5,,-15,,1016,,2,,1.7,,297,,31,,12.2,,0.5,,0.6,,0.3,
2008-03-03,63,0.4,,7.1,,-8.9,,62,,84,,40,,-6.3,,1.8,,-12.5,,0,,8.5,,18.7,,-10.8,,1017,,2.4,,1.9,,206,,35,,11.1,,0.5,,0.6,,0.4,
2008-03-04,64,4.7,,8.6,,0.6,,92,,98,,75,,3.6,,7.4,,0.1,,17.8,,1.9,,4.6,,10.4,,1011,,2.5,,0.7,,195,,66,,14,,0.5,,0.7,,0.3,
2008-03-05,65,1.8,,8.1,,-2.7,,89,,98,,70,,0.2,,7.8,,-5.7,,12.7,,3.2,,7.6,,-3.6,,1002,,4,,1.1,,88,,69,,16.3,,0.3,,0.5,,0,
2008-03-06,66,1.3,,8.1,,-4.3,,63,,90,,32,,-5.7,,-3.2,,-8.9,,0,,15.8,,33.5,,19.7,,1018,,1.2,,0.7,,233,,51,,5.5,,0.2,,0.4,,0.1,
2008-03-07,67,1.8,,8.1,,-3.7,,74,,98,,32,,-3,,0.6,,-8.1,,7.6,,12.8,,27.5,,34.4,,1018,,2,,1.6,,92,,33,,9.6,,0.3,,0.4,,0.1,
2008-03-08,68,2.2,,8.7,,0.1,,96,,99,,70,,1.6,,8.4,,-0.6,,29.5,,1.8,,4.8,,5.2,,999,,2.7,,1.4,,89,,55,,15.9,,0.3,,0.4,,0.2,
2008-03-09,69,-2.8,,3.9,,-6.8,,55,,79,,43,,-10.6,,-0.3,,-14.2,,0,,16.4,,34.3,,60.4,,1007,,4.2,,3.7,,269,,27,,18.6,,0.3,,0.5,,0.1,
2008-03-10,70,-4.8,,0.2,,-9.7,,50,,81,,21,,-14.6,,-11.4,,-20,,0,,17.7,,36.7,,50,,1019,,2.1,,1.9,,275,,27,,10,,0.3,,0.5,,0.2,
2008-03-11,71,-2.5,,3.7,,-9.3,,52,,82,,29,,-11.5,,-3.2,,-15.3,,0,,17.7,,36.4,,60.3,,1013,,1.4,,1,,243,,44,,7.6,,0.2,,0.4,,0.1,
2008-03-12,72,0,,3.6,,-2.8,,86,,98,,54,,-2.3,,1.3,,-8.3,,5.3,,5.3,,11.5,,-12.1,,1002,,2,,1.2,,272,,49,,10.5,,0.2,,0.4,,0.1,
2008-03-13,73,-1.8,,2.9,,-6.6,,46,,75,,16,,-12.7,,-5.1,,-21.3,,0,,14.4,,30.5,,44.2,,1010,,1.6,,0.6,,256,,65,,8.2,,0.3,,0.4,,0.2,
2008-03-14,74,2.1,,6.5,,-2,,80,,97,,55,,-1.2,,1.8,,-5.5,,5.6,,5.6,,12.6,,24,,1007,,1.3,,0.5,,145,,62,,7.1,,0.3,,0.5,,0.2,
2008-03-15,75,1,,2.4,,0,,92,,98,,83,,-0.1,,1.1,,-1.2,,6.1,,4.7,,11.2,,6.4,,1004,,1.5,,1.2,,54,,32,,8.5,,0.4,,0.6,,0.2,
2008-03-16,76,1.1,,5.9,,-2.6,,78,,96,,50,,-2.5,,0.4,,-8.1,,0,,6.7,,14.9,,33,,1011,,1.4,,0.8,,341,,52,,8.5,,0.8,,1.2,,0.4,
2008-03-17,77,-1.6,,4.1,,-6.2,,45,,68,,23,,-12.6,,-7.7,,-16,,0,,19.2,,39.5,,70.8,,1023,,2.4,,2,,326,,33,,11.2,,1.2,,2.1,,0.6,
2008-03-18,78,-0.6,,5.6,,-7.7,,44,,90,,17,,-12.7,,-3.1,,-21,,0,,12.4,,26.2,,48.3,,1026,,1.1,,0.5,,206,,58,,5.6,,1.1,,1.6,,0.6,
2008-03-19,79,0,,0.7,,-1.5,,87,,98,,33,,-2.3,,0.4,,-14.4,,12.4,,2,,5.2,,6,,1008,,2.3,,1.9,,108,,35,,8.9,,1.2,,1.5,,1,
2008-03-20,80,1.2,,4.2,,-2.3,,87,,99,,54,,-0.8,,2.5,,-6.6,,6.6,,5.9,,13.3,,11.8,,995,,2.8,,2.1,,288,,39,,13.1,,1.9,,2.7,,1.2,
2008-03-21,81,-3.3,,0.1,,-6,,50,,78,,30,,-12.4,,-5.9,,-16.5,,0,,19.6,,40.6,,78.6,,1005,,4.4,,4,,280,,25,,17,,1.9,,2.5,,1.3,
2008-03-22,82,-1.8,,4.1,,-6.9,,38,,56,,22,,-14.7,,-10.7,,-17.8,,0,,19.4,,40,,68.8,,1007,,2.9,,2.6,,276,,25,,12.4,,1.4,,2,,0.9,
2008-03-23,83,-2.5,,3.3,,-7.9,,37,,64,,20,,-15.7,,-11.4,,-19.3,,0,,20.2,,41.6,,73.4,,1015,,1.6,,1.3,,279,,32,,9.9,,1.3,,2.1,,0.7,
2008-03-24,84,-1.3,,5.3,,-8.1,,44,,74,,25,,-12.5,,-8.6,,-15.4,,0,,18.6,,38.7,,66.4,,1019,,1.1,,0.5,,304,,59,,7.2,,1.5,,2.5,,0.8,
2008-03-25,85,-0.7,,4.9,,-6.8,,46,,98,,19,,-11.9,,-1.3,,-17.8,,0.5,,20,,41.4,,84.7,,1019,,2.1,,1.1,,189,,56,,10.7,,1.8,,3,,0.9,
2008-03-26,86,3.8,,10.1,,-1.7,,65,,98,,25,,-3.2,,2.4,,-9.7,,0.3,,11.6,,24.4,,40.8,,1012,,2.7,,1.8,,238,,44,,12.7,,2.7,,3.9,,1.9,
2008-03-27,87,2.8,,8.6,,-2.1,,57,,86,,24,,-5.5,,-0.5,,-11.4,,0,,11.2,,24,,46.4,,1014,,1.3,,0.9,,233,,37,,8,,2.9,,3.8,,1.9,
2008-03-28,88,-0.1,,1.6,,-2.1,,97,,99,,85,,-0.5,,0.4,,-3.2,,19.3,,1.5,,4.8,,-28.8,,1010,,1.5,,1.1,,64,,42,,7.6,,2.7,,3.4,,2.2,
2008-03-29,89,-4,,-1.2,,-7.6,,65,,95,,36,,-10.1,,-2.8,,-15,,0,,12,,31.9,,-11.3,,1022,,1.8,,1.4,,305,,33,,10.4,,2,,2.4,,1.7,
2008-03-30,90,-1.6,,7.1,,-9.7,,47,,74,,21,,-12.2,,-4.8,,-15.2,,0,,21.8,,45.1,,30.4,,1032,,1.4,,0.1,,337,,76,,7.2,,1.3,,1.9,,1,
2008-03-31,91,2,,8.5,,-2.8,,86,,98,,57,,-0.2,,8.2,,-9.2,,8.6,,3.7,,9,,-2,,1027,,2.5,,2.3,,183,,27,,10.5,,0.9,,1.1,,0.7,
2008-04-01,92,10.9,,12.9,,4.7,,97,,98,,72,,10.3,,12.5,,0.3,,9.4,,1.6,,4.2,,6.6,,1009,,3.9,,3.2,,213,,33,,13.4,,2.8,,4.8,,0.7,
2008-04-02,93,1.2,,5.2,,-3.2,,44,,79,,17,,-10.7,,1.2,,-20.5,,0,,22.1,,45.3,,93.8,,1017,,3.5,,3.1,,282,,27,,17.4,,4.2,,5.2,,3.2,
2008-04-03,94,2.1,,9.5,,-5.5,,38,,67,,14,,-11.8,,-6.8,,-18,,0,,20.8,,42.9,,83.4,,1026,,2.1,,1.6,,240,,39,,10.1,,3.6,,5,,2.2,
2008-04-04,95,2.7,,5.3,,-0.1,,92,,98,,52,,1.3,,4.7,,-7.7,,15,,3.8,,9.3,,9.7,,1011,,1.7,,1.2,,97,,43,,8.9,,3.4,,3.9,,2.8,
2008-04-05,96,4.9,,9.8,,2,,87,,98,,59,,2.8,,6,,-0.1,,5.3,,8.2,,18.2,,39.7,,1011,,1.4,,0.4,,355,,66,,8,,4.4,,5.4,,3.5,
2008-04-06,97,2.1,,3.5,,0.7,,89,,96,,79,,0.4,,1.4,,-0.5,,0.3,,3.8,,8.7,,6.9,,1023,,2.4,,2.1,,67,,26,,11.2,,4.2,,4.8,,3.9,
2008-04-07,98,3.2,,9.1,,-0.6,,69,,93,,34,,-2.5,,0.3,,-6.9,,0,,22.3,,47.1,,119.8,,1024,,2.7,,2.4,,79,,29,,11.5,,4.6,,6,,3.3,
2008-04-08,99,5.2,,14.3,,-1.7,,51,,93,,19,,-5.8,,-1.9,,-13.5,,0,,21.9,,45.9,,106.2,,1025,,2,,1.5,,89,,37,,7.1,,5.5,,7.3,,3.9,
2008-04-09,100,7.6,,16.5,,-1.9,,54,,92,,12,,-2.7,,6.5,,-17.6,,0,,16.6,,34.8,,77.4,,1020,,1.9,,1.2,,187,,49,,8.3,,6.1,,7.7,,4.6,
2008-04-10,101,10.8,,17.4,,4.1,,58,,98,,22,,0.9,,8.7,,-5.9,,0,,21.1,,44.2,,115.5,,1016,,2,,1.4,,268,,43,,11,,7.9,,9.6,,6.6,
2008-04-11,102,5.4,,8.2,,1.9,,76,,94,,54,,1.3,,5,,-3.2,,3,,4.6,,10.7,,1.8,,1012,,1,,0.4,,122,,55,,6.3,,7.2,,8.2,,6.6,
2008-04-12,103,12.4,,21.7,,5.5,,73,,98,,41,,7.1,,14.4,,0.6,,7.1,,13,,28.9,,70.5,,999,,1.8,,0.7,,255,,63,,8,,8.3,,10.1,,6.8,
2008-04-13,104,3.5,,6.3,,-1.1,,73,,93,,44,,-1,,4,,-6.6,,1.5,,7.5,,16.9,,11.7,,1002,,1.4,,1.1,,306,,36,,9.1,,7.9,,9.1,,7.1,
2008-04-14,105,2.9,,10.7,,-3,,52,,83,,26,,-6.6,,-1.2,,-10.2,,0,,21.3,,45.7,,105.2,,1011,,1.6,,1.1,,321,,42,,10.2,,6.9,,8.4,,5.4,
2008-04-15,106,5.1,,13,,-2.2,,38,,69,,16,,-9.3,,-4.3,,-13.5,,0,,24.3,,49.9,,115.2,,1016,,1.4,,0.9,,342,,46,,8.2,,7.1,,8.9,,5.4,
2008-04-16,107,9.3,,18.3,,-0.4,,32,,58,,10,,-8.6,,-0.8,,-15,,0,,24.2,,50.4,,115.2,,1021,,1.4,,0.6,,197,,60,,7,,7.9,,9.9,,5.9,
2008-04-17,108,12.6,,22,,1.9,,32,,66,,10,,-5.6,,0.7,,-11.7,,0,,24.3,,50.9,,120.5,,1018,,1.5,,0.9,,80,,49,,7.3,,9,,11,,7.1,
2008-04-18,109,15.5,,26,,3.7,,30,,57,,12,,-3.4,,4.1,,-9.6,,0,,23.6,,50.2,,125.2,,1014,,1.3,,0.6,,351,,61,,7.1,,10.1,,12.2,,8.1,
2008-04-19,110,17,,26.4,,8.3,,35,,61,,15,,-0.1,,4.6,,-4.6,,0,,23,,49.9,,117.3,,1015,,2.1,,1.5,,120,,43,,8.3,,11.3,,13.1,,9.5,
2008-04-20,111,12.8,,20.9,,4,,53,,95,,24,,2.1,,6.6,,-0.4,,0,,21.3,,46.7,,110.2,,1021,,2.4,,1.8,,118,,40,,8.6,,11.5,,12.8,,10,
2008-04-21,112,13.6,,21.5,,5,,49,,85,,21,,1.7,,5.2,,-3.7,,0,,21.8,,47.6,,113.2,,1024,,1.6,,1.2,,115,,43,,7.2,,11.8,,13.5,,10.2,
2008-04-22,113,15.2,,23.8,,4.8,,34,,64,,12,,-1.8,,5.5,,-14.9,,0,,22.5,,48.4,,118.9,,1022,,1.4,,0.7,,228,,54,,6.4,,12.2,,14,,10.5,
2008-04-23,114,17.5,,26.3,,8.1,,54,,91,,19,,6.6,,11.3,,-0.3,,0,,22.4,,49.3,,124.8,,1017,,1.4,,1,,246,,36,,9,,12.9,,14.8,,11.1,
2008-04-24,115,15.1,,20,,7.6,,42,,82,,12,,0.1,,10.2,,-11,,0,,23.6,,48.9,,121.9,,1016,,1.8,,1.1,,328,,48,,10.4,,13.5,,15,,12.3,
2008-04-25,116,13.4,,22.6,,4.6,,36,,68,,15,,-2.8,,4.2,,-6.7,,0,,23.7,,49.6,,124.1,,1017,,1.9,,0.4,,78,,68,,9.6,,12.9,,14.7,,11.2,
2008-04-26,117,10.1,,17.1,,4.9,,51,,78,,30,,-0.2,,4.4,,-5.4,,0,,20.3,,44.5,,114.1,,1019,,2.4,,2,,113,,33,,8.2,,12.8,,14.2,,11.6,
2008-04-27,118,8.6,,13.4,,5.2,,67,,92,,45,,2.5,,5.8,,-2.3,,0,,11.5,,25.1,,51.4,,1019,,1.4,,1.1,,113,,39,,5.6,,12.2,,13,,11.5,
2008-04-28,119,5.9,,9.3,,4.6,,95,,98,,89,,5.2,,9,,3.9,,53.6,,2.6,,7.1,,6.5,,1012,,2.7,,2.4,,92,,29,,12,,10.6,,12,,9.6,
2008-04-29,120,5.9,,9.7,,0.9,,95,,98,,82,,5.2,,9.4,,-0.9,,16,,3.6,,8.6,,-3.8,,1002,,1.5,,0.9,,309,,46,,10.5,,9.9,,10.2,,9.2,
2008-04-30,121,2.8,,8.6,,-1.6,,65,,97,,29,,-4.1,,-0.3,,-9.3,,0,,16.3,,35,,72.8,,1012,,1.3,,0.7,,305,,52,,9.2,,9.1,,10.4,,7.9,
2008-05-01,122,6.5,,14.7,,-2.7,,50,,86,,17,,-4.8,,1.2,,-10.7,,0,,23.9,,50.8,,132.8,,1017,,1.3,,0.5,,235,,61,,8,,9.6,,11.5,,7.7,
2008-05-02,123,5.9,,7.8,,3.9,,89,,98,,61,,4.1,,6.3,,-1.2,,2.3,,3.3,,8.1,,3.7,,1016,,1.6,,1.4,,86,,27,,6.2,,9.8,,10.5,,9.4,
2008-05-03,124,4.6,,5.9,,3.1,,93,,98,,82,,3.6,,5.5,,2.1,,4.8,,3,,7.6,,4,,1017,,1.9,,1.7,,93,,26,,8.4,,9.2,,9.7,,8.8,
2008-05-04,125,7.7,,13.5,,4,,91,,97,,69,,6.2,,9.5,,3.6,,1.5,,9.4,,21.3,,43.6,,1013,,1.3,,0.6,,50,,55,,11.2,,9.3,,10.6,,8.5,
2008-05-05,126,11.4,,20.3,,2.6,,56,,92,,20,,1.6,,6.9,,-4.9,,0,,25.2,,54.9,,148.3,,1015,,1.1,,0.6,,304,,50,,6.6,,10.6,,12.8,,8.4,
2008-05-06,127,14.2,,23,,5.2,,42,,78,,18,,0,,6.1,,-4.6,,0,,22.5,,48.8,,129.2,,1010,,1.2,,0.8,,290,,47,,9.5,,12,,13.9,,10.1,
2008-05-07,128,14.8,,21.9,,5.9,,40,,71,,18,,0.4,,7.6,,-4.1,,0,,22.6,,49.1,,134.8,,1010,,1.4,,0.7,,233,,54,,8.8,,12.6,,14.4,,10.8,
2008-05-08,129,15.3,,22.4,,9.3,,64,,95,,22,,7.4,,14.1,,-2.6,,1.8,,15.5,,34.3,,79.3,,1002,,2.2,,1.4,,246,,48,,12.5,,13.6,,15,,12.6,
2008-05-09,130,8.4,,12.1,,6,,74,,94,,53,,3.7,,6.4,,1.2,,1.8,,6.7,,15.3,,9.8,,1005,,1.3,,1,,71,,37,,7,,12.6,,13.7,,11.9,
2008-05-10,131,11.6,,20,,5.5,,57,,87,,17,,2.3,,6.2,,-6.2,,0,,19.6,,42.6,,109.5,,1004,,1.8,,1,,46,,53,,7.8,,12.5,,14.1,,11,
2008-05-11,132,10.2,,18.3,,2.6,,57,,95,,28,,0.8,,6,,-4.3,,0,,24.8,,54.3,,148.8,,1008,,1.7,,1.3,,99,,41,,9.3,,13,,14.8,,11.3,
2008-05-12,133,7.7,,11.7,,4.8,,58,,81,,35,,-0.3,,2.2,,-4.2,,0,,14.4,,30.8,,77.8,,1006,,2.8,,2.4,,68,,32,,14.9,,12.4,,13.4,,11.8,
2008-05-13,134,12.7,,20.6,,5.9,,41,,65,,19,,-1.2,,3.6,,-5.2,,0,,25.2,,54.5,,146.7,,1013,,1.8,,1.3,,38,,44,,10.5,,12.4,,14.3,,10.7,
2008-05-14,135,14.4,,22.7,,5.2,,41,,73,,19,,0.3,,5.6,,-2,,0,,24.6,,53.9,,145.6,,1015,,1.8,,1.1,,143,,50,,7.3,,13.4,,15.4,,11.5,
2008-05-15,136,11.9,,18.6,,8.6,,71,,94,,41,,6.6,,12.3,,-2.9,,0.5,,9.5,,21.7,,43.5,,1011,,1.2,,0.5,,209,,60,,5.4,,13.5,,14.4,,12.6,
2008-05-16,137,10.9,,15.4,,7.1,,75,,96,,50,,6.4,,10.6,,2.4,,18,,7.1,,15.8,,25.4,,1005,,0.8,,0.4,,71,,53,,5,,12.9,,13.5,,12.3,
2008-05-17,138,13.1,,21.1,,6.8,,66,,97,,22,,5.2,,10.7,,-4,,8.1,,23.3,,51.3,,153.9,,994,,1.4,,1,,288,,41,,9.6,,13.5,,15.7,,11.6,
2008-05-18,139,11.1,,16.5,,7.2,,78,,97,,34,,6.7,,9.9,,0.2,,2,,14.5,,31.7,,60,,993,,1.3,,0.8,,236,,50,,7.6,,14.2,,15.1,,13.1,
2008-05-19,140,7.3,,11.9,,2.9,,66,,97,,38,,0.9,,7.1,,-2.6,,0,,13.2,,28.2,,54.2,,994,,2.2,,1.9,,266,,33,,12,,13,,13.9,,12.2,
2008-05-20,141,9.5,,15.6,,2.9,,63,,91,,33,,2.5,,6.4,,-1.7,,0,,19.5,,42.6,,114.5,,996,,1.4,,1,,220,,39,,8.1,,12.7,,14.4,,11,
2008-05-21,142,10.1,,17.6,,4.9,,73,,97,,30,,4.4,,7.3,,-2.2,,4.3,,15.8,,34.5,,78.3,,996,,0.9,,0.4,,260,,49,,11.8,,13.3,,14.5,,11.9,
2008-05-22,143,7.8,,13,,4,,81,,97,,48,,4.4,,7.3,,1.8,,0.5,,14.8,,32.1,,64.8,,998,,1.1,,0.8,,267,,35,,7.6,,13.2,,14.4,,12.1,
2008-05-23,144,11.4,,18.6,,3.5,,67,,97,,33,,4.7,,10.4,,0.9,,0.3,,20,,43.8,,116.3,,1005,,1.4,,1,,297,,40,,10,,13.4,,15.1,,11.6,
2008-05-24,145,12.3,,18.5,,6.3,,57,,89,,29,,3.1,,8.9,,-1.3,,0,,19.6,,42.4,,110,,1010,,1.3,,0.9,,324,,43,,10.2,,13.8,,15.3,,12.4,
2008-05-25,146,15.1,,23.2,,7,,44,,76,,19,,1.6,,7.6,,-4.1,,0,,28.2,,59,,167.2,,1015,,1.1,,0.4,,303,,61,,6.8,,14.5,,16.8,,12.3,
2008-05-26,147,17.5,,24.4,,10.2,,57,,78,,33,,8.3,,12.2,,3.8,,0,,24.6,,52.5,,151.5,,1010,,2.2,,1.8,,199,,33,,11.2,,15.6,,17.6,,13.6,
2008-05-27,148,18.3,,27.2,,9.4,,72,,92,,47,,12.9,,20.4,,1.2,,10.7,,20.3,,43.8,,128.8,,1008,,1.6,,0.8,,239,,57,,8.8,,17.1,,19,,15.4,
2008-05-28,149,10.8,,17.6,,5,,47,,69,,23,,-0.7,,3.5,,-5.1,,0,,28.7,,59.7,,165.1,,1017,,1.4,,0.9,,330,,48,,8.3,,16.8,,18.4,,15.1,
2008-05-29,150,14,,22.4,,3.8,,45,,83,,21,,0.9,,5.8,,-3,,0,,27.3,,59.5,,164.9,,1015,,1.4,,0.9,,267,,43,,9.8,,16.1,,18,,14.2,
2008-05-30,151,17.9,,24.4,,9.8,,40,,64,,21,,3.6,,11.5,,-0.2,,0,,26,,56.5,,163.7,,1016,,1.4,,0.7,,183,,56,,7.3,,16.6,,18.7,,14.6,
2008-05-31,152,16.9,,20.6,,13.2,,79,,97,,54,,13.1,,17.9,,6.7,,0.5,,10.5,,23.1,,49.3,,1004,,2,,1.6,,193,,34,,10,,16.9,,17.7,,16,
2008-06-01,153,16.4,,22.5,,10.7,,72,,97,,42,,10.7,,16,,6.4,,0,,21.1,,46.2,,126.4,,1005,,1.4,,1,,267,,40,,10.9,,16.9,,18.5,,15.3,
2008-06-02,154,16.3,,24.2,,8.7,,64,,95,,29,,8.6,,12.3,,4.8,,0,,22.9,,50.2,,138.9,,1008,,1.1,,0.7,,287,,47,,9.2,,16.7,,18.5,,14.9,
2008-06-03,155,18.9,E,26.5,E,11.2,E,NA,M,NA,M,NA,M,NA,M,NA,M,NA,M,0,,NA,M,NA,M,NA,M,NA,M,NA,M,NA,M,NA,M,NA,M,NA,M,18.2,,19.1,,16.1,
2008-06-04,156,13.9,,17.5,,12.2,,86,,95,,48,,11.4,,13.8,,6.3,,6.1,,5.3,,12.5,,10.1,,1013,,1.6,,1.1,,94,,44,,6.8,,16.9,,17.9,,16.5,
2008-06-05,157,13.7,,16.2,,12.1,,91,,95,,79,,12.2,,13.4,,11.2,,0,,5.8,,12,,30,,1019,,1.1,,0.8,,69,,44,,5.9,,16.3,,16.7,,15.8,
2008-06-06,158,13.2,,14.4,,11.8,,96,,100,,89,,12.5,,14,,11.2,,12.7,,3.8,,8,,14.5,,1021,,1.4,,1.1,,188,,36,,8.3,,15.6,,16.2,,15.3,
2008-06-07,159,21.4,,31,,13.4,,85,,100,,50,,18.2,,22.9,,13.4,,0.3,,25.2,,52.1,,170.5,,1017,,0.9,,0.7,,225,,42,,6.5,,17.7,,20.6,,15.3,
2008-06-08,160,24.6,,31.5,,18.8,,76,,96,,42,,19.6,,21.9,,16.6,,0,,24.6,,51.1,,154.8,,1012,,1,,0.7,,256,,41,,7.8,,20.2,,22,,18.3,
2008-06-09,161,26,,33.3,,19.7,,69,,98,,36,,19,,22.2,,15,,0,,29,,61.3,,191.5,,1013,,1.2,,0.6,,282,,55,,8.6,,21.4,,23.4,,19.5,
2008-06-10,162,26.9,,34.1,,18.7,,66,,96,,30,,19.1,,24.3,,13.8,,10.9,,29,,60.5,,188.5,,1012,,1.4,,0.8,,197,,55,,14.7,,22.2,,24.1,,20.4,
2008-06-11,163,20.9,,26.7,,16,,65,,97,,35,,13.3,,18.3,,8.5,,0.3,,30.8,,61.7,,180.2,,1016,,1.2,,0.9,,268,,39,,8.6,,22.3,,24.1,,20.6,
2008-06-12,164,18.2,,24.3,,11,,53,,88,,21,,7.6,,13,,0.2,,0,,31.4,,62.9,,172.9,,1023,,1,,0.6,,345,,50,,8.2,,21.3,,23,,19.7,
2008-06-13,165,18.2,,26.3,,8.4,,53,,80,,26,,7.6,,13.4,,0.3,,0,,30.9,,63.5,,174.5,,1024,,0.8,,0.2,,207,,68,,4.4,,20.5,,22.4,,18.5,
2008-06-14,166,20.5,,28,,14.1,,72,,87,,54,,15.2,,20.2,,9.7,,0,,18.8,,37.6,,111.5,,1016,,1.1,,0.7,,98,,48,,5.5,,20.6,,22.1,,19.2,
2008-06-15,167,15.6,,21,,13.4,,89,,98,,67,,13.7,,15.7,,12.3,,0,,14.3,,29.2,,85.8,,1011,,1.6,,1.1,,98,,42,,5.7,,20.2,,20.9,,19.5,
2008-06-16,168,15.1,,21.5,,13,,95,,99,,68,,14.2,,17.2,,12.5,,22.9,,9.3,,18.3,,47.5,,1009,,1.3,,0.7,,184,,53,,13.9,,19.2,,20.1,,18.3,
2008-06-17,169,15.7,,22,,9.7,,78,,99,,50,,11.7,,16.5,,7.3,,0,,18.7,,35.4,,102.9,,1006,,1,,0.7,,262,,41,,6.9,,19,,20.5,,17.6,
2008-06-18,170,13.7,,20.4,,6.5,,76,,96,,46,,9.2,,12.6,,5.7,,0.3,,20.1,,38.2,,104.7,,1007,,1.1,,0.5,,213,,58,,6.8,,18.4,,19.6,,17,
2008-06-19,171,15.9,,21.9,,10.3,,71,,98,,36,,10.1,,13,,5.4,,0,,24.6,,46.6,,146.3,,1012,,0.8,,0.3,,271,,59,,7.7,,19,,20.7,,17.4,
2008-06-20,172,16.3,,22,,12,,79,,98,,47,,12.4,,16.3,,9,,4.1,,19.4,,37,,93.3,,1015,,0.9,,0.3,,186,,65,,7,,19.3,,20.6,,18.1,
2008-06-21,173,19.2,,25.7,,13.3,,71,,98,,37,,13.1,,15.7,,9.2,,0,,29.5,,56.6,,185.5,,1017,,1.1,,0.7,,213,,48,,6.4,,20.2,,22.5,,18.3,
2008-06-22,174,18.5,,24.8,,15.3,,88,,97,,58,,16.4,,19.5,,14.4,,6.6,,11.1,,20.7,,43.7,,1016,,1.5,,1.3,,177,,31,,9.9,,20,,20.7,,19.2,
2008-06-23,175,17.8,,21.8,,15.3,,94,,98,,76,,16.8,,19,,14.7,,25.4,,9.3,,17.5,,39.7,,1015,,1.1,,0.7,,135,,47,,8.4,,19.6,,20.2,,18.8,
2008-06-24,176,17.4,,23.9,,13.5,,87,,99,,52,,14.9,,18.4,,10.6,,10.7,,18.8,,34.4,,103.9,,1015,,0.9,,0.5,,304,,54,,9.9,,19.9,,21.4,,18.7,
2008-06-25,177,18.4,,25.9,,12.1,,72,,97,,31,,12.5,,16.1,,6.9,,0,,26.8,,49.3,,156.8,,1019,,0.9,,0.4,,281,,55,,6.8,,20.3,,22.1,,18.5,
2008-06-26,178,17.8,,21.4,,13.8,,89,,99,,65,,15.9,,18.5,,12.9,,0.5,,7.7,,13.9,,13.9,,1012,,0.7,,0.3,,192,,55,,6.2,,19.8,,20.6,,19.2,
2008-06-27,179,21,,27.2,,16.2,,86,,100,,58,,18.5,,21.5,,15.9,,0.3,,16.3,,29.1,,89.9,,1010,,0.6,,0.3,,237,,50,,7.3,,20.1,,21.6,,18.6,
2008-06-28,180,19.2,,24.2,,15.6,,92,,99,,72,,17.9,,20,,15.3,,0,,17.8,,32.3,,119.9,,1011,,2,,1.7,,94,,30,,9.6,,20.8,,22.1,,19.7,
2008-06-29,181,21.3,,29.3,,15.6,,88,,100,,50,,18.9,,22.2,,15.3,,2,,17,,30.6,,108.4,,1010,,1.5,,1,,158,,46,,7.6,,21.5,,23,,20.1,
2008-06-30,182,21.4,,26.8,,16.7,,81,,98,,51,,17.8,,21,,15.5,,2.8,,21,,37.3,,128.9,,1007,,1,,0.5,,238,,57,,5.1,,22.4,,23.8,,21.1,
2008-07-01,183,20.5,,27,,16.2,,81,,98,,44,,16.6,,19.5,,13,,0,,22.1,,39.9,,131.1,,1012,,0.7,,0.2,,231,,62,,6,,22.5,,24.1,,20.9,
2008-07-02,184,20.4,,26.5,,15.8,,75,,99,,35,,15.2,,19.2,,8.9,,0,,24.2,,43.3,,147.7,,1014,,0.8,,0.4,,237,,51,,9.3,,22.5,,24.1,,21,
2008-07-03,185,20.3,,27.6,,16.2,,77,,99,,46,,15.6,,18.5,,12.4,,11.4,,20.2,,36,,118.7,,1014,,1.5,,1.1,,211,,40,,10.2,,22.1,,23.5,,20.7,
2008-07-04,186,17.8,,21.9,,15,,91,,99,,70,,16.3,,18,,14,,3.3,,11.2,,19.1,,50.9,,1016,,0.8,,0.3,,87,,60,,5.2,,21.5,,22.2,,20.9,
2008-07-05,187,18.3,,21.6,,15.7,,92,,100,,72,,16.9,,18,,15.6,,0.8,,7.5,,12.8,,32,,1017,,0.8,,0.7,,101,,36,,4.9,,21,,21.4,,20.5,
2008-07-06,188,21.2,,26.6,,17.2,,84,,99,,56,,18.1,,20.4,,16.3,,0,,24.2,,42.8,,162.6,,1018,,0.9,,0.6,,221,,42,,5.9,,22,,23.9,,20.4,
2008-07-07,189,23,,27.7,,19,,81,,98,,54,,19.4,,21.7,,17.1,,0,,25.3,,45.5,,172.4,,1017,,1.1,,0.8,,220,,39,,5.8,,23.2,,25,,21.7,
2008-07-08,190,24.2,,29.7,,20.7,,82,,99,,55,,20.6,,22.7,,19.1,,0,,24,,43.1,,165.8,,1013,,1.5,,1.2,,208,,34,,7.4,,24.1,,25.8,,22.7,
2008-07-09,191,23.7,,29.2,,20.1,,84,,98,,60,,20.6,,23.1,,19.5,,5.1,,23.5,,42.1,,152.4,,1008,,1.5,,1.2,,209,,39,,10.9,,24.4,,25.8,,22.9,
2008-07-10,192,20.1,,25,,14.6,,69,,98,,44,,13.8,,20.5,,10.8,,0.3,,29.6,,52.5,,173.2,,1012,,1.3,,0.9,,268,,43,,9.5,,24.2,,25.7,,22.7,
2008-07-11,193,19.2,,25.3,,11.8,,74,,96,,40,,14,,17.5,,10.2,,0,,22.1,,38.2,,128.5,,1017,,0.8,,0.1,,11,,74,,3.9,,22.9,,24.1,,21.5,
2008-07-12,194,21.5,,26.6,,16,,72,,96,,50,,15.9,,18.6,,13.1,,0,,21.7,,37.8,,130.3,,1018,,1.7,,1.1,,179,,45,,8.2,,22.9,,24.2,,21.8,
2008-07-13,195,21.9,,26.6,,18.2,,74,,94,,45,,16.7,,19.2,,13.3,,0,,26,,46.9,,168.5,,1011,,2.8,,2.4,,183,,29,,12.6,,23.2,,24.8,,21.9,
2008-07-14,196,19.8,,24.7,,15.1,,86,,98,,52,,17.1,,20,,13,,3,,13.2,,22.4,,61.9,,1010,,1.1,,0.4,,240,,61,,6.1,,22.9,,23.7,,22.2,
2008-07-15,197,20.9,,27.7,,14.7,,66,,98,,31,,13.6,,17.9,,8.8,,0,,28.8,,50.5,,177.9,,1016,,0.9,,0.2,,287,,67,,7,,22.6,,24.5,,20.9,
2008-07-16,198,21.9,,29.1,,13.8,,60,,89,,28,,12.8,,16.9,,7.3,,0,,29.2,,51.6,,173.4,,1019,,0.9,,0.2,,190,,69,,6,,22.7,,24.6,,20.9,
2008-07-17,199,22.3,,29.9,,16,,67,,93,,30,,15.2,,19.4,,9.3,,0,,25.7,,44.6,,148.8,,1018,,0.8,,0.4,,346,,57,,5.7,,23,,24.6,,21.3,
2008-07-18,200,22.8,,30.3,,16.7,,76,,97,,51,,18.1,,22.6,,14.9,,0.3,,23.4,,40.8,,138.4,,1016,,1.1,,0.3,,216,,68,,12,,23.3,,25,,21.7,
2008-07-19,201,23.3,,31.1,,17,,76,,96,,41,,18.3,,22,,15.7,,0,,24.3,,42.1,,150,,1014,,1.1,,0.3,,229,,65,,7.8,,23.6,,25.4,,22,
2008-07-20,202,23.6,,30.3,,19.6,,83,,98,,55,,20.2,,23,,18.6,,20.3,E,14.1,,24,,82.1,,1011,,1,,0.7,,182,,45,,10,,23.5,,24.6,,22.6,
2008-07-21,203,21.5,,27.1,,18,,89,,99,,60,,19.5,,22.5,,17.5,,15.2,E,18.2,,31.7,,101.2,,1008,,0.9,,0.1,,174,,74,,5.2,,23.4,,24.7,,22.3,
2008-07-22,204,20.3,,25.9,,17.2,,87,,99,,62,,17.9,,20.1,,16.6,,36.8,,17.9,,30.7,,115.4,,1013,,1.4,,1.1,,107,,39,,7.4,,23.4,,24.8,,22.5,
2008-07-23,205,18.1,,21,,16.5,,97,,100,,89,,17.6,,19.5,,16.3,,69.6,,7.6,,13,,35.6,,1016,,2.2,,1.9,,92,,28,,8.4,,22.2,,22.7,,20.2,
2008-07-24,206,19.5,,22.7,,17.3,,96,,100,,82,,18.9,,20.3,,17.1,,24.6,,6.9,,11.7,,20.7,,1015,,2.1,,1.7,,159,,35,,10,,20.8,,21.5,,20,
2008-07-25,207,20.7,,27.3,,15.4,,73,,99,,34,,14.9,,18.7,,9.1,,0,,27.9,,48.1,,176.8,,1017,,1,,0.4,,260,,64,,5.7,,22.3,,24.3,,20.7,
2008-07-26,208,21.7,,27.5,,15.3,,71,,98,,42,,15.6,,19,,12.7,,0,,26.2,,44.2,,161,,1013,,1.2,,0.9,,195,,43,,8.1,,22.9,,24.6,,21.3,
2008-07-27,209,18,,24.5,,15.2,,91,,99,,67,,16.4,,19.7,,14.6,,32.8,,11.5,,19,,62.1,,1009,,1.3,,0.7,,194,,56,,8.9,,22.4,,23.8,,21.5,
2008-07-28,210,20.1,,26.5,,15.5,,83,,99,,51,,16.8,,19.5,,15.1,,0,,24.8,,42,,163.7,,1009,,1,,0.6,,231,,51,,7.6,,22.6,,24.3,,21.1,
2008-07-29,211,21.1,,26.8,,16,,76,,98,,45,,16.3,,18.9,,13.3,,0,,24.4,,40.9,,145.5,,1010,,0.8,,0.4,,285,,53,,6.2,,23.2,,24.5,,21.7,
2008-07-30,212,21.1,,26.8,,15,,76,,94,,44,,16.3,,20.3,,12.2,,0,,24.3,,40.8,,147,,1009,,0.8,,0.2,,207,,68,,5.2,,23.3,,24.7,,21.8,
2008-07-31,213,21.3,,27.8,,17.7,,87,,99,,57,,18.9,,21.8,,16.8,,1.8,,18.8,,31.1,,107.1,,1002,,1.1,,0.5,,186,,57,,8.9,,23.7,,24.9,,22.6,
2008-08-01,214,21.4,,27.9,,16.2,,77,,99,,41,,16.7,,19,,12.8,,0,,25,,42.9,,154.7,,1005,,0.8,,0.4,,274,,56,,6.4,,23.6,,25.1,,22.2,
2008-08-02,215,19.8,,25.1,,16.6,,86,,99,,56,,17.2,,20.2,,15,,1.8,,11.4,,18.6,,42.7,,1006,,0.7,,0.3,,128,,57,,6,,23,,23.6,,22.3,
2008-08-03,216,19.1,,23.8,,15.8,,84,,99,,57,,16.1,,19.3,,13.8,,0.8,,19.9,,33.9,,113.1,,1007,,0.9,,0.7,,294,,40,,6.3,,22.9,,24,,21.8,
2008-08-04,217,19.8,,26.1,,15.2,,80,,98,,52,,15.9,,18.9,,14.2,,0,,20.2,,34.3,,118.5,,1011,,0.8,,0.5,,315,,51,,6.9,,22.7,,24,,21.5,
2008-08-05,218,19.3,,24.2,,15.2,,84,,98,,59,,16.3,,19.2,,14.5,,4.6,,14.4,,23.7,,80.4,,1014,,1.3,,0.9,,112,,47,,6.2,,22.4,,23.1,,21.5,
2008-08-06,219,17.6,,21.1,,16.1,,95,,99,,79,,16.8,,19.3,,15.6,,8.6,,7.6,,12.6,,23.3,,1009,,1.9,,1.6,,147,,34,,9.9,,21.8,,22.3,,21.4,
2008-08-07,220,18.1,,25.8,,15,,90,,100,,53,,16.3,,18.8,,14.5,,8.1,,13.6,,22.6,,75.5,,1007,,0.9,,0.2,,131,,68,,7,,21.9,,22.8,,21.1,
2008-08-08,221,16.2,,23.7,,13,,92,,100,,53,,14.8,,17.3,,12.8,,1,,13.4,,22,,63.3,,1005,,0.6,,0.1,,342,,64,,3.6,,21.5,,22.3,,20.7,
2008-08-09,222,17.4,,25,,12.1,,82,,100,,45,,14,,17.1,,11.5,,0,,24,,41.3,,142.7,,1007,,0.8,,0.3,,312,,55,,5.6,,21.4,,22.9,,20.1,
2008-08-10,223,17.9,,25.1,,13.8,,83,,99,,45,,14.6,,18.8,,11.6,,1.8,,18.7,,31.6,,106.4,,1010,,1.1,,0.5,,98,,57,,6.9,,21.6,,22.8,,20.6,
2008-08-11,224,16.2,,19.7,,14.4,,92,,99,,76,,14.9,,17,,13.7,,1.5,,8.9,,14.8,,35,,1008,,1.7,,1.4,,78,,32,,7.4,,21.3,,21.7,,20.9,
2008-08-12,225,16.5,,22.5,,13.3,,90,,99,,62,,14.7,,18.2,,12.7,,8.6,,14.7,,24.5,,65.9,,1005,,0.8,,0.3,,340,,56,,6.1,,21,,21.8,,20.3,
2008-08-13,226,17.6,,24.7,,12.9,,80,,100,,42,,13.7,,16.4,,10.1,,0.3,,23.6,,40.1,,136.8,,1008,,0.8,,0.1,,262,,70,,5,,21,,22.3,,19.7,
2008-08-14,227,19,,26.4,,13.8,,81,,99,,42,,15.2,,17.8,,10.9,,0,,21.6,,36.6,,126.3,,1008,,0.8,,0.4,,354,,58,,6.2,,21.5,,23,,20.3,
2008-08-15,228,18.4,,24.7,,13.4,,83,,98,,45,,15,,18,,10.8,,1.3,,15.7,,25.9,,86.8,,1014,,0.8,,0.4,,61,,58,,5.3,,21.6,,22.6,,20.5,
2008-08-16,229,18.2,,23.7,,13.5,,81,,99,,48,,14.4,,17.8,,11.2,,0.3,,19.4,,32.6,,102.4,,1011,,0.7,,0.3,,267,,53,,6.4,,21.8,,23,,20.8,
2008-08-17,230,19.2,,26.2,,12.9,,77,,98,,46,,14.6,,17.6,,12.3,,0,,23.6,,40.3,,137.6,,1011,,1,,0.6,,263,,50,,8,,21.5,,23,,19.9,
2008-08-18,231,21.4,,27.8,,15.2,,77,,98,,45,,16.6,,19.4,,14.4,,3.8,,23.3,,39.9,,140.4,,1011,,1.1,,0.5,,217,,58,,7.6,,22,,23.6,,20.5,
2008-08-19,232,16.8,,20.5,,8.6,,82,,99,,50,,13.5,,18.7,,6.8,,2.5,,14.3,,24.1,,55.2,,1012,,1,,0.4,,312,,57,,8.1,,21.8,,22.6,,20.8,
2008-08-20,233,13.7,,20.6,,6.8,,73,,97,,41,,8.4,,12,,6.2,,0,,22.6,,38.4,,107.6,,1019,,0.9,,0.5,,324,,53,,7.8,,20.3,,21.5,,18.8,
2008-08-21,234,17.2,,25.6,,10.2,,71,,92,,35,,11.3,,15.9,,8.3,,0,,24.2,,42.2,,131.6,,1023,,0.8,,0.4,,350,,59,,4.6,,20.4,,22.1,,18.8,
2008-08-22,235,19.8,,26.7,,13.4,,77,,98,,47,,15.1,,18.8,,12.1,,0,,23.6,,40.9,,131,,1025,,0.8,,0.3,,202,,63,,4.5,,21.1,,22.8,,19.5,
2008-08-23,236,19.5,,26.2,,14.5,,76,,99,,39,,14.6,,17.9,,8.9,,0,,23.4,,40.4,,128.9,,1024,,0.9,,0.7,,196,,42,,4.8,,21.5,,23,,20.1,
2008-08-24,237,20.2,,26,,15.9,,79,,98,,43,,16,,18.3,,12.1,,0,,22.7,,39.5,,135.4,,1014,,1.1,,0.8,,210,,41,,5.1,,21.9,,23.4,,20.8,
2008-08-25,238,19.7,,26.6,,11.8,,78,,99,,44,,15.2,,19.8,,8,,0,,16.1,,28,,86.9,,1009,,1.2,,0.7,,258,,52,,7.3,,22,,23.1,,21.3,
2008-08-26,239,14.8,,21.9,,8.5,,66,,95,,40,,8.1,,12.4,,5.3,,0,,23.8,,41.7,,114.2,,1015,,1,,0.6,,338,,51,,8.2,,20.8,,22,,19.6,
2008-08-27,240,16.8,,25.3,,8.4,,65,,90,,32,,9.6,,15,,6,,0,,23.7,,41.9,,119.8,,1017,,0.9,,0.3,,35,,62,,5,,20.2,,21.7,,18.8,
2008-08-28,241,17.6,,24.6,,12,,74,,96,,48,,12.5,,16.4,,9.6,,0,,18.5,,31.8,,90.1,,1016,,1.1,,0.9,,84,,35,,5.7,,20.3,,21.6,,19.1,
2008-08-29,242,17.6,,23.8,,11.3,,78,,98,,52,,13.5,,17.4,,9.4,,0.8,,16.4,,28.5,,92.4,,1015,,0.8,,0.2,,205,,65,,4.6,,20.1,,21.4,,18.9,
2008-08-30,243,18.9,,24.7,,15.8,,92,,99,,69,,17.5,,19.9,,15.5,,1.3,,9.2,,15.7,,35.8,,1014,,0.7,,0.5,,232,,45,,5.5,,20.7,,21.6,,20,
2008-08-31,244,18.6,,24.7,,13.8,,69,,99,,34,,11.9,,17,,6.2,,0,,23.3,,40.8,,118.5,,1016,,1.1,,0.6,,325,,51,,10.2,,20.5,,21.9,,19.2,
2008-09-01,245,19,,26.2,,12.8,,60,,86,,28,,10.2,,14,,6.1,,0,,23.3,,40.9,,113.6,,1017,,1.1,,0.6,,341,,51,,10.4,,20,,21.4,,18.7,
2008-09-02,246,20.2,,26.8,,14.2,,67,,96,,38,,13.4,,18.4,,10.2,,0,,20.4,,35.9,,109.1,,1015,,1,,0.6,,47,,50,,5.7,,20.3,,21.7,,18.9,
2008-09-03,247,19.5,,26.7,,13.9,,75,,98,,44,,14.4,,17.8,,11.6,,0,,20.6,,36.6,,107.8,,1011,,0.8,,0.3,,54,,61,,5.6,,20.6,,22,,19.3,
2008-09-04,248,21.5,,29.3,,15.2,,80,,99,,47,,17.5,,20.5,,15,,0,,20.3,,36.9,,113.1,,1013,,0.9,,0.4,,243,,52,,4.8,,21,,22.6,,19.5,
2008-09-05,249,22.4,,28.9,,19.1,,78,,98,,43,,18,,20.3,,14.3,,0,,19.8,,35.7,,106.8,,1016,,1.7,,1.4,,190,,33,,8.5,,21.7,,23.1,,20.5,
2008-09-06,250,21.1,,25.8,,17.8,,95,,99,,80,,20.3,,23.1,,17.5,,113.8,,6,,10.7,,24.6,,1010,,1.4,,0.5,,120,,64,,11.7,,21.7,,22.5,,20.1,
2008-09-07,251,18.4,,23.6,,13.8,,81,,99,,45,,14.6,,18.3,,10.6,,5.3,,19.1,,34.7,,107.9,,1010,,1.4,,0.8,,288,,54,,11.8,,20.9,,22.4,,20,
2008-09-08,252,16.9,,24.2,,11.1,,77,,98,,45,,12.4,,15.2,,10.3,,0,,21.2,,38.1,,107,,1017,,0.8,,0.4,,222,,57,,6.4,,20.7,,22,,19.4,
2008-09-09,253,16.2,,18.7,,11.5,,93,,98,,82,,15.1,,18,,11.3,,16,,3.9,,6.9,,-4.5,,1013,,1.4,,1,,193,,42,,13.7,,19.9,,20.7,,19.3,
2008-09-10,254,12.6,,18.6,,8.3,,78,,99,,43,,8.4,,11.4,,4.6,,0.3,,18.9,,32.4,,78.8,,1020,,1,,0.5,,12,,57,,6.5,,19.1,,20.2,,18.1,
2008-09-11,255,13.2,,20.9,,6.6,,73,,96,,39,,8,,12.3,,4.1,,0,,19.1,,33,,87.1,,1025,,1.1,,0.3,,118,,67,,4.4,,18.5,,19.7,,17.2,
2008-09-12,256,14.4,,17.3,,11.8,,92,,99,,75,,13,,15.6,,11.3,,7.6,,4.6,,8,,16.7,,1017,,1.8,,1.5,,193,,32,,8.8,,18.2,,18.5,,17.8,
2008-09-13,257,18.7,,24.4,,15.5,,91,,100,,65,,17.1,,19,,15.4,,0,,12.2,,21.2,,67.6,,1011,,0.8,,0.3,,206,,59,,4.3,,19.1,,20.4,,18.1,
2008-09-14,258,20.3,,24.3,,17.5,,96,,98,,85,,19.6,,22.3,,17.2,,16,,4.1,,7.2,,16.4,,1006,,2.2,,1.9,,181,,29,,11.4,,19.7,,20.3,,19.3,
2008-09-15,259,20.1,,23,,14.6,,74,,95,,54,,15.2,,21,,11.2,,0.3,,16.6,,28.6,,94.6,,1005,,2.1,,1.5,,249,,44,,11.4,,20.5,,21.3,,20,
2008-09-16,260,14.1,,18.9,,9.7,,82,,98,,55,,10.8,,13.2,,8.6,,0,,13.1,,21.7,,56.7,,1016,,0.7,,0,,269,,75,,3.7,,19.7,,20.3,,19,
2008-09-17,261,13.6,,20.9,,7.9,,78,,98,,33,,9.1,,12.5,,3.3,,0,,20.4,,35.1,,96.7,,1017,,0.7,,0.1,,322,,74,,4.7,,18.9,,20,,17.7,
2008-09-18,262,12.8,,18.2,,7.9,,66,,98,,34,,5.9,,10.6,,1.3,,0.3,,20.4,,35,,90.7,,1020,,1.2,,0.7,,9,,51,,8.5,,18.4,,19.4,,17.5,
2008-09-19,263,9.3,,15.5,,4.8,,69,,94,,44,,3.7,,6.9,,1.1,,0,,19.7,,33.4,,79.1,,1027,,1.7,,1.4,,87,,33,,7.3,,17.3,,18.3,,16.4,
2008-09-20,264,10.4,,18.8,,3.1,,80,,98,,46,,6.7,,10.3,,2.8,,0,,19.9,,33.7,,87.6,,1021,,0.8,,0.1,,131,,72,,4.2,,16.7,,18,,15.5,
2008-09-21,265,15.6,,24.3,,7.2,,81,,98,,48,,12,,17.1,,6.9,,0.3,,17,,28.3,,88.8,,1020,,0.7,,0.2,,299,,61,,3.3,,17.1,,18.5,,15.6,
2008-09-22,266,12.6,,17,,6.1,,85,,96,,65,,10.1,,12.5,,5.1,,0,,9.7,,16.2,,41.8,,1026,,1.1,,0.8,,66,,45,,5.6,,17.7,,18.3,,17,
2008-09-23,267,10.9,,19.3,,5,,78,,98,,33,,6.5,,10.5,,2.2,,0,,18.5,,31.3,,80.8,,1027,,0.9,,0.3,,12,,63,,4.6,,16.8,,17.9,,15.7,
2008-09-24,268,12.9,,20.2,,6.4,,80,,98,,49,,9.1,,13.1,,6,,0,,17.6,,29.8,,82.2,,1027,,1,,0.8,,78,,35,,5.9,,16.7,,17.9,,15.6,
2008-09-25,269,11.4,,17.4,,6,,75,,94,,46,,6.8,,9.7,,3.3,,0,,12.6,,20.5,,48.7,,1029,,1.3,,1.1,,76,,31,,5.7,,16.5,,17.3,,15.7,
2008-09-26,270,13.3,,14.8,,10.4,,97,,99,,92,,12.8,,14.6,,9.1,,28.5,,2.7,,5.1,,5.3,,1022,,2.8,,2.5,,71,,27,,11.9,,16.2,,16.5,,15.9,
2008-09-27,271,16.6,,19.3,,14.2,,98,,100,,93,,16.4,,18.5,,14.3,,6.6,,4.2,,7.6,,12.3,,1017,,1.3,,1,,90,,32,,6.8,,16.9,,17.5,,16.2,
2008-09-28,272,18.8,,22.7,,17,,94,,100,,75,,17.8,,19.5,,16.7,,0.3,,8,,13.5,,33.8,,1009,,0.6,,0.2,,332,,62,,4.3,,18,,18.9,,17.4,
2008-09-29,273,16.1,,20.6,,12.8,,89,,99,,66,,14.2,,16.9,,12,,2.3,,9.2,,15.4,,44.1,,1010,,0.9,,0.7,,319,,37,,5.9,,18.6,,19.2,,18.1,
2008-09-30,274,15.1,,20.3,,12.4,,88,,98,,51,,12.9,,14.3,,9.4,,0,,9.1,,15.1,,46.3,,1010,,1,,0.5,,154,,52,,4.8,,18.2,,18.8,,17.8,
2008-10-01,275,14.4,,20.4,,10.9,,90,,98,,60,,12.6,,14.7,,10.2,,0.8,,9,,14.9,,26.6,,1002,,1.1,,0.7,,149,,47,,6.1,,18.1,,18.7,,17.6,
2008-10-02,276,10.1,,14.4,,4.7,,81,,98,,51,,6.9,,11.3,,3.3,,0.3,,11.7,,19.1,,36.5,,999,,1.4,,1.1,,264,,36,,9.8,,17.3,,17.8,,16.4,
2008-10-03,277,7.8,,12.3,,4.6,,81,,96,,55,,4.7,,7.5,,1.3,,0,,7.3,,11.6,,-4.2,,1008,,1.4,,1.1,,240,,40,,7.9,,15.6,,16.4,,14.9,
2008-10-04,278,7.6,,15.2,,2.2,,78,,97,,44,,3.5,,6.6,,1.5,,0,,15.9,,26.4,,57.2,,1016,,1,,0.7,,266,,43,,7.8,,14.6,,15.4,,13.7,
2008-10-05,279,8.4,,16.3,,3.2,,82,,98,,47,,5.2,,8.2,,2.8,,0.3,,11.5,,19.1,,35.5,,1021,,0.7,,0.2,,51,,69,,3.4,,14.2,,15.1,,13.5,
2008-10-06,280,6.9,,12.7,,2,,76,,93,,46,,2.7,,5.3,,-0.4,,0,,10.8,,17.4,,27.1,,1022,,0.8,,0.4,,331,,51,,7.4,,14,,14.7,,13.5,
2008-10-07,281,8.3,,17.1,,1,,57,,89,,26,,-0.7,,2.2,,-4.1,,0,,16.7,,28.2,,53.4,,1020,,1,,0.7,,320,,45,,7,,13.3,,14.2,,12.3,
2008-10-08,282,11.1,,18.6,,2.5,,59,,89,,25,,2.8,,9.9,,-3,,0,,15.2,,25.6,,56.7,,1016,,1.3,,0.8,,205,,46,,6.5,,13.3,,14.4,,12.2,
2008-10-09,283,15.1,,21,,11.4,,82,,99,,48,,11.7,,14.8,,9.3,,6.6,,12.6,,21.7,,51.9,,1009,,1.6,,1.3,,241,,37,,9.8,,14.6,,15.6,,13.8,
2008-10-10,284,12.6,,20.3,,7.4,,66,,90,,30,,5.6,,10,,1.7,,0,,16.1,,28.5,,50.1,,1019,,0.9,,0.5,,279,,53,,6.3,,14.6,,15.5,,13.6,
2008-10-11,285,12.5,,20.4,,7.3,,67,,86,,40,,6.1,,9.5,,3.9,,0,,15.4,,27.7,,50.7,,1025,,0.9,,0.4,,4,,60,,6,,14.4,,15.4,,13.4,
2008-10-12,286,12.3,,20.7,,6.1,,66,,89,,28,,5.4,,8.7,,0.4,,0,,15.2,,27.2,,52.9,,1027,,0.8,,0.4,,351,,58,,5.2,,14.4,,15.4,,13.3,
2008-10-13,287,13.9,,21.3,,9.5,,72,,91,,42,,8.4,,11.7,,6.7,,0,,10,,17.3,,47.3,,1023,,1.1,,0.7,,81,,47,,5.5,,14.7,,15.7,,13.8,
2008-10-14,288,11.9,,14.8,,9.2,,91,,98,,78,,10.6,,13.2,,8.3,,0,,3.6,,6,,8.7,,1019,,1.6,,1.3,,194,,35,,8.5,,14.7,,15,,14.4,
2008-10-15,289,13.2,,19.4,,9,,76,,99,,45,,8.5,,12.8,,5.4,,0,,13.1,,23,,37,,1016,,0.8,,0.1,,70,,72,,3.8,,14.7,,15.6,,13.8,
2008-10-16,290,12.8,,16.1,,6.7,,92,,99,,83,,11.6,,15.9,,6.1,,2,,1.8,,3.2,,-12.4,,1009,,1.5,,0.9,,206,,51,,8,,14.5,,14.9,,14.2,
2008-10-17,291,7.1,,13.5,,1.9,,69,,98,,34,,1.2,,6.4,,-2.6,,0,,14.9,,25.7,,34.4,,1015,,1,,0.6,,347,,49,,8.6,,13.6,,14.4,,12.9,
2008-10-18,292,4.6,,11.1,,-1.5,,62,,91,,33,,-2.4,,0.5,,-5.1,,0,,12.9,,22.6,,23.7,,1020,,1.1,,0.7,,37,,46,,6.4,,12.3,,13,,11.5,
2008-10-19,293,3.2,,9.7,,-0.7,,61,,82,,32,,-4.1,,-2.1,,-6.8,,0,,12.7,,21.8,,20.5,,1024,,1.5,,1.2,,58,,36,,9.5,,11.3,,11.9,,10.7,
2008-10-20,294,6.2,,15.1,,-1.8,,52,,83,,20,,-3.9,,0.6,,-8.4,,0,,14.1,,24.7,,40.9,,1018,,0.8,,0.4,,356,,55,,5.9,,10.6,,11.6,,9.5,
2008-10-21,295,6.5,,12.3,,2.6,,66,,92,,35,,0.3,,6.2,,-3.9,,0.3,,5,,8.4,,2.3,,1008,,0.9,,0.3,,247,,63,,6.2,,11,,11.4,,10.4,
2008-10-22,296,3.2,,4.8,,1.1,,86,,96,,76,,1.1,,2.8,,-0.6,,0,,3.7,,6.2,,3.5,,1018,,1.5,,1.2,,325,,37,,8.6,,10.8,,11,,10.4,
2008-10-23,297,2.9,,10.9,,-2.3,,61,,93,,18,,-4.9,,-0.4,,-13.2,,0,,14,,24.2,,29.6,,1031,,0.9,,0.5,,5,,51,,5.1,,10.2,,10.9,,9.4,
2008-10-24,298,5.7,,14.4,,-1.8,,54,,94,,15,,-4,,2.7,,-13.2,,0,,13.1,,22.9,,30.4,,1026,,1,,0.5,,202,,56,,5.3,,9.7,,10.6,,8.6,
2008-10-25,299,11.6,,16.2,,5.7,,86,,97,,74,,9.4,,15.4,,2.4,,34.5,,4.2,,7.2,,13,,1015,,3.1,,2.6,,153,,33,,17.8,,10.5,,12,,9.7,
2008-10-26,300,10.9,,16.5,,7.5,,76,,99,,39,,6.3,,10.7,,2,,2.8,,13.2,,23.3,,27.7,,1006,,1.2,,0.8,,255,,45,,6.4,,12.3,,13,,11.7,
2008-10-27,301,10.3,,17.8,,4.1,,73,,96,,43,,5.2,,8.9,,3.4,,0,,12.9,,22.6,,43.5,,1008,,1.1,,0.2,,346,,70,,5.8,,11.9,,12.8,,10.9,
2008-10-28,302,5.3,,7.9,,-0.1,,94,,98,,82,,4.3,,7.2,,-2,,15,,1.3,,2.4,,-12.5,,991,,2,,0.3,,115,,75,,11.1,,11.5,,12.3,,10.6,
2008-10-29,303,0.9,,2.5,,-0.7,,74,,94,,60,,-3.2,,-0.8,,-5.1,,0,,3.5,,5.9,,-1.8,,999,,2.9,,2.5,,261,,28,,12.4,,9.8,,10.6,,9.1,
2008-10-30,304,0.3,,5.4,,-3.1,,67,,84,,41,,-5.5,,-3.4,,-7.2,,0,,12.4,,21.5,,21.8,,1019,,1.4,,1,,288,,39,,8.5,,8.7,,9.2,,8.1,
2008-10-31,305,6.6,,15.7,,-2.3,,58,,91,,29,,-2.1,,1.5,,-5.4,,0,,12.1,,21.4,,28.6,,1020,,1.3,,1,,256,,36,,7.3,,8.2,,9.2,,7.3,
2008-11-01,306,6.6,,12.4,,-0.4,,63,,82,,43,,-0.2,,5,,-6.5,,0,,8.7,,15.1,,13.8,,1020,,0.9,,0.5,,344,,49,,6.5,,9.1,,9.9,,8.6,
2008-11-02,307,0.8,,7.5,,-3.1,,52,,78,,19,,-8.9,,-5.1,,-15.9,,0,,12.1,,21.5,,8.9,,1028,,1.3,,0.6,,59,,55,,7.9,,8.1,,8.8,,7.4,
2008-11-03,308,4.2,,8.5,,-2.5,,78,,91,,61,,0.7,,6.7,,-8.1,,0,,3.1,,5.3,,9.2,,1026,,1.7,,1.3,,208,,40,,8,,7.5,,8.2,,6.9,
2008-11-04,309,10.2,,16.4,,6.2,,85,,100,,56,,7.5,,9.1,,5.5,,0,,7.6,,13.2,,25,,1024,,1.1,,0.8,,220,,36,,5.1,,8.9,,9.9,,8.1,
2008-11-05,310,13,,17.5,,9,,84,,96,,69,,10.3,,12.6,,8,,1.3,,5.3,,9.2,,14.3,,1019,,1,,0.7,,76,,46,,6.4,,10.2,,11,,9.5,
2008-11-06,311,13.1,,14.3,,11.9,,97,,98,,93,,12.6,,13.5,,11.4,,6.3,,2.7,,5.1,,3.5,,1013,,2.4,,2.1,,59,,29,,12.8,,11.4,,11.8,,10.9,
2008-11-07,312,13.4,,15.9,,12.1,,96,,99,,86,,12.8,,14,,11.8,,0.3,,3.1,,5.7,,17,,1009,,0.9,,0.4,,75,,55,,7.7,,12.2,,12.7,,11.8,
2008-11-08,313,13.1,,14.7,,10.8,,96,,100,,86,,12.6,,13.2,,10.6,,8.1,,1.9,,3.5,,-2.8,,1002,,1.9,,1.6,,182,,31,,7.7,,12.7,,12.9,,12.5,
2008-11-09,314,7.7,,12,,4.7,,78,,99,,42,,3.7,,10.7,,-1.2,,0.8,,8,,13.7,,19.9,,1002,,1.2,,1,,264,,31,,9.4,,12.2,,12.7,,11.7,
2008-11-10,315,3.5,,7.6,,-2.5,,69,,90,,44,,-1.9,,2.7,,-6.6,,0,,5.6,,9.8,,-4.2,,1009,,1.5,,1.2,,262,,38,,10.9,,10.9,,11.8,,9.8,
2008-11-11,316,1.5,,5.3,,-2.6,,71,,86,,55,,-3.2,,-0.8,,-5.5,,0,,3.5,,6.1,,-6.2,,1017,,1.4,,1.2,,265,,30,,9.4,,8.9,,9.8,,8.5,
2008-11-12,317,0.7,,6.6,,-2.8,,70,,88,,44,,-4.4,,-2.5,,-5.6,,0,,8.9,,15.5,,7,,1023,,0.9,,0.3,,312,,63,,6,,8.2,,8.6,,7.7,
2008-11-13,318,3,,6.9,,-1.7,,83,,99,,65,,0.3,,6.9,,-4.1,,3.6,,2.7,,4.7,,6.1,,1019,,1.9,,1.6,,109,,29,,9.3,,7.7,,8,,7.4,
2008-11-14,319,11.4,,14.5,,6.7,,99,,100,,94,,11.1,,13.8,,6.6,,6.6,,3.3,,5.8,,14.2,,1010,,1.8,,1.1,,151,,51,,7,,9.1,,10.3,,8,
2008-11-15,320,15.1,,18.4,,12.2,,97,,100,,91,,14.6,,17.3,,12.1,,11.4,,1.1,,2.2,,-5.7,,1000,,3.2,,2.8,,179,,29,,15.3,,11,,12.1,,10.3,
2008-11-16,321,6.6,,14.9,,0.9,,75,,97,,57,,2.3,,13.9,,-5.8,,6.1,,3,,5,,-4.8,,994,,3.1,,2.4,,251,,37,,14,,11.5,,12.1,,10.1,
2008-11-17,322,0.6,,5,,-3,,67,,88,,35,,-5.2,,-3.5,,-9.3,,0,,6.8,,11.7,,-11.1,,1008,,1.5,,1.2,,261,,32,,7.7,,9,,10.1,,8.1,
2008-11-18,323,-3.3,,0.6,,-7.4,,67,,91,,41,,-8.8,,-4.9,,-13.9,,0,,8.3,,14.3,,-0.2,,1012,,1.6,,1.3,,337,,36,,9.5,,7.1,,8.1,,6.5,
2008-11-19,324,-6.3,,-1.8,,-8.6,,54,,67,,37,,-14.2,,-11.7,,-16.2,,0,,9.9,,17.2,,-8.5,,1010,,2.1,,1.7,,319,,34,,11.2,,5.4,,6.5,,4.7,
2008-11-20,325,-5.6,,-0.4,,-9.4,,59,,78,,37,,-12.6,,-10.9,,-14.1,,0,,9,,15.7,,6.6,,1004,,1.6,,1.4,,276,,28,,9.2,,4.2,,4.7,,4,
2008-11-21,326,-6.4,,-1.1,,-9.8,,61,,84,,34,,-13.1,,-10.2,,-16.1,,0,,9.1,,16.2,,-9,,1011,,1.2,,0.9,,293,,37,,8.4,,3.5,,4,,3.2,
2008-11-22,327,-8.6,,-4.8,,-11.8,,62,,86,,38,,-15,,-13.1,,-18.1,,0,,7.5,,13.1,,-7.5,,1015,,2.2,,1.9,,283,,28,,12,,2.7,,3.2,,2.5,
2008-11-23,328,-6.7,,-2,,-10.8,,57,,75,,30,,-14.1,,-10.1,,-17.5,,0,,9.2,,16.5,,-5.7,,1020,,2,,1.8,,269,,24,,10.2,,2.2,,2.5,,2,
2008-11-24,329,-1.2,,2.4,,-7.6,,69,,96,,49,,-6.4,,1.3,,-10.7,,0.3,,4.1,,7.3,,3.1,,1019,,1.9,,1.3,,135,,42,,11.7,,1.9,,2,,1.9,
2008-11-25,330,4.8,,7.8,,0.5,,97,,99,,94,,4.3,,7.4,,0.2,,32.3,,0.7,,1.5,,-2.2,,1003,,2.6,,1.6,,130,,50,,13.3,,2.5,,3.5,,1.9,
2008-11-26,331,-0.1,,3,,-2.6,,91,,99,,71,,-1.4,,0.7,,-3.1,,0,,4.6,,8.3,,-14.2,,1006,,1.4,,1.2,,194,,30,,6.9,,3.5,,3.8,,3.2,
2008-11-27,332,-0.4,,5,,-3.2,,84,,98,,56,,-2.9,,-0.5,,-4.2,,0.3,,6.4,,11.3,,-3.6,,1008,,0.8,,0.4,,256,,49,,4.7,,3.3,,3.7,,2.9,
2008-11-28,333,0.9,,4.8,,-1.1,,80,,96,,65,,-2.2,,3.1,,-5.9,,1,,2.5,,4.4,,-15.5,,1002,,1.4,,0.9,,202,,50,,6.9,,3.3,,3.7,,3,
2008-11-29,334,-0.7,,2.4,,-4,,78,,94,,62,,-4.1,,-2.6,,-5.6,,0,,3.3,,6.1,,-17.4,,1007,,1,,0.8,,264,,40,,5.7,,3.2,,3.4,,2.9,
2008-11-30,335,-1.4,,2.8,,-5.4,,87,,98,,58,,-3.5,,2.3,,-7.7,,12.7,,1.7,,3.1,,-10.4,,1006,,2.2,,1.9,,78,,26,,12.7,,2.5,,3,,2.3,
2008-12-01,336,5.3,,10.2,,2.6,,89,,99,,62,,3.3,,7.9,,-1.5,,11.2,,4.7,,8.8,,-7.2,,996,,2.9,,1,,160,,65,,13.5,,3.3,,4.2,,2.3,
2008-12-02,337,1.4,,5.5,,-2.4,,69,,87,,44,,-3.8,,-1.2,,-6.4,,0,,6.2,,11,,-14.2,,1010,,1.8,,1.5,,240,,33,,9.1,,3.7,,4,,3.3,
2008-12-03,338,-0.4,,4,,-4.6,,70,,91,,49,,-5.4,,-3.2,,-6.6,,0,,8.2,,14.8,,-7.1,,1016,,1.4,,1.1,,215,,38,,7.9,,3.1,,3.5,,2.7,
2008-12-04,339,1.8,,4.1,,-1,,76,,93,,63,,-2.1,,1.7,,-6.5,,0,,1.8,,3.2,,-18.4,,1013,,2.6,,2.1,,231,,36,,10.5,,2.8,,3.1,,2.6,
2008-12-05,340,-3.1,,0.4,,-7.1,,66,,88,,43,,-8.8,,-5.6,,-11.6,,0,,5.3,,9.3,,-22.1,,1015,,1.1,,0.9,,278,,36,,8.1,,2.6,,3.1,,2.3,
2008-12-06,341,-4.1,,0.1,,-9.2,,64,,83,,35,,-10.2,,-6.5,,-15.1,,0,,6.4,,11.3,,-10.6,,1012,,1.6,,1.1,,166,,47,,7.6,,2,,2.3,,1.8,
2008-12-07,342,-4.1,,-1.8,,-11.2,,83,,97,,57,,-6.8,,-3.1,,-18,,0,,1.6,,2.8,,-19.2,,1000,,2.2,,1.6,,269,,40,,12.4,,1.8,,1.8,,1.7,
2008-12-08,343,-12.4,,-7.5,,-15.1,,48,,71,,29,,-21.4,,-17.7,,-24.9,,0,,8.3,,16.5,,-35.2,,1018,,1.9,,1.4,,285,,40,,9.8,,1.6,,1.8,,1.5,
2008-12-09,344,-0.9,,10,,-13.4,,76,,95,,44,,-4.8,,9.2,,-19.9,,0.8,,3.2,,5.9,,7.2,,1020,,2.8,,2.3,,191,,36,,14.5,,1.4,,1.5,,1.3,
2008-12-10,345,9,,12.4,,1,,96,,99,,91,,8.4,,12.2,,0.3,,24.9,,0.4,,0.8,,-2.7,,1009,,3.2,,2.2,,224,,45,,16.5,,3.2,,4.7,,1.3,
2008-12-11,346,-0.7,,1.2,,-1.4,,96,,98,,86,,-1.4,,0.4,,-2.8,,8.6,,0.8,,1.6,,18,,1011,,1,Q,0.7,Q,58,Q,34,Q,5.8,Q,3.9,,4.5,,3.3,
2008-12-12,347,-0.8,,1.6,,-5.2,,94,,99,,80,,-1.7,,0.5,,-7.5,,62.7,,3.2,,5.9,,-10.2,,997,,0.8,Q,0.7,Q,291,Q,20,Q,9.5,Q,2.5,,3.3,,2.2,
2008-12-13,348,-7.6,,-3.9,,-11.5,,80,,93,,60,,-10.5,,-6.9,,-12.6,,0,,7.8,,13.3,,-30.9,,1017,,1.4,,1.1,,293,,35,,9.5,,1.9,,2.4,,1.5,
2008-12-14,349,-2.8,,2.5,,-11.2,,84,,94,,66,,-5.3,,1.5,,-12.2,,4.3,,6.7,,12.1,,-6.9,,1025,,2.1,,1.8,,189,,31,,10,,1.3,,1.5,,1.2,
2008-12-15,350,8.9,,12.8,,2.1,,89,,97,,76,,7.1,,10.3,,1.2,,14,,2.2,,4.3,,9.4,,1019,,3.7,,3.3,,214,,28,,16.6,,1.5,,2.5,,1.2,
2008-12-16,351,-0.6,,7.4,,-5.6,,64,,95,,43,,-6.7,,6.5,,-13.5,,0,,2.5,,4.2,,-3.5,,1023,,1.8,,0.9,,308,,57,,9.6,,2.7,,2.9,,2.4,
2008-12-17,352,-3.5,,-1.6,,-6.2,,97,,99,,78,,-3.9,,-1.7,,-8.8,,9.4,,1,,2,,-5,,1014,,1.5,,0.2,,49,,74,,8.3,,2.1,,2.4,,2,
2008-12-18,353,-2.7,,0.2,,-5.3,,94,,99,,77,,-3.6,,-0.8,,-6.4,,0,,5.8,,9.7,,-30,,1018,,1.1,,0.9,,270,,27,,7,,2.1,,2.1,,2,
2008-12-19,354,-7.3,,-4.5,,-12.1,,89,,95,,71,,-8.9,,-6.1,,-13.2,,10.7,,1.2,,2.1,,-16,,1014,,2,,1.7,,61,,30,,13.9,,1.7,,2,,1.5,
2008-12-20,355,-11.2,,-8.9,,-13.1,,92,,93,,90,,-12.3,,-9.8,,-14.4,,2,,1.2,,1.9,,-7.6,,1013,,1.4,,1.2,,44,,33,,7.4,,1.6,,1.6,,1.5,
2008-12-21,356,-9.5,,-7.1,,-11.2,,93,,95,,92,,-10.4,,-7.7,,-12.3,,8.9,,0.9,,1.8,,-5.7,,1000,,2.3,,1,,42,,61,,14.2,,1.7,,1.8,,1.6,
2008-12-22,357,-11.3,,-8,,-14,,75,,93,,52,,-15,,-10.3,,-19.8,,1.3,,6.6,,11.6,,-43.8,,1003,,3.5,,3.2,,276,,23,,13.4,,2,,2.1,,1.8,
2008-12-23,358,-9.2,,-3.4,,-16.5,,62,,78,,44,,-15.3,,-9.1,,-20.6,,1,,7.6,,15.1,,-22.5,,1025,,1.8,,1.3,,237,,43,,9.2,,2.2,,2.3,,2.1,
2008-12-24,359,0.3,,8.4,,-5.7,,93,,100,,65,,-0.8,,8.4,,-10.1,,12.4,,0.7,,1.6,,3,,1015,,3.5,,3.1,,214,,26,,15.4,,2.3,,2.4,,2.3,
2008-12-25,360,1.5,,8.6,,-4.8,,65,,100,,42,,-4.7,,8.6,,-9.3,,3.8,,7.2,,13.4,,-22.2,,1014,,3,,2.4,,278,,35,,17,,2.4,,2.6,,2.3,
2008-12-26,361,-2.9,,1.2,,-7.9,,67,,89,,48,,-8.4,,-2.6,,-10.1,,0,,5.7,,10.8,,-15.8,,1027,,1.3,,0.8,,161,,50,,6.7,,2.2,,2.3,,2.1,
2008-12-27,362,2.6,,4.5,,-0.3,,98,,100,,83,,2.3,,4.6,,-2.8,,7.1,,0.8,,1.8,,3.3,,1019,,2.5,,2.1,,205,,31,,11.4,,2.1,,2.2,,2.1,
2008-12-28,363,7.4,,11.5,,0.1,,93,,100,,63,,6.4,,11.5,,-4.8,,0,,0.8,,1.6,,-2.4,,1007,,3.1,,2.5,,226,,37,,13.7,,2,,2.1,,1.9,
2008-12-29,364,-0.3,,0.9,,-3.1,,74,,85,,69,,-4.4,,-3.5,,-6.2,,0,,1.6,,3,,-13.5,,1005,,2.2,,1.9,,273,,27,,10.9,,1.8,,1.9,,1.7,
2008-12-30,365,-2.1,,0.6,,-6.7,,59,,98,,32,,-9.6,,-2,,-14.8,,0.3,,7.2,,12.6,,-5.1,,1001,,3.1,,2.7,,279,,28,,16.7,,1.5,,1.7,,1.4,
2008-12-31,366,-10,,-5.8,,-17.5,,81,,94,,59,,-12.8,,-9,,-20.8,,4.8,,1.1,,1.9,,-17.3,,999,,2.1,,1.2,,340,,54,,13,,1.2,,1.4,,1.1,
2009-01-01,1,-15.1,,-9.2,,-19.1,,58,,76,,33,,-21.9,,-20.4,,-23.5,,0,,8.4,,16.7,,-39.4,,1011,,2.4,,2.1,,294,,29,,13.4,,1,,1.1,,1,
2009-01-02,2,-9.1,,-3.7,,-15.8,,75,,97,,47,,-12.9,,-6.2,,-21,,0,,3.7,,7.3,,-16.6,,1005,,1.4,,1,,237,,42,,8.1,,1,,1,,1,
2009-01-03,3,-5.5,,-1.6,,-9.5,,69,,97,,41,,-10.9,,-6.4,,-14.3,,0,,8.1,,14.8,,-35.3,,1004,,2.7,,2.5,,278,,24,,13.9,,1,,1,,1,
2009-01-04,4,-6.4,,0,,-11.4,,59,,78,,40,,-13.3,,-9.1,,-16.3,,0,,8.3,,16.2,,-24.7,,1008,,1.9,,1.6,,292,,31,,8,,1,,1,,1,
2009-01-05,5,-2.4,,0.7,,-6.4,,77,,97,,45,,-6.2,,-1.7,,-12.1,,1,,2.9,,5.4,,-19.4,,1006,,2.1,,1.9,,268,,26,,11.6,,1,,1.1,,1,
2009-01-06,6,-4.9,,0,,-10.1,,65,,88,,38,,-10.9,,-7.5,,-13,,0,,6.3,,11.7,,-18.9,,1009,,1,,0.7,,257,,44,,5.1,,1,,1.1,,1,
2009-01-07,7,-2.6,,-0.2,,-5.1,,97,,100,,77,,-3,,-0.5,,-7.6,,26.2,,0.8,,1.8,,5.6,,991,,1.4,Q,1.3,Q,86,Q,24,Q,9.1,Q,1.1,,1.1,,1,
2009-01-08,8,-3.2,,-0.5,,-9.9,,93,,100,,76,,-4.2,,-0.6,,-11.8,,0.8,,2.8,,7,,-21.7,,987,,0,Q,0,Q,0,Q,0,Q,0,Q,1.2,,1.3,,1.1,
2009-01-09,9,-9.9,,-6.1,,-12.5,,78,,89,,63,,-13.1,,-11.2,,-15.2,,0,,8.8,,18.2,,-31.1,E,1005,,1.3,Q,1.1,Q,273,Q,20,Q,10.1,Q,1.4,,1.4,,1.3,
2009-01-10,10,-11.1,,-8,,-15.9,,77,,92,,54,,-14.5,,-10.5,,-18,,1,,5.7,,11.4,,-16,,1015,,1,,0.6,,321,,50,,5,,1.3,,1.4,,1.2,
2009-01-11,11,-8.6,,-4.2,,-11.3,,94,,96,,91,,-9.4,,-4.8,,-12.3,,10.9,,1.2,,2.2,,-14.8,,1006,,1.2,,0.8,,5,,45,,7,,1.2,,1.2,,1.2,
2009-01-12,12,-9.2,,-3.9,,-12.1,,93,,95,,90,,-10.1,,-4.8,,-13.2,,0,,4.9,,7.5,,-35.2,,1012,,1,,0.6,,307,,45,,6.6,,1.2,,1.3,,1.2,
2009-01-13,13,-4.7,,-0.6,,-10.7,,89,,94,,78,,-6.4,,-2,,-11.7,,0,,2.5,,4.3,,-25.8,,1011,,1.8,,1.6,,177,,29,,8.9,,1.3,,1.4,,1.3,
2009-01-14,14,-11.5,,-1.2,,-16.4,,56,,96,,35,,-18.7,,-2.3,,-23.9,,0,,8.6,,16.7,,-29.2,,1008,,2.4,,2.2,,280,,24,,12.4,,1.4,,1.5,,1.4,
2009-01-15,15,-14.7,,-9,,-19.6,,60,,81,,32,,-21.2,,-19.8,,-23.7,,0,,6.1,,12.2,,-18.4,,1015,,0.6,,0.4,,339,,41,,6.2,,1.5,,1.5,,1.5,
2009-01-16,16,-16.5,,-10.6,,-20.9,,63,,85,,37,,-22.2,,-19.1,,-23.8,,0,,8.2,,15.8,,-33.1,,1021,,1.2,,1,,261,,30,,7.7,,1.4,,1.5,,1.3,
2009-01-17,17,-15.3,,-10.1,,-21.4,,56,,77,,33,,-22.5,,-17.8,,-24.7,,0,,8,,16,,-20.8,,1022,,1.1,,0.7,,202,,47,,5.1,,1.3,,1.4,,1.2,
2009-01-18,18,-7.9,,-2.6,,-12.9,,90,,95,,66,,-9.2,,-3.6,,-17.9,,5.3,,1,,2.1,,-11.4,,1009,,1.5,,1.1,,91,,41,,7.3,,1.1,,1.2,,1.1,
2009-01-19,19,-5.6,,-1.1,,-10.6,,93,,96,,84,,-6.6,,-1.9,,-11.5,,3.3,,3.6,,3.5,,-23.5,,998,,0.6,,0.3,,231,,55,,4.3,,1.2,,1.2,,1.1,
2009-01-20,20,-7.7,,-1.4,,-12.8,,81,,94,,57,,-10.5,,-7.2,,-14.7,,0,,5.3,,3.8,,-21.6,,998,,1,,0.8,,332,,31,,6.7,,1.3,,1.4,,1.2,
2009-01-21,21,-11.4,,-5.3,,-16.6,,71,,91,,42,,-15.9,,-13.5,,-18.6,,0,,8.4,,6.9,,-21.8,,1004,,1.3,,1.1,,280,,33,,6.7,,1.4,,1.5,,1.3,
2009-01-22,22,-5.9,,-0.6,,-10.7,,69,,78,,54,,-10.7,,-7.1,,-14.2,,0,,8.2,,16.8,,-9.8,,1005,,2.3,,2.1,,261,,24,,11.1,,1.5,,1.6,,1.5,
2009-01-23,23,-0.8,,4.6,,-4.6,,69,,81,,49,,-5.9,,-2.2,,-7.9,,0,,6.5,,13,,-8.9,,1007,,1.8,,1.5,,199,,33,,9.1,,1.6,,1.6,,1.5,
2009-01-24,24,-5.6,,1.6,,-16.8,,56,,84,,33,,-13.3,,-2,,-22.2,,0,,9.2,,17.5,,-30,,1007,,3.3,,3,,275,,25,,14,,1.7,,1.7,,1.6,
2009-01-25,25,-12.8,,-6.6,,-19.3,,58,,81,,35,,-19.9,,-17.5,,-23,,0,,10.2,,20.4,,-25.1,,1016,,1.4,,1.2,,246,,29,,7.6,,1.7,,1.7,,1.6,
2009-01-26,26,-10.9,,-4.6,,-16.1,,59,,81,,36,,-17.7,,-15.7,,-19.9,,0,,9.7,,19.4,,-19.1,,1021,,0.7,,0.5,,266,,36,,6.4,,1.6,,1.6,,1.5,
2009-01-27,27,-8.6,,-2.7,,-13.2,,56,,74,,33,,-16,,-13.1,,-17.7,,0,,10.2,,20,,-12.1,,1023,,1.2,,0.8,,283,,47,,6.9,,1.4,,1.5,,1.4,
2009-01-28,28,-5.1,,-0.2,,-9,,89,,100,,50,,-6.8,,-0.3,,-16.4,,29.2,,1,,2.4,,5.4,,1007,,1.7,Q,1.5,Q,93,Q,24,Q,9.7,Q,1.4,,1.4,,1.4,
2009-01-29,29,-6,,-2.1,,-10.5,,94,,100,,81,,-6.8,,-3.1,,-11.4,,0.5,,7.9,,15.2,,-53.9,E,1003,,0.3,Q,0.2,Q,274,Q,13,Q,5.1,Q,1.4,,1.5,,1.4,
2009-01-30,30,-6.5,,-2.2,,-11.9,,91,,97,,77,,-7.7,,-4.2,,-13.1,,0,,6.9,,14.4,,-15.5,,1004,,0.8,,0.6,,218,,35,,6.8,,1.6,,1.6,,1.5,
2009-01-31,31,-9.8,,-6,,-13.3,,74,,97,,43,,-13.8,,-6.5,,-18.3,,0.3,,10.4,,20.5,,-19.7,,1005,,1.8,,1.6,,276,,27,,12.8,,1.6,,1.7,,1.6,
2009-02-01,32,-3.3,,4.5,,-13.7,,62,,85,,43,,-9.7,,-4.6,,-15.9,,0,,8,,16.1,,-9.7,,1006,,1.8,,1.4,,220,,35,,8.7,,1.6,,1.7,,1.6,
2009-02-02,33,1.7,,7.9,,-2.5,,66,,92,,38,,-4.5,,-2,,-8.4,,0,,6.2,,12.3,,-5.9,,1008,,0.9,,0.5,,330,,51,,6.5,,1.7,,1.7,,1.6,
2009-02-03,34,-4.1,,-1.7,,-8.9,,84,,94,,58,,-6.4,,-3.2,,-10.2,,1.8,,3.1,,6,,-14.6,,1003,,1.7,,1.2,,19,,46,,9.1,,1.7,,1.7,,1.6,
2009-02-04,35,-10.7,,-5,,-15.5,,57,,91,,30,,-18,,-10.1,,-21.1,,0,,11.8,,22.7,,-30.1,,1007,,1.6,,1.4,,310,,31,,7.4,,1.7,,1.7,,1.6,
2009-02-05,36,-14.3,,-8.9,,-19.3,,57,,79,,35,,-21.4,,-20.3,,-22.4,,0,,11.2,,22.3,,-26.7,,1014,,1.7,,1.4,,299,,32,,10.4,,1.6,,1.7,,1.6,
2009-02-06,37,-11.1,,-3.5,,-17.4,,58,,71,,37,,-18,,-14.7,,-22,,0,,9.9,,19.6,,-11.6,,1020,,0.9,,0.6,,245,,37,,6,,1.6,,1.7,,1.6,
2009-02-07,38,-2.8,,4.4,,-12.9,,58,,72,,42,,-10,,-1.3,,-17.2,,0,,7.3,,14.3,,-6.8,,1016,,2.4,,2.1,,207,,28,,13.4,,1.6,,1.6,,1.6,
2009-02-08,39,3.1,,6.6,,-2.5,,64,,86,,44,,-3.2,,2.1,,-10.2,,0,,4.1,,7.8,,-13.9,,1008,,3.1,,2.5,,265,,36,,19.9,,1.6,,1.6,,1.6,
2009-02-09,40,-2.4,,2.4,,-6.6,,55,,69,,34,,-10.5,,-8.1,,-12.2,,0,,12.8,,23.6,,-15.1,,1020,,1.8,,1.3,,295,,40,,10.2,,1.6,,1.6,,1.6,
2009-02-10,41,-2.1,,1.9,,-6.7,,63,,89,,39,,-8.5,,0.2,,-15.7,,0,,4.8,,9.3,,-1.4,,1018,,1.5,,1.1,,134,,42,,6.4,,1.6,,1.6,,1.6,
2009-02-11,42,6.2,,14.3,,-1.9,,79,,98,,49,,2.5,,7.2,,-2.4,,0,,10.1,,19,,10.1,,1006,,1.1,,0.8,,191,,39,,7,,1.6,,1.6,,1.6,
2009-02-12,43,4.6,,7,,1.4,,84,,100,,64,,1.9,,6.8,,-2.3,,3.6,,2.8,,5.4,,1.3,,987,,3.2,,2.6,,256,,36,,14.7,,1.5,,1.6,,1.5,
2009-02-13,44,-2.9,,1.6,,-7.6,,57,,79,,36,,-10.4,,-2.1,,-14.9,,0,,10.3,,18.2,,-11.9,,1002,,2.7,,2.3,,298,,31,,12.7,,1.5,,1.5,,1.5,
2009-02-14,45,-4,,2.5,,-9.5,,52,,78,,27,,-13,,-10.8,,-15.1,,0,,11.6,,20.7,,-17.4,,1005,,2.4,,2.2,,276,,23,,10.4,,1.4,,1.5,,1.3,
2009-02-15,46,-2.8,,3.3,,-8,,54,,72,,34,,-11.2,,-8.5,,-13.7,,0,,13.9,,25.1,,-13.7,,1008,,1.5,,1.2,,312,,33,,8.7,,1.2,,1.3,,1.1,
2009-02-16,47,-3.6,,2.7,,-8.4,,62,,81,,39,,-10.1,,-7.9,,-11.4,,0,,14.1,,26,,-14.1,,1013,,1.3,,1,,333,,38,,7.1,,1,,1.1,,0.9,
2009-02-17,48,-4.9,,1.6,,-9.1,,63,,83,,35,,-11.2,,-9,,-12.8,,0,,14.3,,26.9,,-14.4,,1016,,1.3,,0.9,,343,,47,,7.3,,0.8,,0.9,,0.8,
2009-02-18,49,-2.9,,2.9,,-8.5,,73,,99,,39,,-7.6,,-1.3,,-12.3,,3,,9.1,,17.5,,-5.2,,1007,,2.7,,2.1,,128,,38,,11,,0.7,,0.8,,0.7,
2009-02-19,50,-0.3,,6.4,,-8.5,,92,,100,,58,,-1.5,,3.8,,-9.4,,7.9,,6.6,,12.7,,-7.1,,990,,2.1,,0.7,,294,,63,,12.4,,0.7,,0.7,,0.7,
2009-02-20,51,-7,,-4.8,,-9.7,,66,,93,,49,,-12.3,,-9.1,,-15.7,,0,,6.3,,11.6,,-17,,996,,3.5,,3.2,,267,,23,,13.1,,0.7,,0.7,,0.7,
2009-02-21,52,-4,,1,,-7.9,,56,,76,,35,,-11.7,,-9.3,,-13.6,,0,,14.6,,27.8,,-15.1,,1012,,2.5,,2,,272,,36,,11.5,,0.7,,0.8,,0.7,
2009-02-22,53,-1,,3.5,,-4.9,,86,,100,,53,,-3.2,,0.3,,-11.3,,7.6,,4.1,,8.2,,-7,,1008,,2.4,,0.7,,156,,67,,10.9,,0.8,,0.8,,0.8,
2009-02-23,54,-6.3,,-3.4,,-9.4,,76,,96,,57,,-9.9,,-5.3,,-14.3,,0,,8.1,,14.8,,-65.9,E,1005,,3.2,,2.9,,277,,24,,12,,0.8,,0.9,,0.8,
2009-02-24,55,-6.9,,-0.4,,-12.1,,58,,76,,34,,-14.1,,-11.4,,-15.8,,0,,15.6,,30.4,,-20.2,,1015,,2.1,,1.9,,295,,28,,9.8,,0.9,,0.9,,0.8,
2009-02-25,56,-4.5,,3.3,,-11.1,,50,,74,,24,,-14.2,,-10.6,,-16.9,,0,,13.5,,26.8,,-16.7,,1023,,1.2,,0.5,,263,,63,,6.7,,0.9,,0.9,,0.8,
2009-02-26,57,0.4,,4.8,,-3.5,,67,,86,,52,,-5.1,,-2.4,,-10.7,,0,,4.8,,9.6,,-10.6,,1019,,2.3,,2,,206,,27,,10,,0.9,,0.9,,0.8,
2009-02-27,58,6.6,,13.4,,0.1,,84,,99,,50,,3.9,,7.7,,-4.4,,12.2,,5.1,,10.1,,19.8,,1012,,3.6,,3.2,,188,,28,,17,,0.9,,0.9,,0.8,
2009-02-28,59,-1.3,,7.5,,-6.9,,63,,100,,26,,-8.5,,7.4,,-19.4,,0.3,,15.2,,27.2,,26.6,,1014,,1.9,,1.4,,311,,40,,9.8,,0.8,,0.9,,0.8,
2009-03-01,60,-5.8,,-3.4,,-7.6,,66,,92,,47,,-11.3,,-7,,-15.7,,0.3,,5.5,,10.8,,9.4,,1014,,1.7,,1.4,,51,,32,,7.3,,0.8,,0.9,,0.7,
2009-03-02,61,-9,,-6,,-12.4,,93,,95,,90,,-10,,-6.9,,-13.8,,18,,3.3,,6.3,,1.3,,1007,,2.1,,1.7,,336,,33,,10.8,,0.7,,0.7,,0.6,
2009-03-03,62,-10.6,,-5,,-14.5,,61,,90,,27,,-17.6,,-13.6,,-21.9,,0.5,,17.2,,34.1,,-14.8,,1012,,2.2,,1.8,,313,,31,,10,,0.6,,0.7,,0.6,
2009-03-04,63,-8.7,,-1.4,,-15.9,,50,,82,,27,,-17.8,,-12.6,,-21.4,,0,,17.5,,34.5,,-8.8,,1017,,1.4,,1.2,,284,,32,,9.3,,0.7,,0.7,,0.6,
2009-03-05,64,-4,,3.5,,-13.3,,56,,89,,28,,-12.7,,-5.8,,-16,,0,,17.3,,33.5,,-6.5,,1022,,1.5,,0.9,,225,,48,,7.9,,0.7,,0.7,,0.7,
2009-03-06,65,3.3,,7.4,,-1.8,,68,,87,,50,,-2.2,,-0.4,,-6,,0,,6.6,,13.1,,2.2,,1012,,2.7,,2.4,,211,,27,,9.7,,0.8,,0.8,,0.7,
2009-03-07,66,7.4,,13.7,,2.8,,62,,96,,32,,-0.2,,6.8,,-3.5,,1.3,,13.7,,25.1,,16.4,,1010,,1.9,,1,,256,,54,,7.9,,0.8,,0.9,,0.8,
2009-03-08,67,7.5,,11.9,,3.5,,71,,97,,40,,2.3,,7.8,,-2.6,,0,,14.9,,27.3,,68.7,,1006,,1.9,,0.8,,281,,63,,9.6,,0.8,,0.9,,0.8,
2009-03-09,68,-1.1,,3.8,,-2.6,,95,,99,,63,,-1.8,,-0.5,,-2.9,,17,,2,,4.4,,-19.9,,1011,,2,,1.6,,69,,34,,10.2,,0.9,,1,,0.9,
2009-03-10,69,0.2,,5.5,,-5.7,,80,,99,,51,,-3.3,,1.9,,-6.2,,0.3,,11.4,,21.3,,2,,1021,,1.4,,0.9,,153,,42,,7.6,,1,,1,,0.9,
2009-03-11,70,3.9,,8,,-0.2,,90,,100,,38,,2.1,,8,,-8.3,,11.7,,1.9,,3.9,,1.6,,1010,,3.2,,2.1,,203,,48,,12.8,,1,,1,,0.9,
2009-03-12,71,-3.3,,0,,-7,,46,,62,,30,,-13.5,,-6.8,,-16.5,,0,,16.8,,29.6,,43.2,,1021,,2.9,,2.6,,281,,27,,12.4,,0.8,,0.9,,0.6,
2009-03-13,72,-4.2,,0.9,,-8.8,,47,,80,,19,,-14.8,,-7.1,,-22.1,,0,,18.7,,33.4,,55.2,,1025,,1.3,,0.9,,219,,45,,6.2,,0.5,,0.7,,0.5,
2009-03-14,73,1,,8.7,,-6.3,,57,,90,,23,,-7.8,,-4.1,,-12.1,,0,,18.8,,33.4,,67.5,,1018,,1.3,,1,,230,,39,,6.9,,0.4,,0.5,,0.4,
2009-03-15,74,4.6,,13.9,,-2.5,,51,,86,,17,,-6.3,,-2.8,,-11.5,,0,,19.6,,34.8,,71.8,,1016,,0.9,,0.4,,311,,56,,5.3,,0.9,,1.9,,0.4,
2009-03-16,75,2.3,,7.8,,-2.1,,65,,90,,46,,-3.8,,-0.8,,-8.6,,0,,15.5,,28.2,,54.6,,1022,,2.2,,1.8,,93,,34,,9.7,,2.1,,3.4,,1.1,
2009-03-17,76,3.8,,12.1,,-2.9,,62,,92,,31,,-3.5,,0.8,,-5.8,,0,,19.1,,34.3,,71.8,,1019,,1.4,,0.6,,173,,58,,6.6,,3.3,,5,,1.8,
2009-03-18,77,6.4,,12.4,,-0.1,,60,,72,,46,,-0.9,,3.2,,-5.8,,0,,13.9,,24.8,,55.1,,1013,,2.6,,2.3,,209,,27,,11.4,,3.9,,4.9,,2.7,
2009-03-19,78,3.7,,7.8,,-0.2,,80,,96,,56,,0.4,,3.6,,-7.6,,2.5,,6.3,,11.4,,4.1,,1013,,1.1,,0.6,,271,,50,,7.7,,4.5,,4.9,,4.2,
2009-03-20,79,-0.5,,4.3,,-4.3,,42,,66,,14,,-12.6,,-6.6,,-21.8,,0,,18.1,,31.6,,59.1,,1020,,1.2,,0.7,,346,,47,,7.3,,3.9,,5,,2.8,
2009-03-21,80,-0.1,,7.7,,-6.8,,37,,63,,13,,-14.3,,-9,,-20.3,,0,,21.1,,36.3,,67.1,,1025,,1.3,,0.4,,260,,65,,6.9,,3.4,,4.6,,2.3,
2009-03-22,81,0.7,,7.6,,-4.6,,48,,66,,30,,-9.2,,-2.4,,-19,,0,,14.9,,26,,52.2,,1018,,2.1,,1.5,,286,,44,,11.9,,3.5,,4.5,,2.5,
2009-03-23,82,-5.4,,-1.6,,-7.9,,40,,59,,23,,-17.2,,-14.2,,-20.5,,0,,21.2,,37.3,,73.5,,1019,,2.5,,2,,324,,35,,12,,2.8,,3.4,,2.2,
2009-03-24,83,-1.1,,6.8,,-7.7,,45,,61,,26,,-11.9,,-8.2,,-14.7,,0,,21.1,,37.3,,77.5,,1022,,2.1,,1.7,,346,,36,,10.7,,2.4,,3.4,,1.7,
2009-03-25,84,3.1,,11.6,,-4.8,,43,,77,,17,,-9.6,,-6.2,,-13.2,,0,,21.4,,37.7,,79.8,,1021,,1.1,,0,,150,,77,,6.5,,3.1,,4.8,,1.8,
2009-03-26,85,3.5,,8.5,,-1.6,,62,,98,,27,,-3.9,,3.1,,-10.1,,6.9,,9,,16.7,,27.4,,1012,,1.6,,1.3,,168,,35,,7,,3.5,,4.1,,2.6,
2009-03-27,86,7.6,,15.9,,2.2,,71,,100,,27,,1.7,,6.4,,-4.1,,0.3,,19.1,,33.9,,86.8,,1009,,1.2,,0.7,,309,,52,,7.1,,5.2,,7.1,,3.7,
2009-03-28,87,9.5,,16.6,,3.5,,65,,90,,37,,2.7,,6.3,,-2.3,,0,,16.3,,29.5,,77.1,,1011,,1.7,,1.2,,132,,44,,6.9,,6.7,,8.2,,5.4,
2009-03-29,88,3.6,,5.9,,2,,97,,100,,88,,3.2,,4.2,,2,,12.7,,3.3,,6.7,,11.4,,998,,2.7,,2.2,,78,,32,,11.1,,6.5,,7.3,,5.9,
2009-03-30,89,2.8,,4.9,,0.7,,91,,100,,74,,1.4,,3.9,,-2,,3.8,,3.3,,6.3,,1.2,,996,,2,,1.8,,280,,29,,10.1,,5.6,,5.9,,5.2,
2009-03-31,90,5,,12.2,,-1.3,,68,,96,,39,,-1.1,,2.2,,-2.2,,0,,22.8,,39.8,,100.7,,1014,,1.6,,0.7,,335,,60,,9.1,,5.8,,7.5,,4.2,
2009-04-01,91,3.5,,6.6,,0.8,,79,,98,,58,,0,,3.7,,-2.7,,2.3,,9.8,,17.3,,44.7,,1017,,2.1,,1.8,,159,,28,,7.6,,6.1,,6.7,,5.5,
2009-04-02,92,9.7,,17.8,,3.6,,81,,100,,28,,5.7,,10.8,,-1.9,,0.3,,19.6,,34.2,,94.6,,1012,,1.4,,0.7,,201,,54,,6.6,,7.5,,9.5,,5.9,
2009-04-03,93,10.1,,12,,8.2,,97,,100,,92,,9.7,,11.9,,7.4,,15.2,,4.4,,8.4,,15.1,,995,,3.1,,2.2,,103,,43,,11.3,,8.5,,8.8,,8.1,
2009-04-04,94,4.5,,11.4,,0.3,,83,,100,,63,,1.8,,11.4,,-2.4,,1.8,,7.5,,13.2,,7.8,,989,,3.3,,2.9,,262,,27,,14,,8.2,,8.6,,7.4,
2009-04-05,95,4.9,,10.9,,0.6,,68,,92,,47,,-0.7,,2.9,,-2.7,,0,,20.2,,35.4,,100.4,,999,,2.6,,2.3,,280,,26,,11.7,,7.7,,9,,6.5,
2009-04-06,96,2.9,,5.3,,-1,,90,,99,,69,,1.4,,3.4,,-1.7,,16,,3.5,,6.6,,1.2,,994,,2.1,,1.5,,76,,43,,12.7,,6.7,,7.8,,6.3,
2009-04-07,97,1.8,,3.4,,-1,,83,,100,,61,,-1,,3.4,,-6,,1,,4.6,,8.2,,12.9,,987,,1.9,,1.7,,267,,27,,8.4,,6.2,,6.5,,5.9,
2009-04-08,98,1.1,,5.6,,-1.7,,61,,81,,39,,-5.8,,-3,,-8.3,,0,,9.8,,16.7,,39.5,,996,,2.4,,2.2,,253,,26,,10.1,,5.6,,6.2,,5,
2009-04-09,99,6.1,,13.3,,-0.1,,48,,79,,20,,-5.6,,-2.8,,-10.1,,0,,22.9,,38.7,,99.7,,1004,,2.2,,1.6,,237,,43,,11.3,,6.1,,8,,4.5,
2009-04-10,100,7.8,,15.2,,1.2,,56,,98,,23,,-1.7,,5.9,,-6.2,,10.2,,17.6,,29.5,,91.6,,1011,,1.6,,1,,228,,48,,10.5,,7.2,,8.8,,5.7,
2009-04-11,101,4.3,,5.8,,0.9,,86,,98,,51,,2.1,,5.5,,-7.2,,3.6,,4.4,,7.9,,-10.9,,1008,,1.5,,1,,34,,43,,9.5,,7.5,,8.1,,6.9,
2009-04-12,102,-0.4,,3.1,,-2.9,,50,,73,,33,,-9.8,,-5.4,,-12.9,,0,,20.8,,35,,90.2,,1012,,2.8,,2.4,,313,,31,,13.1,,6.4,,7.4,,5.3,
2009-04-13,103,2.6,,10.5,,-4.1,,42,,67,,20,,-9.9,,-5,,-12.2,,0,,25.4,,42.9,,115,,1012,,1.9,,1.5,,296,,39,,10.1,,6.2,,8,,4.6,
2009-04-14,104,7.6,,15.8,,0.4,,34,,60,,15,,-8.2,,-1.8,,-12.2,,0,,24.8,,42.2,,117.1,,1012,,1.2,,0.1,,42,,75,,6,,7.5,,9.6,,5.7,
2009-04-15,105,6.6,,13.1,,0.2,,42,,68,,22,,-6.3,,-1.6,,-9.3,,0,,25.1,,42.6,,113.4,,1014,,2.3,,2,,72,,30,,10.3,,8.2,,9.8,,6.7,
2009-04-16,106,7.5,,15.6,,-0.3,,35,,69,,13,,-8.4,,-1.6,,-13.8,,0,,25.5,,43.4,,112.3,,1020,,1.6,,0.9,,47,,54,,8.6,,8.4,,10.2,,6.6,
2009-04-17,107,10,,19,,-0.6,,42,,89,,17,,-4.4,,-0.1,,-8.6,,0,,23.5,,40.1,,109,,1015,,1.8,,1.5,,280,,30,,10,,8.9,,10.8,,7.1,
2009-04-18,108,10.6,,15.2,,6.4,,51,,90,,30,,0.3,,5.8,,-5.5,,0.5,,7.8,,13.8,,21.1,,1009,,1.3,,1,,290,,39,,7.9,,8.9,,9.5,,8.1,
2009-04-19,109,8.2,,15.5,,0.8,,51,,94,,15,,-3.4,,4.5,,-11.5,,0.3,,25.6,,44,,112.6,,1014,,1.6,,1,,63,,52,,7.7,,9.6,,11.6,,8,
2009-04-20,110,4.7,,10.1,,-1,,59,,95,,31,,-3.3,,3.9,,-8.7,,4.3,,14.3,,24.7,,61,,1017,,3,,2.6,,98,,30,,13.8,,8.9,,9.9,,8.1,
2009-04-21,111,7.8,,11.3,,4.1,,97,,100,,95,,7.3,,11.2,,3.3,,20.3,,5,,9.6,,22,,1004,,3,,2.5,,90,,31,,15.2,,8.5,,9.1,,7.8,
2009-04-22,112,8.5,,12.8,,5.1,,90,,100,,45,,6.7,,11.3,,0.7,,7.4,,8.9,,15.8,,36.8,,1001,,1.5,,1.2,,222,,38,,9.1,,9.5,,10.3,,8.8,
2009-04-23,113,5.6,,10.5,,1.7,,75,,99,,50,,1.3,,5.2,,-0.4,,0,,13.2,,22.7,,48.9,,1005,,2.6,,2.4,,268,,25,,11.7,,9.1,,9.8,,8.4,
2009-04-24,114,11.2,,21.3,,0,,51,,95,,13,,-1,,4,,-8.3,,0,,26.7,,46.1,,136.1,,1017,,1.6,,1.2,,238,,42,,7.9,,9.5,,11.7,,7.5,
2009-04-25,115,19.8,,29.6,,9.5,,44,,66,,23,,6.3,,12,,0.4,,0,,25.9,,45.7,,139.3,,1017,,2,,1.7,,212,,31,,8.5,,11.7,,14,,9.7,
2009-04-26,116,21.1,,27.5,,14.7,,55,,74,,32,,11.3,,15.1,,8.2,,0,,23.3,,42.3,,141.8,,1020,,2.1,,0.6,,290,,67,,9.6,,13.8,,15.6,,12.2,
2009-04-27,117,20.2,,29.4,,11,,49,,76,,28,,8.5,,13.9,,3.2,,0,,25.1,,45.3,,133.7,,1021,,2.5,,1.6,,159,,49,,9.7,,14.9,,16.6,,13.2,
2009-04-28,118,22,,32.5,,9.4,,46,,69,,18,,8.7,,14.4,,0.6,,0,,24.1,,44.1,,134,,1016,,2.3,,1.2,,250,,56,,12.5,,15.7,,17.4,,14.1,
2009-04-29,119,10.7,,18.3,,4.6,,36,,64,,13,,-5.2,,1.1,,-14.5,,0,,26.8,,48.6,,123.8,,1025,,1.4,,0.7,,339,,56,,12,,15,,16.1,,13.7,
2009-04-30,120,11.3,,19.1,,1.6,,47,,96,,13,,-1.6,,8.7,,-13.4,,0,,22.2,,41.3,,116.6,,1022,,2.1,,1.7,,197,,36,,9.9,,13.8,,15,,12.4,
2009-05-01,121,13.7,,17.8,,9.1,,95,,100,,82,,12.9,,15.3,,8.5,,1.3,,5.1,,10.3,,13.4,,1007,,2.6,,2.3,,213,,29,,11.3,,13.5,,14,,13.1,
2009-05-02,122,12.2,,17.2,,4.8,,61,,97,,23,,3.8,,14.3,,-4.2,,2,,22.7,,41.3,,115.4,,1007,,1.7,,1.3,,274,,38,,8,,14.1,,15.4,,13.1,
2009-05-03,123,10.1,,15.7,,4.8,,66,,98,,33,,3.3,,9.2,,-2.8,,0.5,,9.2,,16.6,,22.2,,1011,,1.1,,0.7,,220,,48,,5.6,,13,,13.9,,12.3,
2009-05-04,124,12.5,,17.4,,8.2,,70,,99,,32,,6.3,,9.6,,-0.2,,0.8,,11.4,,19.8,,54.9,,1014,,0.8,,0.4,,240,,58,,4.1,,13.1,,14,,12.2,
2009-05-05,125,9.1,,11.5,,6.5,,90,,96,,71,,7.5,,9,,5.9,,3,,4.2,,8,,1.7,,1016,,2.1,,1.8,,69,,30,,11.7,,12.7,,13.4,,12.1,
2009-05-06,126,11.6,,18.2,,6,,81,,98,,53,,8.1,,11.2,,5.6,,9.4,,18.1,,32.4,,113,,1012,,1.2,,0.3,,189,,68,,6.4,,12.7,,14.4,,11.4,
2009-05-07,127,13.4,,20.1,,9.7,,95,,100,,71,,12.5,,16.3,,9.4,,42.4,,7.5,,13.3,,27,,1004,,1.6,,0.8,,170,,56,,7.9,,13.4,,14.2,,12.6,
2009-05-08,128,15.6,,22.5,,7.8,,73,,100,,39,,10.2,,13.1,,7.6,,0,,23.1,,39.9,,132.2,,1005,,1.5,,1.2,,210,,37,,9.1,,14.1,,15.6,,12.5,
2009-05-09,129,16.3,,21.3,,11.8,,88,,98,,66,,14.1,,16.5,,10.7,,14,,12.7,,22,,65.3,,1000,,1.5,,1.1,,217,,41,,12.5,,15.1,,16.2,,14.3,
2009-05-10,130,10.9,,15.3,,6.3,,61,,90,,36,,3.4,,10.8,,-2,,0.3,,24.7,,41.9,,142.7,,1003,,3,,2.5,,276,,32,,14.7,,15.2,,16.2,,14.3,
2009-05-11,131,10.6,,17.7,,3.8,,56,,84,,25,,1.4,,5.5,,-3,,0,,25.6,,43,,144.2,,1011,,1.3,,0.6,,310,,57,,7.3,,14.8,,16,,13.5,
2009-05-12,132,11.3,,17.2,,6.2,,56,,91,,26,,1.8,,6.4,,-4.1,,0,,19.4,,32.1,,93.8,,1015,,1.4,,0.6,,71,,61,,7.4,,14.6,,15.4,,13.6,
2009-05-13,133,12.8,,20.2,,5.2,,57,,96,,17,,2.6,,7.2,,-6.9,,0,,28.7,,47.5,,151,,1023,,1.8,,1.3,,193,,42,,9,,14.6,,16.2,,13.1,
2009-05-14,134,11.7,,14.3,,8,,84,,95,,51,,8.9,,12.2,,2.3,,7.1,,6.4,,11,,8.1,,1020,,3.4,,3.1,,180,,25,,13.7,,14.1,,15,,13.8,
2009-05-15,135,16.3,,24.4,,11.1,,68,,100,,23,,9.2,,14.6,,1.4,,0,,24.2,,40.9,,148.7,,1019,,1.2,,0.5,,241,,63,,9.2,,15.1,,17,,13.6,
2009-05-16,136,16.6,,22.6,,10.4,,65,,98,,38,,9.4,,15.9,,2,,8.6,,18.4,,31.2,,112.6,,1014,,2.7,,1.9,,150,,44,,12,,15.7,,16.6,,14.5,
2009-05-17,137,10.7,,16,,5.1,,76,,100,,45,,6.3,,15.8,,-1.7,,8.1,,9.2,,15,,36.6,,1011,,1.4,,1,,265,,45,,10.5,,15.6,,16,,14.7,
2009-05-18,138,7,,11,,3.3,,62,,83,,35,,-0.2,,2.5,,-4.7,,0,,13.2,,21.1,,58.3,,1019,,0.9,,0.5,,335,,54,,6.7,,14.1,,14.7,,13.4,
2009-05-19,139,11.5,,20,,1.5,,52,,91,,20,,0.3,,5.2,,-6.5,,0,,29.7,,49.2,,161.2,,1023,,1.3,,0.6,,231,,58,,6.8,,14.1,,16,,12.2,
2009-05-20,140,17.8,,26,,7.9,,45,,79,,23,,4.4,,9.9,,0.8,,0,,24.7,,40.8,,136.6,,1022,,1.3,,1,,224,,40,,6.5,,15.2,,16.9,,13.5,
2009-05-21,141,21.1,,30.1,,11.3,,37,,74,,13,,4.5,,12.9,,-1.6,,0,,29.3,,49.3,,164.4,,1018,,1.8,,1.4,,212,,35,,9.2,,16.4,,18.3,,14.5,
2009-05-22,142,21,,29.2,,12.1,,45,,72,,23,,8,,13.7,,3,,0,,28.3,,48.3,,166.1,,1015,,1.3,,0.7,,258,,54,,8.4,,17.2,,19.1,,15.4,
2009-05-23,143,15.6,,20,,12.2,,55,,69,,41,,6.6,,9.5,,4.2,,0,,20.6,,37,,120.1,,1018,,1.7,,1.1,,132,,47,,7.3,,17.3,,18.2,,16.5,
2009-05-24,144,17,,24.9,,10.1,,77,,98,,47,,12.7,,17.2,,6.1,,3.3,,19.8,,36,,109,,1011,,1,,0.5,,250,,52,,7.6,,17.3,,18.7,,15.9,
2009-05-25,145,16.8,,23.3,,7.8,,42,,84,,20,,2.9,,12.5,,-5.4,,0,,29.7,,52.4,,162.3,,1013,,1.3,,0.8,,327,,50,,9.8,,17.7,,19.3,,16.1,
2009-05-26,146,10.6,,16,,3.6,,51,,78,,31,,0.4,,5.6,,-5.4,,0,,22.9,,39.7,,117.4,,1019,,1.3,,0.7,,148,,53,,6.6,,16.6,,17.6,,15.3,
2009-05-27,147,8,,9.9,,5.3,,96,,98,,78,,7.4,,9.4,,4.7,,13.2,,4.3,,8.2,,11.9,,1012,,1.4,,1.1,,122,,38,,5.1,,15.2,,16.5,,14.6,
2009-05-28,148,7.5,,8.8,,6.5,,97,,99,,94,,7.1,,8.1,,6.4,,1.8,,5.5,,10,,21.4,,1009,,1.7,,1.5,,85,,31,,7.6,,14.2,,14.7,,13.8,
2009-05-29,149,12.7,,20.3,,7,,93,,98,,73,,11.5,,16.3,,6.5,,11.7,,12.3,,21.5,,72.5,,1003,,0.9,,0.4,,185,,58,,5.3,,14.2,,15.6,,13.3,
2009-05-30,150,16.1,,22.1,,9,,69,,98,,31,,9.5,,15.1,,2.7,,0,,26.4,,45.2,,152.3,,1000,,1.1,,0.7,,282,,49,,10,,16.4,,18.1,,14.9,
2009-05-31,151,12.9,,21.7,,3.2,,61,,92,,34,,4.9,,15,,-5.3,,2.3,,18.8,,31.1,,77.3,,1004,,1.5,,0.7,,251,,59,,11.4,,16.2,,17.2,,15.1,
2009-06-01,152,10.9,,18.4,,1.4,,57,,84,,29,,2.1,,7.3,,-2.5,,0,,25.9,,43.8,,150.1,,1011,,1.4,,0.9,,222,,46,,8.7,,15.6,,17.3,,13.8,
2009-06-02,153,16.7,,24.2,,9.9,,64,,93,,32,,9.1,,13.8,,5.9,,0,,25.7,,42.5,,144.9,,1009,,1.2,,0.5,,254,,60,,6.5,,16.7,,18.5,,15.1,
2009-06-03,154,13.9,,18.6,,9.8,,66,,86,,39,,7.2,,10.3,,2.9,,0,,19.2,,31.2,,105.7,,1011,,0.9,,0.3,,256,,62,,6.4,,17,,18,,15.9,
2009-06-04,155,15.7,,21.7,,10,,62,,94,,23,,7.4,,11.6,,-0.9,,0,,26.5,,43.9,,151.9,,1010,,0.7,,0.3,,280,,54,,5.4,,17.5,,19.2,,15.9,
2009-06-05,156,14.4,,19.9,,10.4,,76,,96,,48,,9.9,,12,,7.8,,0,,13.5,,22,,69.9,,1010,,1.1,,0.7,,108,,45,,6.6,,17.3,,18,,16.5,
2009-06-06,157,16.7,,24.9,,9.6,,68,,96,,31,,10,,15.1,,5.2,,0,,25.4,,44.4,,154.4,,1008,,1,,0.3,,260,,66,,6.8,,17.7,,19.6,,16,
2009-06-07,158,17.9,,24.2,,13,,51,,94,,26,,6.9,,12.8,,0.1,,0,,23.7,,42.8,,147.4,,1011,,0.9,,0.5,,293,,53,,7.8,,18.3,,19.7,,16.9,
2009-06-08,159,17.3,,23.7,,12.4,,59,,81,,34,,8.8,,13,,5.8,,0,,26.1,,50.7,,165.4,,1011,,1.1,,0.4,,26,,64,,5.1,,18.8,,20.3,,17.4,
2009-06-09,160,11.5,,15.1,,9.4,,88,,97,,64,,9.5,,11.4,,7.2,,10.2,,3.4,,7,,-2,,1011,,1.5,,1.1,,109,,38,,7.2,,17.5,,19,,16.5,
2009-06-10,161,13.5,,18.2,,9.4,,91,,98,,72,,12.1,,14.8,,9,,0,,11.1,,19.3,,57,,1011,,1.2,,0.7,,101,,48,,4.7,,16.9,,17.8,,15.9,
2009-06-11,162,13.1,,15.4,,11,,95,,98,,89,,12.4,,14.1,,10.6,,17.8,,6.3,,11.2,,31.3,,1010,,1.5,,1.2,,105,,35,,7,,16.8,,17.2,,16.5,
2009-06-12,163,17.6,,25.3,,12.3,,88,,98,,54,,15.3,,18.7,,11.9,,24.6,,14.5,,25.2,,77.6,,1005,,1.2,,0.1,,177,,76,,7.3,,16.9,,18.4,,15.7,
2009-06-13,164,18.8,,25.9,,12.3,,72,,97,,33,,13,,16.7,,7.8,,26.7,,27.5,,46.7,,176.5,,1009,,1.1,,0.2,,142,,71,,6.5,,18.3,,20.3,,16.6,
2009-06-14,165,14.4,,19.8,,11.8,,90,,98,,63,,12.7,,15.1,,11.3,,12.4,,13.5,,22.5,,62.9,,1012,,1.1,,0.5,,130,,59,,6.5,,18.4,,19.2,,17.6,
2009-06-15,166,13.1,,18.2,,10.4,,91,,97,,67,,11.6,,14.1,,9.8,,12.2,,9.5,,15.1,,48.2,,1015,,1.5,,1.2,,103,,34,,5.8,,17.8,,18.5,,17.4,
2009-06-16,167,13.4,,19.9,,9,,78,,97,,43,,9.3,,12.5,,5.1,,0,,20.4,,33.8,,121.5,,1020,,1.4,,1.1,,86,,36,,6.5,,17.7,,19.2,,16.7,
2009-06-17,168,14.5,,21.8,,7.4,,68,,98,,32,,7.9,,12.6,,2.9,,0.3,,27.6,,44.7,,160.2,,1019,,1.3,,0.9,,197,,45,,6.6,,18.2,,20,,16.7,
2009-06-18,169,14,,15.8,,10.7,,94,,97,,83,,13,,15.2,,8.9,,29,,4.6,,7.7,,6,,1012,,2,,1.8,,144,,28,,8.7,,17.5,,18.5,,17.2,
2009-06-19,170,17.8,,23,,15.1,,92,,99,,70,,16.5,,19.8,,14.8,,12.4,,12.4,,19.6,,53.1,,1006,,0.8,,0.3,,52,,64,,4.9,,17.9,,19.2,,16.9,
2009-06-20,171,18.3,,23.4,,13.8,,88,,100,,58,,16,,18.3,,13.7,,2,,16.6,,26.2,,95.2,,1002,,0.9,,0.1,,140,,69,,5.9,,18.8,,20.1,,17.5,
2009-06-21,172,17.1,,20.3,,15.3,,93,,97,,81,,15.9,,17.7,,14.7,,2.8,,11.1,,17.7,,34.9,,999,,1.5,,1.2,,48,,39,,10.8,,19.3,,20,,18.6,
2009-06-22,173,15.8,,19.7,,14.7,,93,,96,,72,,14.6,,15.8,,13.7,,8.4,,7.2,,11.6,,18.3,,1000,,1.4,,1,,31,,44,,8.3,,18.9,,19.3,,18.5,
2009-06-23,174,17,,20.6,,14.6,,88,,96,,72,,14.9,,16.6,,13.5,,0,,10.5,,17.2,,59.8,,1004,,1.2,,0.8,,31,,46,,6.9,,18.8,,19.5,,18.1,
2009-06-24,175,17.3,,19.4,,16,,94,,97,,83,,16.3,,17.9,,15.3,,3,,9.9,,15.7,,35,,1006,,1.3,,1,,53,,40,,7.6,,19,,19.7,,18.4,
2009-06-25,176,20.3,,26.7,,15.6,,82,,97,,54,,16.9,,19.7,,15.1,,0,,19.9,,33.8,,131.5,,1005,,0.9,,0.3,,212,,63,,5.8,,20,,21.4,,18.8,
2009-06-26,177,18.9,,24.7,,15.4,,91,,98,,61,,17.3,,20,,15,,3.6,,11.4,,18.8,,50.2,,1002,,0.9,,0.5,,243,,47,,5,,20.4,,21,,19.7,
2009-06-27,178,19.1,,26.1,,15.1,,82,,98,,44,,15.6,,18.6,,11.8,,3.6,,23.4,,38.8,,154.4,,1003,,1,,0.3,,293,,65,,4.9,,20.8,,22.1,,19.5,
2009-06-28,179,17.9,,23.6,,15.2,,89,,97,,61,,15.9,,18,,14.6,,0,,10.9,,17.2,,59.6,,1002,,1,,0.8,,60,,40,,5.9,,20.5,,21.2,,20,
2009-06-29,180,19,,25.2,,15.8,,87,,98,,57,,16.6,,19,,15.1,,4.6,,14.2,,23,,80.8,,996,,0.9,,0.1,,261,,71,,4.7,,20.6,,21.5,,19.8,
2009-06-30,181,18.1,,23.1,,14.4,,89,,98,,68,,16.1,,18.5,,13.4,,8.4,,22.8,,38.5,,159.6,,1000,,2.3,,1.9,,95,,33,,12.4,,20.9,,22.3,,19.8,
2009-07-01,182,16.3,,20.1,,14.8,,94,,98,,77,,15.3,,18,,14.4,,13.2,,10,,16.4,,48.6,,1006,,1.8,,1.5,,95,,34,,8.2,,20.2,,20.9,,19.7,
2009-07-02,183,15.1,,18.8,,13.2,,96,,98,,86,,14.5,,16.8,,12.9,,26.7,,10.8,,17.5,,68.3,,1006,,2.1,,1.8,,79,,29,,8.3,,19.4,,20,,18.5,
2009-07-03,184,18.4,,24.8,,14.1,,84,,98,,55,,15.3,,18.6,,13.7,,0.3,,22.2,,35.7,,132.9,,1006,,0.8,,0.5,,252,,49,,6.1,,20.2,,21.7,,18.9,
2009-07-04,185,17.5,,22.5,,13.2,,73,,97,,44,,12.1,,15.7,,7.6,,0,,21.6,,35.2,,132.5,,1005,,1.6,,1.3,,267,,37,,10.9,,20.6,,21.9,,19.6,
2009-07-05,186,16.8,,24,,8.9,,69,,96,,37,,10.5,,14.6,,7.5,,0,,27.6,,45.8,,164.5,,1006,,1.3,,0.7,,285,,52,,8.5,,20.4,,21.9,,18.8,
2009-07-06,187,18.4,,26.1,,11.2,,65,,96,,30,,10.9,,14.5,,6.1,,0,,27.8,,45.9,,168.5,,1006,,0.9,,0.2,,342,,70,,6,,20.7,,22.4,,19.1,
2009-07-07,188,16.1,,20.5,,13.3,,87,,98,,68,,13.8,,16.8,,11.7,,9.6,,16.1,,26.1,,88.8,,1005,,1.4,,1,,94,,44,,10.9,,20.5,,21.1,,19.8,
2009-07-08,189,15.1,,21.3,,12.1,E,88,,98,,60,E,13.1,E,14.7,E,11.1,E,16.8,,15.7,,25.1,,84.6,,1011,E,1.2,,0.7,,68,,49,,7.4,,20,,21.1,,19.3,
2009-07-09,190,14,,19.2,,10.3,,80,,95,,56,,10.4,,12.6,,8.6,,0,,17.4,,28.1,,100.2,,1023,,1.2,,0.9,,70,,37,,5.1,,19.8,,20.7,,18.9,
2009-07-10,191,17.9,,24.4,,10.8,,65,,96,,30,,10.2,,14.4,,4.6,,0.3,,29,,48.7,,172.4,,1025,,1,,0.4,,156,,62,,5.8,,20,,21.8,,18.4,
2009-07-11,192,18.1,,24.3,,12.7,,73,,95,,50,,13,,17.5,,10.5,,5.8,,24.5,,40.9,,150.4,,1020,,1.9,,1.6,,194,,33,,10.4,,20.6,,22.1,,19.2,
2009-07-12,193,18.2,,23.5,,11.9,,67,,96,,29,,11,,17.1,,2.7,,2.3,,27.1,,45.3,,168.6,,1013,,1.4,,0.8,,259,,50,,9.3,,21.3,,22.9,,20.1,
2009-07-13,194,16.5,,22.2,,9.2,,57,,89,,29,,7.4,,12.4,,2.8,,0,,24.4,,41.2,,142.2,,1013,,1.1,,0.8,,268,,45,,9.1,,20.6,,21.7,,19.4,
2009-07-14,195,15.7,,21.7,,9.8,,64,,87,,35,,8.5,,12.1,,5,,0,,19.6,,32.5,,111.4,,1016,,0.9,,0.5,,276,,54,,6.9,,20.2,,21.2,,19.1,
2009-07-15,196,17.7,,25.1,,9.8,,64,,93,,31,,10,,13.4,,6.1,,0,,28.9,,48.5,,175.7,,1018,,1.1,,0.5,,274,,59,,7.6,,20.2,,21.9,,18.6,
2009-07-16,197,20.3,,25.1,,15.8,,79,,94,,60,,16.5,,19.4,,12.2,,0,,19.2,,31.9,,115.3,,1011,,1.5,,1.2,,196,,35,,8,,21,,22.2,,19.9,
2009-07-17,198,20.9,,27.4,,15.3,,76,,96,,38,,16,,19.4,,11.2,,7.4,,21.3,,35.4,,122.4,,1010,,1,,0.2,,162,,69,,6.9,,21.5,,22.9,,20,
2009-07-18,199,20.6,,26.8,,15.4,,78,,96,,42,,16.2,,19.5,,12.2,,14.5,,19.7,,33,,122.7,,1009,,1.2,,0,,270,,77,,7.3,,21.8,,23.2,,20.6,
2009-07-19,200,18.5,,24.6,,13.5,,70,,90,,43,,12.6,,15.6,,10.2,,0,,21.6,,35.8,,121,,1018,,0.9,,0.4,,293,,57,,6.9,,21.6,,22.5,,20.5,
2009-07-20,201,19.9,,26.9,,12.7,,71,,94,,41,,13.9,,17.8,,11.1,,0,,23.1,,38,,139,,1023,,0.9,,0.4,,93,,59,,4.8,,21.6,,23.1,,20.1,
2009-07-21,202,16.1,,17.9,,14.8,,92,,96,,84,,14.9,,16.2,,14.1,,24.1,,7.8,,12.5,,21.7,,1023,,2.1,,1.9,,77,,28,,11.6,,21,,21.9,,20.2,
2009-07-22,203,18.4,,24.5,,14.7,,87,,96,,60,,16,,19.5,,13.9,,1.3,,16,,26.3,,81.2,,1021,,0.8,,0.2,,289,,65,,5.2,,20.7,,22,,19.7,
2009-07-23,204,18.3,,23.4,,14.4,,90,,96,,67,,16.5,,18.9,,13.6,,10.2,,13.3,,21.4,,83.6,,1019,,1.9,,1.6,,83,,32,,10.4,,21.2,,22,,20.5,
2009-07-24,205,17.2,,22.6,,13.5,,88,,96,,61,,15.1,,17.7,,12.8,,62.2,,12.4,,20.4,,73.6,,1012,,1.5,,0.7,,45,,57,,9,,19.8,,20.9,,18.5,
2009-07-25,206,20.2,,26.2,,14.8,,79,,96,,52,,16.1,,19.1,,14.2,,0.3,,23.8,,41,,152.1,,1015,,1.4,,1,,190,,40,,7.3,,21.1,,22.8,,19.6,
2009-07-26,207,21.7,,26,,17.6,,85,,95,,66,,18.9,,21.1,,15.7,,12.2,,14.3,,24.2,,85.9,,1014,,2.1,,1.7,,182,,33,,8.6,,21.9,,22.8,,21.1,
2009-07-27,208,22.1,,27.1,,17.7,,82,,95,,56,,18.6,,21,,16.7,,0.5,,21.1,,35.9,,132.9,,1014,,1.6,,1.3,,200,,34,,8.7,,22.6,,23.9,,21.4,
2009-07-28,209,23,,28.1,,17.4,,74,,96,,40,,17.7,,19.8,,11.3,,0,,25.4,,43.7,,170.5,,1015,,1.3,,1,,200,,40,,7.2,,23.3,,24.8,,22,
2009-07-29,210,22.9,,28,,20.5,,86,,95,,61,,20.3,,22.6,,19,,3,,13.8,,22.9,,88.4,,1011,,1.8,,1.5,,187,,31,,8.6,,23.7,,24.6,,22.9,
2009-07-30,211,21.6,,27.5,,15.5,,80,,96,,53,,17.8,,21.3,,12.5,,8.9,,19.6,,33.4,,120.2,,1011,,1.1,,0.5,,252,,56,,6.1,,23.7,,25,,22.7,
2009-07-31,212,18.7,,23.8,,15,,89,,96,,67,,16.8,,20,,12.2,,34,,5.1,,8.4,,10.7,,1013,,1.2,,0.5,,156,,59,,7.6,,22.4,,23.6,,21.7,
2009-08-01,213,21.1,,27.3,,14.9,,76,,97,,45,,16.3,,19.3,,12.6,,0,,26.3,,43.9,,156,,1017,,1,,0.5,,210,,52,,5.2,,22.5,,24.4,,20.9,
2009-08-02,214,20.1,,22.6,,17.1,,87,,96,,76,,17.9,,19.8,,14.7,,0.3,,9,,14.5,,36.6,,1013,,1.7,,1.4,,173,,33,,8.3,,22.5,,23.1,,22,
2009-08-03,215,20.9,,26.5,,15.2,,77,,96,,48,,16.3,,19,,12.6,,0,,24.4,,39.7,,147.6,,1015,,0.9,,0.3,,266,,63,,4.9,,22.8,,24.3,,21.4,
2009-08-04,216,21.2,,27,,14.1,,72,,93,,44,,15.5,,18.8,,12.1,,0,,25.7,,43,,155.4,,1014,,1.4,,0.7,,192,,57,,6.8,,23.1,,24.7,,21.5,
2009-08-05,217,21.5,,27.5,,15.4,,79,,94,,53,,17.6,,21.9,,12.3,,0,,16.5,,26.6,,92.6,,1013,,1.2,,0.7,,230,,51,,7,,23.5,,24.5,,22.5,
2009-08-06,218,18.5,,24.8,,12.8,,70,,95,,38,,12.5,,15.9,,8.5,,0,,22.4,,37.3,,124.5,,1014,,0.8,,0.3,,267,,57,,5.4,,22.6,,23.8,,21.4,
2009-08-07,219,17.1,,23.7,,11.5,,66,,91,,36,,10.2,,14.9,,7,,0,,23.9,,39.3,,134.1,,1016,,1,,0.5,,304,,55,,8.9,,22,,23.3,,20.7,
2009-08-08,220,15.3,,21.6,,9.6,,67,,90,,34,,8.6,,12.2,,3.1,,0,,23.9,,39.5,,125.7,,1023,,0.9,,0.4,,340,,60,,7.6,,21.4,,22.7,,20.1,
2009-08-09,221,16.3,,20.9,,11.3,,83,,93,,61,,13.2,,16.2,,9.3,,0.3,,9,,14.3,,37,,1019,,1.5,,1.2,,169,,39,,7.6,,20.7,,21.3,,20,
2009-08-10,222,22.4,,28.3,,17.1,,83,,96,,58,,19.2,,21.8,,15.7,,6.1,,20.1,,34.9,,133.5,,1011,,1,,0.7,,261,,45,,8.2,,21.7,,23.4,,20.3,
2009-08-11,223,23.3,,29.3,,18.3,,78,,96,,47,,19,,21.8,,16.4,,0,,19.3,,33.5,,127.4,,1010,,1,,0.3,,10,,64,,6.7,,23,,24.3,,21.9,
2009-08-12,224,19.6,,23.5,,17.1,,86,,96,,66,,17.2,,18.6,,16.2,,0,,10.6,,17.8,,63.4,,1015,,1.2,,0.9,,86,,36,,5.7,,22.6,,23.3,,22.1,
2009-08-13,225,17.3,,20.4,,14.4,,92,,96,,78,,16,,17.6,,13.8,,2.5,,5.9,,10.1,,10.6,,1021,,1,,0.9,,68,,31,,5.7,,21.7,,22.4,,21.2,
2009-08-14,226,21,,29.4,,14.5,,77,,97,,35,,16.1,,20.3,,11.4,,0.3,,24.8,,43.4,,153.7,,1022,,0.7,,0.3,,324,,57,,4.7,,21.9,,23.8,,20.2,
2009-08-15,227,23.1,,30.1,,16.7,,76,,96,,39,,18,,21.2,,14.1,,0,,25,,43,,155.9,,1022,,0.6,,0.3,,244,,53,,4.9,,22.9,,24.6,,21.3,
2009-08-16,228,24,,31,,18,,77,,96,,42,,19.2,,22.7,,15.4,,0.3,,22.5,,38.2,,140.4,,1022,,0.7,,0.3,,224,,53,,4.6,,23.5,,25.1,,22.1,
2009-08-17,229,24.5,,30.7,,19.8,,78,,96,,42,,20,,22.7,,15.5,,0,,20.7,,35.3,,128,,1020,,0.7,,0.4,,242,,52,,5.3,,24.1,,25.4,,22.8,
2009-08-18,230,24.9,,30.5,,19.5,,72,,96,,40,,18.9,,22.4,,15,,0,,23.6,,40.4,,146.5,,1017,,1.1,,0.8,,206,,41,,6.8,,24.3,,25.7,,22.9,
2009-08-19,231,23.4,,29.5,,19.2,,78,,94,,49,,18.9,,21.8,,16.2,,0,,21.1,,36.5,,131.3,,1014,,0.8,,0.5,,269,,50,,5.9,,24.3,,25.5,,23.1,
2009-08-20,232,23.6,,29.3,,17.3,,76,,93,,54,,18.9,,22,,15.3,,0,,20.5,,36.3,,132.7,,1015,,1.5,,0.8,,151,,56,,5.6,,24.1,,25.3,,22.8,
2009-08-21,233,24.1,,30,,20.2,,86,,96,,62,,21.4,,24,,19.3,,6.9,,13.3,,23.7,,91.1,,1014,,2,,1.7,,185,,31,,11.7,,24.3,,25.3,,23.6,
2009-08-22,234,22.2,,28.4,,20,,89,,96,,63,,20.3,,23.1,,18.4,,28.2,,13.1,,23.1,,76.9,,1012,,1.2,,0.3,,140,,70,,6.6,,24.1,,25.2,,23.3,
2009-08-23,235,22.1,,27.7,,19.3,,88,,96,,59,,20,,22.9,,18.6,,2,,14.2,,24.3,,87.4,,1011,,0.9,,0.4,,274,,55,,5.6,,24,,25,,23.1,
2009-08-24,236,21.2,,26.8,,17.2,,82,,97,,52,,17.7,,20,,15.3,,0,,18.8,,32,,111.4,,1016,,0.7,,0.4,,304,,47,,4.2,,24.2,,25.2,,23.4,
2009-08-25,237,20.9,,27.1,,16,,79,,96,,50,,16.7,,19.5,,13.8,,0,,22.7,,38.8,,136.5,,1019,,0.8,,0.3,,221,,62,,6,,23.9,,25.2,,22.8,
2009-08-26,238,20.5,,26.6,,14.7,,80,,95,,54,,16.7,,19.5,,9.9,,0.3,,16.3,,26.8,,85.3,,1014,,1.2,,0.8,,255,,44,,10.1,,23.5,,24.3,,22.6,
2009-08-27,239,15.3,,22.3,,9.8,,66,,94,,28,,8.3,,12.1,,1,,0,,23.2,,38.3,,122.2,,1019,,0.9,,0.4,,344,,56,,5.6,,22.4,,23.3,,21.4,
2009-08-28,240,15.6,,20.6,,11.6,,72,,95,,46,,10.4,,14.9,,5.5,,19.6,,15.2,,24.8,,86.7,,1020,,1.6,,1.1,,104,,43,,8.6,,21.6,,22.4,,20.8,
2009-08-29,241,12.1,,13.7,,10.7,,94,,96,,90,,11.2,,12.8,,9.7,,17.5,,4.5,,8.2,,14.4,,1011,,2.2,,1.8,,74,,35,,10.8,,19.7,,21.1,,19.2,
2009-08-30,242,17.1,,24.8,,11,,82,,97,,48,,13.6,,17.5,,10.4,,0,,19.8,,33.9,,116.5,,1012,,1,,0.6,,214,,48,,6.7,,20.1,,21.7,,18.9,
2009-08-31,243,14.2,,19.5,,10.3,,74,,95,,44,,9.2,,12.1,,5.8,,0,,17.1,,27.6,,76.6,,1019,,1,,0.5,,332,,52,,7.2,,20.1,,20.8,,19.3,
2009-09-01,244,14.2,,21.7,,8.4,,66,,88,,36,,7.5,,12,,4.3,,0,,22.8,,38.2,,116,,1024,,0.9,,0.3,,358,,62,,4.3,,19.6,,20.9,,18.3,
2009-09-02,245,16,,23.8,,8.6,,71,,90,,36,,10.2,,14.6,,6.6,,0,,21.9,,36.5,,116.7,,1024,,0.8,,0.1,,323,,73,,4.8,,19.8,,21.2,,18.4,
2009-09-03,246,17.4,,25.4,,10.9,,76,,96,,41,,12.6,,16.4,,8.8,,0,,20.7,,34.2,,104.7,,1020,,0.7,,0.1,,253,,73,,4,,20.1,,21.5,,18.8,
2009-09-04,247,19.1,,27.4,,13,,73,,96,,30,,13.5,,18.5,,7.8,,0.3,,20.3,,33,,108.5,,1016,,0.8,,0.6,,47,,41,,4.6,,20.5,,21.9,,19.1,
2009-09-05,248,18.7,,25.5,,13.2,,69,,92,,40,,12.6,,18.4,,7.6,,0,,19.7,,32.7,,105.4,,1021,,0.8,,0.4,,360,,54,,6.3,,20.7,,21.9,,19.6,
2009-09-06,249,13.6,,19.3,,9.5,,67,,88,,45,,7.3,,11.1,,5.4,,0,,20.8,,34.7,,104,,1026,,1.6,,1.4,,84,,33,,7.9,,20,,20.9,,19.1,
2009-09-07,250,14,,21.2,,7.5,,81,,96,,57,,10.5,,14.4,,6.6,,0,,19.8,,32.6,,105.2,,1024,,0.8,,0.2,,173,,70,,5.2,,19.5,,20.6,,18.3,
2009-09-08,251,17.2,,24.5,,12,,79,,96,,39,,12.9,,16.5,,9,,0.3,,18.1,,29.7,,92.3,,1018,,0.8,,0.5,,20,,49,,4.8,,19.6,,20.8,,18.5,
2009-09-09,252,15.9,,22.3,,8.5,,65,,89,,37,,9.1,,13.9,,5.5,,0,,18.9,,30.6,,95.5,,1022,,1.5,,1.2,,64,,34,,7.9,,19.8,,20.7,,19.1,
2009-09-10,253,12.5,,18.5,,8.3,,73,,90,,41,,7.5,,11.1,,3.8,,0,,17.5,,28.2,,78.3,,1031,,1.7,,1.4,,75,,32,,10,,18.7,,19.4,,17.9,
2009-09-11,254,11.7,,13.7,,8.5,,91,,96,,83,,10.4,,12.9,,6.8,,7.6,,5.1,,8.3,,7.3,,1025,,2.5,,2.2,,72,,27,,9.7,,17.7,,18.4,,17.4,
2009-09-12,255,15.5,,17.7,,12.9,,94,,96,,89,,14.5,,16.3,,12.2,,7.9,,6.6,,10.7,,19.9,,1017,,2,,1.8,,68,,28,,8.4,,17.8,,18.4,,17.2,
2009-09-13,256,17.7,,24.5,,12.4,,83,,96,,46,,14.4,,17.9,,11.1,,0,,16.2,,26.9,,90.7,,1011,,0.9,,0.5,,324,,53,,6.4,,19,,20.4,,18,
2009-09-14,257,15.4,,22.2,,10.1,,78,,96,,37,,11,,13.9,,6.4,,0.3,,18.8,,31.5,,95.5,,1011,,0.8,,0.4,,259,,55,,7.6,,19,,20.1,,17.9,
2009-09-15,258,16.1,,22.4,,11.4,,73,,96,,42,,10.9,,14.9,,8,,0,,18.8,,30.8,,95.1,,1013,,1.1,,0.5,,19,,58,,7.6,,18.9,,20,,17.8,
2009-09-16,259,11.9,,15.7,,8,,81,,95,,66,,8.8,,10.9,,7.2,,0,,10.1,,16.2,,45.6,,1023,,1.9,,1.7,,78,,28,,9.2,,18.3,,18.9,,17.6,
2009-09-17,260,9.9,,13.7,,7.4,,83,,96,,63,,7,,8.7,,5.2,,0,,7.5,,11.7,,22.5,,1022,,0.7,,0.3,,52,,55,,4.4,,17.2,,17.6,,16.6,
2009-09-18,261,12.8,,20,,7.2,,80,,96,,53,,9.2,,13.1,,3.3,,0.3,,12.6,,20.5,,51.4,,1014,,1.3,,0.9,,263,,41,,8.7,,16.7,,17.6,,15.9,
2009-09-19,262,10.1,,16.9,,4.2,,63,,86,,32,,3,,7,,-0.6,,0,,20.1,,33.1,,85.9,,1021,,1.3,,0.8,,328,,49,,9.2,,16.5,,17.4,,15.5,
2009-09-20,263,11.8,,20.6,,3.7,,73,,95,,42,,6.6,,11.2,,2.7,,0,,20,,32.7,,87.7,,1025,,0.9,,0.1,,207,,74,,4.9,,16.2,,17.5,,15,
2009-09-21,264,14.5,,22.8,,6.8,,75,,96,,35,,9.6,,13.5,,5.4,,0.3,,19.8,,32.2,,88,,1024,,0.8,,0.2,,210,,66,,4.9,,16.5,,17.9,,15.2,
2009-09-22,265,17,,21.3,,13.2,,88,,96,,70,,14.9,,16.8,,12.4,,0,,9.7,,15.2,,54.3,,1024,,1.3,,1.1,,216,,34,,6.9,,17.3,,18.2,,16.5,
2009-09-23,266,20,,24.5,,16.1,,85,,95,,68,,17.3,,19.5,,14.9,,0,,13,,22.4,,80.8,,1019,,1.6,,1.3,,209,,34,,8,,18.3,,19.3,,17.5,
2009-09-24,267,18.4,,23.5,,11.2,,74,,96,,42,,13.3,,19,,6.6,,0,,15.5,,26.3,,77.7,,1016,,0.9,,0.5,,309,,55,,6.7,,19,,19.9,,18.4,
2009-09-25,268,11,,16.4,,5,,67,,90,,38,,4.7,,8.1,,1.1,,0,,18.6,,31.5,,75.5,,1022,,1.3,,0.7,,11,,52,,9.9,,17.6,,18.4,,16.7,
2009-09-26,269,9.6,,16,,4.2,,70,,87,,45,,4.2,,7.9,,1.6,,0,,17.8,,30.2,,75.8,,1023,,1.6,,0.8,,157,,57,,5.9,,16.4,,17.3,,15.4,
2009-09-27,270,13.9,,17,,9.1,,94,,97,,83,,13,,16.3,,6.6,,13.7,,4.2,,7.1,,13.3,,1006,,2,,1.5,,133,,39,,8.3,,16.2,,16.7,,15.7,
2009-09-28,271,15.7,,21.1,,11.3,,83,,97,,52,,12.6,,15.6,,10.4,,3,,14.8,,25.4,,66.3,,1000,,1.5,,1.1,,203,,40,,9.1,,17.1,,18,,16.2,
2009-09-29,272,12.9,,17.2,,10.6,,80,,96,,55,,9.3,,11.7,,6.6,,0,,11,,18.1,,47.6,,999,,1.6,,1.3,,218,,36,,9,,17.1,,17.6,,16.6,
2009-09-30,273,8.4,,11.5,,2.9,,79,,93,,61,,5,,9.4,,1.7,,0,,8,,13,,27.8,,1006,,1.2,,0.9,,265,,35,,7.7,,16.1,,16.7,,15.4,
2009-10-01,274,5.7,,10.4,,1.4,,81,,96,,55,,2.5,,4.7,,0.8,,0.3,,8.3,,13.4,,26.5,,1013,,0.9,,0.6,,263,,40,,6.5,,14.7,,15.4,,14.2,
2009-10-02,275,8.4,,12.8,,2.5,,77,,96,,54,,4.5,,7.4,,1.7,,0.3,,11,,17.9,,53,,1016,,1.1,,0.6,,168,,53,,5.5,,14.4,,15.1,,13.6,
2009-10-03,276,13.2,,16.6,,9.5,,95,,96,,83,,12.4,,15.9,,7.2,,21.1,,2.5,,4.4,,5.3,,1012,,2.2,,1.6,,114,,41,,8.4,,14.8,,15.3,,14.4,
2009-10-04,277,14.7,,20.5,,11,,87,,97,,55,,12.4,,15.1,,9.9,,0,,11.8,,19.7,,57.3,,1010,,0.7,,0.2,,337,,64,,4.2,,16,,17.1,,15.2,
2009-10-05,278,11.1,,16.2,,7.3,,79,,95,,49,,7.4,,10.3,,5.2,,1,,12,,19.1,,38.4,,1009,,1.3,,1,,266,,37,,9.5,,15.8,,16.3,,15.3,
2009-10-06,279,10.6,,16.7,,5.7,,76,,94,,47,,6.1,,8.9,,4.4,,0,,14.4,,23.5,,60,,1011,,1.2,,0.5,,251,,58,,6.9,,15.1,,15.9,,14.2,
2009-10-07,280,11.6,,16.4,,9.6,,81,,96,,53,,8.2,,13.3,,4.1,,16.5,,6.6,,10.7,,25,,999,,2.6,,1.4,,234,,53,,12.5,,14.9,,15.3,,14.5,
2009-10-08,281,10.2,,15.1,,7.2,,68,,85,,47,,4.4,,6.7,,2.7,,0,,12.8,,20.6,,63.2,,1013,,1.4,,1,,283,,41,,8.9,,14.7,,15.4,,14.2,
2009-10-09,282,11.3,,13.3,,8.1,,87,,96,,66,,9.2,,12.6,,5.1,,3.3,,2.5,,4.2,,2.8,,1011,,1,,0.7,,177,,43,,7.9,,14.5,,14.7,,14.2,
2009-10-10,283,10.2,,14.3,,2.4,,84,,97,,61,,7.6,,13.4,,0.3,,3,,7,,11.2,,14.9,,1009,,1.2,,0.7,,308,,52,,9.9,,14.7,,15.2,,14.1,
2009-10-11,284,6.1,,12.6,,1,,69,,97,,38,,0.2,,5.2,,-6.4,,0.3,,12.2,,19.5,,34.9,,1020,,1.3,,0.8,,276,,51,,9.9,,13.5,,14.1,,12.8,
2009-10-12,285,4.9,,10,,-1.2,,63,,89,,32,,-2.2,,2.7,,-6.5,,0,,12.8,,20.8,,47.8,,1025,,0.9,,0.3,,221,,64,,4.8,,12.5,,13.1,,11.7,
2009-10-13,286,4.6,,9.5,,-0.3,,90,,96,,68,,3.1,,7.8,,-1.1,,10.2,,4.3,,6.6,,-6,,1015,,1.1,,0.4,,276,,61,,9.6,,12.4,,12.7,,11.9,
2009-10-14,287,2.3,,8.7,,-2,,78,,97,,44,,-1.5,,1.5,,-3.7,,0.3,,12.5,,19,,32.5,,1019,,0.9,,0.4,,319,,58,,6.8,,11.4,,12,,10.7,
2009-10-15,288,0.9,,3.9,,-2.5,,67,,92,,51,,-4.7,,-3,,-6.9,,0,,5.9,,8.9,,15.8,,1017,,1.4,,1.3,,68,,29,,8.1,,10.6,,11.2,,10.1,
2009-10-16,289,1.8,,5.9,,-1.3,,69,,91,,48,,-3.5,,-1.8,,-5.1,,0.3,,7.7,,12.4,,29.6,,1013,,1.6,,1.2,,49,,41,,8.3,,10.3,,10.8,,9.9,
2009-10-17,290,3.7,,8.8,,-1.3,,65,,83,,43,,-2.6,,0.7,,-6.2,,0,,11.8,,18.8,,42,,1017,,1.6,,1.4,,68,,32,,9.6,,10.1,,10.8,,9.4,
2009-10-18,291,1.6,,3.9,,0.1,,89,,96,,75,,-0.1,,1.5,,-0.9,,14.2,,1.1,,1.9,,-15.6,,1017,,1.3,,0.9,,18,,45,,8.4,,9.7,,10.3,,9.1,
2009-10-19,292,3.1,,11.8,,-1.3,,73,,94,,24,,-2,,2.8,,-8.8,,0,,14.5,,23.5,,44.3,,1017,,1,,0.6,,356,,49,,6.4,,9.2,,9.8,,8.9,
2009-10-20,293,7.9,,16.9,,0.7,,69,,92,,40,,2.2,,6.1,,-2.9,,0,,10,,16,,43.5,,1017,,0.8,,0.4,,267,,57,,6.4,,9.5,,10.6,,8.7,
2009-10-21,294,11.8,,18.2,,6.3,,73,,93,,45,,6.8,,9.3,,4.6,,0,,11,,18,,50.7,,1019,,0.8,,0.3,,240,,57,,5.4,,10.7,,11.7,,9.9,
2009-10-22,295,14.6,,20.6,,8.9,,62,,85,,34,,6.8,,10.2,,1.6,,0,,10,,16.1,,41.2,,1012,,1.7,,1.1,,233,,48,,11.4,,11.9,,12.7,,11.2,
2009-10-23,296,3.9,,9,,0.8,,73,,94,,52,,-0.8,,3.5,,-3.7,,2.8,,6.5,,10.3,,19.9,,1020,,1.8,,0.9,,94,,55,,9.5,,11.6,,12.4,,11.1,
2009-10-24,297,11.4,,18.3,,3.3,,94,,96,,91,,10.5,,17,,2.3,,48,,1.5,,2.9,,0.7,,1008,,2.8,,1.7,,150,,50,,14.1,,11,,12.7,,10.4,
2009-10-25,298,9.5,,15.8,,4.1,,71,,96,,49,,4.3,,15.1,,0.7,,0,,12.7,,20.7,,33.3,,1014,,1.8,,1.4,,279,,34,,9.3,,12.4,,12.8,,11.8,
2009-10-26,299,6.8,,14.6,,1.9,,68,,92,,30,,0.7,,4.5,,-3.5,,0,,12.6,,21.1,,30.6,,1024,,1.1,,0.5,,19,,58,,6.6,,11.2,,11.8,,10.5,
2009-10-27,300,6.2,,8.1,,3.1,,88,,96,,60,,4.2,,6.5,,-0.9,,1.3,,2,,3.2,,-5.5,,1020,,1.6,,1.4,,90,,29,,7.6,,10.6,,11.1,,10.3,
2009-10-28,301,6.3,,7.8,,4.5,,94,,96,,93,,5.5,,7,,3.6,,38.9,,1.3,,2.4,,-2.6,,1015,,3,,2.6,,69,,29,,12.2,,10.3,,10.6,,9.7,
2009-10-29,302,7.2,,12.9,,2.9,,77,,94,,53,,3.1,,6.6,,0.8,,0,,11.7,,20,,52.1,,1023,,1.3,,0.9,,78,,44,,8.5,,10.1,,10.8,,9.5,
2009-10-30,303,8.1,,11.5,,6,,72,,87,,58,,3.3,,6,,0.4,,0,,4.2,,6.9,,22.1,,1022,,2,,1.8,,183,,28,,8.9,,10.6,,11,,10.3,
2009-10-31,304,13.2,,18.5,,7.9,,91,,97,,81,,11.8,,16.1,,5.8,,7.1,,1.1,,2,,-8.4,,1010,,3.3,,2.7,,212,,34,,15.3,,11.1,,12,,10.6,
2009-11-01,305,8.3,,12.4,,3.7,,66,,95,,42,,2.1,,9,,-1.3,,0,,9.6,,15.6,,15.7,,1017,,1.5,,0.9,,310,,53,,8.5,,11.7,,12,,11,
2009-11-02,306,5.3,,9.9,,2.2,,72,,89,,53,,0.5,,2.8,,-1.9,,0,,7.8,,12.8,,15.5,,1021,,2,,1.8,,73,,25,,8.2,,10.4,,11,,9.9,
2009-11-03,307,5.1,,10.9,,-0.2,,75,,97,,48,,0.7,,4.7,,-4.8,,0,,8.1,,13,,9.4,,1015,,1.4,,0.7,,265,,56,,9.2,,10.1,,10.6,,9.5,
2009-11-04,308,2.9,,8,,-2,,64,,92,,32,,-3.9,,-1.5,,-8,,0,,10.8,,17.9,,22.8,,1022,,1.1,,0.5,,279,,54,,6.9,,9.2,,9.9,,8.6,
2009-11-05,309,2.8,,6.4,,0,,73,,96,,58,,-1.8,,0.3,,-5.4,,1,,5.3,,8,,13.4,,1018,,1.3,,0.8,,92,,46,,4.9,,9.1,,9.5,,8.7,
2009-11-06,310,1.3,,5.3,,-2.5,,81,,97,,51,,-1.9,,0.7,,-4.4,,0.3,,6.6,,9.9,,10.3,,1019,,1.4,,1.1,,318,,39,,10.1,,8.6,,9,,8.2,
2009-11-07,311,2.2,,7.8,,-4.2,,70,,95,,42,,-3.3,,1.7,,-5.2,,0,,10.8,,17.9,,17.3,,1020,,1.6,,1.2,,202,,37,,11.3,,7.8,,8.2,,7.1,
2009-11-08,312,9.3,,18,,5,,58,,85,,25,,0.6,,6.1,,-4.3,,0,,10.7,,17.7,,20.9,,1021,,1.5,,0.7,,251,,60,,8.5,,8.3,,9.2,,7.7,
2009-11-09,313,11.6,,17.7,,4.4,,54,,79,,34,,2.1,,8.1,,-3.5,,0,,9.5,,15.9,,20.3,,1026,,2,,1.4,,208,,42,,10.7,,8.7,,9.4,,8,
2009-11-10,314,11.9,,15.4,,7.9,,62,,85,,38,,4.5,,9.1,,-3.9,,0,,5.1,,8,,9.7,,1023,,1,,0.5,,323,,54,,6,,9.7,,10.3,,9.2,
2009-11-11,315,5.9,,8.7,,2.5,,59,,70,,43,,-1.7,,0.2,,-4,,0,,5.4,,8.6,,-0.5,,1026,,1.4,,1.1,,46,,38,,6.6,,9.4,,9.9,,8.9,
2009-11-12,316,4.7,,8.4,,2.3,,62,,90,,41,,-2.3,,1.6,,-5.7,,0,,6.2,,9.8,,0.4,,1025,,2.2,,1.9,,65,,26,,8.4,,8.5,,8.9,,8.2,
2009-11-13,317,5.6,,8.9,,1.7,,78,,90,,65,,2,,4.4,,-4,,0,,5.9,,9.3,,9.4,,1020,,3,,2.6,,66,,27,,12.8,,8.2,,8.5,,7.7,
2009-11-14,318,8.6,,10.3,,6.1,,94,,96,,87,,7.7,,9.6,,4.2,,22.4,,1.6,,2.8,,1.9,,1015,,3.3,,2.9,,68,,26,,13,,8.8,,9.3,,8.5,
2009-11-15,319,12.1,,16.6,,9.1,,94,,97,,82,,11.1,,14,,8.5,,0.3,,5.5,,9.8,,10.4,,1011,,0.8,,0.4,,309,,53,,4.9,,10,,10.8,,9.3,
2009-11-16,320,8.2,,11.7,,2.9,,67,,97,,36,,1.8,,10.3,,-5.1,,0.3,,9.4,,15.9,,8.1,,1015,,1.2,,1,,318,,35,,9.4,,10,,10.5,,9.5,
2009-11-17,321,2.9,,9.6,,-1.6,,62,,92,,37,,-4.1,,-1.1,,-6.7,,0,,9.8,,16.3,,1.2,,1023,,1.3,,0.7,,359,,51,,6.8,,8.7,,9.5,,8.2,
2009-11-18,322,1.3,,7.9,,-2.7,,85,,96,,59,,-1.2,,1.9,,-3.3,,0,,9.9,,16.2,,1,,1029,,0.8,,0.1,,98,,76,,4.1,,7.7,,8.2,,7.2,
2009-11-19,323,7.5,,14.1,,-0.4,,84,,96,,64,,4.8,,10.2,,-1.3,,0,,7,,11.4,,18.2,,1025,,1.2,,0.6,,141,,55,,7.2,,7.6,,8.6,,6.8,
2009-11-20,324,9.9,,14.6,,4.9,,80,,96,,55,,6.5,,13.8,,0.3,,16.5,,5.4,,8.9,,-0.5,,1014,,2.7,,1.2,,228,,61,,12.8,,9.4,,10.1,,8.6,
2009-11-21,325,6.7,,12.8,,3.5,,78,,91,,55,,3.1,,5.5,,1.2,,0,,6.9,,11.8,,-2.1,,1015,,1.4,,1.2,,279,,34,,6.7,,8.7,,9.2,,8.3,
2009-11-22,326,4.9,,10.3,,1.8,,77,,92,,49,,0.9,,2.8,,-0.3,,0,,9,,15.2,,0.3,,1025,,1.6,,1,,66,,47,,8,,8,,8.5,,7.5,
2009-11-23,327,4.3,,5.8,,2.9,,84,,96,,75,,1.9,,3.9,,-0.3,,1.3,,1.9,,3.1,,4.1,,1028,,2.4,,2.2,,70,,26,,8.9,,7.9,,8,,7.7,
2009-11-24,328,5.7,,9,,3.9,,94,,96,,86,,4.9,,7.1,,3.3,,0.5,,2.3,,3.7,,-1.4,,1020,,1.2,,1,,40,,37,,7.6,,8.1,,8.5,,7.9,
2009-11-25,329,6.7,,8.3,,5.7,,95,,96,,93,,6,,7.4,,4.9,,1.5,,2.4,,4.1,,7.5,,1016,,0.9,,0.6,,103,,50,,5,,8.5,,8.9,,8.1,
2009-11-26,330,6.5,,7.6,,5.3,,96,,97,,93,,5.9,,6.9,,4.7,,0,,2.3,,3.8,,5.4,,1010,,0.8,,0.2,,297,,70,,5.4,,8.9,,9.2,,8.7,
2009-11-27,331,4.2,,5.7,,2.1,,93,,96,,84,,3.1,,5.1,,0.1,,10.2,,0.7,,1.4,,-12.6,,993,,2.1,,1.3,,311,,49,,11.1,,8.7,,9.1,,8.2,
2009-11-28,332,4.6,,8.7,,2,,70,,94,,44,,-0.7,,2.2,,-3.7,,2.3,,5.9,,10.1,,-5.4,,995,,3.6,,3.2,,280,,25,,18.3,,7.9,,8.2,,7.5,
2009-11-29,333,5.1,,9.5,,0.8,,68,,88,,49,,-0.4,,1.9,,-1.4,,0,,8.4,,14.5,,0.6,,1008,,2,,1.6,,237,,35,,8.1,,7.2,,7.6,,6.8,
2009-11-30,334,5.2,,8.1,,-0.8,,86,,95,,68,,3.1,,6.1,,-3.3,,4.8,,0.8,,1.3,,-20.8,,1001,,1.6,,1,,239,,47,,7.2,,7.3,,7.5,,7.1,
2009-12-01,335,-0.5,,1.5,,-3.8,,75,,85,,63,,-4.5,,-2.4,,-7.1,,0,,3.4,,5.5,,-25.1,,1010,,1.5,,1.1,,266,,39,,8.7,,6.5,,7.2,,6,
2009-12-02,336,4.1,,8.2,,-2.5,,79,,95,,61,,0.6,,7.4,,-3.4,,4.6,,5.9,,9.9,,-1.3,,1017,,1.6,,1.1,,192,,42,,7.7,,5.8,,6.3,,5.2,
2009-12-03,337,12.2,,17.4,,6.4,,75,,95,,51,,7.6,,14.8,,1,,16,,5.8,,9.5,,18.8,,999,,3.7,,1.7,,227,,59,,16.7,,7.7,,8.6,,6.2,
2009-12-04,338,4.7,,9.1,,0.1,,65,,80,,42,,-1.5,,1.5,,-3.8,,0,,7.5,,12.8,,2.9,,1014,,1.4,,0.8,,286,,50,,10.6,,7.8,,8.3,,7.3,
2009-12-05,339,0.4,,2.9,,-2,,82,,97,,62,,-2.4,,-0.8,,-4.4,,7.6,,1.2,,2,,-7.4,,1014,,1.6,,1.2,,40,,41,,8,,6.7,,7.3,,6.3,
2009-12-06,340,-3,,0.7,,-5.3,,84,,97,,58,,-5.4,,-2.2,,-7.5,,0,,3.9,,3.4,,-45.7,,1017,,1.4,,1.1,,292,,33,,8,,6.1,,6.3,,5.9,
2009-12-07,341,-2.7,,-0.1,,-6.1,,80,,92,,63,,-5.9,,-4.2,,-7.5,,0,,2.5,,2.5,,-20.6,,1020,,0.9,,0.6,,217,,41,,5.3,,5.6,,5.9,,5.5,
2009-12-08,342,-3,,2.8,,-6.4,,82,,94,,57,,-5.8,,-3.8,,-7.4,,0,,5.9,,9.7,,-23.9,,1022,,0.9,,0.3,,304,,59,,7.3,,5.1,,5.5,,4.9,
2009-12-09,343,-0.9,,2.8,,-4.6,,93,,97,,70,,-2,,2.3,,-8.6,,25.4,,1,,2,,-1.2,,1002,,3.3,,2.6,,84,,38,,15.6,,4.7,,4.9,,4.6,
2009-12-10,344,-0.4,,2.6,,-5.8,,69,,98,,40,,-5.9,,2,,-15.6,,0,,5.4,,9.2,,-29.9,,996,,2.9,,2.6,,261,,25,,14.4,,4.7,,4.7,,4.6,
2009-12-11,345,-7.4,,-5.5,,-9.1,,48,,65,,37,,-16.7,,-12.1,,-18.5,,0,,4.9,,8.2,,-34.5,,1010,,3.5,,3.1,,266,,24,,13.2,,4.6,,4.6,,4.5,
2009-12-12,346,-7.2,,-2.5,,-11.3,,63,,83,,41,,-13.3,,-10.7,,-16.6,,0,,7.4,,14,,-36.8,,1024,,2.1,,1.9,,273,,27,,11.3,,4.5,,4.5,,4.4,
2009-12-13,347,-1.6,,3.3,,-10.6,,76,,97,,40,,-5.5,,2.8,,-13.3,,15,,2.7,,5.2,,-14.8,,1018,,1.8,,1.3,,184,,43,,11.5,,4.4,,4.4,,4.2,
2009-12-14,348,1.7,,6.1,,-0.6,,85,,97,,59,,-0.7,,0.7,,-2.2,,0,,6.5,,11.6,,-17.4,,1014,,1.4,,0.4,,228,,65,,7.1,,4.1,,4.2,,4.1,
2009-12-15,349,2.6,,7.2,,-1.3,,87,,96,,73,,0.5,,3.5,,-3.9,,0,,2.5,,4.7,,-8.4,,1009,,1.8,,1.4,,246,,40,,8.1,,4,,4.1,,3.9,
2009-12-16,350,-4.5,,0.3,,-7.7,,60,,93,,37,,-11.4,,-2.9,,-15.8,,0,,7,,12.8,,-26.2,,1015,,3.2,,2.8,,287,,26,,13.5,,3.9,,3.9,,3.8,
2009-12-17,351,-11.8,,-7.5,,-16.3,,56,,89,,39,,-18.9,,-9.1,,-22.2,,0,,7.9,,15.5,,-40.5,,1017,,2.5,,2.2,,305,,30,,11.1,,3.7,,3.8,,3.5,
2009-12-18,352,-12.5,,-5.9,,-18,,48,,75,,22,,-22.1,,-19.3,,-24.6,,0,,8,,15.9,,-39.6,,1018,,1.4,,1.2,,314,,33,,7.3,,3,,3.5,,2.6,
2009-12-19,353,-9.5,,-6.1,,-12.8,,42,,52,,32,,-20.3,,-15.6,,-24.8,,0,,2.7,,5.7,,-8.8,,1007,,1.1,,0.9,,332,,32,,6.3,,2.4,,2.6,,2.2,
2009-12-20,354,-8.4,,-6.8,,-11,,64,,89,,45,,-14.2,,-11.8,,-18.2,,1.3,,2.8,,5.9,,-9.2,,1000,,2.7,,2.3,,319,,31,,13.4,,2.1,,2.2,,2.1,
2009-12-21,355,-6.2,,-1.8,,-9.7,,48,,62,,31,,-15.7,,-14.3,,-17,,0,,8.6,,15.8,,-38.2,,1005,,3,,2.7,,298,,28,,13.9,,2.1,,2.1,,2,
2009-12-22,356,-8.8,,-2.8,,-14.2,,51,,76,,26,,-17.7,,-15.8,,-20.2,,0,,8,,15.5,,-44.6,,1012,,2.2,,1.9,,282,,27,,8.8,,1.9,,2,,1.7,
2009-12-23,357,-10.4,,-6.4,,-13.5,,64,,74,,48,,-16,,-13.1,,-17.3,,0,,6.6,,13.5,,-28.7,,1014,,2.2,,2,,282,,25,,8.9,,1.6,,1.8,,1.5,
2009-12-24,358,-3.8,,2.5,,-10.7,,78,,94,,61,,-7.1,,-3.9,,-13.5,,0,,4.9,,9.8,,-17.6,,1023,,1.5,,1.2,,331,,33,,8.2,,1.5,,1.6,,1.4,
2009-12-25,359,-3.3,,2,,-8.6,,86,,95,,64,,-5.3,,-2.5,,-9.5,,0,,5.8,,10.9,,-12.4,,1027,,0.9,,0.5,,88,,48,,6.8,,1.4,,1.5,,1.4,
2009-12-26,360,-0.9,,2.8,,-2.9,,95,,97,,92,,-1.6,,2.3,,-3.7,,3,,1.7,,3.4,,1.4,,1024,,3.2,,2.9,,84,,25,,11.2,,1.4,,1.5,,1.4,
2009-12-27,361,4.3,,9.8,,-1.6,,89,,97,,65,,2.6,,9.2,,-4.8,,11.7,,2.9,,5.6,,-3.3,,1008,,2.5,,0.9,,107,,64,,12.3,,1.3,,1.5,,1.2,
2009-12-28,362,-2.4,,1.4,,-6.9,,86,,96,,68,,-4.4,,0.1,,-8.7,,2.8,,1.1,,2.2,,-17.2,,1000,,1.7,,0.8,,248,,57,,10,,1.2,,1.3,,1.2,
2009-12-29,363,-11.3,,-4.9,,-16.3,,60,,88,,44,,-17.7,,-6.8,,-22.6,,0,,8,,14.7,,-79,,1006,,3.5,,3.1,,290,,27,,16.9,,1.2,,1.3,,1.2,
2009-12-30,364,-11,,-4.3,,-18.9,,62,,83,,30,,-17.3,,-9.9,,-22.3,,0,,7.5,,15.2,,-27.3,,1023,,1,,0.7,,264,,43,,6.1,,1.1,,1.2,,1,
2009-12-31,365,-4.7,,-2.5,,-6.5,,83,,95,,64,,-7.2,,-4.4,,-11.4,,3,,1.6,,3.7,,-10.8,,1018,,1.3,,0.9,,170,,41,,6.9,,1,,1,,0.9,
2010-01-01,1,-2.8,,1.5,,-5.3,,89,,95,,70,,-4.4,,-2.4,,-6.3,,0,,4.1,,8.2,,-13.2,,1008,,0.7,,0.4,,332,,49,,4.8,,1,,1,,0.9,
2010-01-02,2,-4.7,,-2.2,,-11.6,,88,,95,,71,,-6.4,,-3.1,,-14.7,,6.3,,0.8,,1.4,,-12.1,,997,,2.2,,1.7,,315,,40,,15.1,,1,,1.1,,1,
2010-01-03,3,-10.8,,-7.4,,-13.8,,87,,92,,73,,-12.6,,-8.7,,-16.5,,1.3,,2.2,,4.7,,-1.1,,989,,3.2,,2.9,,295,,27,,12.4,,1.1,,1.2,,1,
2010-01-04,4,-6.7,,-2.5,,-10.7,,78,,92,,58,,-9.9,,-7.8,,-11.9,,0.3,,8,,16,,-28.5,,998,,2.1,,1.8,,300,,30,,9.7,,1.2,,1.3,,1.2,
2010-01-05,5,-6.2,,-2.3,,-8.3,,76,,84,,58,,-9.8,,-8.5,,-11.1,,0,,4.7,,9.9,,1,,1000,,2,,1.8,,303,,26,,7.3,,1.4,,1.5,,1.3,
2010-01-06,6,-6.8,,-2.6,,-10.4,,75,,92,,55,,-10.5,,-9.3,,-11.7,,0,,7.5,,15,,-21.2,,1000,,2.2,,2,,286,,28,,9.9,,1.5,,1.6,,1.4,
2010-01-07,7,-4.7,,1.4,,-8.4,,73,,90,,51,,-9,,-6.7,,-10.8,,0,,8.2,,15.9,,-33.1,,1005,,1.9,,1.7,,279,,26,,9.5,,1.6,,1.7,,1.6,
2010-01-08,8,-7.3,,-4.3,,-9.4,,80,,89,,63,,-10.2,,-8.4,,-13.1,,0.5,,3,,5.9,,-29.5,,1003,,1.5,,1.2,,313,,34,,8.7,,1.7,,1.8,,1.7,
2010-01-09,9,-9.4,,-5.6,,-14.4,,58,,81,,35,,-16.6,,-12.6,,-21.4,,0,,8.6,,15.8,,-39.9,,1011,,2.4,,2,,315,,30,,11.6,,1.8,,1.8,,1.8,
2010-01-10,10,-12.1,,-5.8,,-16.8,,51,,82,,23,,-20.7,,-14.1,,-24.6,,0,,7.6,,15.4,,-29.8,,1017,,1.5,,1.2,,305,,34,,7.4,,1.7,,1.8,,1.7,
2010-01-11,11,-7,,-1.7,,-12.1,,75,,92,,57,,-10.9,,-8.5,,-14.6,,0,,6.7,,12.9,,-16.1,,1014,,1.2,,1.1,,277,,26,,7.1,,1.6,,1.7,,1.5,
2010-01-12,12,-7,,-2,,-12.5,,73,,92,,53,,-11.2,,-8,,-17.2,,0,,5.1,,10,,-21.1,,1012,,1.8,,1.5,,297,,31,,9.7,,1.5,,1.6,,1.5,
2010-01-13,13,-9.4,,-5.8,,-14.1,,61,,81,,32,,-15.9,,-9.6,,-21.3,,0,,3.7,,8,,-11.7,,1015,,1.3,,1.1,,295,,28,,7.7,,1.5,,1.6,,1.5,
2010-01-14,14,-3.2,,0.6,,-6.7,,76,,86,,63,,-6.9,,-4.4,,-10.2,,0,,4.4,,8.7,,-9.1,,1019,,1.2,,0.8,,202,,42,,9.2,,1.5,,1.6,,1.5,
2010-01-15,15,0.2,,4.5,,-3.7,,73,,84,,54,,-4,,-1.7,,-6.4,,0,,3.5,,6.8,,-8.8,,1015,,1.7,,1.4,,260,,36,,8.6,,1.6,,1.7,,1.6,
2010-01-16,16,0.2,,6.1,,-3.5,,73,,93,,46,,-4.4,,-3.1,,-5.5,,0,,9.2,,17.1,,-24.9,,1016,,1.6,,1.5,,275,,24,,7.4,,1.8,,1.8,,1.7,
2010-01-17,17,-0.5,,2.2,,-4.4,,85,,97,,73,,-2.8,,-0.4,,-5.8,,7.1,,3.1,,6.2,,-8.8,,1015,,1.8,,1.5,,88,,34,,11,,1.8,,1.9,,1.8,
2010-01-18,18,-0.7,,2.6,,-3.2,,96,,97,,90,,-1.2,,1.6,,-3.7,,11.7,,3.8,,7.7,,-21,,1005,,1.9,,1.4,,41,,42,,13,,1.9,,1.9,,1.9,
2010-01-19,19,-0.2,,0.7,,-1,,97,,97,,96,,-0.7,,0.2,,-1.5,,5.6,,1.7,,3.5,,-12.6,,1009,,0.8,,0.7,,157,,29,,4.4,,2,,2,,1.9,
2010-01-20,20,-1.1,,0.7,,-3.7,,91,,98,,82,,-2.4,,-0.8,,-6.2,,0.5,,2.4,,4.3,,-24.9,,1010,,1,,0.9,,311,,24,,6.9,,2,,2,,2,
2010-01-21,21,-2.7,,3.9,,-6.8,,76,,92,,42,,-6.7,,-4.4,,-8.7,,0,,9.8,,18.1,,-31.4,,1017,,1,,0.7,,300,,45,,6.4,,2,,2,,2,
2010-01-22,22,-3.3,,3.8,,-8.3,,69,,91,,32,,-8.6,,-6.3,,-12.2,,0,,8.9,,16.6,,-29.3,,1014,,1.3,,0.8,,29,,47,,7.7,,2,,2,,2,
2010-01-23,23,-4.9,,3,,-10.8,,62,,94,,26,,-12.2,,-8.4,,-17.5,,0,,10.1,,18.8,,-29,,1020,,0.9,,0.6,,327,,47,,4.8,,2,,2.1,,2,
2010-01-24,24,-1.4,,4.8,,-8.1,,75,,96,,48,,-5.5,,4.2,,-15.2,,0.8,,4.2,,8.7,,-4.1,,1018,,1.5,,1,,157,,44,,7.3,,2,,2.1,,2,
2010-01-25,25,8.7,,12.2,,3.3,,94,,96,,88,,7.8,,11.1,,2,,30.7,,0.9,,2.1,,15.2,,999,,3.9,,3,,161,,37,,16.5,,1.5,,2.1,,0.8,
2010-01-26,26,0.7,,4.1,,-2.7,,72,,96,,50,,-3.9,,2.2,,-7.7,,0,,5.3,,9.8,,-5.4,,999,,1.8,,1.7,,264,,25,,9.7,,1,,1.2,,0.8,
2010-01-27,27,-2,,1.9,,-4.5,,69,,82,,49,,-7,,-5,,-9.3,,0,,6.3,,11.7,,-3.7,,1011,,1.6,,1.4,,274,,25,,8,,0.9,,1.1,,0.8,
2010-01-28,28,-5.5,,-1.9,,-11.8,,81,,95,,42,,-8.5,,-2.5,,-21.7,,3.3,,2.7,,5.8,,-26.1,,1010,,2.4,,1.6,,249,,45,,14.3,,0.7,,0.8,,0.7,
2010-01-29,29,-13.8,,-10.6,,-17.1,,41,,54,,28,,-24.3,,-19.6,,-26.3,,0,,10.8,,21.7,,-42.2,,1014,,3.9,,3.6,,280,,24,,16.5,,0.7,,0.7,,0.7,
2010-01-30,30,-14.5,,-9.6,,-20.3,,52,,62,,42,,-22.2,,-18,,-26.6,,0,,8.9,,18,,-22.1,,1016,,1.7,,1.3,,310,,37,,8.7,,0.6,,0.7,,0.6,
2010-01-31,31,-10.8,,-3.9,,-17.2,,54,,68,,36,,-18.5,,-15,,-22.5,,0,,10.6,,21.2,,-24.8,,1013,,1.5,,1.2,,290,,37,,9.2,,0.6,,0.6,,0.6,
2010-02-01,32,-7.1,,-2.1,,-10.6,,56,,78,,29,,-14.9,,-12.7,,-18.5,,0,,11.2,,21.9,,-26.5,,1015,,2.3,,2.1,,267,,23,,11.5,,0.5,,0.6,,0.5,
2010-02-02,33,-7.2,,-3.2,,-12.6,,70,,87,,50,,-11.9,,-8.4,,-14.6,,0,,7.2,,14.6,,-13.4,,1019,,0.8,,0.5,,224,,48,,4.8,,0.5,,0.5,,0.5,
2010-02-03,34,-5.3,,-1.5,,-7.8,,85,,92,,67,,-7.6,,-5.7,,-9,,1,,4.7,,9.4,,-22.7,,1014,,0.7,,0.4,,293,,50,,5,,0.5,,0.5,,0.4,
2010-02-04,35,-6.2,,-1.8,,-9.9,,52,,92,,20,,-15.6,,-8.6,,-22.2,,0,,11.9,,23.2,,-29.1,,1019,,2.1,,1.7,,290,,31,,11.3,,0.5,,0.5,,0.4,
2010-02-05,36,-6.2,,-0.7,,-11.4,,61,,82,,42,,-12.7,,-9.3,,-18,,0,,8.7,,17.1,,-14.4,,1018,,1.2,,0.8,,299,,43,,7.4,,0.4,,0.5,,0.4,
2010-02-06,37,-9,,-5.2,,-13.7,,51,,68,,35,,-17.4,,-15.7,,-19.3,,0,,6.8,,13.2,,-14.6,,1007,,1.6,,1.2,,17,,41,,8.1,,0.4,,0.4,,0.4,
2010-02-07,38,-8.9,,-3.2,,-13.7,,62,,77,,42,,-15.2,,-12.6,,-18.3,,0,,12,,24.1,,-22.1,,1005,,2.7,,2.3,,304,,32,,15.9,,0.4,,0.4,,0.4,
2010-02-08,39,-7,,-2,,-11,,63,,81,,42,,-13.2,,-11.8,,-14,,0,,11.4,,23,,-12.8,,1006,,2.6,,2.3,,282,,26,,10.4,,0.4,,0.4,,0.3,
2010-02-09,40,-4.7,,1.5,,-11.3,,60,,79,,41,,-11.5,,-7.8,,-14.4,,0,,11.8,,23.4,,2,,1010,,1.6,,1.3,,294,,34,,7.8,,0.3,,0.4,,0.3,
2010-02-10,41,-2.8,,-1.2,,-3.9,,78,,93,,62,,-6.2,,-2.9,,-9.4,,0.5,,3,,6,,2.3,,994,,2.1,,1.6,,46,,39,,13.1,,0.3,,0.3,,0.3,
2010-02-11,42,-2.3,,3.3,,-5.7,,61,,78,,40,,-9.1,,-5.3,,-11.4,,0,,13.3,,25.3,,-12.9,,996,,2.8,,2.4,,320,,32,,13.6,,0.3,,0.4,,0.3,
2010-02-12,43,-4.8,,1.7,,-10.3,,51,,76,,21,,-14.2,,-11.1,,-18.9,,0,,13.4,,25.3,,-16.2,,1003,,2.1,,1.8,,287,,28,,8.7,,0.3,,0.4,,0.3,
2010-02-13,44,-6,,-0.1,,-11,,51,,70,,29,,-14.7,,-11.3,,-17.9,,0,,9,,18.1,,-4.8,,996,,2.1,,1.9,,294,,28,,8.6,,0.3,,0.3,,0.3,
2010-02-14,45,-3.4,,0.5,,-8.2,,66,,80,,51,,-9,,-6.5,,-11.6,,0,,8.9,,17.5,,8.5,,995,,2.8,,2.6,,275,,24,,11.5,,0.3,,0.3,,0.3,
2010-02-15,46,-2.5,,0.6,,-5.8,,66,,80,,51,,-8.1,,-7.1,,-9.1,,0,,5.1,,10.2,,-4.2,,1001,,2.4,,1.9,,275,,36,,10.7,,0.3,,0.3,,0.3,
2010-02-16,47,-3.5,,-1.8,,-4.6,,93,,96,,71,,-4.4,,-2.6,,-7.9,,8.4,,1.6,,3.2,,-12.2,,995,,1.8,,1,,31,,56,,8.5,,0.3,,0.3,,0.3,
2010-02-17,48,-3.6,,-1.3,,-6.9,,87,,95,,71,,-5.5,,-2.7,,-7.8,,1.3,,2.5,,4.4,,-14.9,,994,,1.4,,1.3,,274,,27,,7.2,,0.3,,0.3,,0.3,
2010-02-18,49,-0.7,,4.7,,-4.9,,74,,94,,52,,-5,,-3.2,,-6.9,,0,,12.2,,24.2,,4.1,,995,,2.5,,2.3,,278,,25,,14,,0.3,,0.3,,0.3,
2010-02-19,50,-0.8,,3.2,,-3.7,,65,,73,,49,,-6.7,,-5,,-8.3,,0,,9.2,,18.4,,-0.4,,1000,,3.1,,2.8,,281,,24,,14.3,,0.3,,0.3,,0.3,
2010-02-20,51,0.5,,6.3,,-3.7,,68,,83,,47,,-4.8,,-2.8,,-6.6,,0,,13.7,,26.6,,6.1,,1008,,2.2,,1.9,,279,,27,,9.7,,0.3,,0.4,,0.3,
2010-02-21,52,-1.5,,2,,-4.4,,61,,78,,42,,-8.2,,-5.3,,-10.1,,0,,11.2,,21.5,,-1.6,,1008,,2.4,,2.1,,292,,29,,10.7,,0.3,,0.4,,0.3,
2010-02-22,53,0,,7,,-6.4,,65,,86,,39,,-6.2,,-3.5,,-8.8,,0,,13.1,,25.3,,10.1,,1010,,1.6,,0.4,,356,,70,,7.9,,0.3,,0.4,,0.3,
2010-02-23,54,-0.2,,1,,-1,,86,,97,,76,,-2.3,,-0.5,,-4.3,,3.8,,2.4,,5,,2.6,,1011,,2.3,,2,,88,,30,,10.3,,0.3,,0.3,,0.3,
2010-02-24,55,0.9,,2.6,,-0.7,,97,,97,,95,,0.4,,2.1,,-1.1,,20.3,,2.6,,5.7,,-2.7,,1006,,3.8,,3.5,,75,,24,,12.9,,0.3,,0.3,,0.3,
2010-02-25,56,3.1,,4.8,,2.1,,95,,97,,91,,2.4,,3.8,,1.4,,38.1,,2.3,,4.9,,7.2,,994,,3.7,,3.4,,67,,25,,16.5,,0.3,,0.3,,0,
2010-02-26,57,-0.4,,5.1,,-2.1,,92,,97,,73,,-1.6,,4.3,,-5.1,,10.7,,4.5,,8.8,,-3,,988,,3.1,,2.7,,88,,30,,14.7,,0,,0.1,,0,
2010-02-27,58,-0.8,,2.4,,-2.9,,90,,97,,66,,-2.3,,0,,-4.2,,2.5,,8,,14.2,,-15.7,,996,,1,,0.7,,152,,44,,4.9,,0.1,,0.1,,0,
2010-02-28,59,-1.4,,1.4,,-3.9,,86,,96,,68,,-3.5,,-2.5,,-4.6,,0,,4.9,,9.4,,-10.8,,1000,,1.1,,0.6,,43,,56,,6.5,,0.1,,0.2,,0.1,
2010-03-01,60,1.5,,6,,-0.8,,78,,96,,59,,-2,,-0.5,,-3.8,,0.3,,9.3,,18,,17.9,,1001,,2.7,,2.3,,316,,30,,11.9,,0.2,,0.2,,0.2,
2010-03-02,61,3.6,,9.3,,-0.5,,65,,85,,43,,-2.6,,-0.8,,-3.6,,0,,11.9,,22.4,,30.9,,1008,,1.2,,0.3,,68,,67,,6.2,,0.2,,0.2,,0.2,
2010-03-03,62,0,,1.8,,-1.2,,80,,93,,63,,-3.1,,-1.4,,-5.2,,0.8,,4.6,,8.9,,1.4,,1003,,2,,1.7,,49,,31,,10.7,,0.2,,0.3,,0.2,
2010-03-04,63,0.6,,3.4,,-1.4,,69,,85,,48,,-4.6,,-2.4,,-7.3,,0,,9.2,,17.4,,30.6,,1002,,1.6,,1.3,,343,,35,,8.8,,0.3,,0.3,,0.2,
2010-03-05,64,0.7,,6.3,,-2.7,,45,,66,,27,,-10.4,,-5.8,,-15,,0,,12.7,,23.7,,37.8,,1012,,1.8,,1.6,,333,,30,,8.7,,0.3,,0.3,,0.3,
2010-03-06,65,2.5,,10.9,,-3.9,,34,,53,,20,,-12.2,,-6.3,,-16.6,,0,,16.6,,30.8,,46.9,,1015,,1.9,,1.6,,319,,33,,12.4,,0.4,,0.5,,0.3,
2010-03-07,66,3.7,,11.2,,-2.9,,50,,67,,34,,-6,,-0.5,,-11.3,,0,,17,,31,,57,,1011,,1.6,,1.4,,274,,32,,8.4,,0.7,,1.3,,0.4,
2010-03-08,67,4.8,,11.7,,-0.5,,52,,71,,33,,-4.4,,-0.5,,-7.9,,0,,16.9,,31.2,,62.5,,1007,,2,,1.8,,280,,27,,12.4,,1.5,,2.7,,0.8,
2010-03-09,68,2.5,,9.2,,-2.4,,49,,88,,14,,-9,,-2.2,,-17.6,,0,,18,,32.6,,58.2,,1011,,1.4,,0.7,,336,,56,,10.7,,2.2,,3.2,,1.4,
2010-03-10,69,3.6,,12.7,,-3.9,,42,,66,,22,,-8.8,,-4.2,,-14,,0,,18.1,,33.4,,63.2,,1015,,1,,0.2,,334,,71,,5.7,,2.6,,3.9,,1.6,
2010-03-11,70,3,,7,,1.5,,70,,91,,42,,-2.4,,1.1,,-6.9,,2,,4,,7.8,,12.7,,1018,,1.4,,1.1,,87,,33,,5.9,,3,,3.3,,2.6,
2010-03-12,71,2.8,,6.6,,0.8,,70,,89,,50,,-2.3,,-0.1,,-4.9,,0,,6.9,,13.4,,39.5,,1021,,2.5,,2.2,,78,,26,,9.4,,3.2,,3.7,,2.8,
2010-03-13,72,1,,2.4,,0.2,,83,,94,,61,,-1.7,,1,,-5.7,,14.5,,3.9,,7.9,,8.8,,1015,,4.7,,4.3,,74,,25,,17.8,,2.9,,3.3,,2.7,
2010-03-14,73,2.8,,3.9,,0.6,,92,,94,,91,,1.6,,2.7,,-0.3,,32,,6,,11.6,,26.7,,1004,,5.4,,4.9,,66,,24,,20.9,,2.6,,3,,2.2,
2010-03-15,74,2.4,,3.7,,0.7,,89,,93,,54,,0.7,,2.5,,-5.6,,17.5,,5.2,,10.1,,11.7,,1005,,3.3,,2.9,,54,,28,,14.3,,3,,3.4,,2.8,
2010-03-16,75,6.7,,14.4,,1.5,,38,,66,,12,,-8,,-2.3,,-15.9,,0,,19.6,,35.2,,78.5,,1013,,1.5,,1.2,,34,,37,,8,,3.4,,4.7,,2.3,
2010-03-17,76,8.8,,16.6,,2,,39,,61,,18,,-5.2,,-1.6,,-9.6,,0,,19.6,,35.3,,75.5,,1011,,1.5,,1.2,,293,,38,,8,,4.1,,5.6,,2.8,
2010-03-18,77,9.9,,16.3,,4.2,,46,,63,,26,,-1.7,,1.5,,-3.8,,0,,19.3,,35.1,,81.6,,1006,,1.8,,1.5,,268,,32,,11,,4.8,,6.1,,3.5,
2010-03-19,78,11.3,,19.5,,3.6,,45,,70,,22,,-1.2,,2.5,,-2.9,,0,,19,,34.4,,75.9,,1008,,1.3,,0.6,,246,,56,,8.1,,5.8,,7.2,,4.5,
2010-03-20,79,12.2,,19.8,,4.7,,46,,67,,25,,0.3,,5.2,,-1.8,,0,,18.9,,34.6,,79,,1013,,1.4,,0.9,,279,,48,,9.6,,6.6,,7.9,,5.3,
2010-03-21,80,7.8,,14.4,,2.1,,63,,90,,42,,0.9,,4,,-0.7,,0,,12.4,,22.9,,50.5,,1018,,1.8,,1.5,,92,,33,,9.1,,6.8,,7.6,,6.2,
2010-03-22,81,4.6,,8.7,,1.5,,94,,96,,85,,3.7,,6.8,,0.3,,5.1,,4,,8.2,,15.1,,1015,,2.6,,2.3,,84,,25,,12.7,,6.3,,6.9,,5.9,
2010-03-23,82,4,,5.3,,2.9,,94,,96,,92,,3.2,,4.3,,2.2,,28.5,,3.3,,6.7,,12.5,,1000,,3.2,,2.1,,54,,47,,13.2,,5.7,,6.3,,5.5,
2010-03-24,83,4.4,,10.4,,0,,64,,95,,31,,-2.6,,3.7,,-6.9,,0,,14.2,,26.4,,60.8,,1002,,2.8,,2.5,,295,,28,,15.9,,5.7,,6.5,,5.2,
2010-03-25,84,7.8,,14.1,,0.3,,47,,90,,22,,-3.5,,4.7,,-8.5,,1,,13.6,,24.5,,56.8,,1009,,1.7,,1.4,,236,,37,,14.1,,5.5,,6.4,,4.4,
2010-03-26,85,-0.3,,5.9,,-6.1,,54,,95,,21,,-9.8,,4.5,,-19.4,,7.6,,17,,30.3,,58.7,,1009,,2.1,,1.7,,337,,34,,10.8,,6,,6.6,,5.4,
2010-03-27,86,-2.1,,4.5,,-8.5,,35,,59,,16,,-16.3,,-9.2,,-20.4,,0,,20.4,,37,,76.9,,1024,,1.3,,0.3,,285,,71,,7,,4.9,,5.9,,3.8,
2010-03-28,87,1.6,,7.4,,-3.4,,72,,93,,40,,-3.2,,3.9,,-9.5,,0,,13.9,,25.5,,62.9,,1022,,3.2,,2.8,,171,,27,,10.5,,4.8,,5.6,,3.9,
2010-03-29,88,8.7,,10.6,,4.8,,94,,96,,92,,7.8,,9.7,,3.7,,34,,1.9,,4.1,,3.3,,1009,,2.8,,2.1,,163,,39,,13.4,,5.9,,6.6,,5.2,
2010-03-30,89,5.7,,7.3,,3.9,,93,,94,,92,,4.7,,6.2,,2.9,,38.6,,2.5,,5.3,,2.9,,1002,,3.5,,3,,51,,30,,14.7,,6.2,,6.6,,6,
2010-03-31,90,7.1,,8.5,,6.1,,92,,96,,82,,5.9,,6.6,,5.1,,7.1,,5.1,,9.6,,9.8,,1007,,1.7,,1.4,,42,,34,,9,,6.6,,7.1,,6.2,
2010-04-01,91,9.6,,18.7,,5.5,,81,,96,,43,,6.1,,9.5,,4.3,,0,,14.8,,27.1,,61,,1016,,1.1,,0.5,,10,,61,,5.3,,7.7,,9.2,,6.7,
2010-04-02,92,14.2,,22.3,,4.8,,64,,95,,30,,6.5,,11.1,,3.2,,0,,22,,39.1,,104.7,,1019,,1.5,,1,,206,,46,,6.5,,9.2,,11,,7.6,
2010-04-03,93,15.1,,24.1,,8.2,,57,,85,,27,,5.5,,8.4,,3.1,,0,,21.8,,38.7,,101.6,,1018,,2.3,,2.1,,212,,27,,10.8,,10.4,,11.9,,9,
2010-04-04,94,13.8,,21.3,,7,,51,,91,,18,,2,,7.4,,-6.3,,0,,20.8,,36.5,,100.2,,1016,,1.8,,1.4,,268,,37,,9.2,,10.9,,12.1,,9.7,
2010-04-05,95,14.1,,20.7,,4.4,,42,,69,,23,,0.5,,7.1,,-4,,0,,15.6,,27.2,,58.8,,1017,,2.1,,1.4,,206,,44,,12.3,,10.6,,11.3,,9.6,
2010-04-06,96,12.1,,17.2,,7.2,,73,,86,,40,,7.1,,10.2,,3.4,,0.3,,6.5,,11.7,,2.2,,1010,,1.3,,0.7,,85,,56,,7,,10.2,,10.6,,9.5,
2010-04-07,97,18.1,,30,,5.6,,57,,92,,23,,7.9,,12,,4.2,,0,,19.6,,34.3,,103.8,,1004,,1.6,,0.7,,236,,60,,9.7,,10.9,,12.7,,9.4,
2010-04-08,98,14.1,,21,,7.3,,73,,95,,50,,9.1,,12.6,,6,,0,,21.2,,38,,121.6,,1007,,3.2,,2.8,,92,,27,,11.9,,12.3,,13.4,,11.4,
2010-04-09,99,6.4,,9.2,,1.7,,88,,96,,55,,4.4,,8.6,,-5.9,,8.1,,2.7,,5.2,,-5.5,,1004,,2.1,,0.7,,299,,67,,12.2,,11.3,,12.3,,10.4,
2010-04-10,100,5.8,,12.3,,0.7,,47,,69,,26,,-5.1,,-0.4,,-9.4,,0,,21.5,,37.4,,113.1,,1014,,3,,2.7,,273,,25,,12.6,,10.1,,11.1,,9.2,
2010-04-11,101,11.2,,17.5,,5.3,,38,,55,,21,,-2.9,,4.2,,-7.5,,0,,22.2,,38.6,,114.2,,1019,,2.3,,1.9,,263,,33,,12.8,,10.4,,11.7,,9.3,
2010-04-12,102,7.4,,13.3,,1.4,,45,,71,,25,,-4.4,,0.9,,-8.3,,0,,21.2,,37.3,,99.5,,1023,,1.5,,0.9,,327,,53,,9.9,,10.2,,11.3,,9.1,
2010-04-13,103,7.1,,14.2,,-0.2,,43,,68,,21,,-5.5,,-0.6,,-9,,0,,19.9,,34.2,,91.5,,1029,,1.2,,0.3,,290,,68,,7.1,,10,,11.2,,8.8,
2010-04-14,104,9.4,,17.3,,1.8,,36,,75,,12,,-6.6,,-0.1,,-13.2,,0,,24.9,,43.7,,118.9,,1028,,1.4,,1,,303,,42,,9.1,,10.2,,11.5,,8.8,
2010-04-15,105,9.4,,18,,3.1,,38,,59,,13,,-5.3,,0.8,,-11.1,,0,,22.2,,38.9,,107.4,,1022,,1.9,,0.5,,39,,67,,10.6,,10.2,,11.5,,8.9,
2010-04-16,106,3.2,,5.5,,1,,84,,95,,56,,0.7,,2.7,,-3.6,,6.9,,6.6,,12.2,,19.8,,1014,,2.1,,1.8,,120,,32,,8.2,,9.7,,10.5,,9.1,
2010-04-17,107,3.2,,5.9,,1.6,,93,,96,,83,,2.2,,4.1,,0.9,,6.1,,5.3,,9.7,,13.6,,1005,,1,,0.8,,85,,38,,5.9,,8.9,,9.2,,8.5,
2010-04-18,108,4.3,,8.5,,0.9,,82,,96,,60,,1.4,,4.6,,0,,1.5,,10.5,,18.5,,21.8,,1008,,1.1,,0.9,,301,,35,,7.7,,8.8,,9.5,,8.1,
2010-04-19,109,7,,13.3,,1.1,,68,,94,,43,,1,,3.8,,-2.1,,0,,19.6,,34.4,,101.2,,1012,,1.5,,1.2,,324,,38,,9.5,,9.1,,10.2,,8.2,
2010-04-20,110,10.9,,18.1,,3.7,,51,,84,,22,,-0.1,,5.3,,-4.3,,0,,20.1,,34.6,,97.5,,1010,,1.3,,0.9,,330,,44,,8.4,,9.7,,10.9,,8.5,
2010-04-21,111,12.9,,19.4,,4.9,,43,,77,,20,,-0.2,,5.6,,-4.3,,0,,20.6,,35.3,,96.5,,1008,,1.8,,1.2,,201,,44,,10.1,,10.4,,11.6,,9.1,
2010-04-22,112,11.9,,19.6,,5.9,,61,,96,,23,,3.4,,9.1,,-5.3,,0,,19.1,,32.8,,93.3,,1005,,1.2,,0.7,,256,,51,,8.9,,11.2,,12.4,,10,
2010-04-23,113,9.5,,16.1,,3.7,,48,,77,,16,,-2.3,,4.4,,-11.2,,0,,21.7,,37.3,,101,,1009,,1.6,,1.1,,331,,42,,10.5,,11,,11.9,,10,
2010-04-24,114,11.5,,19.5,,2.4,,35,,62,,15,,-4.6,,1.2,,-8.4,,0,,25.9,,44.6,,129.7,,1013,,1.3,,0.6,,259,,59,,9.9,,10.9,,12.3,,9.4,
2010-04-25,115,10.6,,15,,8.2,,67,,83,,43,,4.4,,8.7,,-2.9,,0,,14.6,,25.9,,81.9,,1003,,1.4,,1,,210,,45,,7.3,,11.4,,12.4,,10.5,
2010-04-26,116,10.3,,15.9,,6,,73,,94,,42,,5.1,,7.2,,2.1,,1,,13.3,,23.7,,69.7,,993,,1.4,,1,,106,,44,,6.8,,11.7,,12.4,,11.1,
2010-04-27,117,4.7,,8.5,,-1.4,,90,,96,,77,,3.2,,6.5,,-3.2,,5.6,,4.6,,8.4,,-9.9,,992,,1,,0.5,,282,,55,,9.2,,11,,11.8,,10.1,
2010-04-28,118,1.8,,4.7,,-1.6,,84,,93,,68,,-0.6,,1.7,,-3.2,,0.8,,8.5,,14.6,,6.9,,995,,1.9,,1.5,,292,,36,,12.5,,9.2,,10.1,,8.8,
2010-04-29,119,7.1,,13.7,,-0.3,,42,,82,,15,,-6.5,,-1.2,,-13.3,,0,,26.6,,46.2,,132.6,,1003,,2.1,,1.6,,293,,40,,14.2,,9.1,,10.5,,7.7,
2010-04-30,120,13,,22.8,,2.9,,37,,64,,15,,-2.5,,5.5,,-8.6,,0,,24,,42,,126.3,,1007,,1.5,,1.1,,285,,40,,8.9,,9.8,,11.6,,8.2,
2010-05-01,121,19.7,,28.4,,10,,38,,57,,23,,4.7,,12.1,,-3.1,,0,,21.9,,39.3,,137,,1009,,1.4,,0.7,,197,,58,,6.6,,12,,14,,10.2,
2010-05-02,122,22.8,,29.7,,16.6,,59,,76,,40,,14.1,,18.2,,7.6,,0,,18.3,,34.3,,114.9,,1008,,1.5,,1.2,,212,,35,,7.8,,14,,15.6,,12.6,
2010-05-03,123,19.4,,24.1,,13,,75,,93,,40,,14.7,,18.8,,7,,3.6,,9.6,,18.2,,34.2,,1005,,1.9,,1.5,,236,,39,,16.1,,15,,15.6,,14.5,
2010-05-04,124,14.7,,23.7,,8.9,,70,,95,,33,,8.5,,11.8,,4.8,,2.3,,17.9,,32.8,,84.7,,1007,,1.3,,1,,268,,40,,20.7,,14.3,,15.4,,13.1,
2010-05-05,125,16.1,,23.9,,7.1,,52,,89,,30,,5.4,,10.9,,1.1,,0,,23.2,,42.3,,122.2,,1011,,1.6,,1,,221,,48,,8.7,,14.1,,15.7,,12.4,
2010-05-06,126,14.9,,21.5,,8.4,,62,,94,,28,,6.7,,15.9,,-0.7,,1.3,,15.4,,28,,65.1,,1006,,2.4,,1.5,,247,,48,,13.9,,14.4,,15.3,,13.6,
2010-05-07,127,12.2,,19.5,,4.3,,51,,86,,22,,1.2,,5.1,,-3.4,,0,,27,,48.7,,145.8,,1011,,1.5,,0.8,,276,,54,,9.1,,13.9,,15.3,,12.4,
2010-05-08,128,9.3,,13.4,,4.2,,87,,96,,53,,7.2,,12,,0.2,,24.9,,5,,9.5,,-1.2,,1000,,1.8,,0.2,,170,,76,,9.8,,13.1,,14.2,,12.6,
2010-05-09,129,4,,7.5,,1.4,,62,,78,,46,,-2.6,,0.8,,-4.7,,0,,16.9,,29.9,,95.1,,1008,,2.9,,2.3,,278,,35,,13.5,,12.1,,12.7,,11.5,
2010-05-10,130,6,,12.2,,0,,44,,78,,19,,-6.5,,-1.8,,-13,,0,,28.7,,50.8,,152,,1018,,1.8,,1.3,,303,,43,,9.7,,12,,13.4,,10.7,
2010-05-11,131,6.9,,13.8,,-1.1,,49,,75,,24,,-4,,0.8,,-8.1,,0,,24.4,,42.6,,128.2,,1025,,1.1,,0.3,,287,,66,,6.2,,12,,13.4,,10.6,
2010-05-12,132,5.4,,7.3,,3.2,,82,,96,,60,,2.4,,4.5,,-1.1,,1,,6.1,,10.8,,0,,1021,,0.9,,0.5,,206,,51,,5.6,,11.8,,12.6,,11.3,
2010-05-13,133,10.4,,17.9,,1,,55,,95,,22,,0.3,,4.9,,-6.6,,0,,26.7,,46.4,,151.2,,1023,,1,,0.5,,295,,51,,8,,11.8,,13.6,,10.2,
2010-05-14,134,18.1,,21.4,,15.3,,81,,95,,62,,14.7,,15.7,,11.9,,0,,4.1,,7.3,,41.4,,1013,,0.9,,0.6,,208,,48,,4.9,,13.7,,14,,12.7,
2010-05-15,135,14,,19.8,,8.2,,58,,83,,32,,5.4,,12,,2.2,,0,,24.7,,42.6,,138.2,,1014,,1.7,,1.2,,292,,44,,12,,13.8,,15,,12.6,
2010-05-16,136,13.1,,20.5,,5.7,,51,,90,,14,,1.6,,9.4,,-8.3,,0,,27,,46.8,,145.2,,1017,,1.3,,0.8,,324,,47,,9.9,,14,,15.3,,12.6,
2010-05-17,137,15.3,,23.2,,7.3,,38,,62,,15,,-0.2,,7,,-5.9,,0,,25.7,,43.5,,134.3,,1019,,1,,0.3,,339,,65,,6.5,,14.1,,15.6,,12.6,
2010-05-18,138,11.8,,16.8,,8.1,,63,,95,,31,,4.2,,8.4,,-0.8,,10.9,,10.7,,18.8,,47.1,,1018,,1.4,,1,,102,,44,,8.1,,13.9,,14.7,,13.4,
2010-05-19,139,10.3,,12.3,,7.5,,94,,96,,88,,9.3,,11,,6.6,,4.3,,6.8,,12.1,,19.7,,1009,,1.4,,1,,53,,43,,9.1,,13.3,,13.7,,12.8,
2010-05-20,140,17.5,,27.3,,8.5,,70,,97,,28,,10.9,,15.3,,6.4,,0,,27.8,,50.1,,167.9,,1013,,1,,0.4,,271,,59,,7.6,,14.7,,16.8,,12.9,
2010-05-21,141,18.6,,27.1,,11.3,,64,,91,,35,,11,,16.2,,7.2,,0.5,,21.7,,37.4,,121.1,,1020,,1.1,,0.7,,89,,48,,6.4,,16.2,,17.5,,14.8,
2010-05-22,142,17.8,,24.7,,10.7,,64,,82,,43,,10.6,,15.5,,4.4,,0,,21.1,,36,,124.5,,1024,,1.5,,1,,155,,45,,6.9,,16.5,,17.7,,15.2,
2010-05-23,143,17.5,,23.8,,11.3,,77,,95,,53,,13.2,,16.6,,10.2,,0,,18,,31.4,,99.9,,1024,,1.3,,1,,146,,40,,5.8,,16.7,,17.6,,15.7,
2010-05-24,144,19.8,,26.2,,12.7,,70,,95,,33,,13.5,,16.7,,7.3,,0,,28.1,,52.1,,175.9,,1024,,0.9,,0.4,,206,,59,,5.2,,17.2,,18.8,,15.7,
2010-05-25,145,22.5,,30.5,,15.6,,71,,96,,35,,16,,19.5,,12.9,,0,,26.6,,50.9,,176.3,,1020,,0.8,,0.5,,251,,52,,5.7,,18.2,,19.8,,16.9,
2010-05-26,146,24.9,,33.7,,15.3,,63,,95,,29,,16.2,,21.5,,12.9,,8.4,,27.5,,54.8,,181.1,,1010,,1.3,,0.6,,346,,58,,11.5,,19,,20.5,,17.5,
2010-05-27,147,17.3,,25,,11.7,,72,,95,,33,,11.6,,14.9,,6.7,,0,,24.3,,46,,144,,1011,,1.2,,0.5,,45,,62,,8.7,,19.3,,20.5,,18.1,
2010-05-28,148,17,,25.1,,8.3,,62,,95,,26,,8.6,,12.3,,3.3,,0,,28.8,,53.8,,164.5,,1014,,1.1,,0.2,,128,,70,,6.7,,18.8,,20.2,,17.3,
2010-05-29,149,17.1,,22.7,,12.3,,83,,95,,65,,14.1,,18.8,,9.6,,1.3,,13.6,,25.5,,60,,1011,,1,,0.8,,213,,39,,4.8,,18.4,,19,,17.6,
2010-05-30,150,19.4,,25.5,,14.4,,65,,96,,36,,11.8,,15.2,,7.9,,0,,24.5,,47.2,,152.1,,1011,,1.2,,0.8,,304,,41,,10.3,,18.6,,19.9,,17.3,
2010-05-31,151,19.5,,27,,13.3,,53,,73,,37,,9.6,,17,,4.1,,0,,27.6,,55,,173.5,,1016,,1.3,,0.6,,195,,58,,7,,18.9,,20.4,,17.4,
2010-06-01,152,18.1,,23.5,,14.4,,91,,96,,70,,16.7,,20,,9.7,,9.4,,8.5,,16.6,,37.9,,1008,,1,,0.7,,214,,42,,6.9,,18.6,,19.2,,18,
2010-06-02,153,20.3,,26.5,,13.3,,70,,97,,39,,14,,17.1,,10.5,,0.3,,28,,51.7,,169.6,,1010,,1.3,,0.8,,194,,49,,6.6,,19.2,,21.1,,17.5,
2010-06-03,154,20,,26,,16,,83,,95,,62,,17,,21,,13.2,,4.6,,15.6,,27.8,,94,,1006,,1.6,,1,,202,,48,,8.5,,19.7,,20.7,,18.8,
2010-06-04,155,21.1,,27.2,,14.1,,73,,95,,42,,15.7,,18.4,,12.6,,0,,23.2,,40.3,,151.3,,1009,,1,,0.3,,216,,63,,5,,20.1,,21.5,,18.7,
2010-06-05,156,22.2,,28,,17.9,,78,,95,,50,,17.8,,20.1,,15.4,,0,,21.3,,37,,136.2,,1005,,1.5,,1,,224,,46,,7.6,,20.7,,22,,19.6,
2010-06-06,157,17.7,,23.8,,11.3,,84,,94,,66,,14.9,,20.8,,7.7,,11.4,,7.8,,13.8,,22.9,,999,,1.5,,0.4,,235,,65,,11.6,,20,,20.9,,19.4,
2010-06-07,158,14.1,,20.3,,9.1,,66,,89,,30,,7.3,,13.8,,1.1,,2.8,,24.3,,40.7,,135.1,,1007,,1.2,,0.8,,298,,47,,8.9,,19,,19.9,,17.9,
2010-06-08,159,13.2,,19.4,,7.3,,62,,92,,31,,5.5,,9.6,,0.9,,0,,25,,41.5,,140.5,,1015,,1.2,,0.6,,328,,55,,9.1,,18.3,,19.3,,17.1,
2010-06-09,160,11.6,,18.6,,7,,77,,95,,38,,7.3,,10.3,,3.4,,8.9,,14.7,,23.9,,73.3,,1018,,1.2,,0.6,,163,,55,,6.9,,17.5,,18.2,,16.6,
2010-06-10,161,12.3,,14.9,,9.8,,94,,96,,86,,11.4,,13.7,,8.9,,7.9,,6.6,,10.4,,12.5,,1012,,1.2,,0.9,,121,,41,,9.7,,16.8,,17.1,,16.4,
2010-06-11,162,15.1,,20.5,,10.7,,83,,96,,58,,12,,14.5,,10,,0,,17.3,,28.2,,108.9,,1019,,1,,0.5,,186,,58,,5.5,,17.3,,18.6,,16.2,
2010-06-12,163,15,,16.4,,13.2,,94,,96,,87,,14.2,,15.7,,12.5,,22.6,,4,,6.7,,17,,1018,,0.9,,0.3,,153,,62,,5.9,,17.6,,18,,17.3,
2010-06-13,164,15.1,,16.5,,13.5,,93,,97,,87,,14,,15.1,,13,,0.3,,6.3,,10.2,,32.3,,1013,,1.1,,0.9,,61,,34,,5.3,,17.4,,17.7,,17,
2010-06-14,165,17.5,,23.8,,13,,83,,94,,59,,14.4,,18.3,,10.7,,0,,15,,23.8,,95.9,,1010,,0.8,,0.3,,297,,59,,5.2,,17.9,,19,,17.1,
2010-06-15,166,17,,24.5,,9.8,,60,,92,,31,,8.4,,14.1,,2,,0,,29.7,,48.2,,176.9,,1018,,1.1,,0.7,,336,,49,,6.3,,18.5,,20,,17.2,
2010-06-16,167,16.1,,21.4,,10.4,,67,,94,,41,,9.8,,15.7,,2.7,,5.3,,14.3,,22.2,,70.5,,1018,,1.7,,1,,165,,51,,8.1,,18.3,,19,,17.6,
2010-06-17,168,16.6,,19.5,,13.3,,85,,96,,68,,13.9,,17.2,,12,,1,,12.1,,19.1,,68.5,,1010,,1.2,,0.7,,289,,51,,8.1,,18.4,,18.9,,17.9,
2010-06-18,169,20.7,,28.2,,12.8,,66,,93,,32,,13.4,,17.3,,9.1,,0.3,,28.5,,45.9,,176.1,,1017,,0.9,,0.3,,304,,62,,5.1,,18.7,,20.4,,17.2,
2010-06-19,170,21.2,,26.4,,14.7,,64,,91,,38,,13.6,,16.8,,8.5,,0,,29.4,,48.6,,185.7,,1017,,1.5,,1.2,,204,,37,,7.7,,19.8,,21.1,,18.5,
2010-06-20,171,21.8,,28.5,,17.3,,81,,94,,51,,18.2,,23.1,,15.6,,1.8,,18.4,,30.1,,115.2,,1012,,1,,0.6,,220,,53,,5.9,,20.5,,21.6,,19.6,
2010-06-21,172,21.9,,27.9,,17,,67,,92,,39,,14.9,,19.4,,11,,0,,25.6,,42.5,,162.8,,1015,,0.9,,0.5,,328,,53,,7.6,,20.8,,21.8,,19.8,
2010-06-22,173,20.1,,25.5,,14.4,,67,,94,,37,,13.3,,18.1,,6.4,,9.6,,17.8,,28.9,,99.7,,1019,,0.9,,0.4,,149,,55,,5.9,,20.5,,21.1,,19.7,
2010-06-23,174,21,,26.4,,17.2,,83,,96,,57,,17.7,,19.9,,16.1,,2.8,,16.3,,27.1,,97.4,,1012,,1.2,,0.6,,235,,56,,7.8,,20.6,,21.4,,20,
2010-06-24,175,22.9,,30,,17,,76,,95,,44,,18.1,,22,,14.4,,15.2,,22,,36.8,,135.4,,1007,,1.4,,0.9,,242,,49,,10.4,,21.2,,22.5,,20.1,
2010-06-25,176,20.4,,27,,14.7,,65,,93,,27,,12.5,,16.2,,4.8,,0,,28.9,,47.7,,177.4,,1015,,0.9,,0.3,,288,,65,,6.1,,21.7,,23.1,,20.2,
2010-06-26,177,19,,25.3,,14.8,,78,,96,,44,,14.7,,17,,11.4,,0.5,,19.1,,30.3,,104.6,,1012,,0.8,,0.4,,266,,49,,5.2,,21.5,,22.5,,20.5,
2010-06-27,178,21.8,,27.8,,15,,76,,92,,57,,17.3,,21,,13,,0,,19,,30.5,,120.7,,1008,,1,,0.6,,194,,47,,6.2,,21.6,,22.8,,20.5,
2010-06-28,179,24.1,,28.3,,20.8,,81,,93,,59,,20.6,,22.9,,18.9,,0,,12.8,,20.9,,76.2,,1002,,1.4,,1,,216,,43,,8.9,,22.2,,22.9,,21.4,
2010-06-29,180,21.4,,26,,13.8,,68,,96,,45,,14.9,,19.9,,7,,0,,23,,38.2,,138.6,,1009,,1.2,,0.9,,278,,40,,9.2,,22.2,,23.3,,21.2,
2010-06-30,181,15.3,,20.7,,8.8,,56,,88,,29,,6,,10.2,,1,,0,,28.8,,49.3,,168.8,,1016,,1.3,,0.8,,278,,48,,9.3,,21.1,,22.2,,19.8,
2010-07-01,182,14.4,,19.4,,8.3,,67,,87,,47,,8.1,,12,,5.9,,0,,17,,28.8,,88.7,,1018,,1,,0.6,,286,,50,,7.6,,19.8,,20.7,,18.9,
2010-07-02,183,17.1,,24.5,,9.6,,61,,89,,32,,8.7,,12.9,,5.7,,0,,27.4,,50.4,,163.7,,1021,,1.1,,0.6,,339,,51,,9,,19.6,,21,,18.1,
2010-07-03,184,20.6,,29,,12.6,,61,,84,,33,,12.1,,16.5,,9.1,,0,,28.4,,56.1,,182.4,,1018,,0.9,,0.4,,285,,62,,5.9,,20.2,,21.8,,18.7,
2010-07-04,185,22.1,,28.4,,16,,62,,86,,32,,14,,18.6,,8.7,,0,,17.9,,35.5,,97.2,,1015,,0.7,,0.3,,280,,60,,6.7,,20.5,,21.4,,19.5,
2010-07-05,186,25.4,,33.6,,17.3,,56,,81,,28,,15.2,,20.7,,10.2,,0,,28.5,,56.4,,188.7,,1015,,0.8,,0.4,,346,,56,,5.3,,21,,22.6,,19.4,
2010-07-06,187,27.8,,34.4,,22.4,,65,,86,,37,,20.1,,23.7,,17.2,,0,,25.5,,51,,177.5,,1016,,0.9,,0.5,,358,,51,,6.8,,22.3,,23.7,,21,
2010-07-07,188,27.6,,34.4,,23,,67,,88,,35,,20.4,,23.6,,15.4,,0,,22.2,,43.5,,151.8,,1017,,0.8,,0.3,,113,,64,,4.9,,23,,24.2,,21.9,
2010-07-08,189,24.5,,30.2,,20.1,,77,,94,,49,,19.9,,22.7,,17,,0,,17.3,,34.3,,104.3,,1018,,1.3,,1,,169,,38,,5.5,,23,,24,,22.2,
2010-07-09,190,24.5,,29.9,,20.4,,74,,94,,47,,19.2,,21,,17.1,,0,,24.3,,48.8,,164.5,,1015,,1.9,,1.6,,189,,32,,8.4,,23,,24.2,,22,
2010-07-10,191,21.1,,24.9,,19,,92,,96,,76,,19.7,,21.3,,17.4,,8.1,,6.3,,12.1,,18.4,,1012,,0.9,,0.3,,223,,61,,7.1,,22.5,,23.2,,22.2,
2010-07-11,192,22.4,,29.6,,17.9,,81,,96,,40,,18.7,,22.8,,14.4,,2.8,,23.9,,45.6,,149.9,,1011,,0.9,,0.4,,31,,55,,6.3,,22.7,,24.5,,21.3,
2010-07-12,193,23.5,,30.7,,17.8,,72,,96,,31,,17.3,,21,,10.1,,0,,25,,45,,164.8,,1013,,1.5,,1,,172,,47,,7.2,,23.5,,25,,22,
2010-07-13,194,23.6,,28.2,,20.6,,78,,95,,52,,19.4,,21.6,,16.9,,0,,16.2,,31,,105,,1016,,1.8,,1.5,,162,,31,,8.8,,23.4,,24.4,,22.5,
2010-07-14,195,21.5,,23,,18.7,,93,,96,,85,,20.2,,21.8,,18,,2,,7.2,,14.2,,18.7,,1014,,1.1,,0.6,,84,,51,,6.2,,23,,23.4,,22.5,
2010-07-15,196,22.1,,27.8,,17.2,,78,,96,,50,,17.9,,20.3,,16.3,,0.3,,25.2,,46.7,,169.6,,1017,,1.3,,1,,91,,38,,6.2,,22.8,,24.2,,21.4,
2010-07-16,197,23.1,,31.2,,17.9,,84,,96,,52,,19.8,,23.5,,16.9,,38.9,,21.1,,38.2,,146.9,,1012,,1.4,,1,,196,,46,,11,,22.8,,24.7,,21.2,
2010-07-17,198,23.9,,30.6,,18.2,,75,,97,,40,,18.7,,21.7,,15.2,,0,,24.7,,43,,164.3,,1010,,1,,0.6,,235,,45,,8.5,,23.1,,24.5,,21.7,
2010-07-18,199,22.3,,28,,17,,69,,95,,38,,15.9,,20.3,,11.5,,1,,24.2,,41.3,,153.7,,1011,,1.1,,0.8,,266,,45,,10.5,,23.5,,24.5,,22.4,
2010-07-19,200,22.6,,28.5,,16.2,,75,,95,,48,,17.7,,21.8,,13.7,,0,,18.8,,32.3,,121.3,,1010,,1.1,,0.6,,191,,53,,6.6,,23.1,,24,,22.2,
2010-07-20,201,21.5,,27.1,,17.8,,78,,95,,50,,17.2,,19.6,,14.7,,0,,17.8,,30.7,,101.3,,1015,,0.8,,0.3,,342,,60,,4.7,,23,,23.8,,22.3,
2010-07-21,202,21.5,,28.9,,14.2,,80,,96,,53,,17.5,,21,,13.5,,5.6,,19.8,,36.5,,123.1,,1012,,1.3,,0.6,,180,,58,,10.6,,22.8,,23.9,,21.8,
2010-07-22,203,20,,26.1,,14.2,,73,,96,,44,,14.6,,17.8,,12,,0.3,,22.3,,40,,134.1,,1012,,1.2,,0.7,,297,,51,,10.6,,22.4,,23.2,,21.4,
2010-07-23,204,18.5,,21.5,,14.7,,90,,96,,72,,16.7,,20,,13.4,,15.2,,5.6,,9.8,,14.7,,1014,,0.9,,0.5,,189,,54,,6.4,,21.6,,22.4,,21.3,
2010-07-24,205,24.4,,29.4,,20.1,,86,,97,,58,,21.7,,24.5,,19.6,,3.3,,18.6,,31.9,,118.6,,1010,,0.8,,0.4,,228,,51,,5.4,,22.3,,23.5,,21.2,
2010-07-25,206,22.6,,28.3,,14.4,,76,,93,,50,,18,,21.9,,12.1,,1,,18.2,,30.2,,105.9,,1008,,1.3,,0.8,,268,,49,,7.9,,23.2,,23.8,,22.6,
2010-07-26,207,19.2,,26,,12.4,,64,,94,,32,,11.3,,15.3,,7.3,,0,,24.6,,39.9,,148.8,,1013,,1.2,,0.6,,307,,55,,9.3,,22.2,,23,,21.3,
2010-07-27,208,21.5,,29.4,,13.9,,63,,93,,28,,13.3,,17.1,,8.3,,0,,27.4,,44.7,,173.3,,1016,,1,,0.4,,322,,59,,8.1,,21.9,,23.1,,20.8,
2010-07-28,209,23.1,,28.9,,16.4,,72,,92,,47,,17.5,,20.8,,13.6,,0,,24.2,,41.3,,157,,1014,,1.6,,1.2,,204,,42,,9.8,,22.2,,23.3,,21.2,
2010-07-29,210,23.1,,28,,16.1,,65,,95,,35,,15.6,,21.2,,9.7,,0,,23.9,,42.9,,155.3,,1010,,1.4,,0.8,,258,,51,,8.3,,23.2,,24.4,,22.3,
2010-07-30,211,18.2,,23.9,,11.9,,62,,85,,37,,10.6,,14.8,,7.3,,0,,19,,34.6,,102.3,,1013,,0.9,,0.3,,357,,63,,5.9,,22.2,,23,,21.2,
2010-07-31,212,17.4,,24.1,,10.1,,59,,83,,32,,8.7,,12.8,,5.4,,0,,26.1,,49.9,,150.3,,1016,,1.1,,0.2,,65,,69,,5.1,,21.6,,22.9,,20.3,
2010-08-01,213,19,,26.1,,12,,70,,96,,36,,12.8,,16.5,,9,,0,,22.5,,44,,140.8,,1017,,1.3,,0.8,,166,,50,,5.7,,21.6,,22.9,,20.4,
2010-08-02,214,19.9,,25.8,,14.3,,77,,93,,56,,15.6,,19.1,,11.6,,1,,16.9,,33.6,,90.8,,1019,,1.2,,0.9,,199,,39,,5.5,,21.7,,22.7,,20.7,
2010-08-03,215,21.9,,27.2,,17.2,,77,,90,,60,,17.5,,20.2,,14.9,,0,,17.8,,35.2,,113,,1017,,1.9,,1.6,,201,,33,,9,,21.9,,22.9,,20.9,
2010-08-04,216,24.3,,30.3,,20,,80,,94,,55,,20.3,,22.5,,18.2,,0,,19.6,,39.5,,133.9,,1011,,1.7,,1.3,,210,,35,,7.8,,22.6,,23.9,,21.5,
2010-08-05,217,22.9,,29,,18.1,,89,,96,,61,,21,,23.1,,17.4,,17.8,,12.4,,25.2,,71.6,,1004,,1,,0.6,,220,,50,,8,,22.9,,23.6,,22.4,
2010-08-06,218,20.8,,26.6,,12.4,,63,,96,,32,,12.5,,19.1,,4.8,,0.3,,23.9,,43.6,,145.3,,1005,,1.4,,1,,268,,43,,12.4,,22.6,,23.7,,21.6,
2010-08-07,219,17,,23.8,,11,,60,,84,,30,,8.4,,12.7,,4.3,,0,,22.7,,42.6,,137.6,,1014,,1.1,,0.3,,318,,69,,7.1,,21.7,,22.7,,20.7,
2010-08-08,220,20.4,,26.9,,12.6,,73,,91,,52,,15.2,,19.1,,8.2,,0,,19.3,,37.6,,121.2,,1016,,1.6,,1.1,,188,,46,,7.6,,21.5,,22.7,,20.4,
2010-08-09,221,24.4,,30.3,,20.2,,74,,96,,44,,19,,20.9,,16,,5.8,,17.9,,35.1,,119.8,,1015,,1.2,,1,,218,,37,,8.8,,22.4,,23.5,,21.4,
2010-08-10,222,23.1,,29.5,,18.6,,81,,97,,46,,19.2,,21.9,,16.1,,0.5,,20.4,,37.9,,131.7,,1012,,0.6,,0.2,,312,,61,,4.8,,23.1,,24.3,,21.9,
2010-08-11,223,22.8,,29.1,,17.1,,63,,94,,26,,14.3,,18.9,,7.2,,0,,25.6,,48.1,,158.4,,1012,,1,,0.5,,10,,57,,5.9,,23.2,,24.4,,22.2,
2010-08-12,224,19.8,,25,,15.6,,74,,96,,41,,14.6,,17.3,,10.4,,14.2,,15.2,,29.6,,93.9,,1014,,1.2,,0.8,,109,,46,,5.6,,22.5,,23.3,,21.8,
2010-08-13,225,18.6,,24.5,,13.5,,75,,96,,48,,13.7,,17,,9.6,,0,,20.3,,36.4,,114.6,,1018,,1.3,,1,,107,,36,,5.2,,22.3,,23.5,,21.4,
2010-08-14,226,18.8,,25.3,,12.3,,65,,97,,31,,11.2,,15.3,,6.5,,0,,23.3,,39.9,,130.5,,1020,,1.2,,0.9,,175,,44,,7.3,,21.9,,23.1,,20.7,
2010-08-15,227,18.5,,22.9,,14.8,,81,,95,,63,,15,,17.1,,11.3,,2.8,,10.3,,18.4,,53.9,,1018,,1.9,,1.6,,178,,28,,8.1,,21.3,,21.8,,20.7,
2010-08-16,228,20.3,,23.1,,16.9,,95,,96,,87,,19.4,,21.9,,16,,2.3,,4.8,,8.1,,10.9,,1015,,1.9,,1.6,,189,,33,,9.6,,21.1,,21.5,,20.7,
2010-08-17,229,22.5,,27.7,,17.3,,71,,97,,37,,16.3,,21.7,,10.3,,0,,20.6,,33,,128.2,,1016,,0.9,,0.4,,237,,54,,7.4,,22.2,,23.5,,21.1,
2010-08-18,230,20.5,,26.8,,15.8,,66,,86,,33,,13.5,,17.7,,9.3,,0,,17.8,,28.2,,105.9,,1017,,0.8,,0.1,,160,,70,,5.9,,22.1,,23.2,,21,
2010-08-19,231,22,,28.5,,15.6,,68,,93,,42,,15.3,,18.1,,12.3,,0,,20.4,,33.9,,128.9,,1012,,0.9,,0.3,,213,,63,,7,,22.1,,23.3,,20.9,
2010-08-20,232,19.7,,26,,12.5,,61,,96,,21,,10.7,,17.5,,1.6,,0,,24.4,,41.8,,140.3,,1013,,1,,0.6,,328,,51,,8.8,,22,,23.1,,21.1,
2010-08-21,233,17.6,,23.5,,10.5,,66,,82,,40,,10.8,,14.6,,7.2,,0,,17.2,,31.3,,97.3,,1017,,0.9,,0.3,,160,,63,,5.5,,21,,21.9,,20,
2010-08-22,234,17.4,,19.8,,14.8,,92,,95,,80,,16.1,,18,,13.8,,27.9,,4.6,,9,,5.8,,1016,,2.5,,2.1,,101,,34,,11.8,,20.7,,21.2,,20,
2010-08-23,235,15.4,,16.5,,14.5,,91,,96,,83,,13.9,,15.7,,12.2,,3.6,,4.8,,8.2,,13.9,,1015,,2.6,,2.2,,66,,34,,13,,19.6,,20,,19.3,
2010-08-24,236,16.3,,20.2,,14.5,,84,,95,,62,,13.6,,14.7,,12,,1.8,,13.3,,21.3,,82.8,,1017,,2.5,,2.1,,61,,33,,12.4,,19.6,,20.2,,19,
2010-08-25,237,16,,18.6,,14.5,,95,,97,,88,,15.2,,17,,13.7,,4.3,,6.5,,10.2,,17.4,,1011,,1.4,,0.8,,38,,49,,9,,19.6,,20.1,,19.2,
2010-08-26,238,19,,24.6,,13.5,,76,,97,,41,,14.1,,19.4,,9.5,,0,,17.2,,27.3,,85.2,,1013,,1,,0.8,,267,,41,,7.3,,20.1,,21.1,,19.3,
2010-08-27,239,16.1,,23.1,,10.1,,70,,96,,38,,9.9,,12.7,,7.3,,0,,22.4,,36,,121.4,,1017,,1,,0.5,,319,,56,,7.1,,19.9,,21,,18.8,
2010-08-28,240,17.8,,26,,10.4,,68,,94,,35,,11.2,,14.7,,7.9,,0,,22.5,,36.8,,127.8,,1021,,0.9,,0.4,,306,,59,,5.6,,19.9,,21.3,,18.6,
2010-08-29,241,22.3,,32.2,,14.4,,65,,94,,27,,14.3,,19.1,,10.1,,0,,22.7,,37.5,,132,,1021,,0.8,,0.4,,323,,54,,5.7,,20.5,,22,,19.1,
2010-08-30,242,23.1,,31.5,,16.3,,59,,81,,27,,13.7,,17.3,,9.4,,0,,23.1,,39.4,,130.1,,1020,,0.9,,0.5,,319,,50,,7.3,,20.9,,22.2,,19.6,
2010-08-31,243,25.2,,33.4,,18.9,,65,,90,,29,,17.4,,21.4,,12.7,,0,,22,,40.6,,137.6,,1018,,0.9,,0.5,,316,,53,,6.8,,21.6,,23,,20.3,
2010-09-01,244,25.2,,32.4,,18.9,,66,,95,,33,,17.7,,20,,13.3,,0,,21.1,,40.4,,126.5,,1017,,0.9,,0.3,,232,,61,,6.3,,22.1,,23.4,,20.9,
2010-09-02,245,25.5,,32.1,,18.8,,65,,90,,36,,17.9,,20.3,,14.5,,0,,20.9,,40.8,,126.1,,1015,,1.1,,0.7,,204,,48,,7.1,,22.4,,23.6,,21.2,
2010-09-03,246,23.1,,29.1,,19.9,,78,,96,,52,,18.7,,21.6,,15.1,,0.5,,12.8,,24.9,,68.5,,1007,,1.1,,0.5,,147,,60,,5.3,,22.4,,23.1,,21.6,
2010-09-04,247,19.8,,25.1,,13.3,,61,,96,,31,,11.4,,20.5,,5.1,,0,,17.3,,32.7,,85.9,,1001,,2,,1.5,,263,,38,,11.7,,22,,22.5,,21.2,
2010-09-05,248,14.5,,21.2,,9.9,,62,,83,,36,,6.8,,9.6,,4.6,,0,,17.1,,32.3,,79.5,,1012,,1.6,,1.1,,260,,44,,10.7,,20.4,,21.2,,19.7,
2010-09-06,249,16.6,,23.7,,8.5,,58,,88,,30,,7.5,,11.3,,4,,0,,21.5,,41.2,,109.7,,1021,,1.3,,0.7,,210,,52,,7.4,,19.6,,20.8,,18.5,
2010-09-07,250,21,,28.2,,15.5,,71,,91,,43,,15.3,,18.5,,10.7,,0,,18.2,,35.3,,98.1,,1018,,1.8,,1.5,,198,,33,,8.8,,20.1,,21.4,,19.1,
2010-09-08,251,19.5,,25.7,,13.6,,72,,95,,38,,13.8,,19.7,,8,,1.3,,14.6,,27,,84.7,,1008,,1.9,,1.2,,247,,48,,10.1,,20.7,,21.5,,20.1,
2010-09-09,252,14.1,,18.3,,11.1,,78,,93,,59,,10.3,,11.9,,9.3,,0,,5.6,,10.4,,7.6,,1005,,1.2,,0.9,,267,,37,,6.5,,19.3,,20.2,,18.7,
2010-09-10,253,13.1,,16.6,,10.5,,77,,93,,58,,8.9,,10.6,,7,,0,,9.1,,16.9,,39,,1010,,1,,0.7,,309,,44,,9.1,,18.3,,18.7,,17.9,
2010-09-11,254,15.7,,24.4,,8.6,,66,,94,,29,,8.3,,10.4,,4.2,,0,,20.8,,40,,99.7,,1015,,1.2,,0.3,,69,,68,,8.6,,18.2,,19.4,,17,
2010-09-12,255,12.8,,16.2,,10.2,,80,,91,,58,,9.3,,10.9,,7.6,,0,,8.5,,16,,34.5,,1018,,1.5,,1.2,,108,,32,,7.2,,17.9,,18.5,,17.5,
2010-09-13,256,13.6,,20.4,,10.9,,87,,96,,56,,11.4,,13.7,,9.6,,20.1,,10,,19.2,,53,,1014,,1.4,,0.9,,171,,47,,6.5,,17.4,,18.4,,16.8,
2010-09-14,257,14.7,,20.7,,8.8,,74,,97,,34,,9.7,,14,,4,,0,,14.3,,25.8,,66,,1012,,1.2,,0.7,,265,,48,,9.3,,17.4,,18.4,,16.5,
2010-09-15,258,11.7,,17.6,,6.8,,68,,95,,37,,5.3,,7.9,,2.2,,0,,17.6,,31.5,,81.8,,1015,,1.2,,0.8,,280,,48,,9.1,,17,,17.8,,16.1,
2010-09-16,259,13.1,,20.3,,5.2,,80,,96,,43,,9.1,,16.9,,4.4,,5.3,,15.9,,29.5,,81.8,,1015,,1.7,,1.1,,179,,46,,10.5,,16.7,,17.7,,15.5,
2010-09-17,260,15.2,,17.5,,12.1,,84,,97,,65,,12.4,,16.9,,8.3,,1.8,,6.9,,11.8,,36.5,,1012,,1.1,,0.5,,304,,59,,7.1,,17.6,,18.1,,17.3,
2010-09-18,261,13.8,,18.2,,10.8,,80,,94,,55,,10.3,,12.2,,8.5,,0,,9.2,,15,,40.3,,1022,,0.9,,0.5,,159,,52,,4.4,,17.6,,18.3,,17.1,
2010-09-19,262,16.1,,22,,11.9,,84,,97,,58,,13.2,,15.5,,11.4,,0,,11.2,,18.7,,62.5,,1018,,0.7,,0.4,,261,,55,,5.1,,17.8,,18.8,,16.9,
2010-09-20,263,13.1,,18.4,,7.4,,62,,95,,30,,5.2,,13.5,,-0.4,,0,,19.7,,32.4,,85.9,,1015,,1.2,,0.7,,342,,49,,10.2,,17.7,,18.5,,16.8,
2010-09-21,264,13.2,,20.2,,4.6,,58,,87,,28,,4.4,,11,,0.6,,0,,18.3,,30.9,,80,,1019,,1.4,,0.8,,226,,52,,7.6,,16.7,,17.6,,15.6,
2010-09-22,265,19.8,,27.9,,13.1,,69,,88,,39,,13.6,,17,,10.8,,0,,15.7,,28.1,,82.9,,1015,,1.6,,1.1,,232,,44,,8.9,,17.4,,18.6,,16.3,
2010-09-23,266,17.9,,24,,12.3,,67,,91,,33,,11,,15.4,,6.2,,0,,16.7,,30.6,,74.2,,1021,,1.1,,0.4,,144,,64,,5.7,,18.1,,19.1,,17.1,
2010-09-24,267,19.9,,26.6,,14.2,,81,,95,,61,,16.4,,19.8,,10.8,,0,,10.8,,20.6,,52.6,,1015,,2,,1.7,,203,,33,,9.2,,18.3,,19.2,,17.5,
2010-09-25,268,21,,26.2,,13.1,,66,,92,,37,,14.1,,19.3,,8.5,,0,,15.3,,29.7,,77,,1009,,1.5,,0.8,,248,,55,,8.1,,19.2,,20.1,,18.5,
2010-09-26,269,14,,21,,10.2,,76,,95,,48,,9.6,,12.4,,6.7,,0,,14,,27,,71.2,,1019,,1.7,,1.3,,86,,37,,9.5,,18.4,,19.1,,17.5,
2010-09-27,270,12.6,,15.3,,11.1,,96,,97,,93,,11.9,,14.9,,10.4,,5.8,,3.7,,7.3,,14.7,,1018,,2.2,,1.9,,83,,30,,8,,17.6,,18.2,,17.3,
2010-09-28,271,19.5,,22.4,,14.9,,93,,97,,79,,18.4,,20.1,,14.5,,8.9,,4.7,,8.3,,6.3,,1009,,2.7,,2.2,,165,,36,,10.6,,17.9,,18.6,,17.2,
2010-09-29,272,20,,24.5,,17,,76,,97,,48,,15.3,,18.7,,12.6,,0,,15.8,,25.8,,86.9,,1012,,1.4,,1.1,,215,,36,,7.1,,19.1,,20.2,,18.3,
2010-09-30,273,20.1,,22.2,,16.2,,90,,96,,76,,18.5,,20.8,,13.5,,32.5,,1.7,,3.1,,-9.4,,1011,,3.1,,2.7,,164,,30,,13.2,,19.1,,19.5,,18.7,
2010-10-01,274,16,,22.1,,10.3,,93,,97,,85,,14.8,,20.2,,9.2,,57.4,,1.9,,3.4,,-7.5,,1005,,2.2,,0.6,,200,,68,,14.1,,18.9,,19.5,,18.1,
2010-10-02,275,10.5,,16.3,,5.6,,70,,93,,34,,4.7,,9.5,,-0.3,,0,,17.7,,26.6,,63.3,,1012,,1.4,,0.8,,328,,52,,8.1,,17.6,,18.3,,17,
2010-10-03,276,8.5,,13.7,,3.4,,71,,89,,49,,3.3,,6.2,,1.2,,0,,11.6,,17.4,,39,,1021,,1.3,,1.1,,60,,36,,7.6,,16.3,,17.1,,15.7,
2010-10-04,277,10.2,,14.4,,6.2,,71,,90,,55,,5,,7.7,,2.8,,3,,8.6,,13.2,,46.2,,1020,,2.7,,2.3,,66,,31,,11.9,,15.9,,16.3,,15.4,
2010-10-05,278,10.9,,14.1,,9.3,,89,,96,,78,,9.2,,11.6,,6.6,,1,,6.6,,10,,38.1,,1016,,2.5,,2.2,,70,,30,,11.1,,15.7,,16.1,,15.4,
2010-10-06,279,10.2,,12.1,,8.6,,96,,97,,94,,9.6,,11.4,,8.1,,22.1,,2,,3.2,,1.5,,1010,,1.9,,1.4,,68,,41,,11.2,,15.4,,15.8,,15.1,
2010-10-07,280,10.7,,16.5,,7.9,,81,,97,,50,,7.3,,10.3,,1.8,,2,,8.6,,12.6,,25.4,,1002,,1.6,,1.2,,263,,38,,9.8,,15.1,,15.6,,14.8,
2010-10-08,281,13,,20.7,,5.3,,62,,89,,34,,5.3,,9.9,,2,,0,,16,,24.1,,61.6,,1008,,1.4,,1.1,,258,,39,,10.9,,14.8,,15.6,,13.9,
2010-10-09,282,10.4,,15.6,,3,,58,,87,,24,,1.4,,7.8,,-5.6,,0,,16.2,,23.8,,57.1,,1012,,1.2,,0.6,,328,,54,,9.6,,14.8,,15.5,,14.2,
2010-10-10,283,8.9,,17.7,,0.9,,56,,86,,24,,-0.4,,4.5,,-4.8,,0,,16,,23.8,,57.6,,1009,,1.1,,0.6,,259,,52,,7.8,,14,,14.7,,13.1,
2010-10-11,284,11.9,,18.9,,6.2,,67,,90,,38,,5.6,,8.5,,3.4,,0.3,,12.7,,18.5,,46,,1007,,1.2,,0.3,,330,,69,,8.6,,13.9,,14.7,,13.1,
2010-10-12,285,9.4,,15.5,,3.4,,71,,95,,42,,3.9,,7.9,,-0.3,,1.5,,12.9,,19.4,,40.7,,1008,,1.1,,0.5,,22,,58,,6.3,,14.3,,15.1,,13.8,
2010-10-13,286,7.9,,16.5,,2,,70,,89,,40,,2.4,,5.8,,-0.8,,0,,15.3,,23.4,,51.1,,1015,,1,,0.5,,350,,57,,6.7,,13.6,,14.4,,12.7,
2010-10-14,287,8.9,,14.1,,4.3,,81,,95,,58,,5.8,,7.9,,2.9,,10.9,,7.6,,11.1,,20.7,,1011,,1.8,,1.3,,101,,42,,8.3,,13.3,,13.8,,12.7,
2010-10-15,288,5.3,,8.4,,3.1,,93,,97,,80,,4.2,,7.7,,0.7,,38.3,,3.7,,5.5,,1.9,,992,,2.3,,1.6,,285,,46,,11.4,,12.4,,13.5,,12,
2010-10-16,289,6.6,,11.1,,4,,74,,87,,54,,2.1,,3.7,,0.9,,0,,9.8,,14.8,,35.9,,1002,,2.3,,1.9,,308,,36,,14.3,,12,,12.4,,11.6,
2010-10-17,290,8,,16.1,,1.3,,71,,95,,44,,2.7,,7.3,,0.2,,0,,12.5,,18.5,,33.8,,1007,,1.3,,1,,264,,41,,10.9,,11.7,,12.5,,11,
2010-10-18,291,6.7,E,12.9,E,1.8,E,NA,M,NA,M,NA,M,NA,M,NA,M,NA,M,0,,NA,M,NA,M,NA,M,NA,M,NA,M,NA,M,NA,M,NA,M,NA,M,11.8,,12.1,,11.4,
2010-10-19,292,5.3,,12.3,,0.6,,66,,84,,39,,-0.9,,2.4,,-3.2,,0,,11.3,,25.5,,31.6,,1013,,0.9,,0.2,,298,,65,,6.8,,11.1,,11.8,,10.5,
2010-10-20,293,7.6,,13.8,,2.2,,68,,92,,36,,1.5,,3.9,,-1.9,,0,,10.9,,24.6,,24.7,,1011,,1.1,,0.7,,191,,49,,7.8,,11.1,,11.8,,10.4,
2010-10-21,294,6.2,,10.6,,2.3,,82,,91,,62,,3.3,,7.7,,-1.7,,2,,4.4,,9.9,,-18.8,,1003,,1.8,,1.2,,222,,47,,10.4,,10.9,,11.3,,10.6,
2010-10-22,295,2.6,,6.8,,-0.9,,59,,88,,35,,-4.9,,-0.7,,-9.1,,0,,10.4,,23,,21.9,,1012,,1.9,,1.6,,276,,32,,12.4,,10.3,,10.7,,9.9,
2010-10-23,296,5.8,,12.3,,-1,,65,,85,,42,,-0.7,,2.8,,-6.3,,0,,11.9,,26.6,,47.6,,1017,,1.4,,1,,283,,44,,12.4,,10,,10.7,,9.4,
2010-10-24,297,6.7,,9.8,,3.7,,70,,91,,55,,1.6,,5.4,,-2.4,,0.3,,5.6,,13.1,,22.6,,1020,,1,,0.6,,138,,46,,5.6,,10.6,,11.1,,10.2,
2010-10-25,298,11.7,,16.7,,6.2,,89,,96,,72,,9.8,,15,,5.2,,0.5,,6.1,,14,,25,,1013,,1.7,,1.2,,169,,43,,11.9,,11.5,,12.3,,10.9,
2010-10-26,299,18.1,,23.3,,15.5,,79,,93,,49,,14.1,,16.3,,11.3,,0.5,,11.4,,26.5,,60.2,,1013,,2.2,,1.8,,194,,36,,11.9,,13.3,,14.3,,12.3,
2010-10-27,300,18.3,,19.7,,14.1,,93,,94,,92,,17.2,,18.5,,13.1,,13.7,,1.5,,3.9,,-9.6,,1011,,2.8,,2.4,,201,,30,,15.2,,14.7,,15.2,,14.1,
2010-10-28,301,14.2,,21.3,,8,,66,,94,,30,,7.1,,13.3,,-0.1,,0.3,,9.4,,21.1,,16.5,,1009,,1.8,,1.3,,235,,40,,13.4,,14.4,,14.9,,14,
2010-10-29,302,6.1,,9.9,,1.4,,73,,89,,60,,1.6,,4.9,,-4.4,,0,,6.6,,15.2,,3.1,,1013,,1.4,,1.2,,277,,30,,10.3,,13.1,,14,,12.6,
2010-10-30,303,5.8,,10.3,,-0.8,,57,,79,,37,,-2.4,,0.9,,-4.9,,0,,8.6,,19.5,,15.8,,1011,,2.3,,2,,234,,30,,13.5,,11.8,,12.6,,11.3,
2010-10-31,304,4.7,,10.3,,-1.1,,61,,79,,42,,-2.4,,2.6,,-7.2,,0,,9,,20.1,,18.6,,1009,,2.1,,1.5,,273,,42,,12.7,,11.4,,11.7,,10.8,
2010-11-01,305,1.8,,6.9,,-3.1,,59,,75,,41,,-5.5,,-3.1,,-7.7,,0,,9.6,,21.4,,28.7,,1023,,1.6,,1.2,,315,,36,,8.8,,10.2,,10.8,,9.7,
2010-11-02,306,2.4,,7.8,,-3.5,,61,,86,,39,,-4.6,,-2.9,,-6.2,,0,,8.3,,18.2,,13.8,,1027,,1,,0.7,,315,,43,,6.5,,10,,10.4,,9.6,
2010-11-03,307,1.6,,8.7,,-4.4,,68,,90,,38,,-4,,-0.4,,-6.2,,0,,9.5,,20.9,,11.3,,1020,,1.1,,0.7,,180,,49,,6.4,,9,,9.6,,8.4,
2010-11-04,308,5.1,,8.1,,2.3,,90,,95,,78,,3.6,,7.2,,-0.8,,26.7,,1.2,,3.1,,-3.8,,1006,,2.2,,1.6,,81,,41,,13.1,,8.8,,9,,8.6,
2010-11-05,309,5.8,,8.3,,1.1,,93,,95,,85,,4.8,,7.6,,-0.1,,11.7,,2.5,,5.9,,-7.3,,999,,1.2,,0.6,,254,,53,,7.3,,9.3,,9.7,,8.9,
2010-11-06,310,3,,9.3,,0.3,,78,,95,,50,,-0.6,,1.7,,-2.6,,0,,7.4,,16.3,,14.9,,1019,,1.1,,0.7,,345,,41,,6.3,,9,,9.4,,8.5,
2010-11-07,311,1.5,,5,,-0.6,,66,,83,,52,,-4.2,,-2.3,,-7.5,,0,,6.8,,15.4,,15.7,,1019,,2.2,,1.8,,332,,32,,14.4,,8.6,,9.1,,8.3,
2010-11-08,312,1,,2.1,,-0.6,,89,,94,,53,,-0.7,,1.3,,-7.5,,21.8,,2.2,,5.2,,4.1,,1001,,2.7,,2.3,,330,,34,,12.7,,7.5,,8.4,,7.1,
2010-11-09,313,5,,8.3,,1.5,,89,,94,,78,,3.3,,5.7,,0.7,,0.3,,5.9,,13.6,,31.5,,1011,,1.9,,1.6,,340,,31,,9.2,,7.8,,8.4,,7.2,
2010-11-10,314,5.7,,8.8,,2.1,,76,,94,,52,,1.5,,5.8,,-4.5,,3,,6.3,,14.2,,-3.9,,1018,,1.3,,1.1,,342,,34,,6.8,,8.7,,9.1,,8.4,
2010-11-11,315,5,,12.8,,-0.9,,39,,80,,14,,-9,,-3.4,,-15.3,,0,,11,,23.6,,6.5,,1028,,1.4,,1.1,,36,,39,,7.7,,7.9,,8.5,,7.4,
2010-11-12,316,7.7,,16,,2,,27,,48,,7,,-11.3,,-3.5,,-20.2,,0,,10.6,,23.3,,12.3,,1028,,1.6,,1.3,,59,,29,,7.3,,7.6,,8.1,,7,
2010-11-13,317,8.8,,18.6,,2.6,,46,,62,,23,,-2.9,,1.8,,-9.4,,0,,10.4,,23,,14.4,,1021,,1,,0.4,,22,,60,,4.3,,7.8,,8.5,,7.2,
2010-11-14,318,6.6,,13,,2.1,,67,,93,,43,,0.5,,3.7,,-2.9,,0,,9.7,,21.3,,6.4,,1019,,2.2,,1.9,,90,,29,,7.4,,8.1,,8.6,,7.6,
2010-11-15,319,6.4,,10,,2.3,,87,,96,,75,,4.4,,6.2,,1.3,,0,,3.2,,7.6,,9,,1017,,1.1,,0.8,,106,,43,,4.6,,8.4,,8.8,,8,
2010-11-16,320,7.3,,9,,5.1,,94,,97,,88,,6.4,,8,,4.6,,1.8,,2.1,,4.9,,-2.6,,1016,,1.3,,1,,96,,38,,11.2,,8.8,,9.1,,8.5,
2010-11-17,321,9,,13.2,,5.3,,78,,94,,54,,5.1,,10.9,,-1.8,,26.2,,4.2,,9.5,,0.5,,1001,,3.7,,1.1,,224,,68,,15.4,,9.3,,9.6,,8.9,
2010-11-18,322,4.7,,9.8,,-0.5,,60,,84,,37,,-2.7,,-0.8,,-5.3,,0,,8.9,,19.7,,2.8,,1012,,2.4,,2.1,,272,,25,,14.3,,8.8,,9.3,,8.3,
2010-11-19,323,-0.1,,5.1,,-3.3,,67,,91,,34,,-6,,-2.1,,-10,,0,,7.7,,16.7,,-7.5,,1019,,1,,0.6,,285,,42,,8.2,,7.4,,8.3,,6.9,
2010-11-20,324,2.9,,10,,-1.9,,58,,73,,39,,-4.7,,0.1,,-8.3,,0,,7,,14.8,,0.8,,1016,,2.6,,2,,249,,37,,14.9,,6.7,,7.1,,6.3,
2010-11-21,325,-0.6,,4.2,,-3.2,,53,,76,,29,,-9.2,,-5,,-13.1,,0,,9,,19.6,,5.9,,1030,,1.6,,0.6,,82,,62,,6.3,,6.3,,6.7,,5.9,
2010-11-22,326,5.9,,11,,-1.4,,85,,94,,75,,3.6,,8.6,,-5.2,,0,,1.8,,4.2,,-0.1,,1023,,2.4,,1.9,,184,,38,,9.6,,6.3,,7.1,,5.9,
2010-11-23,327,10.2,,12.8,,5.2,,79,,91,,49,,6.6,,9.2,,-4.4,,0.3,,3.8,,8.6,,-3.1,,1011,,2,,1.5,,235,,42,,13.8,,7.8,,8.4,,7.1,
2010-11-24,328,2.3,,5.8,,-2.5,,37,,58,,18,,-11.7,,-3.7,,-18.7,,0,,9.4,,19.9,,-7.4,,1014,,3.1,,2.7,,297,,30,,16.1,,7.4,,8.1,,6.7,
2010-11-25,329,-1.6,,1.3,,-5.6,,32,,47,,21,,-16.2,,-9.4,,-19.4,,0,,4.2,,9.3,,-3.2,,1017,,1,,0.5,,292,,54,,6.1,,5.8,,6.7,,5.4,
2010-11-26,330,0.5,,4.6,,-4.1,,79,,96,,41,,-3,,2.8,,-10.8,,8.6,,3.2,,7.1,,-16.1,,1001,,1.9,,0.6,,243,,66,,9.9,,5.8,,6.1,,5.6,
2010-11-27,331,-1.3,,2.8,,-5,,65,,87,,43,,-7.2,,-3,,-12.5,,0,,6.7,,14.4,,-4.5,,1003,,2.3,,2,,260,,30,,12.4,,5.1,,5.6,,4.8,
2010-11-28,332,-1.4,,5.6,,-7,,60,,83,,39,,-8.4,,-3.3,,-13.4,,0,,8.8,,18.8,,4.3,,1022,,1.2,,1,,289,,35,,9.5,,4.4,,5,,4.1,
2010-11-29,333,0.1,,6.5,,-4,,72,,88,,45,,-4.6,,-2.9,,-5.9,,0,,8.7,,18.6,,0.2,,1031,,0.8,,0.3,,127,,64,,4.1,,4.4,,4.7,,4,
2010-11-30,334,3.5,,6.8,,-1.3,,82,,95,,67,,0.6,,3.7,,-4.1,,3,,3.5,,7.8,,7,,1028,,2.2,,1.9,,124,,28,,7.9,,4.7,,5.3,,4.3,
2010-12-01,335,7.7,,12.6,,0.2,,93,,97,,85,,6.6,,11.6,,-1.2,,25.1,,1.3,,3.1,,-2.8,,1012,,3.9,,2.8,,123,,44,,19.6,,6.1,,7.3,,5.3,
2010-12-02,336,-0.3,,3.1,,-3.8,,71,,90,,50,,-5.1,,-1,,-7,,0,,8.5,,17.9,,-7.8,,1014,,1.8,,1.6,,278,,26,,9.1,,6.5,,7.3,,5.7,
2010-12-03,337,-1.3,,1.3,,-4.3,,73,,89,,59,,-5.7,,-3.7,,-6.6,,0,,3.1,,7,,-7.1,,1012,,1.1,,1,,300,,29,,7.3,,5,,5.8,,4.8,
2010-12-04,338,-1.6,,1.7,,-4.4,,59,,72,,46,,-8.6,,-6.3,,-10.3,,0,,8.4,,18,,1.5,,1004,,2.2,,1.9,,296,,29,,8.9,,4.5,,4.9,,4.3,
2010-12-05,339,-4.2,,-0.7,,-6.2,,66,,78,,50,,-9.7,,-8.4,,-11.9,,0,,5.8,,12.8,,-1.3,,1000,,1.8,,1.7,,278,,25,,8.8,,4,,4.4,,3.8,
2010-12-06,340,-5.6,,-2.5,,-9,,67,,86,,50,,-10.8,,-8.7,,-12,,0,,6,,13.3,,1.3,,992,,2.6,,2.4,,269,,24,,11.9,,3.3,,3.8,,3.1,
2010-12-07,341,-4.5,,-1.6,,-6.1,,60,,71,,47,,-11.2,,-10.4,,-12.2,,0,,7,,15.6,,-8.6,,994,,3.3,,3,,268,,24,,13.6,,2.8,,3.1,,2.6,
2010-12-08,342,-6.1,,-2.2,,-9.4,,54,,67,,36,,-14.1,,-10.9,,-17.4,,0,,7.5,,15.9,,-17.8,,1005,,2.7,,2.4,,273,,26,,12,,2.4,,2.7,,2.2,
2010-12-09,343,-9.8,,-5.1,,-13.6,,62,,82,,39,,-16,,-14.3,,-18.1,,0,,8.1,,16.9,,-17.5,,1018,,1.6,,1.4,,275,,29,,9.1,,2,,2.2,,1.7,
2010-12-10,344,-10.1,,-5.8,,-15.9,,65,,83,,36,,-15.8,,-9.5,,-19,,0,,4.4,,9.7,,-5.2,,1025,,1,,0.5,,177,,52,,4.7,,1.5,,1.8,,1.4,
2010-12-11,345,-1.9,,4.8,,-7.2,,81,,95,,53,,-5,,-2.2,,-9.7,,0,,7.2,,15.4,,8.5,,1021,,1.1,,0.4,,198,,65,,4.5,,1.4,,1.4,,1.3,
2010-12-12,346,5.1,,12.3,,-2.8,,90,,94,,77,,3.6,,11,,-5.2,,31.7,,0.9,,2.2,,-8.9,,1007,,4,,3.3,,109,,34,,15.2,,1.3,,1.4,,1.1,
2010-12-13,347,5,,12.2,,-5,,91,,96,,82,,3.6,,11,,-5.8,,8.6,,1.2,,2.7,,-8.5,,986,,2.5,,1.2,,195,,59,,12.8,,2.6,,3.4,,1.2,
2010-12-14,348,-9.2,,-4.9,,-12.7,,80,,94,,64,,-12,,-5.7,,-17,,0,,3.6,,8.9,,-36.7,,994,,2.2,,1.9,,288,,27,,9.3,,3,,3.3,,2.8,
2010-12-15,349,-11.4,,-8.1,,-13.6,,74,,86,,53,,-15.2,,-11.7,,-17.4,,0,,3.8,,8.4,,-26.1,,999,,2,,1.8,,276,,25,,9.8,,2.5,,2.8,,2.3,
2010-12-16,350,-7.6,,-2,,-11,,75,,89,,49,,-11.4,,-9.5,,-13.6,,0,,NA,M,14.7,,-33.4,,1005,,1.5,,1,,237,,47,,8.2,,2.2,,2.3,,2.1,
2010-12-17,351,-6.8,,-1,,-11.6,,73,,88,,50,,-10.9,,-8.2,,-13.4,,0,,7.9,,15.7,,-32.1,,1009,,1,,0.7,,277,,42,,7.3,,2,,2.1,,1.9,
2010-12-18,352,-3.8,,2.3,,-8.7,,74,,91,,43,,-8,,-6.2,,-10.1,,0,,7.5,,14.8,,-17.7,,1016,,0.8,,0.1,,248,,69,,5.3,,1.9,,1.9,,1.8,
2010-12-19,353,-4.1,,0.7,,-7.8,,68,,84,,42,,-9.4,,-7.9,,-11.3,,0,,5.9,,11.9,,-24.3,,1013,,1.2,,0.9,,34,,42,,4.5,,1.8,,1.9,,1.7,
2010-12-20,354,-6.5,,-4.4,,-9.2,,74,,89,,59,,-10.5,,-9.3,,-11.6,,0,,3.6,,7.7,,-14.5,,1008,,2.3,,2,,331,,30,,13.6,,1.6,,1.7,,1.5,
2010-12-21,355,-3.2,,1,,-6.4,,73,,81,,60,,-7.4,,-5.2,,-10.8,,0,,6.1,,12.7,,-5,,1005,,3.2,,2.8,,327,,29,,13.9,,1.5,,1.5,,1.4,
2010-12-22,356,-1.8,,0.8,,-3.7,,79,,93,,63,,-5.1,,-4.1,,-6,,0.3,,6.2,,12.5,,9.1,,1004,,2.1,,1.8,,309,,30,,8.5,,1.5,,1.5,,1.4,
2010-12-23,357,-2.6,,-1,,-4,,78,,92,,68,,-6,,-4.6,,-7.2,,0.3,,3.3,,7.2,,-13.4,,1005,,2.9,,2.5,,321,,30,,13.8,,1.6,,1.7,,1.5,
2010-12-24,358,-4.1,,0.4,,-7.7,,65,,77,,43,,-10,,-6.9,,-11.4,,0,,8.6,,16.7,,-41.9,,1013,,2.4,,2.1,,320,,30,,11.4,,1.8,,1.8,,1.7,
2010-12-25,359,-7,,-2.4,,-9.5,,70,,80,,51,,-11.6,,-10.5,,-12.4,,0,,4.6,,9.4,,-19.9,,1012,,1.7,,1.5,,329,,26,,8.7,,1.7,,1.8,,1.7,
2010-12-26,360,-6.8,,-4.8,,-7.8,,78,,91,,55,,-10.1,,-6.7,,-12.8,,7.1,,2.4,,5.2,,-1.1,,1005,,1.9,,1.5,,28,,35,,13.5,,1.7,,1.7,,1.6,
2010-12-27,361,-8.8,,-4.2,,-10.9,,77,,91,,58,,-12.1,,-6,,-17.4,,2.8,,3.3,,6.8,,-13.8,,986,,4,,3.3,,320,,36,,19.4,,1.7,,1.8,,1.6,
2010-12-28,362,-6.5,,-0.2,,-12.1,,50,,73,,26,,-15.7,,-9.8,,-19.7,,0,,9.1,,17.6,,-44,,1002,,2.7,,2.4,,290,,27,,13.4,,1.8,,1.9,,1.7,
2010-12-29,363,-2.3,,1.5,,-6.4,,69,,89,,52,,-7.3,,-5.8,,-10.4,,0.5,,4.9,,10.1,,-9.6,,1011,,1.7,,1.4,,298,,32,,10.2,,1.9,,1.9,,1.8,
2010-12-30,364,-2.2,,5.8,,-8.5,,71,,93,,41,,-7.2,,-5.3,,-9.6,,0,,8.7,,17.4,,-30.7,,1018,,0.6,,0.3,,242,,47,,4.2,,2,,2,,1.9,
2010-12-31,365,2.1,,9.6,,-3.8,,63,,79,,44,,-4.4,,-1.3,,-7.5,,0,,6.2,,13.3,,-11.6,,1017,,0.8,,0.6,,226,,36,,4.3,,2.1,,2.1,,2,
2011-01-01,1,6.9,,13.3,,1.5,,73,,92,,54,,2.3,,5.3,,-2.8,,0,,5.7,,12.2,,8.8,,1017,,1.1,,0.8,,198,,37,,7.6,,2.2,,2.3,,2.1,
2011-01-02,2,4.4,,7.8,,-2.2,,83,,97,,52,,1.6,,6.9,,-8.2,,0,,2.9,,6.6,,3.7,,1011,,1.4,,1,,262,,39,,8.7,,2.3,,2.3,,2.3,
2011-01-03,3,-4.1,,-0.9,,-7.6,,54,,75,,34,,-12.3,,-7.9,,-15.2,,0,,8.7,,17.5,,-29.1,,1014,,2.6,,2.2,,290,,31,,13.8,,2.2,,2.3,,2.1,
2011-01-04,4,-4.3,,1.4,,-8.6,,63,,82,,46,,-10.5,,-7.9,,-11.9,,0,,6.6,,13.3,,-24.9,,1010,,1.1,,0.9,,242,,33,,7.3,,1.8,,2.1,,1.5,
2011-01-05,5,-4.1,,1,,-8.6,,61,,88,,37,,-10.8,,-6.5,,-15.2,,0,,6.3,,13.1,,-32.7,,1005,,1.7,,1.5,,271,,25,,12.7,,1.4,,1.6,,1.3,
2011-01-06,6,-7.5,,-2.2,,-10.5,,64,,86,,34,,-13.4,,-10.1,,-16.3,,0,,6.9,,14.1,,-28.8,,1002,,0.8,,0.1,,48,,70,,4.3,,1.2,,1.3,,1.1,
2011-01-07,7,-5.9,,-3.3,,-8.5,,70,,91,,52,,-10.6,,-6.5,,-15.6,,0,,4.6,,9.5,,-1,,996,,2.6,,2.4,,82,,22,,9.3,,1,,1.1,,0.9,
2011-01-08,8,-5.4,,-3,,-7,,82,,92,,72,,-7.9,,-6.3,,-9.9,,1.3,,2.4,,4.7,,-10.5,,994,,1.4,,0.8,,17,,50,,7.7,,0.9,,1,,0.9,
2011-01-09,9,-5.5,,-2.8,,-7.7,,72,,92,,56,,-9.8,,-6.4,,-12.1,,0.3,,6.6,,13.5,,-28.3,,1003,,2.8,,2.5,,283,,27,,12.2,,0.9,,0.9,,0.9,
2011-01-10,10,-6.2,,-1.1,,-10.2,,62,,79,,46,,-12.4,,-10.4,,-15,,0,,9.1,,18.4,,-33.5,,1015,,2.3,,2,,292,,30,,10.5,,0.9,,0.9,,0.9,
2011-01-11,11,-7,,-0.4,,-12,,70,,86,,42,,-11.8,,-7.3,,-13.9,,0,,7.8,,15.8,,-18.8,,1018,,1.4,,0.6,,346,,58,,7.1,,0.9,,0.9,,0.8,
2011-01-12,12,-6.1,,-4.3,,-7.4,,92,,93,,83,,-7.2,,-5.3,,-8.5,,19.8,,1.8,,4.1,,-1.9,,998,,2.8,,1.8,,332,,50,,11.9,,0.8,,0.8,,0.8,
2011-01-13,13,-7.6,,-4,,-11.4,,82,,92,,69,,-10.2,,-7.8,,-13.9,,1.5,,8.4,,17.3,,-33.3,,1013,,2.3,,2,,310,,29,,10.1,,0.8,,0.8,,0.8,
2011-01-14,14,-11.3,,-7.3,,-14.5,,76,,86,,60,,-14.9,,-13.2,,-16.9,,0,,7.9,,16.3,,-25.8,,1021,,1.4,,1.2,,318,,28,,7.1,,0.9,,0.9,,0.8,
2011-01-15,15,-9.2,,-3.5,,-17.2,,78,,91,,55,,-12.5,,-5.8,,-19.5,,0.3,,7.6,,15.9,,-12.5,,1014,,1.6,,1.2,,213,,33,,8.6,,0.9,,0.9,,0.9,
2011-01-16,16,-5.9,,-1.4,,-12.4,,62,,84,,37,,-12.2,,-6.5,,-18.3,,0,,6.3,,12.7,,-33.6,,1012,,2.5,,2.2,,277,,25,,10.5,,0.9,,1,,0.9,
2011-01-17,17,-12.8,,-7.7,,-18,,56,,77,,31,,-20.2,,-17.6,,-22.8,,0,,9.7,,19.4,,-22,,1023,,1.1,,0.3,,336,,67,,5.8,,1,,1.1,,1,
2011-01-18,18,-5.5,,0.6,,-11,,85,,96,,47,,-7.8,,0,,-20.2,,17.3,,1.1,,2.9,,7.8,,1012,,2.3,,1.9,,79,,34,,9.3,,1.1,,1.1,,1,
2011-01-19,19,-1.4,,0.9,,-5.5,,93,,96,,86,,-2.3,,-0.1,,-7.1,,1.3,,2.8,,6.5,,-20,,1004,,1.3,,1.1,,308,,30,,6.5,,1.2,,1.2,,1.1,
2011-01-20,20,-7,,-3.2,,-9.7,,81,,91,,60,,-9.8,,-6.9,,-11.4,,0,,6.8,,17.5,,-29.6,,1011,,1.1,,0.9,,285,,35,,7.3,,1.3,,1.4,,1.2,
2011-01-21,21,-8,,-4.7,,-11.3,,85,,91,,74,,-10,,-6.2,,-13.5,,6.9,,3.1,,5.5,,-21.5,,999,,2.1,,0.9,,296,,61,,11,,1.5,,1.6,,1.4,
2011-01-22,22,-11.5,,-5.4,,-16.2,,72,,86,,45,,-15.8,,-12.9,,-18.3,,0,,7.8,,17.5,,-30.6,,1008,,1.1,,0.8,,284,,42,,7.2,,1.7,,1.7,,1.6,
2011-01-23,23,-13.7,,-7.8,,-20.8,,69,,87,,40,,-18.4,,-14.3,,-25,,0,,7,,14.9,,-23,,1010,,1.4,,1.1,,313,,35,,10.5,,1.8,,1.8,,1.7,
2011-01-24,24,-19,,-12.2,,-26,,51,,71,,28,,-27.3,,-22.3,,-30.8,,0,,9.9,,18.7,,-19,,1023,,1,,0.6,,305,,48,,5.8,,1.8,,1.9,,1.8,
2011-01-25,25,-9.1,,-4,,-15.3,,84,,93,,35,,-11.3,,-6.7,,-26.5,,1.5,,2.9,,6.8,,-7.1,,1017,,1.1,,0.9,,210,,39,,7.1,,1.9,,1.9,,1.9,
2011-01-26,26,-5.3,,-0.2,,-11.5,,87,,92,,66,,-7.2,,-4.6,,-13.1,,2.8,,4.7,,11.2,,-3.2,,1011,,1.6,,1.4,,62,,31,,7.8,,1.9,,1.9,,1.9,
2011-01-27,27,-5.1,,-0.5,,-10,,81,,93,,45,,-8.1,,-4.3,,-11.7,,8.9,,6.3,,12.3,,-37.1,,1003,,1.8,,1.2,,312,,44,,12,,1.9,,1.9,,1.9,
2011-01-28,28,-5.7,,-1.1,,-10.9,,84,,92,,59,,-8,,-5.3,,-12.3,,0,,5.7,,11,,-6,,1008,,0.7,,0.3,,188,,49,,4.8,,1.9,,2,,1.9,
2011-01-29,29,-3.9,,0.6,,-8.7,,80,,95,,54,,-7,,-2.9,,-10.8,,0,,5.8,,11.2,,-10.8,,1009,,0.8,,0.5,,250,,43,,7,,1.9,,2,,1.9,
2011-01-30,30,-5.7,,-0.5,,-10.1,,71,,86,,48,,-10.3,,-7.1,,-13,,0,,6.6,,13.8,,-10.3,,1014,,1.2,,1,,271,,29,,9.8,,1.9,,2,,1.9,
2011-01-31,31,-9.7,,-4.3,,-13.6,,54,,83,,23,,-18.2,,-12.6,,-23.9,,0,,11.4,,23.5,,-22.7,,1025,,1,,0.5,,331,,54,,6,,1.9,,2,,1.9,
2011-02-01,32,-10.1,,-8.5,,-14,,76,,90,,34,,-14,,-9.9,,-23.9,,10.4,,1.5,,3.6,,-2.5,,1024,,1.4,,1.1,,64,,36,,6.1,,2,,2,,1.9,
2011-02-02,33,-7.6,,-6,,-8.9,,90,,91,,89,,-8.9,,-7.2,,-10.3,,18.5,,1.6,,4.1,,-2.8,,1010,,1.9,,1.4,,62,,43,,14,,2,,2,,1.9,
2011-02-03,34,-8.6,,-4.1,,-11.6,,80,,91,,58,,-11.5,,-7.9,,-14.9,,0.3,,11.3,,23.4,,-54,,1019,,1.5,,1.2,,304,,34,,9.1,,1.9,,2,,1.9,
2011-02-04,35,-6.5,,0.5,,-13.9,,52,,80,,24,,-15.5,,-12.7,,-18.7,,0,,12.1,,25,,-24.4,,1017,,1.5,,1.2,,247,,32,,9.6,,1.9,,1.9,,1.9,
2011-02-05,36,-3,,1.3,,-8.6,,79,,96,,50,,-6.3,,0.6,,-13.1,,8.4,,3.7,,8.6,,-5.7,,1006,,1.7,,1,,146,,53,,9.7,,1.9,,1.9,,1.9,
2011-02-06,37,-0.1,,3.8,,-3.4,,79,,96,,57,,-3.5,,0.2,,-5.1,,1.3,,8.1,,19,,-11.9,,1006,,2.4,,2.2,,273,,25,,13.7,,1.9,,1.9,,1.9,
2011-02-07,38,-0.8,,2.3,,-5.1,,78,,94,,61,,-4.4,,-1.4,,-6.1,,1.3,,4.9,,11.2,,-3.4,,1012,,1.4,,1.1,,205,,36,,7.3,,1.9,,1.9,,1.8,
2011-02-08,39,-4.3,,0.7,,-13.4,,85,,96,,50,,-6.6,,0,,-21.3,,6.3,,0.9,,2,,-15.5,,1001,,2.2,,1.7,,270,,38,,14.1,,1.8,,1.9,,1.8,
2011-02-09,40,-9.5,,-3.5,,-15.9,,55,,81,,35,,-17.2,,-13.2,,-21.2,,0,,11.7,,22.7,,-93.9,,1014,,2.4,,1.9,,241,,35,,11.4,,1.8,,1.8,,1.8,
2011-02-10,41,-9.3,,-4.2,,-14.6,,53,,68,,30,,-17.5,,-13.3,,-20.4,,0,,13.1,,26.6,,-99.2,,1012,,1.8,,1.5,,277,,28,,9.8,,1.8,,1.8,,1.7,
2011-02-11,42,-10.3,,-3.5,,-17.3,,52,,77,,26,,-19,,-11.1,,-22.3,,0,,12.8,,26.5,,-71.8,,1016,,1.3,,0.8,,225,,48,,7.6,,1.7,,1.8,,1.7,
2011-02-12,43,-4.2,,0.1,,-8.6,,61,,89,,41,,-11,,-7.9,,-14.5,,0,,7.1,,15.2,,-25.4,,1007,,2.5,,1.9,,245,,42,,13.1,,1.7,,1.8,,1.7,
2011-02-13,44,-4.3,,0.2,,-9.8,,66,,77,,51,,-9.7,,-4.8,,-14.6,,0,,5.2,,11.4,,-21.7,,1010,,2.4,,2,,221,,33,,10.8,,1.7,,1.7,,1.7,
2011-02-14,45,4,,12.2,,-2.4,,56,,77,,31,,-4.4,,0,,-8.8,,0,,7.2,,15.6,,-5.8,,997,,3,,2,,233,,46,,14.5,,1.7,,1.7,,1.7,
2011-02-15,46,-7.8,,-2.3,,-11.8,,40,,63,,18,,-19.8,,-8.4,,-26.3,,0,,14.6,,29.7,,-21.5,,1017,,2.8,,2.4,,307,,30,,17.9,,1.7,,1.7,,1.7,
2011-02-16,47,-4,,2.7,,-12.5,,37,,59,,17,,-17,,-8.2,,-23.5,,0,,10.8,,23,,3.4,,1021,,1.7,,1.3,,225,,40,,9.7,,1.7,,1.7,,1.7,
2011-02-17,48,6.2,,14.2,,-0.6,,52,,63,,38,,-3.1,,1,,-8.9,,0,,13.1,,27.8,,12.1,,1017,,1.3,,1,,228,,36,,6.4,,1.7,,1.7,,1.7,
2011-02-18,49,9,,15.7,,3.7,,56,,81,,17,,-0.2,,5,,-15.8,,0.3,,9.3,,20.3,,-1.3,,1004,,2.4,,1.7,,243,,46,,15.5,,1.7,,1.7,,1.6,
2011-02-19,50,-4.1,,5.8,,-11.9,,51,,86,,25,,-13,,-3.1,,-20.8,,0,,8.4,,18.1,,-12.3,,1002,,4.1,,3.5,,289,,30,,16.9,,1.6,,1.7,,1.6,
2011-02-20,51,-7.5,,-0.8,,-13.6,,46,,60,,31,,-17.3,,-12.6,,-21,,0,,15.1,,31.7,,-5.2,,1014,,2.4,,2.1,,306,,31,,13.3,,1.6,,1.6,,1.6,
2011-02-21,52,-8.1,,-3.5,,-14.3,,62,,90,,34,,-14.7,,-8.3,,-22.6,,2,,5.9,,12.5,,-12.7,,1007,,1.7,,1.3,,322,,36,,10.1,,1.6,,1.6,,1.6,
2011-02-22,53,-8.8,,0,,-15.7,,43,,58,,25,,-19.6,,-15.3,,-22.5,,0,,15.8,,32.9,,-19.8,,1014,,2.4,,2.1,,326,,29,,10.8,,1.6,,1.6,,1.6,
2011-02-23,54,-5.3,,3,,-13.2,,26,,53,,11,,-22.6,,-17.9,,-26.9,,0,,16.2,,33.4,,-20.9,,1022,,1.4,,1.1,,334,,38,,10.1,,1.6,,1.6,,1.6,
2011-02-24,55,-2.1,,3.4,,-10.4,,38,,91,,13,,-15.7,,-1.8,,-24.7,,0.3,,10.9,,23.5,,-4.7,,1019,,2,,1.3,,201,,47,,9.6,,1.6,,1.6,,1.6,
2011-02-25,56,-1.3,,0.2,,-5.7,,93,,96,,79,,-2.4,,-0.4,,-8.3,,34.8,,0.6,,1.5,,-18,,1001,,2.1,,0.7,,15,,66,,12.2,,1.6,,1.6,,1.5,
2011-02-26,57,-4,,-0.2,,-8,,72,,88,,52,,-8.4,,-5.4,,-10.4,,0.3,,13.1,,17.5,,-20.2,,1015,,1.8,,1.4,,263,,37,,9.3,,1.5,,1.5,,1.5,
2011-02-27,58,-4.2,,-2,,-7.2,,90,,93,,78,,-5.7,,-3.1,,-8.3,,4.8,,4.1,,6.1,,-15.7,,1013,,1.7,,1.5,,86,,30,,6.7,,1.5,,1.5,,1.5,
2011-02-28,59,-1.6,,1.6,,-6.6,,92,,96,,69,,-2.8,,0.9,,-7.6,,14.7,,1.3,,2.9,,-4.2,,1006,,1.6,,0.5,,213,,65,,10.3,,1.5,,1.5,,1.5,
2011-03-01,60,-2.7,,2.5,,-6.1,,48,,70,,21,,-12.8,,-5.5,,-18.5,,0,,16.4,,34.2,,-9.4,,1018,,1.9,,1.5,,296,,36,,10.3,,1.5,,1.5,,1.4,
2011-03-02,61,-2.1,,5.8,,-11.2,,52,,81,,33,,-10.8,,-2.3,,-21.4,,0,,10.5,,22.1,,-18.6,,1015,,3.5,,2.5,,249,,43,,14.5,,1.4,,1.5,,1.4,
2011-03-03,62,-10.2,,-3.4,,-16.8,,37,,59,,15,,-23,,-18.9,,-27,,0,,17.7,,37.1,,-9.3,,1030,,1.8,,1.5,,319,,34,,9,,1.4,,1.4,,1.4,
2011-03-04,63,-5.2,,2.1,,-13.4,,43,,83,,20,,-16.9,,-4.9,,-25.2,,0,,16.8,,35.9,,0.2,,1034,,2.2,,1.7,,160,,39,,10.4,,1.4,,1.4,,1.4,
2011-03-05,64,4.6,,10.8,,-2.6,,83,,95,,61,,1.8,,6.3,,-5.1,,0.5,,4.2,,10.1,,9.6,,1027,,3.4,,3.1,,182,,25,,12.6,,1.4,,1.4,,1.4,
2011-03-06,65,7.5,,9.6,,0.7,,92,,95,,85,,6.3,,8.6,,0,,55.9,,2,,5.6,,19.4,,1014,,3.3,,2.8,,186,,33,,12.5,,0.9,,1.5,,0.1,
2011-03-07,66,-1.8,,2.7,,-6.2,,86,,96,,65,,-4,,2,,-9.4,,41.4,,6.7,,17.3,,-28.3,,1008,,2.5,,1.9,,311,,40,,13.6,,0.1,,0.3,,0,
2011-03-08,67,-2.6,,5.3,,-8.8,,60,,88,,29,,-10,,-6.2,,-15.2,,0,,17.3,,37.9,,11.7,,1030,,1.4,,1,,337,,45,,7,,0.4,,0.5,,0.2,
2011-03-09,68,-2.1,,0.8,,-5.1,,72,,83,,59,,-6.6,,-4.3,,-9.9,,0,,10.6,,23.8,,12.2,,1034,,2.7,,2.3,,95,,29,,10.1,,0.6,,0.7,,0.5,
2011-03-10,69,0.6,,2.4,,-2,,90,,94,,82,,-0.9,,1.5,,-4.5,,1.3,,3.2,,8.1,,10.6,,1024,,4,,3.7,,95,,25,,12.9,,0.7,,0.8,,0.7,
2011-03-11,70,5.6,,9.6,,2,,90,,94,,72,,4,,7.4,,-2.1,,16.3,,4.1,,9.9,,5.1,,1009,,2.8,,1.8,,117,,49,,14.5,,0.7,,0.8,,0.7,
2011-03-12,71,2.2,,6.9,,-1.5,,74,,93,,50,,-2.1,,0,,-4,,0,,12.2,,26.9,,37.5,,1006,,2,,1.8,,249,,26,,13,,0.8,,0.9,,0.7,
2011-03-13,72,2.4,,4.7,,0,,74,,93,,57,,-1.9,,0.8,,-3.7,,0,,5.7,,13.1,,19.2,,1012,,1.8,,1.6,,275,,27,,10.3,,1,,1.1,,0.9,
2011-03-14,73,0.1,,2.9,,-3,,76,,93,,51,,-3.9,,-1.9,,-6.7,,0,,8,,17.9,,20.9,,1023,,0.9,,0.5,,353,,54,,5.4,,1.3,,1.8,,1,
2011-03-15,74,-0.1,,5.3,,-5.1,,74,,94,,47,,-4.4,,-2.4,,-6.8,,0,,18.3,,39.4,,58.8,,1027,,1.5,,1,,186,,43,,8.7,,1.7,,2.5,,1,
2011-03-16,75,0.9,,4.2,,-1.4,,91,,95,,82,,-0.3,,3,,-3.9,,19.6,,3.4,,8.4,,12.8,,1018,,1.3,,0.4,,119,,65,,7.9,,1.9,,2.3,,1.6,
2011-03-17,76,7,,15.1,,-0.8,,63,,96,,27,,-0.8,,2.5,,-4.6,,0,,19.2,,41.3,,82.6,,1017,,1.5,,1.1,,247,,40,,10,,3,,4.5,,1.8,
2011-03-18,77,10.5,,16.7,,4,,46,,66,,17,,-1.5,,7,,-9,,0,,17,,36.9,,70.6,,1008,,3.1,,2.5,,251,,35,,17.9,,4.5,,5.6,,3.6,
2011-03-19,78,2.6,,6.1,,-2.9,,50,,70,,29,,-7.2,,-1.3,,-13.2,,0,,13.8,,28.9,,46.3,,1020,,1.6,,1.2,,315,,41,,9.3,,4.5,,5.1,,4,
2011-03-20,79,0,,6.1,,-5.7,,41,,61,,18,,-12.4,,-7.8,,-16.8,,0,,19.9,,41.8,,66.4,,1032,,1.3,,0.2,,239,,74,,5.8,,3.7,,4.6,,2.8,
2011-03-21,80,-0.6,,0,,-1.7,,83,,96,,54,,-3.4,,-0.9,,-8.5,,5.6,,3.3,,8.1,,-8.2,,1018,,2,,1.7,,154,,33,,9.7,,3.2,,4,,2.9,
2011-03-22,81,0,,3.5,,-2.6,,84,,96,,60,,-2.4,,-0.3,,-5.9,,0,,6.5,,15,,7.1,,1011,,1.1,,0.8,,324,,39,,7.8,,2.8,,2.9,,2.5,
2011-03-23,82,-2.1,,0.1,,-4.2,,58,,78,,34,,-9.5,,-5.3,,-14.7,,0,,7.5,,16.8,,20.8,,1007,,1.1,,0.6,,341,,50,,6.7,,2.2,,2.5,,1.9,
2011-03-24,83,-0.9,,4.4,,-4.7,,55,,84,,29,,-9.4,,-5.8,,-14.7,,0,,14.8,,31,,57.6,,1004,,1.5,,1,,337,,44,,8,,2.4,,3.3,,1.8,
2011-03-25,84,-2.4,,3.2,,-6.3,,50,,80,,25,,-12.3,,-8.2,,-17.8,,0,,18.9,,38.5,,63.3,,1008,,2,,1.7,,284,,28,,10.2,,2.4,,3,,1.8,
2011-03-26,85,-4,,1,,-9.4,,42,,67,,25,,-15.4,,-11.8,,-17.7,,0,,20.5,,43.4,,67.8,,1009,,2.4,,2,,291,,30,,11.4,,2,,2.5,,1.6,
2011-03-27,86,-2.7,,3.3,,-7.6,,37,,65,,14,,-16.7,,-12.9,,-23.4,,0,,22.3,,46.7,,76.1,,1008,,2.8,,2.5,,281,,27,,13,,1.9,,2.4,,1.4,
2011-03-28,87,-1,,5.8,,-6.7,,36,,51,,21,,-14.5,,-9.8,,-19.2,,0,,21.7,,46.8,,84.7,,1008,,2.7,,2.4,,281,,28,,11.2,,2,,2.7,,1.5,
2011-03-29,88,-0.2,,4.7,,-4.8,,47,,64,,32,,-10.4,,-7.3,,-13.2,,0,,19.7,,42.3,,70.6,,1013,,2.1,,1.8,,296,,30,,11.1,,2.4,,3.2,,1.7,
2011-03-30,89,3.1,,11,,-4.3,,46,,76,,19,,-8.5,,-4.1,,-12.3,,0,,22.3,,47.6,,92.1,,1016,,1.5,,0.7,,319,,58,,9.7,,2.9,,4.2,,1.9,
2011-03-31,90,2,,6.8,,-1.2,,67,,95,,39,,-3.9,,-1.6,,-7.2,,4.1,,8.1,,18.2,,38.1,,1010,,2,,1.7,,88,,33,,8.2,,3.6,,4.1,,3.2,
2011-04-01,91,-0.2,,2.4,,-1.7,,93,,95,,85,,-1.2,,0.7,,-2.5,,9.6,,5,,11.5,,-21.9,,993,,1.9,,0.9,,350,,57,,8.1,,3.3,,3.7,,2.9,
2011-04-02,92,2.6,,9,,-1.5,,72,,94,,40,,-2.3,,0.4,,-5,,0,,13.8,,27.4,,36.6,,996,,1.8,,1.5,,277,,29,,11.9,,2.9,,3,,2.8,
2011-04-03,93,4,,10,,-1,,41,,75,,16,,-9.6,,-4.1,,-15.9,,0,,23.2,,49.5,,99.1,,1007,,2.2,,1.7,,290,,37,,12.6,,3,,4.1,,2.1,
2011-04-04,94,4.1,,7.3,,0.5,,76,,94,,36,,-0.1,,6.3,,-11,,11.2,,2.8,,7.2,,3.5,,1006,,2.1,,1.6,,143,,38,,14.5,,3.3,,3.8,,3,
2011-04-05,95,5.6,,12.8,,-0.3,,88,,96,,56,,3.6,,12.1,,-7.3,,5.1,,2.9,,7.6,,-2.7,,994,,3.2,,2.2,,244,,45,,13.1,,4.4,,4.9,,3.8,
2011-04-06,96,2.5,,9.4,,-2.9,,55,,91,,28,,-6.2,,-2.2,,-9.1,,0,,16,,32.3,,58.1,,1010,,2.4,,2.1,,267,,31,,12.5,,4,,4.6,,3.3,
2011-04-07,97,3.5,,10.9,,-3.3,,50,,91,,16,,-7.9,,-2.2,,-14.5,,0,,24.3,,51.6,,99.1,,1017,,1.2,,0.6,,14,,56,,5.5,,4.5,,6,,3.2,
2011-04-08,98,4.4,,11,,-2.5,,41,,67,,19,,-8.7,,-4.5,,-12.9,,0,,18.1,,38.8,,66.8,,1020,,1.1,,0.2,,223,,71,,7,,5,,6,,3.9,
2011-04-09,99,7.4,,15.2,,-1.9,,48,,91,,22,,-4.5,,-0.3,,-8.4,,0,,22.6,,49,,98.5,,1018,,1.4,,1,,228,,42,,7.7,,5.5,,7,,4.1,
2011-04-10,100,9.2,,15.6,,1.7,,51,,83,,35,,-0.6,,5.3,,-8,,0.8,,19.3,,42.5,,92.1,,1018,,2.2,,1.9,,206,,31,,9.9,,6.5,,7.7,,5.3,
2011-04-11,101,13.6,,21,,7.3,,80,,95,,55,,9.9,,13.1,,4.4,,0,,13.4,,30.9,,76.2,,1004,,2.9,,2.5,,212,,29,,11.3,,7.9,,9.2,,7,
2011-04-12,102,12.1,,15.9,,6,,46,,74,,19,,-0.1,,10.7,,-9.3,,0.3,,11,,24,,41.5,,1011,,2.4,,0.8,,328,,66,,13.9,,8.9,,9.2,,8.4,
2011-04-13,103,4.8,,6.5,,3.7,,89,,95,,68,,3,,4.4,,0.9,,21.6,,3.1,,8.2,,-0.1,,1014,,2.7,,2.3,,75,,33,,14,,7.7,,8.7,,7.3,
2011-04-14,104,8.4,,17,,2.9,,67,,96,,26,,1.7,,5.4,,-3.7,,0,,19.8,,43.5,,99.8,,1015,,1.5,,1.1,,323,,41,,9.4,,8,,9.4,,6.9,
2011-04-15,105,4.7,,12.3,,-1.5,,41,,75,,13,,-9.1,,-1.8,,-17.7,,0,,25.1,,53.2,,106.8,,1028,,1.4,,0.4,,53,,67,,6.8,,8.2,,9.5,,7,
2011-04-16,106,2,,5.5,,-1.7,,70,,92,,38,,-3.3,,4.2,,-8.2,,15,,7.6,,17.2,,28,,1021,,3.5,,3.1,,99,,27,,14.9,,7.3,,8.5,,6.6,
2011-04-17,107,8.2,,11.4,,2.8,,75,,95,,35,,3.5,,9.9,,-3.8,,24.4,,12.9,,26.4,,60.8,,1001,,3,,1.1,,242,,64,,18.8,,7.3,,8.3,,6.5,
2011-04-18,108,7.2,,13.2,,0.2,,56,,93,,26,,-1.8,,4.8,,-7.3,,0,,19.8,,43,,94.9,,1012,,2.3,,2,,250,,29,,10.8,,7.9,,8.8,,6.8,
2011-04-19,109,5.2,,7.9,,3,,85,,93,,72,,2.9,,4.3,,1,,7.9,,3.6,,8.8,,2.8,,1017,,0.8,,0.5,,20,,48,,5.7,,8.1,,8.5,,7.8,
2011-04-20,110,4.5,,6.6,,2.9,,91,,96,,81,,3.2,,5.9,,1.1,,0,,3.9,,9.7,,15.3,,1011,,2,,1.5,,94,,39,,10.6,,7.5,,7.8,,7.3,
2011-04-21,111,4.3,,8.9,,-2.2,,57,,95,,33,,-4,,5.1,,-8.7,,0,,17.6,,31,,72,,1017,,3,,2.6,,280,,30,,16.3,,7.4,,8.1,,6.8,
2011-04-22,112,4.9,,11.2,,-2.7,,46,,78,,20,,-7,,-2.4,,-11.6,,0,,19.4,,42,,95,,1027,,1.5,,0.5,,151,,64,,6.8,,7.2,,8.5,,6,
2011-04-23,113,4.8,,10.2,,-0.1,,86,,95,,42,,2.4,,9.5,,-7.7,,18.8,,3,,8.3,,6,,1019,,2.2,,1.7,,151,,41,,10,,7.1,,8,,6.5,
2011-04-24,114,13.2,,19.1,,10,,79,,96,,45,,9.2,,13.5,,6.4,,1,,14,,31.4,,67.1,,1015,,1.4,,1.1,,264,,35,,8.4,,8.3,,9.6,,7,
2011-04-25,115,11.3,,15,,9.3,,88,,96,,61,,9.2,,11,,7.1,,1.5,,6.5,,15.8,,25.3,,1017,,1.2,,0.8,,100,,43,,6.4,,9.6,,10.2,,9.1,
2011-04-26,116,15.1,,26.9,,8.9,,83,,96,,41,,11.8,,18,,8.2,,0.8,,15,,34.6,,99.3,,1015,,2.1,,1.2,,142,,52,,9.1,,10.6,,12.1,,9.6,
2011-04-27,117,18.8,,23.8,,16.3,,85,,95,,62,,16.2,,17.8,,15.2,,2.5,,13.9,,32.8,,92,,1015,,3,,2.6,,195,,28,,12.8,,12.5,,13.6,,11.7,
2011-04-28,118,17,,20.2,,13,,91,,95,,79,,15.6,,16.9,,12,,15.8,,3.4,,8.8,,8.2,,1006,,3.7,,3.2,,197,,28,,16,,13.3,,13.6,,13.1,
2011-04-29,119,13.3,,19.7,,6.2,,59,,94,,29,,4.5,,12.1,,0.7,,0,,23.2,,45.7,,128.5,,1006,,1.7,,1,,258,,50,,9.7,,13.1,,14,,12.2,
2011-04-30,120,10.5,,16.7,,5.5,,52,,74,,28,,0.5,,4.9,,-2.2,,0,,18.4,,37.5,,90.4,,1016,,1.5,,1.1,,329,,39,,8.7,,12.6,,13.3,,12.1,
2011-05-01,121,11.3,,20.3,,4.8,,44,,74,,13,,-1.8,,3.9,,-9.6,,0,,27.1,,58.8,,141.1,,1024,,1.8,,1,,82,,53,,9.3,,12.3,,13.5,,11.1,
2011-05-02,122,10.9,,17.1,,2.1,,61,,89,,40,,3.1,,6.8,,-0.8,,0,,18.8,,40.2,,107.2,,1022,,1.5,,1.2,,207,,38,,8,,12.2,,13,,11.3,
2011-05-03,123,16.1,,24.1,,9.5,,66,,88,,44,,9.6,,13,,5.2,,0,,14.2,,32.8,,83.4,,1018,,2.2,,1.9,,159,,31,,9,,12.8,,13.6,,12,
2011-05-04,124,10.1,,14.1,,4.4,,92,,95,,84,,8.9,,12.7,,3.1,,12.4,,2.6,,6.7,,4,,1012,,1.6,,0.8,,253,,58,,7.3,,12.9,,13.3,,12.3,
2011-05-05,125,6.1,,10.1,,2.7,,80,,93,,54,,2.7,,5.6,,0.3,,1.3,,13.1,,27.4,,38.5,,1009,,1.7,,1.4,,286,,35,,10.4,,11.9,,12.3,,11.4,
2011-05-06,126,11.7,,19.3,,3,,45,,91,,18,,-1.2,,4.3,,-6.5,,0,,24.7,,54,,124.3,,1010,,2.3,,1.8,,224,,38,,9.8,,11.6,,12.7,,10.6,
2011-05-07,127,13.3,,20,,8.3,,63,,87,,26,,5.6,,9.4,,-0.2,,0,,20.9,,44.8,,119.4,,1009,,1.5,,0.6,,228,,61,,10.8,,12.4,,13.5,,11.4,
2011-05-08,128,11.8,,17.3,,6.7,,72,,91,,40,,6.6,,9.5,,2.7,,0.3,,10.8,,25,,43.7,,1012,,1,,0.6,,35,,47,,6.3,,12.6,,13,,12,
2011-05-09,129,13.3,,19.1,,7.5,,44,,82,,23,,0.4,,5.4,,-3.2,,0,,19.4,,57.8,,153.5,,1014,,1.7,,1.2,,350,,43,,11,,12.7,,13.8,,11.7,
2011-05-10,130,11.6,,17.5,,6.1,,57,,87,,40,,3,,6.9,,-2.3,,0,,10.2,,30.1,,70.5,,1015,,1.9,,1.3,,35,,43,,9.7,,12.5,,13,,11.9,
2011-05-11,131,11.3,,17.8,,7.6,,74,,92,,48,,6.6,,9.9,,3.2,,0.5,,8.3,,24.1,,42.6,,1018,,1.7,,1.3,,45,,38,,7.9,,12.3,,12.9,,11.9,
2011-05-12,132,12.6,,19.4,,4.9,,62,,86,,41,,5.1,,9.3,,2.3,,0,,19.6,,57.3,,154.4,,1017,,1.5,,0.9,,75,,48,,8.3,,12.9,,14.3,,11.5,
2011-05-13,133,14.1,,22.9,,5.5,,63,,91,,34,,6.5,,11.2,,4.2,,0,,19.9,,60.1,,156.6,,1012,,1.4,,0.5,,165,,62,,6.6,,13.7,,15.3,,12.2,
2011-05-14,134,12.9,,18.4,,8.3,,77,,92,,57,,8.9,,11.9,,6.2,,2.3,,7.2,,21.3,,53.2,,1009,,1.5,,1,,181,,47,,6,,13.9,,14.4,,13.3,
2011-05-15,135,11.9,,15.1,,8.4,,93,,95,,91,,10.8,,14.1,,7.3,,27.7,,3.6,,9.5,,10.7,,1006,,2.3,,1.4,,105,,50,,12.2,,13.6,,13.9,,13.3,
2011-05-16,136,8.6,,10.9,,7.1,,91,,93,,82,,7.2,,8.3,,6.1,,2.8,,8,,19.5,,46.6,,1010,,3,,2.7,,77,,27,,11.8,,13,,13.4,,12.7,
2011-05-17,137,8.4,,11,,7.1,,92,,94,,84,,7.2,,8.9,,6.1,,15.5,,9.8,,23.6,,62.3,,1016,,3.4,,3.1,,74,,24,,10.7,,12.4,,12.8,,11.9,
2011-05-18,138,10.6,,13.1,,8.7,,93,,94,,89,,9.5,,11.4,,7.8,,8.1,,9,,21.4,,54.1,,1019,,3.2,,2.9,,73,,23,,9.6,,12.5,,13,,11.9,
2011-05-19,139,13.4,,18.8,,9.7,,90,,94,,73,,11.9,,15,,8.8,,7.1,,12.7,,27.5,,83.4,,1017,,2.4,,2.1,,78,,26,,8.9,,13.2,,14.2,,12.3,
2011-05-20,140,14.9,,21.1,,11.8,,86,,95,,54,,12.4,,15.2,,11,,0.3,,11.4,,25.7,,65.2,,1014,,1.3,,0.8,,85,,48,,7.4,,14.1,,14.8,,13.5,
2011-05-21,141,15.4,,22.5,,8.8,,84,,95,,42,,12.5,,15.9,,8,,5.6,,14.3,,24.7,,92.8,,1014,,1.3,,0.5,,52,,58,,10.1,,14.9,,15.8,,14.1,
2011-05-22,142,11.2,,17.4,,7.9,,83,,95,,61,,8.3,,12.4,,7,,0.3,,15.7,,34.5,,108.4,,1019,,1.6,,1.2,,114,,39,,7,,15,,15.6,,14.4,
2011-05-23,143,11.9,,16.3,,8.9,,93,,95,,89,,10.9,,15.5,,7.7,,4.1,,3.5,,8.2,,11,,1015,,2.3,,2.1,,172,,24,,9.4,,14.4,,15.1,,14.2,
2011-05-24,144,18.4,,23.5,,14.1,,87,,96,,67,,16.1,,19.2,,12.7,,1.3,,13.3,,27.8,,86.4,,1008,,1.7,,1.3,,209,,35,,10.2,,15.2,,16.4,,14.3,
2011-05-25,145,18.5,,25.7,,11.6,,66,,94,,28,,11,,14.6,,5.3,,0,,26.4,,51,,163.2,,1013,,1.2,,0.3,,219,,67,,6.1,,16.2,,17.7,,14.8,
2011-05-26,146,20,,26.9,,12.9,,74,,91,,51,,14.8,,18,,10.9,,0,,24.4,,55.6,,156.8,,1014,,2.5,,2.1,,176,,30,,11,,17,,18.3,,15.8,
2011-05-27,147,22.6,,30.6,,16.6,,68,,95,,32,,15.6,,18.4,,10.9,,0,,24.4,,55.5,,152.6,,1015,,1.5,,1.2,,183,,37,,9.2,,18.2,,19.6,,16.9,
2011-05-28,148,20.5,,26.8,,17.1,,83,,94,,53,,17.3,,21,,14.9,,3,,17,,34.6,,103.5,,1017,,2,,1.7,,173,,29,,10.3,,18.6,,19.7,,17.7,
2011-05-29,149,21.7,,27.1,,18.4,,79,,91,,56,,17.6,,19.7,,16.7,,0,,20.2,,43.9,,138.5,,1018,,2,,1.7,,198,,32,,8.8,,19.2,,20.4,,18.2,
2011-05-30,150,22.4,,29.9,,18.5,,72,,94,,34,,16.5,,20.5,,10.9,,0,,18.8,,43,,118.5,,1018,,1.1,,0.3,,287,,68,,5.9,,19.6,,20.8,,18.6,
2011-05-31,151,22.6,,28.7,,16.1,,51,,77,,31,,11.3,,16.6,,6.3,,0,,26.6,,61.4,,177.5,,1022,,1.3,,0.7,,152,,56,,7.1,,19.8,,21.1,,18.5,
2011-06-01,152,20.8,,28.4,,15.6,,78,,92,,57,,16.8,,21.5,,9.5,,5.1,,17.9,,41.1,,107.2,,1014,,2,,1.5,,193,,40,,11.9,,20,,21.1,,18.9,
2011-06-02,153,13.7,,18.9,,8.7,,61,,83,,40,,6.2,,12.6,,2.7,,0,,15,,31.7,,70.9,,1010,,1.8,,1.3,,271,,40,,12.6,,18.8,,20.1,,17.7,
2011-06-03,154,12.5,,19.7,,5.4,,53,,89,,23,,2.3,,7.6,,-2.6,,0,,28.4,,59.2,,170.4,,1015,,1.5,,1,,323,,47,,11.7,,17.5,,18.8,,16.2,
2011-06-04,155,13.9,,22.5,,6.9,,51,,74,,21,,3,,8.2,,-1.9,,0,,27,,57.3,,156.9,,1016,,1.5,,0.6,,47,,61,,8.7,,17.3,,18.6,,15.9,
2011-06-05,156,14.5,,20.4,,5.2,,64,,87,,39,,7.4,,12.1,,2.7,,0,,22.5,,47.5,,146.2,,1017,,0.9,,0.2,,200,,69,,5.8,,17.2,,18.3,,15.9,
2011-06-06,157,18.8,,26.4,,11.5,,61,,92,,30,,10.2,,15.3,,6.9,,0,,25.8,,49.7,,163.5,,1016,,0.9,,0.5,,346,,50,,6.6,,17.8,,19.2,,16.5,
2011-06-07,158,21.6,,29.7,,13.3,,58,,90,,25,,12,,16.9,,6.7,,0,,27.5,,62.8,,185.5,,1012,,0.9,,0.2,,301,,69,,5.8,,18.4,,20,,16.9,
2011-06-08,159,23.8,,30.7,,17.4,,67,,84,,46,,17.1,,21.2,,13.8,,0,,22.5,,50.7,,144.9,,1011,,0.8,,0.3,,234,,60,,5.7,,19.2,,20.6,,18,
2011-06-09,160,20.3,,28.8,,16.6,,84,,95,,56,,17.4,,21.7,,15.7,,20.3,,16.1,,37.2,,109.4,,1010,,1,,0.5,,223,,51,,12.4,,19.9,,21.3,,18.7,
2011-06-10,161,19.8,,25.3,,16,,76,,95,,40,,15,,18.6,,9.9,,0,,20,,48.9,,156.1,,1015,,1.1,,0.4,,7,,60,,6.3,,20.2,,21.6,,18.9,
2011-06-11,162,12.5,,16.4,,9.8,,91,,93,,88,,11.1,,14.9,,8.6,,8.1,,2.8,,7.5,,-6.2,,1018,,1.8,,1.5,,101,,35,,8.5,,19,,20.5,,17.9,
2011-06-12,163,10.9,,13.1,,8.9,,90,,94,,83,,9.3,,10.6,,7.8,,1.8,,8,,19.1,,47.3,,1012,,1.5,,1.2,,71,,35,,9,,17.4,,17.9,,17,
2011-06-13,164,14.8,,19.9,,10.7,,79,,94,,51,,10.9,,13.8,,8.8,,0,,15.5,,32.6,,104.3,,1010,,1.1,,0.4,,84,,61,,6.9,,17.6,,18.5,,16.7,
2011-06-14,165,11.8,,15.2,,8.4,,86,,93,,69,,9.6,,11.5,,7.3,,2.8,,10.6,,24.6,,38.7,,1011,,1,,0.7,,52,,42,,6.4,,17.5,,18,,17,
2011-06-15,166,16.2,,25.3,,8.6,,75,,94,,35,,11.3,,17,,7.6,,1,,21.9,,49.4,,140.2,,1010,,0.9,,0.4,,350,,59,,11.4,,17.7,,19.3,,16.3,
2011-06-16,167,19.5,,27.6,,11.8,,71,,95,,26,,13.1,,17.9,,6.2,,0.3,,24.6,,60.3,,180.5,,1013,,1,,0.7,,218,,41,,6.5,,18.9,,20.6,,17.4,
2011-06-17,168,17.2,,19.6,,14.5,,88,,94,,65,,15.1,,17.7,,10.6,,14.7,,6.1,,15.1,,13.5,,1012,,1.5,,1.3,,174,,32,,7,,18.8,,19.6,,18.4,
2011-06-18,169,19.6,,26.7,,14.6,,79,,95,,43,,15.4,,19.2,,12.7,,0,,22,,41.8,,160.7,,1009,,1,,0.6,,255,,52,,6.8,,19.1,,20.7,,17.9,
2011-06-19,170,17.3,,23.1,,12.9,,56,,91,,27,,7.7,,15.6,,1.4,,0,,27.6,,60.6,,166.7,,1010,,1.1,,0.6,,338,,53,,7.1,,19.5,,20.6,,18.4,
2011-06-20,171,18.2,,25.7,,10.2,,58,,79,,34,,9.3,,14.5,,4.7,,0,,26.7,,60.2,,172.9,,1011,,0.9,,0.4,,330,,60,,6,,19.2,,20.5,,17.9,
2011-06-21,172,20.2,,27.8,,12.1,,61,,87,,32,,11.9,,16.9,,8.3,,0,,26.4,,61.1,,180.5,,1013,,0.9,,0.3,,57,,61,,4.7,,19.5,,20.8,,18.2,
2011-06-22,173,17.6,,18.9,,16.4,,91,,94,,75,,16.1,,17,,14,,43.4,,3.8,,9.6,,6.6,,1012,,1.6,,1.3,,81,,29,,8,,19.2,,20,,18.9,
2011-06-23,174,15.8,,17.1,,13.7,,93,,94,,91,,14.7,,15.7,,12.7,,9.1,,4.8,,11.8,,14.9,,1010,,2.2,,1.9,,80,,28,,9.8,,18.6,,18.9,,18.2,
2011-06-24,175,12.7,,15,,10.7,,93,,94,,87,,11.6,,13.1,,9.6,,0.8,,7.2,,16,,36.4,,1008,,2.1,,1.8,,80,,31,,9.3,,17.9,,18.3,,17.6,
2011-06-25,176,15.2,,23.4,,10.3,,88,,95,,59,,13.1,,17.3,,9.3,,15.5,,14.7,,32.3,,99.9,,1009,,1,,0.3,,96,,63,,5.4,,17.8,,19,,17.1,
2011-06-26,177,18.8,,23.7,,14.5,,82,,95,,58,,15.5,,17.7,,13.7,,0.3,,20.8,,45.5,,134.6,,1013,,0.8,,0.5,,280,,46,,5.3,,19,,20.2,,18,
2011-06-27,178,20.6,,27.7,,14.2,,73,,95,,40,,15.1,,18.3,,12.3,,0,,26.2,,54.2,,180.8,,1016,,0.9,,0.2,,265,,65,,5.4,,19.7,,21.2,,18.4,
2011-06-28,179,21.6,,27.1,,15.4,,76,,93,,51,,17,,19.7,,14.3,,0,,19.6,,43.2,,128.8,,1012,,1.1,,0.7,,169,,49,,5.4,,20.4,,21.4,,19.4,
2011-06-29,180,19.6,,24.8,,14.5,,75,,95,,45,,14.7,,18.6,,10.4,,11.2,,22.5,,43.9,,153.1,,1010,,1.3,,0.8,,270,,46,,9.7,,20.9,,21.9,,20,
2011-06-30,181,18.3,,24.7,,12.2,,65,,92,,39,,11.1,,15,,7.8,,0,,22.4,,45,,134.9,,1013,,1.1,,0.7,,266,,44,,7.6,,20.5,,21.3,,19.5,
2011-07-01,182,18.1,,25.2,,11.2,,67,,88,,43,,11.6,,15.6,,7.2,,0,,21.8,,44.3,,136.4,,1015,,0.9,,0.5,,330,,53,,6.2,,19.9,,20.9,,18.9,
2011-07-02,183,20.7,,27.9,,14.2,,70,,92,,34,,14.4,,17.5,,10.6,,0,,24.4,,46.1,,153.6,,1017,,0.8,,0.2,,103,,67,,5.3,,20.1,,21.2,,19,
2011-07-03,184,19.8,,22.8,,17.2,,85,,94,,71,,17.1,,19.4,,13.9,,2,,11.3,,25.2,,51.9,,1011,,1.3,,1,,199,,38,,6,,20.2,,20.7,,19.7,
2011-07-04,185,22.4,,29.2,,17.7,,74,,95,,44,,17.2,,21.1,,15.1,,0,,24.9,,54.7,,174.5,,1009,,1,,0.5,,236,,56,,6,,21,,22.5,,19.8,
2011-07-05,186,22.8,,29.1,,17,,70,,93,,37,,16.4,,20.6,,11.5,,0,,24.4,,52.1,,163,,1013,,0.8,,0.1,,262,,68,,5.7,,21.5,,22.6,,20.4,
2011-07-06,187,22.4,,29.8,,15.9,,69,,94,,39,,15.5,,19.3,,12.5,,2.3,,26.6,,61.6,,184.2,,1012,,1.1,,0.4,,213,,61,,12.9,,21.6,,23,,20.4,
2011-07-07,188,20.9,,27,,16.4,,71,,95,,39,,14.9,,19.2,,10.7,,0,,24.8,,48.4,,162.7,,1014,,0.9,,0.4,,340,,56,,6.4,,22,,23.2,,20.8,
2011-07-08,189,19.4,,23.3,,15.6,,85,,94,,68,,16.8,,19.9,,11.1,,4.6,,11,,24.9,,61.4,,1012,,1.2,,0.9,,103,,39,,5.8,,21.5,,22,,20.8,
2011-07-09,190,20.6,,25.9,,14.6,,69,,95,,37,,14.1,,19.1,,9.1,,1,,26.8,,59.1,,178.2,,1011,,1.2,,0.7,,329,,50,,8.2,,21.9,,23.5,,20.7,
2011-07-10,191,20.4,,26.5,,12,,63,,87,,35,,12.7,,16.3,,8.9,,0,,27.6,,62.6,,184.4,,1017,,1,,0.3,,216,,64,,6.9,,21.7,,23.2,,20.3,
2011-07-11,192,24.3,,30.4,,17.7,,69,,94,,42,,17.9,,21,,14.4,,0,,24,,53.7,,165,,1013,,1.3,,1.1,,200,,33,,7,,22.2,,23.6,,20.8,
2011-07-12,193,25.2,,30,,20.6,,70,,90,,46,,19.1,,21.9,,16.4,,0,,21.9,,45.9,,147.9,,1006,,1.4,,0.9,,254,,45,,9.4,,22.9,,24,,21.9,
2011-07-13,194,20.3,,27.2,,14.2,,74,,93,,45,,15.2,,19.6,,11.2,,5.3,,17.9,,37.2,,112.5,,1007,,1,,0.5,,321,,53,,8.4,,22.4,,23.2,,21.5,
2011-07-14,195,18.2,,25.1,,12.2,,66,,94,,32,,11,,14.9,,5.7,,1,,18,,56.2,,153.6,,1015,,1,,0.6,,37,,49,,9.2,,21.7,,22.9,,20.4,
2011-07-15,196,20.2,,27.7,,13.5,,59,,85,,25,,11.1,,15.6,,5.6,,0,,15.9,,60.1,,165.8,,1017,,1,,0.3,,359,,66,,6.4,,21.5,,22.9,,20.1,
2011-07-16,197,21.7,,28.8,,14.1,,62,,89,,31,,13.4,,17.4,,8.7,,0,,16.5,,57.9,,164.3,,1019,,0.8,,0.2,,281,,65,,5.4,,21.5,,22.8,,20.2,
2011-07-17,198,23.9,,30.8,,16.3,,65,,93,,34,,16.1,,18.9,,12.4,,0,,16.6,,59.1,,168.1,,1018,,1.1,,0.7,,235,,44,,8.6,,21.9,,23.3,,20.5,
2011-07-18,199,22.3,,27.1,,19.3,,82,,95,,57,,19,,22.2,,17.2,,10.2,,9.5,,30.6,,67.7,,1012,,1,,0.6,,235,,45,,7,,22,,22.7,,21.3,
2011-07-19,200,22.2,,28.8,,16.7,,71,,95,,30,,16,,20.7,,9,,0.3,,24.6,,54.2,,158.9,,1011,,0.9,,0.5,,5,,48,,5.7,,22.3,,23.8,,21,
2011-07-20,201,23,,29.3,,15.9,,70,,90,,47,,16.8,,21.5,,12.9,,0,,23,,51.7,,147.3,,1011,,1.5,,0.9,,192,,53,,8.5,,22.3,,23.6,,21,
2011-07-21,202,25.9,,32.8,,20.2,,80,,94,,51,,21.8,,24.9,,18.7,,0,,19.9,,43.8,,140.2,,1008,,1.8,,1.4,,208,,34,,9.4,,22.8,,24,,21.8,
2011-07-22,203,28.3,,35.6,,22.4,,59,,90,,20,,17.8,,25.5,,8.5,,0,,26.4,,60.2,,174.7,,1011,,1.2,,0.7,,255,,51,,8.2,,23.6,,24.9,,22.5,
2011-07-23,204,24.8,,32,,17.4,,70,,95,,44,,18.5,,23,,14.8,,6.9,,20.3,,47.3,,144.4,,1013,,0.9,,0.3,,256,,64,,5.6,,23.5,,25,,22.1,
2011-07-24,205,23.1,,29.3,,18.6,,73,,93,,42,,17.8,,20.4,,14.5,,0.3,,15.6,,35.1,,94,,1013,,0.9,,0.3,,41,,60,,4.9,,23.3,,24.3,,22.6,
2011-07-25,206,17.5,,21.4,,14.4,,83,,94,,62,,14.5,,16.4,,12.4,,13.2,,5.3,,12.4,,25.6,,1012,,1.4,,1.1,,129,,35,,5.7,,22,,23.3,,21,
2011-07-26,207,18.6,,26.9,,14.5,,87,,94,,53,,16.2,,20,,13.3,,1.8,,15.5,,35,,103.9,,1007,,1,,0.7,,204,,45,,5.2,,21.6,,23,,20.5,
2011-07-27,208,19.4,,26.5,,13.4,,75,,95,,44,,14.4,,17.5,,12.2,,0.3,,22.5,,45,,146.4,,1012,,0.8,,0.4,,343,,58,,6.2,,21.7,,23.1,,20.3,
2011-07-28,209,20.8,,26.9,,14.3,,70,,92,,40,,14.5,,17.6,,11.6,,0,,23.6,,53.5,,152.3,,1017,,0.9,,0.1,,179,,72,,4.8,,21.9,,23.3,,20.6,
2011-07-29,210,20.8,,23.3,,18.7,,89,,95,,78,,18.9,,21,,15.8,,8.6,,4.4,,10.2,,21,,1012,,1.7,,1.4,,180,,34,,7.6,,21.7,,22.2,,21.4,
2011-07-30,211,22.2,,27.8,,16.7,,73,,95,,41,,16.4,,20.9,,12.1,,0,,24.4,,55.6,,165.7,,1013,,1.1,,0.7,,319,,48,,7.9,,22.3,,23.9,,21.1,
2011-07-31,212,21.8,,29.1,,16,,70,,90,,36,,15.5,,19.7,,12.1,,0,,23.4,,48.8,,157,,1017,,0.8,,0.3,,327,,65,,7.4,,22.4,,23.7,,21,
2011-08-01,213,21.4,,28.7,,17.5,,82,,94,,50,,18,,21.3,,16,,6.3,,14.4,,32.9,,75,,1011,,0.7,,0.3,,246,,54,,6.4,,22.3,,23,,21.5,
2011-08-02,214,20.6,,28.3,,15.1,,72,,94,,37,,15,,19.1,,11.4,,0.3,,20.7,,44.8,,124.8,,1007,,0.9,,0.3,,300,,66,,6,,22,,23.3,,20.7,
2011-08-03,215,19.4,,25.9,,12.8,,72,,92,,40,,13.9,,18,,10.4,,0,,21.5,,47.3,,131.8,,1008,,0.8,,0.1,,73,,73,,4.5,,21.8,,23,,20.5,
2011-08-04,216,20.3,,26.9,,15.3,,77,,94,,45,,15.7,,18.4,,13.3,,0,,17.2,,35.9,,104.1,,1013,,1.1,,0.8,,74,,41,,5.2,,21.9,,22.8,,20.9,
2011-08-05,217,20.9,,26.4,,16.4,,79,,90,,55,,16.9,,20,,14.6,,0,,17.4,,36.1,,120,,1018,,1.2,,0.6,,179,,54,,5.4,,22,,23.1,,21.1,
2011-08-06,218,21.8,,26.6,,18.9,,84,,93,,63,,18.8,,21.1,,17.7,,2.3,,13.4,,29.6,,81.9,,1016,,1.5,,1.2,,203,,35,,6.7,,22.4,,23.1,,21.6,
2011-08-07,219,22.6,,29.3,,17.9,,86,,95,,54,,19.9,,23.1,,16.8,,11.4,,14.6,,32.1,,94.4,,1005,,1.2,,0.6,,202,,56,,9.2,,22.6,,23.9,,21.4,
2011-08-08,220,22.5,,28.7,,18.4,,79,,95,,50,,18.4,,21.9,,15.1,,5.3,,21.3,,46.7,,145.5,,1003,,1,,0.6,,345,,49,,6.8,,23.4,,24.8,,22.2,
2011-08-09,221,20.3,,25.6,,15.5,,82,,94,,61,,17.1,,20.2,,14.4,,18,,13.1,,28.5,,64.1,,1004,,1.7,,1.3,,114,,37,,7.1,,22.7,,23.5,,21.9,
2011-08-10,222,20.3,,26.8,,16.7,,82,,95,,47,,16.9,,19.3,,14,,0.3,,19.5,,42.2,,124.8,,1003,,1.1,,0.1,,27,,73,,6,,22.6,,23.9,,21.6,
2011-08-11,223,18.3,,23.8,,13.4,,66,,93,,34,,11.2,,15.2,,6.7,,0,,22,,45.1,,126,,1009,,1.1,,0.6,,270,,52,,8.3,,22.4,,23.2,,21.4,
2011-08-12,224,18,,25.2,,11.8,,72,,93,,42,,12.5,,16.5,,10.6,,0,,20.8,,41.7,,119.3,,1015,,0.9,,0.3,,330,,59,,6.7,,21.5,,22.5,,20.5,
2011-08-13,225,20.3,,26,,13.6,,70,,94,,40,,14.2,,18,,10.4,,0,,19.9,,42.7,,114.6,,1017,,0.9,,0.4,,196,,58,,4.9,,21.5,,22.5,,20.4,
2011-08-14,226,18,,20.3,,16.1,,89,,94,,74,,16.1,,18.1,,14.6,,2.8,,4.6,,10.5,,4.2,,1013,,1.4,,1,,136,,41,,6.6,,21.3,,21.8,,20.9,
2011-08-15,227,16.7,,18.9,,13.9,,93,,94,,91,,15.6,,17.8,,12.9,,45.7,,2.9,,7.2,,0.5,,1008,,1.9,,1.5,,75,,35,,8.8,,20.3,,20.9,,19.9,
2011-08-16,228,15.9,,20.5,,13.3,,89,,95,,70,,14.1,,16.4,,12.5,,1.5,,10.7,,22.4,,44.8,,1011,,0.9,,0.7,,330,,39,,6.7,,20,,20.6,,19.5,
2011-08-17,229,19.6,,27.4,,13.8,,74,,96,,37,,14.2,,18,,10.5,,0.3,,23.5,,50.3,,145.9,,1018,,0.9,,0.2,,319,,68,,5.5,,20.4,,21.8,,19.2,
2011-08-18,230,21.5,,26.7,,16.8,,77,,93,,51,,17.1,,19.8,,14.6,,0,,20.2,,43,,124.6,,1016,,1.2,,0.9,,204,,36,,6.8,,21.2,,22.2,,20.2,
2011-08-19,231,21.6,,27.9,,17.9,,80,,95,,49,,17.7,,20.7,,15.5,,0,,19.2,,41.6,,123.9,,1014,,1.1,,0.8,,197,,34,,6.1,,21.9,,23,,20.9,
2011-08-20,232,21.3,,27.9,,16.4,,76,,94,,44,,16.4,,19.4,,14,,0,,21.7,,47.8,,136.9,,1015,,0.7,,0.2,,198,,61,,4.4,,22.2,,23.4,,21.2,
2011-08-21,233,20.7,,27,,16.8,,86,,94,,58,,18.2,,21.2,,15.6,,18.8,,13.6,,29.8,,70.9,,1012,,1.6,,1.3,,190,,35,,9.9,,22.1,,22.6,,21.3,
2011-08-22,234,17.8,,22.5,,12,,73,,94,,42,,12.4,,19,,8.5,,4.6,,22.9,,48.8,,137.1,,1008,,1.2,,0.9,,269,,41,,8.9,,22,,22.9,,21.3,
2011-08-23,235,15.8,,23,,9.3,,74,,94,,40,,10.5,,14.1,,7.9,,0,,21.1,,44.7,,122.3,,1015,,0.9,,0.2,,301,,67,,5.9,,21.3,,22.1,,20.4,
2011-08-24,236,18.9,,24.3,,13.1,,71,,94,,43,,13,,16.4,,10.1,,0,,20.6,,44.7,,117.6,,1017,,1.9,,1.6,,186,,32,,9.2,,21.1,,22,,20.2,
2011-08-25,237,20.2,,22.3,,17.8,,91,,94,,83,,18.6,,20.3,,16.2,,20.3,,4.8,,10.8,,16.7,,1012,,2.1,,1.8,,198,,32,,10.1,,21.1,,21.4,,20.8,
2011-08-26,238,20.8,,28.1,,15.9,,81,,95,,47,,17.1,,21,,14.5,,0.3,,20,,43.9,,127.3,,1015,,0.7,,0.2,,287,,63,,4.8,,21.5,,22.5,,20.6,
2011-08-27,239,20.2,,25.8,,16.5,,89,,95,,57,,18.1,,20.3,,15.7,,21.6,,10,,21.9,,57.8,,1012,,1.2,,0.6,,97,,53,,5.8,,21.7,,22.4,,21.1,
2011-08-28,240,19.1,,21.6,,14.2,,90,,95,,75,,17.4,,20.6,,10.1,,111,,1.4,,3.5,,-9.5,,992,,3.8,,1.4,,136,,64,,16.4,,21.3,,21.9,,20.9,
2011-08-29,241,16.2,,23,,10.6,,72,,93,,36,,10.6,,14.4,,6.5,,0,,22.7,,47.7,,127.3,,1011,,1.2,,0.6,,268,,54,,8.4,,20.8,,21.7,,19.9,
2011-08-30,242,17.6,,25.9,,10.9,,72,,94,,33,,11.6,,16.5,,6.4,,0.3,,21.3,,45.7,,119.7,,1019,,0.8,,0.3,,2,,62,,4.6,,20.7,,21.6,,19.8,
2011-08-31,243,19.4,,27,,13,,76,,94,,42,,14.6,,19.1,,11.1,,0,,19.4,,42.5,,114.4,,1022,,0.9,,0.4,,32,,54,,5,,20.9,,21.9,,19.9,
2011-09-01,244,18.9,,24.6,,15.5,,73,,92,,53,,13.8,,17,,9.8,,0,,15.9,,35.4,,98.9,,1022,,1.7,,1.3,,104,,40,,6.1,,21.3,,21.9,,20.6,
2011-09-02,245,18.1,,24.7,,13.8,,71,,87,,48,,12.6,,16,,9.6,,0,,19.8,,44.7,,124.7,,1019,,1.2,,0.8,,117,,45,,5.1,,21.3,,22.2,,20.5,
2011-09-03,246,20.5,,27.3,,14.8,,82,,94,,61,,17.2,,21.4,,13.1,,0,,17.4,,40,,113.3,,1014,,1.2,,0.9,,212,,35,,6.5,,21.5,,22.5,,20.5,
2011-09-04,247,21.6,,26.2,,18.6,,89,,95,,75,,19.7,,22.6,,17.6,,0,,8.5,,19.1,,56,,1011,,1.4,,1.2,,198,,33,,7,,21.8,,22.4,,21.3,
2011-09-05,248,21.2,,25.5,,17.2,,83,,92,,67,,18.1,,20.5,,14.6,,0,,9.8,,22.2,,62.5,,1009,,1.8,,1.3,,196,,41,,9.3,,22,,22.5,,21.6,
2011-09-06,249,15,,17.9,,12.6,,90,,94,,74,,13.3,,14.9,,11.5,,26.9,,6.7,,14.9,,23.3,,1017,,1,,0.7,,51,,41,,8.7,,21,,22,,20.5,
2011-09-07,250,13.5,,15.1,,12.4,,94,,94,,92,,12.5,,13.9,,11.5,,44.2,,4.3,,9.7,,11.7,,1021,,2.2,,1.9,,78,,31,,9.6,,19.3,,20.6,,18.8,
2011-09-08,251,15.9,,21.8,,12.4,,91,,95,,75,,14.4,,18.4,,11.5,,29.2,,9.2,,19.5,,59.7,,1017,,1.1,,0.8,,71,,43,,7.8,,18.8,,19.4,,18,
2011-09-09,252,18.7,,25.6,,14.5,,75,,95,,38,,13.7,,16.8,,8.9,,0,,18.5,,38.1,,111.7,,1009,,1,,0.6,,346,,48,,6.4,,19.7,,20.6,,19,
2011-09-10,253,16.8,,23,,11.4,,76,,93,,31,,12.1,,16,,4,,0,,15.4,,32.2,,72.4,,1014,,1,,0.5,,42,,52,,5.5,,19.7,,20.2,,19,
2011-09-11,254,14.9,,19.9,,10.3,,76,,91,,48,,10.5,,13.9,,6.7,,0,,13,,27,,69.9,,1018,,1.1,,0.7,,166,,46,,5.8,,19.2,,19.7,,18.6,
2011-09-12,255,18.5,,24.8,,13.8,,81,,94,,53,,14.9,,17.9,,12.1,,0,,18.1,,38.1,,111.3,,1015,,1.1,,0.6,,231,,54,,5.4,,19.5,,20.5,,18.8,
2011-09-13,256,20.5,,26.3,,16.5,,79,,95,,51,,16.5,,18.7,,15.2,,0,,18.3,,37.9,,103.3,,1011,,1.5,,1.3,,204,,32,,7.6,,20.1,,21,,19.4,
2011-09-14,257,20.1,,25.5,,17,,83,,93,,60,,17.1,,20.1,,15.1,,0,,12.8,,26.4,,64.5,,1013,,1,,0.4,,215,,61,,5.9,,20.4,,21,,19.8,
2011-09-15,258,15,,21.6,,5.6,,91,,95,,74,,13.5,,19.9,,4.3,,5.1,,3.9,,8.3,,7.3,,1013,,1.2,,0.4,,269,,62,,9.5,,20.2,,20.6,,19.4,
2011-09-16,259,8.7,,15.9,,4,,70,,93,,34,,3,,6,,-1.1,,0.3,,20.6,,40.7,,93.2,,1021,,1.2,,0.7,,305,,52,,9.8,,18.4,,19.4,,17.8,
2011-09-17,260,9.9,,17,,4.2,,69,,90,,34,,4,,8.7,,-0.1,,0,,17.1,,34,,85.2,,1029,,0.9,,0.5,,69,,54,,5,,17.4,,18,,16.6,
2011-09-18,261,11,,17.2,,6.4,,71,,93,,39,,5.3,,8,,2.1,,0,,17.9,,36.3,,90.5,,1028,,1.4,,1.2,,69,,30,,8.2,,17.4,,18.1,,16.8,
2011-09-19,262,11.4,,18.3,,5.3,,73,,93,,36,,6.1,,9.6,,2,,0,,19.2,,39.4,,91.4,,1022,,1.2,,0.7,,112,,50,,5.6,,16.9,,17.6,,16,
2011-09-20,263,13.5,,16.3,,10.2,,93,,95,,87,,12.4,,14.9,,8.7,,5.8,,2.7,,5.8,,0.8,,1018,,1.2,,0.9,,214,,34,,8.3,,16.8,,17.1,,16.5,
2011-09-21,264,17.4,,23.2,,12.9,,84,,96,,55,,14.4,,16.8,,12.2,,0.5,,15.5,,31.8,,96.3,,1023,,1,,0.8,,192,,36,,6,,17.5,,18.5,,16.8,
2011-09-22,265,19.3,,23.2,,16.7,,93,,95,,80,,18.1,,20.3,,15.5,,19,,6.2,,12.9,,25.5,,1019,,1,,0.8,,172,,37,,4.9,,18.6,,19.3,,18,
2011-09-23,266,19.6,,22,,17.9,,92,,95,,79,,18.3,,19.1,,17.2,,52.1,,5.6,,11.3,,25.9,,1018,,1.2,,0.8,,115,,45,,7.1,,19.3,,19.9,,19,
2011-09-24,267,20.6,,24.6,,17.7,,92,,95,,74,,19.2,,21.2,,16.9,,1.5,,7,,14.2,,27.5,,1016,,0.9,,0.6,,184,,43,,6.6,,19.7,,20.3,,19.3,
2011-09-25,268,19.9,,26.3,,17.1,,88,,95,,57,,17.6,,20.4,,16.3,,0,,9.2,,18.5,,47.2,,1018,,0.6,,0.3,,17,,52,,3.1,,20,,20.5,,19.5,
2011-09-26,269,20.2,,27.7,,15.3,,82,,96,,44,,16.6,,19.4,,13.7,,0,,15.8,,32.3,,87,,1016,,0.7,,0.1,,35,,69,,3.6,,20,,20.7,,19.4,
2011-09-27,270,19.9,,26.1,,15.8,,82,,95,,56,,16.5,,20.2,,14.1,,0.3,,12.8,,26.6,,73.5,,1016,,1.2,,1,,86,,35,,6.2,,20,,20.6,,19.5,
2011-09-28,271,17.9,,22.8,,14.9,,80,,94,,51,,14.1,,16.5,,11.5,,3,,14.9,,31.1,,92.3,,1017,,2.2,,1.9,,98,,31,,9.1,,20.1,,20.6,,19.7,
2011-09-29,272,16.4,,20.2,,13.1,,94,,95,,89,,15.4,,18.9,,12.3,,20.6,,3.1,,6.6,,-0.3,,1006,,1.7,,0.7,,128,,61,,9.7,,19.4,,20,,19.2,
2011-09-30,273,16,,22.6,,10.9,,82,,95,,53,,12.8,,15.5,,10.2,,5.6,,13.7,,27.1,,67.3,,1005,,1.6,,1.1,,188,,44,,8.5,,18.9,,19.4,,18.3,
2011-10-01,274,12.2,,16.9,,6.7,,94,,95,,91,,11.3,,15.7,,5.9,,10.2,,2.6,,5.3,,0.9,,1005,,1.2,,0.7,,343,,53,,8.2,,18.6,,19.1,,18,
2011-10-02,275,12.4,,15.1,,7.3,,94,,96,,87,,11.4,,13.4,,6.6,,0.3,,4.1,,8.2,,18.7,,1008,,1.6,,1.3,,77,,32,,10.4,,17.7,,18,,17.4,
2011-10-03,276,11.4,,15.3,,9.3,,86,,96,,51,,9,,11.2,,4.3,,1.8,,7.5,,14.3,,30.6,,1015,,1.1,,0.4,,122,,62,,5.7,,17.4,,17.7,,17.1,
2011-10-04,277,11,,13,,9.6,,94,,95,,86,,10,,11.2,,8.8,,18,,4.3,,8.3,,10.6,,1014,,1,,0.6,,335,,47,,7,,16.8,,17.2,,16.6,
2011-10-05,278,10.4,,17.6,,2.3,,72,,95,,33,,4.9,,11,,-2.2,,0,,12.7,,24.1,,36.9,,1017,,1.4,,0.9,,316,,46,,11.7,,16.4,,16.9,,15.9,
2011-10-06,279,7.4,,15.2,,1.3,,57,,89,,20,,-1.7,,2.3,,-8.3,,0,,16.1,,31.2,,55.4,,1023,,1.2,,0.6,,343,,57,,11.2,,15.1,,15.9,,14.4,
2011-10-07,280,9,,17.6,,1.5,,61,,83,,23,,0.9,,6.3,,-4.8,,0,,15.5,,30.8,,64.1,,1027,,0.8,,0.2,,319,,62,,5.8,,14.6,,15.3,,13.9,
2011-10-08,281,15.1,,25.2,,7.3,,70,,89,,32,,8.9,,14.1,,4.6,,0,,15.4,,29.9,,66.8,,1027,,0.6,,0.3,,295,,52,,4,,15,,16,,14.1,
2011-10-09,282,18.4,,27.7,,12,,67,,87,,31,,11.5,,15.3,,8.7,,0,,16.1,,30.6,,65,,1026,,0.7,,0.3,,298,,54,,5.4,,15.7,,16.7,,14.8,
2011-10-10,283,18.8,,26.5,,13.1,,68,,84,,43,,12.4,,15.8,,10,,0,,15.4,,29.7,,61.8,,1021,,0.8,,0.4,,315,,56,,5.6,,16.2,,17.1,,15.3,
2011-10-11,284,14.4,,20.7,,9.5,,65,,89,,31,,7,,11.1,,1.7,,0,,14.4,,28.1,,52.5,,1022,,1.1,,0.9,,85,,37,,5.3,,16.3,,16.8,,15.7,
2011-10-12,285,11,,14,,8.8,,80,,94,,57,,7.6,,10.6,,4.7,,0.8,,10.1,,20,,42.5,,1020,,1.8,,1.6,,82,,29,,7.1,,15.9,,16.2,,15.5,
2011-10-13,286,13.1,,16,,11.3,,93,,95,,84,,12,,13.6,,10.4,,6.1,,6,,12.4,,26.5,,1010,,2,,1.8,,72,,29,,11.4,,15.9,,16.4,,15.5,
2011-10-14,287,15.1,,18.7,,11.2,,94,,95,,88,,14.1,,17.7,,10.2,,39.4,,2.1,,4.4,,-5.3,,999,,2.6,,1.5,,119,,52,,9.9,,16.2,,16.5,,16,
2011-10-15,288,11,,14.8,,8.2,,72,,94,,47,,5.8,,10.4,,1.4,,1.8,,9.4,,17.5,,17.9,,999,,2.8,,2.4,,225,,31,,16.8,,15.9,,16.4,,15.4,
2011-10-16,289,11.8,,15.7,,8.1,,56,,77,,38,,3.1,,7.7,,0.3,,0.5,,11.5,,21.5,,37.5,,1004,,2.5,,2,,242,,35,,11.8,,15,,15.4,,14.6,
2011-10-17,290,11.4,,15.8,,6.1,,59,,90,,32,,3.1,,8.5,,-2.4,,0.3,,13.7,,25.7,,39.4,,1004,,1.9,,1.5,,239,,34,,10.9,,14.8,,15.2,,14.5,
2011-10-18,291,10.1,,15.8,,6.5,,62,,83,,37,,2.8,,6.4,,-0.3,,0,,6.6,,12.7,,14.9,,1008,,1.3,,0.5,,251,,64,,6.4,,14.2,,14.6,,13.8,
2011-10-19,292,10.4,,12.6,,7.6,,86,,94,,63,,8.1,,10.2,,3.3,,19.6,,2.1,,4.6,,-0.2,,1008,,3.4,,3.1,,74,,25,,14.3,,13.9,,14.2,,13.8,
2011-10-20,293,12.7,,19.7,,9.3,,80,,95,,51,,8.9,,15.3,,4.2,,3,,8.4,,16.4,,28.6,,998,,3.8,,1.7,,127,,60,,14.2,,14.1,,14.7,,13.7,
2011-10-21,294,9.9,,14.9,,7.1,,70,,85,,48,,4.6,,6.4,,3.1,,0,,8.1,,15.6,,22,,1008,,1.6,,1.3,,232,,33,,10,,13.9,,14.3,,13.5,
2011-10-22,295,8.2,,12,,4.2,,77,,91,,56,,4.2,,5.8,,2.6,,0,,6.1,,11.7,,19.5,,1015,,0.9,,0.7,,274,,35,,7.3,,13.7,,14,,13.5,
2011-10-23,296,5.4,,10.7,,1.9,,79,,95,,49,,1.8,,4.7,,-0.1,,0,,7.2,,13.4,,11.4,,1017,,0.7,,0.3,,5,,61,,4.1,,12.8,,13.5,,12.4,
2011-10-24,297,8,,12.9,,2.1,,81,,95,,61,,4.8,,8.4,,0.8,,4.6,,6.5,,12.1,,16.7,,1015,,1.3,,0.9,,196,,45,,7.4,,12.3,,12.8,,11.8,
2011-10-25,298,7.3,,12.4,,2.1,,73,,95,,39,,2.3,,7.8,,-1.7,,0.3,,12.5,,23.8,,27.7,,1013,,1.5,,1.2,,274,,37,,12,,12.3,,12.7,,11.9,
2011-10-26,299,5,,6.3,,1.7,,89,,94,,78,,3.3,,5,,-0.9,,1.3,,1.9,,3.8,,-2.8,,1010,,0.5,,0.2,,86,,49,,2.5,,11.6,,12.1,,11.4,
2011-10-27,300,2.1,,5.6,,-1.6,,94,,96,,92,,1.2,,4.7,,-2.2,,25.9,,1,,2.2,,1.7,,1005,,0.8,Q,0.6,Q,39,Q,36,Q,6.1,Q,11.2,,11.7,,10.6,
2011-10-28,301,0.2,,5.8,,-4,,84,,96,,53,,-2.3,,0.2,,-4.8,,0,,11.2,,19.9,,13.8,,1019,,0.5,Q,0.3,Q,318,Q,40,Q,6.5,Q,10.2,,10.6,,9.7,
2011-10-29,302,-0.6,,1.5,,-2.1,,88,,96,,64,,-2.5,,-0.8,,-5.2,,26.2,,1.7,,3.3,,-5.9,,1015,,1.5,,1.1,,42,,42,,10.4,,9.4,,9.8,,9.2,
2011-10-30,303,0.1,,5.4,,-2,,87,,96,,49,,-2,,0.9,,-5.1,,17,,7,,11.2,,-22.6,,1015,,1.6,,1.1,,322,,41,,9.4,,8.9,,9.2,,8.6,
2011-10-31,304,1.9,,9.6,,-3.4,,77,,94,,39,,-2.2,,0.9,,-5.3,,0,,9.2,,18,,-10.9,,1024,,0.9,,0.3,,118,,64,,5.3,,8.4,,8.6,,8.2,
2011-11-01,305,3,,10.4,,-1,,78,,95,,47,,-0.9,,0.7,,-1.9,,0,,10.3,,20.3,,-14.6,,1024,,1.4,,1.3,,75,,27,,6.1,,8,,8.2,,7.8,
2011-11-02,306,4.1,,12.3,,-1.7,,74,,96,,42,,-0.6,,1.7,,-2.3,,0,,11.1,,22.6,,-9.5,,1025,,0.8,,0.2,,141,,68,,4,,7.7,,7.8,,7.4,
2011-11-03,307,6.1,,11.4,,2.3,,79,,94,,59,,2.6,,4.1,,0.2,,0,,7.8,,15.5,,-7,,1014,,0.9,,0.7,,203,,38,,5,,7.3,,7.5,,7.1,
2011-11-04,308,3.8,,8.8,,-0.9,,63,,94,,33,,-3,,4,,-7.9,,0,,9.1,,17.5,,3.5,,1016,,1.4,,1,,342,,42,,11.1,,7,,7.2,,6.8,
2011-11-05,309,1.7,,9.4,,-2.3,,61,,78,,29,,-5.7,,-2.8,,-9.1,,0,,11,,22.2,,-2.9,,1026,,1,,0.6,,352,,51,,6.5,,6.5,,6.8,,6.3,
2011-11-06,310,4.3,,11.3,,-2.1,,62,,90,,31,,-3.2,,1.2,,-7.9,,0,,10.9,,21.8,,3.3,,1027,,1.3,,1.1,,225,,35,,6.9,,6,,6.3,,5.8,
2011-11-07,311,8.2,,15.9,,1.7,,68,,94,,35,,2,,4.1,,-0.7,,0,,10.5,,20.8,,17.5,,1022,,1.1,,0.9,,248,,34,,4.8,,6.3,,7.1,,5.8,
2011-11-08,312,11.3,,18.7,,4.9,,76,,92,,52,,6.9,,10.1,,3,,0,,8,,16.5,,22.6,,1022,,0.7,,0.1,,259,,66,,3.9,,7.5,,8.4,,6.9,
2011-11-09,313,12.8,,18.9,,7.2,,73,,94,,45,,7.7,,10.9,,1.5,,0,,9.8,,20,,21.1,,1019,,1.6,,1.2,,180,,40,,7.8,,8.6,,9.4,,8.1,
2011-11-10,314,12.6,,16.3,,7.1,,91,,95,,74,,11.1,,13.4,,5.9,,23.4,,2.8,,6,,7.4,,1008,,1.5,,0.5,,160,,64,,8.4,,9.8,,10.5,,9.1,
2011-11-11,315,3.7,,7.3,,0.8,,73,,93,,54,,-0.7,,6.1,,-4.7,,0,,5.8,,11,,-4.6,,1000,,2.6,,2.3,,277,,31,,11.7,,9.8,,10.5,,9.1,
2011-11-12,316,4.3,,8.9,,-0.7,,60,,83,,40,,-3.1,,-0.8,,-4.9,,0,,9.3,,18,,2.3,,1013,,2.3,,2,,226,,32,,13.8,,8.5,,9.1,,8.1,
2011-11-13,317,9.2,,14.7,,4.6,,60,,73,,42,,1.7,,5,,-2,,0,,7.2,,14.1,,5.7,,1015,,2.2,,1.9,,191,,29,,9.9,,8.2,,8.7,,7.8,
2011-11-14,318,12.2,,14.9,,9,,61,,81,,48,,4.8,,10.4,,1.6,,0,,6.4,,12.7,,20.3,,1009,,2.7,,2.3,,201,,28,,9.9,,9,,9.6,,8.6,
2011-11-15,319,12.1,,15.4,,8.5,,78,,91,,59,,8.3,,12,,2.3,,1.3,,2.6,,5.4,,-11,,1008,,1.5,,1.2,,250,,35,,7.8,,9.9,,10.3,,9.5,
2011-11-16,320,9.9,,12.9,,5.8,,87,,96,,67,,7.8,,10.1,,2.8,,5.3,,3.5,,6.9,,7.2,,1010,,1.1,,0.4,,174,,60,,6,,10,,10.3,,9.6,
2011-11-17,321,4.1,,9.5,,-0.6,,76,,96,,55,,0,,8.9,,-6.2,,0,,1.8,,3.5,,-13.8,,1007,,1.8,,1.5,,289,,30,,9.1,,9.9,,10.3,,9.2,
2011-11-18,322,0.1,,4.4,,-2.4,,66,,82,,41,,-5.8,,-4,,-8.4,,0,,8.6,,15.5,,1.2,,1020,,1.9,,1.7,,267,,30,,11.2,,8.4,,9.2,,7.9,
2011-11-19,323,3.9,,8.7,,-0.5,,52,,73,,33,,-5.2,,1.4,,-7.6,,0,,8.5,,16.3,,-1.4,,1023,,3,,2.6,,204,,27,,11,,7.4,,7.9,,7.1,
2011-11-20,324,10.3,,15.5,,5.7,,65,,79,,48,,4,,6.5,,1.2,,0,,7.7,,15,,17.8,,1016,,2.6,,2.2,,232,,34,,10.4,,7.9,,8.6,,7.5,
2011-11-21,325,4.5,,10.9,,-2,,64,,91,,37,,-2.2,,3.2,,-6.6,,0,,8.7,,16.8,,4.8,,1022,,1.4,,0.7,,345,,57,,7.2,,8.5,,8.7,,8.1,
2011-11-22,326,2,,6.2,,-2.7,,81,,94,,63,,-1.1,,0.9,,-3.8,,4.1,,4.9,,9.5,,7.8,,1024,,1.1,,0.5,,96,,56,,5.5,,7.6,,8.1,,7.2,
2011-11-23,327,0.6,,2,,-0.7,,93,,95,,87,,-0.4,,1,,-2.3,,35.3,,1,,2.2,,-13.6,,1007,,2.2,,1.5,,48,,44,,15.8,,6.6,,7.8,,6.2,
2011-11-24,328,0.9,,5.5,,-2,,83,,94,,61,,-1.7,,0.5,,-3.7,,0,,7.8,,15.5,,6.2,,1015,,1.3,,1,,298,,36,,6.9,,6.4,,6.7,,6.1,
2011-11-25,329,6.8,,13.7,,0.1,,70,,93,,49,,1.3,,4.4,,-1.3,,0,,8.3,,16.4,,1.7,,1016,,1.3,,1.1,,246,,31,,6.2,,6.3,,6.8,,5.8,
2011-11-26,330,9.1,,14.9,,3.3,,59,,83,,40,,1.3,,4.1,,-0.3,,0,,6.9,,13.9,,5.2,,1019,,0.9,,0.6,,241,,45,,5.6,,6.7,,7.2,,6.2,
2011-11-27,331,7.7,,12.4,,1,,77,,90,,49,,3.8,,8.9,,-0.6,,0,,6.2,,12.3,,-5.2,,1018,,1.7,,0.8,,146,,59,,8.8,,7,,7.4,,6.6,
2011-11-28,332,12.3,,15.2,,10.1,,82,,91,,67,,9.2,,10.1,,8.2,,0,,3.7,,7.3,,-7.5,,1016,,2.4,,2.1,,215,,27,,11.7,,7.9,,8.4,,7.4,
2011-11-29,333,14,,17.1,,10.2,,86,,94,,69,,11.6,,13.8,,8.3,,20.3,,2.7,,5.2,,0.4,,1013,,2.5,,2.1,,143,,31,,11.9,,8.8,,9.7,,8.3,
2011-11-30,334,7.7,,15.2,,2.4,,76,,94,,54,,3.7,,14.1,,-2.9,,11.2,,3.7,,7.1,,-0.9,,1003,,2.7,,2.2,,220,,36,,12.5,,9.9,,10.3,,9.3,
2011-12-01,335,2.1,,7,,-1.7,,56,,82,,27,,-6.5,,-2.1,,-11.5,,0,,8.4,,16.5,,-4.9,,1017,,1.6,,1.2,,317,,38,,9.3,,8.5,,9.3,,7.8,
2011-12-02,336,1.3,,6.5,,-3.2,,68,,87,,44,,-4.2,,-1.3,,-6.6,,0,,6.8,,13.4,,-0.8,,1023,,1.2,,0.5,,225,,61,,8.5,,7.1,,7.8,,6.7,
2011-12-03,337,0.3,,6.2,,-3,,71,,91,,40,,-4.7,,-2,,-6.9,,0,,8.1,,16.1,,-9.9,,1032,,1,,0.1,,92,,72,,3.9,,6.4,,7,,6,
2011-12-04,338,4.4,,8.8,,-0.2,,80,,91,,62,,1.1,,5.2,,-2.3,,0,,7.1,,14.3,,1.3,,1028,,2.5,,2.2,,206,,27,,11.6,,6.1,,6.5,,5.7,
2011-12-05,339,8.8,,13.6,,5.4,,87,,94,,65,,6.7,,8.4,,4.5,,0,,4.6,,9.4,,-6.5,,1024,,2.2,,1.9,,215,,29,,8.9,,6.9,,7.4,,6.4,
2011-12-06,340,11.7,,13.1,,9.1,,94,,95,,93,,10.9,,12.2,,8.1,,5.3,,1.4,,3,,4.6,,1014,,2.3,,2,,208,,27,,9.9,,8.1,,8.8,,7.4,
2011-12-07,341,8.3,,12.4,,4.5,,95,,96,,94,,7.6,,11.7,,3.8,,46.2,,0.6,,1.4,,-0.9,,1006,,1.6,,0.9,,70,,53,,7.1,,9,,9.1,,8.6,
2011-12-08,342,-0.1,,4.7,,-2.9,,89,,97,,73,,-1.7,,4,,-4.3,,20.6,,4.8,,9.8,,-39.7,,1010,,1.7,Q,1.3,Q,276,Q,31,Q,11.9,Q,7.7,,8.6,,7.3,
2011-12-09,343,1,,4.8,,-2.6,,79,,93,,44,,-2.5,,0.8,,-6.9,,0,,5.6,,11.5,,-15,,1020,,1.3,,1.1,,212,,35,,9.7,,6.9,,7.3,,6.6,
2011-12-10,344,-0.8,,3.4,,-6,,73,,93,,38,,-5.3,,-0.2,,-11.1,,0,,5.7,,11.2,,-15.7,,1020,,1.1,,0.9,,283,,34,,7.8,,6.2,,6.6,,5.7,
2011-12-11,345,-3.5,,1.1,,-7.9,,61,,79,,42,,-10.2,,-7.9,,-12.4,,0,,7.6,,15.6,,-12.2,,1031,,1,,0.6,,228,,46,,5.4,,4.8,,5.7,,4.4,
2011-12-12,346,-0.3,,6.3,,-4.5,,54,,77,,26,,-8.9,,-6.2,,-12.2,,0,,7.6,,15.4,,-11.4,,1028,,1,,0.8,,206,,35,,4.8,,4.1,,4.4,,3.8,
2011-12-13,347,0.5,,6.9,,-4.6,,59,,80,,32,,-7,,-2.8,,-10.2,,0,,7.7,,15.4,,-4.3,,1024,,0.9,,0.6,,336,,40,,5.4,,3.7,,4.1,,3.4,
2011-12-14,348,1.7,,4.4,,-0.3,,78,,87,,67,,-1.8,,-0.2,,-3.2,,0,,3.6,,7,,3.7,,1024,,1.1,,0.8,,96,,44,,6.7,,4,,4.4,,3.6,
2011-12-15,349,5.6,,8.5,,1,,86,,93,,79,,3.5,,7.4,,-1.9,,3.3,,1.1,,2.2,,-8.3,,1012,,3.4,,3,,191,,28,,12.9,,4.6,,5.3,,4.3,
2011-12-16,350,3.6,,8.8,,-0.8,,76,,94,,55,,-0.3,,7.9,,-3.5,,2.3,,5.1,,10,,-2.1,,1010,,2.5,,2.1,,266,,33,,13.3,,5.6,,5.7,,5.3,
2011-12-17,351,-2.2,,0.2,,-8.4,,70,,91,,46,,-7.2,,-2.4,,-16.2,,0,,2.2,,4.4,,-18.1,,1015,,1.1,,0.8,,321,,41,,7.6,,4.8,,5.3,,4.4,
2011-12-18,352,-9.4,,-4.9,,-12.5,,56,,76,,22,,-17,,-13.5,,-23.9,,0,,7.7,,15.4,,-20.9,,1019,,1.3,,1,,336,,39,,5.6,,3.6,,4.4,,3,
2011-12-19,353,-2.5,,3.5,,-11.9,,61,,79,,46,,-9.1,,-2.3,,-18.2,,0,,6.1,,13.1,,2.8,,1013,,2.6,,2.1,,220,,33,,11.9,,2.6,,3,,2.3,
2011-12-20,354,0.3,,3.7,,-4.6,,62,,87,,38,,-6.3,,0.4,,-10,,0,,7.3,,14.6,,-3.2,,1014,,1.4,,0.6,,308,,61,,6.8,,2.5,,2.7,,2.3,
2011-12-21,355,4.9,,10.4,,-1.7,,81,,96,,53,,1.7,,9.8,,-9.5,,5.6,,0.9,,2,,6.7,,1010,,2.1,,1.7,,191,,35,,11.6,,3,,4,,2.6,
2011-12-22,356,6.7,,9.9,,3.5,,80,,96,,57,,3.3,,9.2,,0.6,,0.8,,4.6,,9.1,,8.3,,1012,,2,,1.5,,271,,39,,11,,4.7,,5.1,,3.9,
2011-12-23,357,1.5,,4.2,,-2.6,,86,,95,,60,,-0.6,,3.4,,-7,,21.1,E,2.5,,5.3,,-7.2,,1012,,1.3,,0.5,,324,,61,,7.9,,4.9,,5.1,,4.6,
2011-12-24,358,-6,,-2.4,,-10.1,,61,,76,,32,,-12.6,,-6.4,,-18.1,,0,E,7.6,,15.2,,-14.4,,1023,,1.4,,0.9,,348,,46,,7.2,,4,,4.7,,3.4,
2011-12-25,359,-3.4,,2.3,,-10.3,,68,,77,,52,,-8.4,,-2,,-17.7,,0,E,3.6,,7.2,,-1.7,,1017,,2.3,,1.4,,184,,50,,12.2,,2.8,,3.4,,2.5,
2011-12-26,360,0,,3,,-3.6,,68,,89,,41,,-5.5,,-1.2,,-10.6,,0,E,5.7,,11.6,,-4.3,,1014,,1.4,,1.1,,296,,36,,9.5,,2.7,,3,,2.5,
2011-12-27,361,2.6,,12.3,,-2.9,,81,,94,,65,,-0.4,,10.9,,-5.7,,17,E,3,,6.1,,-5.5,,1008,,3.1,,2.1,,179,,46,,18.2,,2.6,,3.2,,2.4,
2011-12-28,362,1.4,,12.2,,-6.2,,74,,93,,56,,-2.8,,10.9,,-11.8,,1,E,3.9,,7.7,,-4.6,,994,,3.4,,2.9,,265,,32,,15.7,,4,,4.3,,3.2,
2011-12-29,363,-6.7,,-2.7,,-10.5,,49,,68,,25,,-16,,-11.5,,-20.4,,0,E,7.2,,14.6,,-19.7,,1007,,2.3,,2.1,,271,,25,,12,,2.9,,3.7,,2.4,
2011-12-30,364,-1.3,,4.3,,-6.7,,70,,83,,61,,-6.1,,-1.7,,-12.7,,0,E,2.6,,5.7,,4,,1014,,1.3,,0.9,,102,,43,,6.2,,2.1,,2.4,,2,
2011-12-31,365,1,,3.6,,-0.9,,94,,96,,82,,0.1,,2.8,,-3.1,,1.5,E,1.5,,3.5,,4.1,,1009,,1.5,,0.7,,64,,58,,6.9,,2.3,,2.8,,2,
2012-01-01,1,4.1,,8.3,,-0.9,,87,,96,,65,,2,,6,,-1.4,,4.3,E,7.4,,15.1,,-0.8,,1010,,1.9,,1.4,,192,,39,,12.8,,3,,3.5,,2.6,
2012-01-02,2,0.7,,7,,-3.9,,71,,94,,42,,-4.3,,6.1,,-9.9,,0.5,E,4.7,,9.3,,-8.2,,1000,,2.4,,2.1,,257,,29,,11.2,,3.7,,3.8,,3.5,
2012-01-03,3,-8.2,,-3.4,,-14.3,,56,,75,,42,,-15.4,,-8.1,,-21.2,,0,E,6.5,,13,,-17.3,,1006,,2.4,,2,,296,,32,,11.3,,2.8,,3.5,,2.3,
2012-01-04,4,-11,,-6.1,,-16.6,,55,,74,,31,,-18.5,,-14.9,,-21.3,,0,E,6.9,,14.7,,1.1,,1012,,1.8,,1.4,,268,,41,,9,,1.9,,2.3,,1.7,
2012-01-05,5,-5.1,,-1.5,,-8.3,,64,,80,,53,,-10.9,,-5.2,,-15.6,,0,E,2.8,,6.1,,-5.6,,1006,,1.4,,1.2,,255,,30,,9.7,,1.6,,1.7,,1.5,
2012-01-06,6,-0.1,,7.7,,-6.9,,68,,87,,45,,-5.5,,-1.9,,-11.7,,0,,6.1,,12.9,,8.4,,1007,,1.3,,1,,188,,38,,7.6,,1.4,,1.5,,1.3,
2012-01-07,7,5,,12.3,,0.6,,60,,75,,38,,-2.3,,-0.6,,-3.8,,0,,6.6,,13.3,,-2.6,,1005,,1.4,,1,,242,,43,,7.6,,1.3,,1.4,,1.3,
2012-01-08,8,-0.3,,3.7,,-5.8,,60,,78,,41,,-7.1,,-3.4,,-11.3,,0,,5.7,,11.3,,-5.7,,1016,,1.9,,1.7,,281,,28,,10.5,,1.4,,1.5,,1.3,
2012-01-09,9,-3.2,,1.8,,-7.7,,56,,77,,35,,-11,,-7.4,,-13.1,,0,,5.1,,10.3,,-7.6,,1018,,1.4,,1,,208,,40,,7.4,,1.4,,1.5,,1.3,
2012-01-10,10,-0.2,,4.9,,-4.5,,69,,88,,52,,-5.3,,-3.6,,-7.5,,0,,5,,10.1,,-0.1,,1007,,1.7,,1.4,,244,,36,,9.6,,1.3,,1.4,,1.3,
2012-01-11,11,-0.7,,5.3,,-4.5,,68,,84,,43,,-6.1,,-3.3,,-7.3,,0,,5.6,,11.4,,1.3,,1015,,1.5,,1.1,,100,,41,,8.5,,1.3,,1.3,,1.3,
2012-01-12,12,-0.8,,-0.1,,-1.5,,94,,96,,83,,-1.6,,-0.8,,-3.5,,13.2,,1.8,,4.1,,-3,,1002,,3.2,,2.8,,73,,28,,15.1,,1.4,,1.5,,1.3,
2012-01-13,13,-1.5,,4.4,,-5.7,,88,,96,,66,,-3.4,,3.6,,-9.3,,1.5,,2.9,,5.9,,-0.3,,993,,3.6,,1.3,,225,,64,,16.1,,1.6,,1.8,,1.4,
2012-01-14,14,-6.3,,-3.1,,-13,,64,,77,,42,,-12.1,,-7.5,,-16.8,,0,,6.4,,12.9,,-21.6,,1005,,2.8,,2.5,,266,,25,,12.2,,1.9,,2,,1.8,
2012-01-15,15,-15.3,,-10.8,,-18.9,,63,,78,,42,,-20.8,,-16.3,,-22.7,,0,,8.8,,18.2,,-34.2,,1019,,1.9,,1.7,,309,,31,,9.5,,1.7,,2,,1.5,
2012-01-16,16,-10.1,,-3.3,,-19.1,,62,,94,,31,,-16.7,,-4.2,,-22.1,,1.5,,7.8,,16.7,,-18.1,,1024,,2.1,,1.5,,219,,41,,13.4,,1.4,,1.6,,1.3,
2012-01-17,17,0.4,,5,,-3.4,,94,,95,,89,,-0.5,,4.2,,-4.3,,3,,2,,4.7,,4,,1006,,2.6,,2.3,,208,,29,,12.6,,1.3,,1.3,,1.2,
2012-01-18,18,-2.5,,5.7,,-10.7,,58,,95,,38,,-9.9,,5,,-18.5,,0,,8.4,,16.7,,-12.1,,1006,,3.3,,2.7,,274,,35,,15.9,,1.2,,1.2,,1.2,
2012-01-19,19,-8.1,,-3.3,,-14,,65,,93,,41,,-13.8,,-5.8,,-20.2,,1.5,,8.4,,17.4,,-12.5,,1015,,1.9,,1.2,,130,,47,,9.1,,1.2,,1.3,,1.1,
2012-01-20,20,-6.9,,-3.5,,-11.4,,69,,94,,41,,-12,,-4.3,,-17.7,,1,,8.8,,18.6,,-25.9,,1014,,1.8,,1.4,,270,,36,,11.1,,1.1,,1.1,,1.1,
2012-01-21,21,-10.3,,-8.4,,-13.1,,80,,90,,50,,-13.3,,-10.4,,-18.5,,2.3,,1.5,,3.4,,-12.2,,1018,,0.9,,0.7,,45,,37,,4.9,,1.1,,1.1,,1.1,
2012-01-22,22,-8.9,,-2.5,,-15.6,,73,,87,,49,,-13.1,,-8.4,,-17.7,,0.5,,7.7,,15,,-40.5,,1028,,1.3,,0.9,,112,,45,,6.7,,1,,1.1,,1,
2012-01-23,23,0.4,,8.9,,-5.4,,90,,95,,78,,-1.1,,8.1,,-8.6,,3.6,,1.9,,4.4,,-0.9,,1018,,2.7,,2.4,,123,,29,,11.9,,1,,1.1,,1,
2012-01-24,24,5.6,,10.2,,0.5,,83,,95,,59,,2.7,,8.2,,-5.5,,0.3,,5.8,,12.1,,34.5,,1012,,2.4,,1.9,,247,,36,,11.9,,1,,1.1,,0.9,
2012-01-25,25,-0.4,,1.9,,-2.1,,71,,83,,61,,-5,,-4.2,,-6.3,,0,,4.7,,9.7,,13.1,,1017,,2.2,,1.9,,274,,26,,10.5,,1.2,,1.5,,1.1,
2012-01-26,26,-0.2,,4.7,,-3.5,,83,,94,,55,,-3,,-1,,-5.2,,5.8,,7.6,,14.9,,30,,1017,,0.9,Q,0.1,Q,278,Q,70,Q,5.3,Q,1.6,,2,,1.3,
2012-01-27,27,1.3,,3.1,,-0.4,,92,,96,,75,,0.1,,2.3,,-2.5,,19.6,,0.8,,2.1,,-8.9,,998,,2,Q,0.3,Q,11,Q,61,Q,13.4,Q,1.9,,2.1,,1.7,
2012-01-28,28,1.6,,6,,-2.1,,68,,88,,47,,-3.8,,-2,,-7.5,,0,,8.1,,16.4,,7.4,,1008,,2.2,,1.6,,234,,41,,12.3,,2,,2.4,,1.7,
2012-01-29,29,0.2,,4.1,,-3,,46,,61,,29,,-10.3,,-6.4,,-13.4,,0,,10,,20.1,,0.2,,1013,,2.7,,2.2,,244,,33,,12,,1.9,,2.2,,1.7,
2012-01-30,30,-2,,0.7,,-6.2,,54,,77,,32,,-10.5,,-4.9,,-14.8,,0,,10,,19.8,,19.5,,1016,,2.4,,1.8,,268,,39,,13.2,,1.6,,1.8,,1.5,
2012-01-31,31,0.5,,8.7,,-5.1,,64,,89,,36,,-6,,-3.1,,-9.3,,0,,6.4,,13,,22.2,,1016,,1.6,,1,,136,,48,,5.5,,1.4,,1.6,,1.3,
2012-02-01,32,6.6,,12.7,,2,,64,,89,,47,,0.1,,6.1,,-3.5,,1,,3.5,,7.1,,-6.7,,1009,,1.9,,1.4,,244,,40,,12,,2.1,,2.8,,1.6,
2012-02-02,33,0.4,,2.8,,-4,,71,,84,,64,,-4.3,,-1.9,,-9.6,,0,,2.2,,4.7,,1.5,,1013,,1.2,,0.8,,329,,48,,7.3,,2.5,,2.7,,2.3,
2012-02-03,34,-3.3,,2.5,,-8.5,,56,,74,,28,,-11.3,,-6.8,,-15,,0,,10.9,,22.2,,19.4,,1023,,1.8,,1.5,,304,,36,,9.3,,2,,2.4,,1.7,
2012-02-04,35,-1.2,,3.6,,-6,,60,,86,,43,,-8.3,,-4.6,,-14.2,,0,,7.7,,15.7,,9.4,,1018,,1.5,,1.1,,285,,41,,8.4,,1.7,,2,,1.5,
2012-02-05,36,-5.2,,0.6,,-10.5,,55,,76,,28,,-13.3,,-10.7,,-16.9,,0,,11.2,,22.7,,9.8,,1016,,1.1,,0.7,,303,,44,,5.9,,1.4,,1.8,,1.2,
2012-02-06,37,0.8,,9.5,,-6.3,,55,,78,,27,,-8,,-5,,-11,,0,,11,,22.9,,17.1,,1010,,2,,1.9,,254,,24,,9.6,,1.1,,1.2,,1,
2012-02-07,38,0.5,,5.6,,-5,,59,,73,,43,,-6.7,,-3.4,,-10.9,,0,,4.3,,8.9,,-3.2,,1013,,1.3,,1,,292,,38,,7.8,,1,,1,,1,
2012-02-08,39,-4.2,,1.6,,-10.3,,52,,80,,26,,-13.2,,-10.7,,-17,,0,,9.1,,18.7,,12.7,,1018,,1.1,,0.7,,247,,48,,6.2,,1,,1,,0.9,
2012-02-09,40,-0.7,,6.4,,-5.4,,47,,69,,23,,-11.2,,-8.8,,-13.7,,0,,12.1,,23.7,,19.8,,1013,,1.2,,1,,281,,33,,7.4,,0.9,,0.9,,0.9,
2012-02-10,41,1.1,,6.4,,-4.4,,49,,67,,32,,-8.8,,-5,,-11.6,,0,,11.3,,22.2,,24,,1012,,1.5,,1.1,,215,,36,,9,,0.9,,0.9,,0.8,
2012-02-11,42,-1,,3.5,,-7.7,,62,,87,,42,,-7.4,,-3.4,,-13.6,,0,,6.3,,12.7,,9.8,,1003,,1.3,,0.9,,343,,41,,11.5,,0.9,,1,,0.8,
2012-02-12,43,-9.8,,-5.1,,-13.4,,49,,63,,34,,-18.7,,-13.4,,-20.9,,0,,12,,23.6,,16.2,,1002,,2.8,,2.4,,285,,29,,12.6,,0.9,,1,,0.9,
2012-02-13,44,-4.4,,2.4,,-13,,62,,86,,37,,-10.9,,-6,,-19.5,,0,,11,,22.7,,29.8,,1007,,2.4,,2.1,,260,,29,,13.2,,0.8,,0.9,,0.8,
2012-02-14,45,-0.6,,4.5,,-5.4,,45,,69,,24,,-11.6,,-8.5,,-16.1,,0,,6.4,,13.9,,17.9,,1014,,1.2,,0.8,,213,,47,,7.4,,0.7,,0.8,,0.7,
2012-02-15,46,1.8,,7,,-1.1,,77,,92,,48,,-2,,0.6,,-9,,0,,4.3,,9.3,,10.7,,1018,,0.6,,0.2,,225,,59,,4,,0.7,,0.7,,0.7,
2012-02-16,47,0.2,,5.1,,-3.7,,84,,95,,54,,-2.4,,0.3,,-4.8,,0.8,,6.2,,13.1,,17.7,,1018,,1.3,,0.9,,198,,40,,8.2,,0.7,,0.8,,0.7,
2012-02-17,48,2.3,,7.7,,-2.5,,72,,95,,40,,-2.7,,3.1,,-8.7,,0,,8.5,,17.3,,22.8,,1010,,2.1,,1.5,,255,,42,,10.9,,1.2,,1.8,,0.8,
2012-02-18,49,0.5,,5.1,,-3.4,,62,,85,,35,,-6.4,,-3.3,,-9.5,,0,,9.6,,19.8,,28.6,,1009,,1.8,,1.6,,263,,28,,10.3,,1.4,,1.6,,1.2,
2012-02-19,50,-0.5,,4.5,,-4.2,,58,,84,,32,,-8.3,,-3.5,,-11.3,,0,,13.4,,27.4,,31.8,,1013,,1.3,,0.9,,319,,46,,7.3,,1.6,,2.1,,1.3,
2012-02-20,51,-2.9,,2.9,,-7.2,,50,,71,,26,,-12.4,,-9.9,,-15.8,,0,,13.2,,27.2,,28.8,,1017,,1.5,,1.1,,329,,38,,11.2,,1.4,,1.8,,1.3,
2012-02-21,52,-1.4,,4.1,,-7.8,,61,,94,,31,,-8.5,,0.7,,-12.3,,0.3,,11.5,,23.5,,31.6,,1017,,1.9,,1.4,,195,,42,,9.3,,1.1,,1.3,,1,
2012-02-22,53,5.4,,11.2,,0.5,,64,,94,,28,,-2.1,,2.2,,-7.4,,0,,11.4,,23,,29.3,,1002,,2.2,,1.8,,224,,33,,11.1,,1.7,,2.6,,1,
2012-02-23,54,4.1,,8,,-2,,70,,92,,38,,-1.2,,4.7,,-7.3,,0.3,,6.8,,13.8,,9,,997,,2.1,,1.3,,252,,47,,12.3,,2.7,,3.2,,2.3,
2012-02-24,55,-0.3,,1.2,,-1.9,,82,,95,,59,,-3.1,,0.4,,-7,,18.5,,1.4,,3.2,,0.5,,1000,,1.5,,1,,88,,46,,10.1,,2.4,,2.8,,2.2,
2012-02-25,56,-0.6,,3.3,,-4.1,,67,,96,,42,,-6.2,,-0.6,,-10.6,,0,,6.5,,12.8,,1.6,,994,,3.8,,3.4,,266,,26,,17,,2.2,,2.4,,2.1,
2012-02-26,57,-3.5,,1.5,,-7.5,,42,,63,,21,,-15.3,,-10,,-19.1,,0,,14.9,,30.2,,36,,1019,,2.5,,2.2,,277,,27,,13.7,,1.8,,2.2,,1.6,
2012-02-27,58,0.9,,6.9,,-7,,56,,72,,39,,-7.2,,-1,,-13.8,,0,,7.7,,15.9,,17.4,,1021,,2.3,,1.5,,194,,47,,11.8,,1.5,,1.7,,1.3,
2012-02-28,59,1.4,,6,,-3.2,,50,,67,,29,,-8.2,,-3.6,,-12,,0,,13.6,,27.3,,49.6,,1021,,2.4,,1.8,,291,,38,,13.3,,2.1,,2.9,,1.6,
2012-02-29,60,-2.1,,0.2,,-3.2,,77,,95,,47,,-5.9,,-2.6,,-10.6,,6.1,,3,,6.6,,8.8,,1018,,1.7,,1.4,,93,,30,,9.3,,2.1,,2.5,,1.9,
2012-03-01,61,-3,,-0.5,,-6.9,,94,,96,,92,,-3.8,,-1.1,,-8,,4.8,,3.3,,7.4,,-16.6,,1006,,2.5,,2.1,,63,,33,,14.2,,2.1,,2.1,,2.1,
2012-03-02,62,-4.6,,-2.6,,-7,,93,,95,,92,,-5.6,,-3.4,,-8.1,,0,,4.7,,10.4,,-2.8,,1015,,1.8,,1.3,,121,,41,,8.2,,2.1,,2.1,,2.1,
2012-03-03,63,0.4,,3.5,,-3.2,,95,,96,,78,,-0.4,,2.7,,-3.9,,8.4,E,3.3,,7.6,,-10.2,,999,,1.4,,0.5,,153,,63,,8.2,,2.1,,2.1,,2.1,
2012-03-04,64,-0.6,,4.2,,-3.9,,63,,84,,39,,-7.2,,-3.2,,-10.8,,0,E,7.4,,15.4,,-16.3,,1000,,1.3,,1.1,,264,,32,,7,,2.1,,2.1,,2,
2012-03-05,65,-4.9,,-0.8,,-9.6,,51,,74,,27,,-13.8,,-9.9,,-18.1,,0,E,16.1,,33,,-0.3,,1011,,2.7,,2.4,,274,,26,,12.3,,2,,2.1,,1.9,
2012-03-06,66,-5,,2.6,,-13.4,,44,,77,,16,,-16.6,,-9,,-21.1,,0,E,16.6,,34.5,,-2.3,,1028,,1.2,,0.7,,265,,48,,6.9,,1.6,,1.9,,1.4,
2012-03-07,67,4.9,,12,,-2,,57,,79,,36,,-3.3,,0.6,,-9.3,,0,E,16,,33.7,,17.3,,1026,,3.1,,2.8,,213,,26,,10.6,,1.4,,1.4,,1.3,
2012-03-08,68,11.2,,17.3,,6.1,,70,,89,,47,,5.8,,7.7,,0.4,,0,E,14.1,,29.9,,61.7,,1014,,4.3,,3.8,,207,,26,,16,,2.1,,3.6,,1.3,
2012-03-09,69,1.5,,12,,-3.8,,59,,94,,28,,-6.4,,7.6,,-12.5,,1,E,13,,26.1,,45.6,,1013,,2.8,,2.4,,277,,29,,15.7,,3.6,,4,,3.2,
2012-03-10,70,-2.6,,2.4,,-6.2,,64,,88,,39,,-8.8,,-6.1,,-10.8,,0,E,9.1,,18.7,,11.3,,1025,,1.5,,0.8,,291,,52,,7.2,,3.1,,3.6,,2.8,
2012-03-11,71,4.4,,13.8,,-2.8,,45,,70,,24,,-7.3,,-1.2,,-10.3,,0,E,16.7,,34.4,,55.2,,1025,,2.2,,1.9,,212,,31,,9.7,,2.9,,3.8,,2.2,
2012-03-12,72,11.3,,20.7,,0.8,,42,,78,,17,,-2.5,,0.5,,-6.2,,0,E,15.9,,32.5,,67.2,,1020,,1.3,,0.8,,229,,46,,7,,3.9,,5.2,,2.8,
2012-03-13,73,12.9,,19.9,,7.9,,72,,93,,44,,7.7,,10.9,,0.1,,2.3,E,11.4,,24.1,,47.5,,1014,,1.6,,1.2,,199,,42,,8.1,,5.7,,6.9,,5,
2012-03-14,74,8.8,,15.6,,2.1,,69,,94,,29,,2.4,,9.7,,-3,,2.5,E,17.4,,35.6,,75.9,,1017,,1.7,,0.6,,312,,62,,10,,6.7,,7.5,,6,
2012-03-15,75,3.6,,8.5,,1.3,,85,,95,,63,,1.2,,2.9,,-0.9,,0,E,6.6,,14,,33.4,,1024,,1.5,,1.2,,106,,35,,7.2,,6.5,,6.9,,6.2,
2012-03-16,76,3.1,,5.6,,0.8,,91,,95,,81,,1.8,,4.8,,-0.8,,2.5,E,3.1,,6.8,,11.6,,1019,,1.4,,0.8,,181,,52,,6.3,,5.9,,6.4,,5.8,
2012-03-17,77,6.8,,12.5,,4,,85,,95,,59,,4.3,,6.6,,2.7,,0,E,7.7,,15.4,,22.7,,1023,,1,,0.3,,279,,63,,6.4,,6.1,,6.7,,5.7,
2012-03-18,78,10.7,,21.5,,3.3,,74,,94,,39,,5.7,,10.1,,2.5,,0,E,15.6,,31.1,,67.1,,1021,,1.6,,1.4,,217,,29,,5.8,,6.7,,7.9,,5.7,
2012-03-19,79,15,,24.7,,6.6,,65,,94,,29,,7.4,,11.1,,4.9,,0,E,16.5,,33.4,,73,,1021,,1.4,,0.3,,105,,69,,7.3,,7.9,,9.2,,6.7,
2012-03-20,80,15.4,,24.5,,5.6,,65,,89,,34,,8.1,,12.3,,3.9,,0,E,17.9,,37.2,,82.3,,1024,,1.8,,0.9,,201,,56,,7.6,,9,,10.1,,7.9,
2012-03-21,81,15.8,,22.7,,11.4,,79,,94,,50,,11.8,,13.9,,10.5,,0.3,E,16.1,,33.6,,74.4,,1025,,1.6,,1.4,,219,,29,,7.8,,9.8,,10.9,,8.8,
2012-03-22,82,17.6,,26,,11.9,,68,,95,,32,,10.7,,14.4,,7.4,,0,E,17.7,,36.6,,99.6,,1019,,1.5,,1.1,,248,,40,,6.3,,10.8,,11.9,,9.9,
2012-03-23,83,16.4,,22.5,,11.7,,43,,79,,15,,2.1,,10.8,,-7.3,,0,E,17.8,,36.9,,91.4,,1017,,1.5,,1,,335,,46,,9.2,,11.1,,11.8,,10.4,
2012-03-24,84,10.6,,15,,7.5,,33,,60,,18,,-5.7,,0.5,,-13.4,,0,E,9.8,,20.4,,49.1,,1017,,1.3,,0.6,,100,,59,,5.2,,10.4,,11,,9.9,
2012-03-25,85,5.3,,7.7,,2.9,,81,,93,,59,,2.2,,3.8,,-0.9,,0.8,E,4.5,,10,,7.3,,1010,,1,,0.8,,73,,35,,4.4,,9.6,,10.1,,9.2,
2012-03-26,86,2,,6.7,,-4,,54,,93,,27,,-7.5,,5.2,,-19.2,,0.3,E,18.5,,37.4,,86.4,,1007,,2.8,,2.2,,318,,33,,13.8,,8.8,,9.3,,8.1,
2012-03-27,87,-0.7,,6.8,,-6.7,,25,,41,,12,,-18.9,,-12.1,,-23.2,,0,,20.5,,41.8,,86.2,,1017,,2.1,,1.6,,321,,39,,11.9,,7.2,,8.1,,6.4,
2012-03-28,88,4.7,,8.9,,-0.2,,57,,88,,15,,-4.3,,5.8,,-22,,0.8,,7.3,,15.4,,26.9,,1006,,1.7,,1,,180,,53,,8.3,,6.9,,7.4,,6.5,
2012-03-29,89,4,,8.3,,1.1,,73,,89,,59,,-0.4,,5.7,,-4.2,,0,,3.6,,7.7,,11.8,,1005,,1.9,,1.6,,312,,35,,8.8,,7.1,,7.3,,6.8,
2012-03-30,90,3.1,,8.9,,-2.5,,45,,86,,18,,-9.3,,-3.3,,-15.3,,0,,20.7,,41.8,,110.7,,1013,,1.8,,1,,319,,54,,9.2,,6.9,,7.8,,6.2,
2012-03-31,91,3,,6.9,,-0.1,,62,,89,,30,,-4,,-1,,-12.7,,0,,9.2,,19.4,,50.2,,1010,,1.4,,1.1,,84,,39,,6,,7.1,,7.6,,6.6,
2012-04-01,92,3.1,,8,,-1.1,,82,,95,,43,,-0.1,,2.8,,-4.7,,2.8,,7.1,,14.2,,31,,1005,,0.9,,0.7,,245,,36,,5.8,,6.8,,7.2,,6.2,
2012-04-02,93,3.9,,9.9,,-1.7,,56,,95,,22,,-5.9,,1.9,,-14.3,,0,,18.3,,36,,85.2,,1004,,2,,1.5,,333,,38,,12.4,,7.2,,8,,6.6,
2012-04-03,94,5,,12.7,,-3.4,,30,,61,,14,,-12.2,,-5.4,,-16,,0,,22.3,,44.2,,110.1,,1007,,1.5,,1.1,,315,,41,,10.7,,6.7,,7.6,,5.7,
2012-04-04,95,6.5,,14.5,,-0.5,,49,,94,,19,,-5.1,,2.1,,-11.1,,0,,19.4,,38.5,,95.5,,1000,,1.9,,1.5,,288,,34,,13,,7.4,,8.2,,6.6,
2012-04-05,96,2.5,,7.4,,-1.9,,62,,95,,37,,-4.8,,-0.8,,-7.9,,0,,18.1,,36.2,,85.9,,1007,,1.6,,1.2,,317,,38,,9.6,,7.1,,7.8,,6.4,
2012-04-06,97,2.7,,9.1,,-3.6,,47,,77,,23,,-8.5,,-4,,-11.9,,0,,22.2,,43.1,,102.2,,1012,,1.5,,1.1,,326,,40,,10,,6.8,,7.7,,5.8,
2012-04-07,98,4.5,,10.8,,-2.2,,40,,60,,25,,-8.3,,-3,,-11.6,,0,,20.3,,40.1,,107,,1013,,1.6,,1.2,,325,,39,,10.2,,6.7,,7.7,,5.7,
2012-04-08,99,5.7,,11.9,,1.4,,46,,65,,29,,-5.4,,-2.4,,-7.1,,0,,11.9,,23.4,,53.5,,1005,,1.5,,1.2,,288,,34,,9.9,,7.2,,7.7,,6.7,
2012-04-09,100,5.7,,9.1,,2,,57,,71,,43,,-2.1,,-0.8,,-4.2,,0,,8.2,,15.9,,28.4,,999,,2.6,,2.4,,264,,25,,12.8,,6.9,,7.3,,6.5,
2012-04-10,101,7.5,,12.7,,2.3,,42,,60,,26,,-4.8,,0.3,,-7.5,,0,,16.2,,32.2,,81.3,,1002,,2,,1.7,,268,,31,,10.7,,7,,7.9,,6.1,
2012-04-11,102,5.3,,10.5,,-0.7,,62,,92,,31,,-1.9,,2.8,,-6.6,,1,E,11.8,,24,,51.7,,1007,,1.1,,0.5,,3,,54,,10.6,,7.2,,7.8,,6.4,
2012-04-12,103,5.1,,11.7,,1.9,,77,,91,,39,,1.2,,4.1,,-2.6,,0.5,E,11,,22.4,,25.9,,1013,,1.3,,0.9,,31,,48,,8.1,,7.5,,8.2,,7,
2012-04-13,104,8.4,,16.3,,0.5,,49,,86,,16,,-3.4,,0.8,,-9.5,,0,E,23.1,,45.9,,116.9,,1017,,1.3,,0.9,,299,,41,,8.9,,7.8,,9.1,,6.6,
2012-04-14,105,11.9,,19.8,,2.1,,33,,59,,15,,-4.9,,0.1,,-9.1,,0,E,21.1,,42,,111.3,,1017,,1.4,,0.9,,256,,46,,9.4,,8.3,,9.6,,7.1,
2012-04-15,106,16.3,,21.7,,10.2,,57,,94,,40,,7.5,,13.6,,-0.6,,0.3,E,16.3,,33.7,,93.8,,1014,,1.3,,1,,237,,36,,7.8,,9.6,,10.8,,8.5,
2012-04-16,107,21.3,,30,,12,,58,,95,,24,,11,,15.2,,6.5,,2,E,21.5,,43.6,,122.3,,1014,,1.9,,1.5,,200,,38,,10.3,,11.5,,13.1,,10.3,
2012-04-17,108,17.3,,23.6,,8.6,,41,,82,,14,,2.2,,12.1,,-6.5,,0,E,23.3,,46.8,,123.9,,1016,,2.2,,1.8,,277,,34,,11.8,,12.3,,13.3,,11.4,
2012-04-18,109,8.7,,13.7,,3.7,,47,,76,,29,,-2.5,,2,,-4.8,,0,E,19.2,,38.6,,98.2,,1020,,1.3,,0.6,,337,,58,,7.2,,11.5,,12.3,,10.6,
2012-04-19,110,12.7,,21,,3.4,,49,,83,,21,,0.9,,5,,-4.5,,0,E,24,,48.5,,125.8,,1016,,1.4,,1,,210,,45,,7.3,,11.2,,12.5,,10.1,
2012-04-20,111,15.8,,23.6,,8.6,,53,,80,,24,,5.4,,9.4,,0.7,,0,E,23.2,,46.9,,128.8,,1013,,2.3,,2,,205,,32,,10.9,,11.7,,13,,10.5,
2012-04-21,112,16.2,,23.2,,10.6,,72,,93,,38,,10.6,,13.7,,6.6,,0,E,17.2,,35.1,,105.2,,1007,,2.5,,2,,197,,34,,11.7,,12.6,,13.6,,11.8,
2012-04-22,113,6.4,,10.7,,3.3,,92,,94,,88,,5.1,,9.4,,2,,28.7,E,3.9,,8.5,,8.6,,1006,,2.5,,1.5,,37,,51,,15.3,,12,,13.1,,11,
2012-04-23,114,9.2,,18.6,,3,,83,,94,,61,,6.3,,13.7,,1.7,,16.5,E,13.8,,27.3,,85.6,,992,,3.9,,2.5,,110,,49,,20.2,,10.7,,11.7,,9.7,
2012-04-24,115,6.4,,10.4,,2.7,,64,,88,,39,,-0.3,,3.2,,-4,,0,E,13.4,,26,,64,,997,,2.9,,2.4,,190,,32,,11.5,,10.9,,11.4,,10.5,
2012-04-25,116,6.4,,12.2,,0.4,,61,,87,,35,,-1,,3.9,,-4.1,,0.3,E,17.3,,33.6,,77.1,,1007,,1.6,,1,,242,,47,,9.7,,10.5,,11.1,,9.7,
2012-04-26,117,7.6,,15,,-1.2,,67,,94,,28,,1,,8.7,,-5.9,,3.6,,14.7,,28.8,,74.5,,1007,,1.6,,1,,171,,48,,9.1,,10,,10.6,,9.1,
2012-04-27,118,5.1,,9.6,,0.5,,65,,94,,43,,-1.3,,8.8,,-7.1,,0.3,,16.2,,29.4,,87.5,,1006,,2.8,,2.4,,279,,31,,14.8,,10.4,,10.9,,10.1,
2012-04-28,119,5.1,,12,,-1.9,,40,,71,,19,,-8.2,,-3,,-11.6,,0,,25,,49.1,,136.4,,1016,,1.9,,1.5,,279,,35,,11.9,,10.1,,11,,9.1,
2012-04-29,120,5.9,,12.4,,-2,,33,,68,,12,,-10.5,,-3.9,,-17.1,,0,,24,,47.1,,122.9,,1017,,1.7,,1.2,,305,,41,,12.5,,10.1,,10.9,,9.1,
2012-04-30,121,8.6,,15.7,,-1.5,,32,,57,,19,,-7.7,,0.2,,-13.2,,0,,22,,43.1,,124.5,,1023,,1.3,,0.5,,240,,62,,7,,9.9,,11,,8.7,
2012-05-01,122,5.9,,8.7,,4.1,,88,,93,,46,,4,,7,,-2.4,,13.5,,4.5,,9.4,,6.1,,1017,,2.1,,1.6,,93,,39,,8,,10.1,,10.7,,9.8,
2012-05-02,123,6.9,,9.5,,4.3,,88,,94,,80,,5.1,,6.7,,3.3,,0,,7,,13.8,,42,,1020,,1.7,,1.4,,93,,32,,6,,10,,10.3,,9.7,
2012-05-03,124,8,,10.2,,5.8,,93,,95,,87,,6.9,,8.4,,4.9,,6.6,,4.4,,8.9,,14.7,,1019,,1.5,,1.2,,134,,35,,6.1,,10,,10.3,,9.7,
2012-05-04,125,11.4,,20.1,,8.5,,92,,95,,69,,10.2,,15.6,,7.7,,0.5,,7.9,,15.4,,47.6,,1014,,1.5,,0.6,,154,,61,,6.9,,10.6,,11.4,,10.1,
2012-05-05,126,13.2,,19.2,,9.8,,81,,95,,38,,9.6,,12.3,,3.9,,0.3,,11,,20.5,,54.5,,1015,,1.1,,0.5,,45,,58,,5.2,,11.5,,12.3,,11,
2012-05-06,127,12.6,,17.8,,7.6,,73,,93,,44,,7.5,,9.7,,4.7,,0,,16.1,,29.5,,91.3,,1017,,1.1,,0.7,,115,,48,,5.7,,12.1,,13,,11.3,
2012-05-07,128,13.6,,21.9,,4.3,,62,,93,,16,,4.9,,10.6,,-6.3,,0,,25,,48.2,,153.4,,1017,,1.4,,0.7,,193,,55,,7.8,,12.4,,13.7,,11.2,
2012-05-08,129,9.9,,12.4,,6.6,,89,,93,,65,,8.1,,11.4,,4.7,,14.5,,4.1,,8.4,,-3.7,,1013,,2.8,,2.4,,174,,30,,10,,12.4,,13.3,,12.2,
2012-05-09,130,13.9,,15.4,,11.6,,94,,95,,93,,13,,14.5,,10.6,,1.5,,3.9,,7.5,,15,,1005,,1.2,,1,,204,,33,,8.7,,12.4,,12.8,,12,
2012-05-10,131,10.2,,15.4,,4.5,,80,,95,,52,,6.7,,11.7,,2.4,,17,,10.7,,19.7,,54,,999,,1.6,,1.1,,280,,44,,10,,12.7,,13.3,,12.2,
2012-05-11,132,10.1,,16.9,,3.7,,58,,91,,30,,1.4,,5.4,,-3.2,,0,,19.6,,36.4,,106.4,,1011,,1.4,,1,,277,,45,,8.7,,12.4,,13.1,,11.6,
2012-05-12,133,15,,24.5,,4,,47,,80,,20,,2.1,,8.6,,-4.9,,0,,27.3,,51.8,,165.7,,1018,,1.3,,0.6,,287,,56,,10.4,,12.6,,14,,11.2,
2012-05-13,134,19,,26.5,,10.8,,49,,77,,27,,7.3,,12,,4.5,,0,,22.1,,41.6,,142.8,,1018,,1.2,,0.7,,203,,49,,7.8,,13.7,,15.1,,12.6,
2012-05-14,135,15.4,,21,,12.7,,84,,94,,62,,12.5,,15.6,,8.8,,6.6,E,8.3,,15,,36.8,,1019,,1.4,,0.8,,142,,53,,8.9,,14.4,,14.8,,13.9,
2012-05-15,136,15.1,,19.2,,13.4,,87,,95,,57,,12.8,,13.8,,9.8,,11.7,E,8.9,,16.5,,45.7,,1018,,2.1,,1.7,,159,,34,,9,,14.5,,14.9,,14.1,
2012-05-16,137,16.6,,22.4,,13.2,,89,,95,,66,,14.6,,17.5,,12.4,,6.1,,10.8,,20.3,,57.5,,1011,,1.1,,0.7,,193,,43,,10.3,,14.9,,15.6,,14.3,
2012-05-17,138,12.1,,18.8,,5.9,,61,,94,,28,,3.7,,12.6,,-1.2,,0,,27.3,,53,,157,,1015,,1.3,,0.7,,321,,53,,8.7,,15.2,,16.3,,14.1,
2012-05-18,139,14.5,,22.7,,6.2,,49,,82,,21,,2.9,,9.8,,-1.7,,0,,27.2,,52.8,,162.7,,1021,,1.4,,0.4,,103,,68,,6.4,,15.2,,16.5,,13.9,
2012-05-19,140,17.7,,26.5,,7,,48,,78,,24,,5.6,,11.8,,0.7,,0,,26.7,,51.6,,168.3,,1021,,1,,0.5,,77,,57,,7.6,,15.6,,17,,14.2,
2012-05-20,141,19.5,,27.5,,10.7,,53,,83,,29,,8.8,,15.9,,5.9,,0,,25.7,,49,,162.6,,1023,,1.2,,0.7,,106,,50,,6,,16.4,,17.9,,15.1,
2012-05-21,142,15.8,,20.7,,10.1,,78,,95,,57,,11.8,,17.1,,3.2,,1.8,,14.5,,26.5,,90.6,,1021,,1.7,,1.4,,98,,34,,6.9,,16.3,,17,,15.4,
2012-05-22,143,16,,19.4,,13.9,,91,,95,,76,,14.5,,16.3,,13.1,,0.5,,11.4,,21.1,,54.7,,1012,,1.4,,1.2,,73,,28,,6.8,,16.7,,17.4,,16.1,
2012-05-23,144,18.6,,24.9,,13.6,,82,,94,,55,,15.4,,19.4,,12.7,,0.5,,18.3,,35.3,,117.5,,1013,,0.9,,0.2,,175,,66,,6.1,,17.3,,18.5,,16.4,
2012-05-24,145,18.8,,23.9,,15.3,,81,,95,,59,,15.4,,17.7,,13.5,,0,,11.3,,20.6,,71.2,,1021,,1.3,,1,,151,,33,,6.9,,17.7,,18.3,,17,
2012-05-25,146,18,,22.8,,14.6,,89,,94,,75,,16,,19.5,,13.4,,0.3,,10,,18.3,,56.1,,1020,,1.6,,1.2,,166,,42,,7.4,,17.5,,18.1,,17,
2012-05-26,147,21.4,,27.6,,16.6,,74,,94,,36,,16.1,,20.7,,10.2,,0,,16.8,,32.2,,113.2,,1018,,1.1,,0.6,,244,,52,,6.8,,18.2,,19.3,,17.3,
2012-05-27,148,21,,26.6,,14.3,,56,,82,,33,,11.3,,15.6,,8.1,,0,,25.7,,50.6,,172.5,,1019,,1.2,,0.6,,171,,55,,6.5,,18.4,,19.7,,17.1,
2012-05-28,149,21.3,,28.5,,15.4,,72,,94,,47,,15.7,,19.5,,11.5,,0,,23.3,,45.1,,161.3,,1015,,1.3,,0.7,,120,,53,,5.8,,19,,20.2,,17.9,
2012-05-29,150,21.5,,29.2,,17,,83,,94,,57,,18.3,,23,,15.4,,10.9,,22.3,,43.3,,166.7,,1009,,1.7,,1,,131,,49,,9.2,,19.8,,21.1,,18.6,
2012-05-30,151,18.8,,24.4,,14.7,,84,,95,,42,,15.9,,18.1,,10.5,,1.3,,13.1,,24.6,,74.8,,1007,,0.8,,0.5,,217,,50,,5.9,,19.7,,20.3,,19.2,
2012-05-31,152,18.2,,24.5,,12.9,,65,,95,,30,,10.7,,15.1,,5.3,,0,,26.2,,50.8,,158.4,,1009,,1,,0.6,,320,,49,,8,,19.5,,20.6,,18.4,
2012-06-01,153,15.2,,21,,10.7,,58,,80,,39,,6.7,,11.4,,2.1,,0,,22.7,,44,,142.3,,1016,,2,,1.5,,97,,40,,9.2,,18.9,,19.8,,17.9,
2012-06-02,154,12.1,,15.4,,9.4,,90,,95,,60,,10.4,,14.5,,4.6,,37.1,,3.8,,7.1,,12,,1008,,2.4,,1.8,,81,,40,,12.8,,17.1,,18.7,,16.5,
2012-06-03,155,13.4,,20,,9.7,,83,,95,,50,,10.4,,14.2,,7.8,,2.8,,19.5,,38,,111.5,,1005,,1.4,,0.6,,24,,58,,7.4,,17.2,,18.3,,16.3,
2012-06-04,156,9.1,,11,,7.8,,88,,94,,81,,7.3,,8.8,,6,,5.1,,8.9,,15.8,,20.3,,1005,,1.3,,1,,48,,39,,10.6,,16.9,,17.6,,16.5,
2012-06-05,157,10.4,,14.7,,7.2,,85,,94,,61,,7.9,,10.8,,6.1,,0.5,,12,,21.9,,58.6,,1011,,1,,0.6,,38,,44,,6.5,,16.3,,16.9,,15.8,
2012-06-06,158,12.1,,17.9,,8,,86,,95,,52,,9.6,,12.2,,7.1,,6.3,,18.1,,34,,112,,1014,,0.8,,0.2,,77,,68,,8,,16.4,,17.4,,15.5,
2012-06-07,159,13.9,,20.7,,8.5,,80,,95,,44,,10.2,,14.4,,7.3,,1.8,,20.8,,39.6,,118.5,,1014,,0.9,,0.3,,6,,61,,6.7,,16.8,,17.8,,15.7,
2012-06-08,160,16.6,,24.7,,9.4,,75,,95,,39,,11.6,,16.5,,8.4,,1.3,,22.5,,42.6,,143.1,,1010,,0.9,,0.3,,254,,64,,7.4,,17.4,,18.7,,16.1,
2012-06-09,161,16.9,,22.4,,10.9,,75,,95,,40,,12.1,,15.1,,5.9,,0,,19.5,,36.9,,109.3,,1012,,0.7,,0.3,,284,,55,,5.8,,17.8,,18.7,,16.9,
2012-06-10,162,19.7,,26.6,,12.5,,59,,93,,35,,10.8,,16,,5.5,,0,,25,,46.8,,161.3,,1019,,1,,0.4,,139,,62,,6.2,,18.2,,19.5,,17,
2012-06-11,163,17.4,,22.5,,13,,62,,78,,43,,9.8,,13.8,,6.7,,0,,16.3,,29.9,,104.5,,1024,,1.7,,1.4,,174,,34,,7.6,,18.5,,19.2,,17.8,
2012-06-12,164,16.8,,22.9,,13,,83,,94,,60,,13.7,,16.7,,10.5,,4.6,,14.2,,27,,90.7,,1018,,2,,1.7,,187,,33,,8.2,,18.4,,19.1,,17.7,
2012-06-13,165,16.7,,22.6,,12.7,,91,,94,,71,,15.2,,18.8,,11.2,,14.7,,6.9,,13.4,,15.5,,1015,,1.2,,0.8,,184,,47,,7.8,,18.1,,18.5,,17.8,
2012-06-14,166,17.1,,24.3,,11.7,,73,,90,,42,,11.9,,15.3,,9.7,,0.3,,22.8,,44.5,,141,,1023,,1.3,,0.9,,71,,44,,8.2,,18.1,,19.3,,17.1,
2012-06-15,167,17,,23.2,,10.1,,59,,89,,32,,8.2,,12.2,,4.1,,0,,28.5,,56.8,,177.9,,1024,,1.4,,1.1,,78,,39,,7.3,,18.6,,19.9,,17.3,
2012-06-16,168,16.3,,23.5,,8.8,,69,,93,,43,,10.2,,14.3,,7.7,,0,,26.6,,51.7,,165.8,,1025,,1.3,,0.9,,91,,43,,8.3,,18.8,,20,,17.5,
2012-06-17,169,14.6,,21.5,,8.2,,73,,94,,48,,9.5,,13.4,,7.2,,0,,24.5,,46.7,,160.9,,1020,,1.4,,1,,119,,41,,5.8,,18.9,,20,,17.7,
2012-06-18,170,15,,21.3,,10.9,,76,,91,,50,,10.5,,13.5,,8.7,,0,,17.8,,32,,109.8,,1019,,1.1,,0.8,,150,,47,,5.1,,18.8,,19.6,,18.1,
2012-06-19,171,16.2,,21.3,,11.7,,87,,94,,72,,14,,17.1,,10.6,,0,,12.2,,22.1,,76.5,,1018,,1.5,,1.3,,198,,34,,6.3,,18.5,,19.2,,17.9,
2012-06-20,172,25.3,,33.9,,16.3,,74,,95,,43,,19.8,,23.7,,15.3,,0,,25.3,,51.4,,186.4,,1016,,0.9,,0.5,,259,,45,,6.7,,19.8,,21.8,,18.2,
2012-06-21,173,26,,32.8,,19.7,,66,,89,,38,,18.7,,22.2,,15.6,,0,,26.1,,52.3,,182.9,,1010,,0.8,,0.3,,294,,61,,6.1,,21.3,,22.8,,19.9,
2012-06-22,174,24,,31.2,,19.2,,72,,93,,39,,18.3,,21.3,,15.2,,0,,20.8,,41.1,,144.5,,1008,,0.8,,0.3,,265,,58,,6,,21.7,,22.9,,20.6,
2012-06-23,175,20.2,,27.1,,14.2,,72,,93,,31,,14.6,,18.3,,8.3,,0,,21.7,,42.4,,136.6,,1012,,0.8,,0.5,,305,,47,,13.7,,21.5,,22.5,,20.7,
2012-06-24,176,19.9,,26.9,,12.5,,62,,93,,29,,11.5,,15.2,,5.2,,0.3,,26.6,,50,,169.2,,1013,,0.9,,0.3,,266,,61,,6.6,,20.7,,21.8,,19.3,
2012-06-25,177,16.9,,21.1,,12.1,,86,,93,,64,,14.4,,17.5,,10.8,,8.4,,10.2,,17.2,,36.8,,1007,,1.1,,0.6,,195,,53,,6,,20.3,,21,,19.8,
2012-06-26,178,13.9,,18.9,,10.6,,84,,94,,61,,11.2,,14.1,,9.4,,0.5,,13.8,,24.7,,76.2,,1003,,1.2,,0.9,,292,,41,,8.9,,19.5,,20,,18.8,
2012-06-27,179,16.7,,22.9,,11.2,,73,,93,,43,,11.5,,14.9,,9.2,,0,,18.7,,34.6,,121.6,,1005,,1,,0.7,,269,,42,,10.9,,19.3,,20.3,,18.4,
2012-06-28,180,20.1,,27.8,,12,,64,,93,,27,,12,,15.1,,6,,0,,27.7,,54.5,,182.9,,1008,,0.9,,0.5,,278,,52,,7.2,,19.7,,21.2,,18.2,
2012-06-29,181,23.2,,31.5,,16.9,,62,,88,,25,,14.6,,22.7,,5.7,,0,,21.5,,40.4,,145.3,,1005,,1.1,,0.5,,245,,56,,10.7,,20.4,,21.9,,19.2,
2012-06-30,182,23,,30,,15.6,,55,,81,,27,,12.7,,16.6,,8.3,,0,,26.7,,51,,171.8,,1007,,1.1,,0.6,,278,,55,,9.3,,20.5,,21.8,,19.2,
2012-07-01,183,23.6,,30.4,,17.2,,57,,85,,28,,13.7,,17.8,,7.9,,0,,23.9,,46.5,,156.8,,1008,,1,,0.4,,289,,58,,7.3,,20.8,,22,,19.5,
2012-07-02,184,21,,27.2,,15.9,,68,,92,,33,,14.4,,18.3,,9.1,,0,,22.3,,44.2,,139.3,,1012,,0.9,,0.4,,322,,58,,6.5,,20.8,,21.8,,19.7,
2012-07-03,185,21.3,,28.5,,14.3,,60,,91,,26,,12.2,,15.7,,6.8,,0,,25.9,,52.2,,165,,1011,,0.9,,0.2,,329,,67,,6.8,,20.6,,22,,19.3,
2012-07-04,186,22.9,,29.6,,17.8,,76,,94,,46,,18.2,,21.2,,14.9,,6.6,,21,,42.1,,146.4,,1009,,1,,0.5,,249,,53,,6.2,,21.4,,22.9,,20,
2012-07-05,187,21.6,,26.4,,16.9,,72,,91,,48,,16.1,,19,,13.4,,0,,24.5,,49.3,,156,,1009,,1.1,,0.7,,345,,48,,7.6,,21.9,,23,,20.7,
2012-07-06,188,22.1,,29.5,,15,,70,,94,,34,,15.8,,20,,10.9,,0,,25.5,,51.9,,167.3,,1011,,0.8,,0.3,,312,,58,,4.6,,21.5,,23,,20,
2012-07-07,189,22,,27.2,,18.5,,78,,89,,47,,18,,21.1,,14.4,,0.3,,9.7,,20.2,,43.4,,1009,,0.6,,0.3,,283,,48,,5.8,,21.3,,22,,20.8,
2012-07-08,190,22.5,,29.2,,16.8,,65,,94,,34,,14.9,,19.3,,9.6,,0,,23.3,,47.5,,150,,1011,,0.9,,0.5,,310,,53,,7,,21,,22.4,,19.7,
2012-07-09,191,19.7,,26.3,,13.7,,53,,80,,30,,9.3,,12.6,,6.1,,0,,24.6,,50.8,,147,,1014,,1,,0.5,,346,,57,,5.8,,20.8,,21.9,,19.6,
2012-07-10,192,19.8,,26.7,,11.7,,50,,74,,26,,8.4,,12.8,,3.7,,0,,25.5,,52.8,,155.3,,1017,,0.9,,0.2,,3,,72,,5.3,,20.4,,21.7,,19.1,
2012-07-11,193,22,,29.2,,13.6,,58,,90,,26,,12,,16.1,,7.3,,0,,27.6,,54.8,,160.5,,1021,,1,,0.5,,142,,57,,5,,20.7,,22.2,,19.2,
2012-07-12,194,23.6,,31.2,,16.6,,63,,92,,32,,15.3,,18.8,,11.6,,0,,23,,47.4,,135.6,,1022,,1,,0.7,,204,,45,,6.3,,21.1,,22.4,,19.8,
2012-07-13,195,23.8,,30.2,,17.8,,66,,82,,41,,16.7,,19.5,,14,,0,,22.6,,44.6,,134.3,,1022,,1,,0.8,,204,,39,,5.9,,21.5,,22.9,,20.1,
2012-07-14,196,24.2,,31.1,,19.9,,66,,87,,40,,17,,19.1,,14.7,,0,,20.1,,41.3,,127.9,,1021,,0.9,,0.5,,230,,52,,6.3,,21.9,,23.1,,20.9,
2012-07-15,197,23.5,,29.3,,18.5,,76,,94,,47,,18.7,,21.5,,16,,2,,18.3,,37.3,,106.7,,1018,,1,,0.7,,210,,43,,5.2,,21.8,,22.8,,20.7,
2012-07-16,198,25.3,E,30.5,E,20,E,NA,M,NA,M,NA,M,NA,M,NA,M,NA,M,0.8,,NA,M,NA,M,NA,M,NA,M,NA,M,NA,M,NA,M,NA,M,NA,M,22.9,E,23.5,E,21.7,E
2012-07-17,199,26.3,,33.4,,19.2,,64,,93,,36,,18.2,,20.3,,15.7,,0,,24.9,,50.4,,144.4,,1007,,1.4,,0.9,,217,,45,,9.2,,22.5,,23.7,,21.2,
2012-07-18,200,26,,31.5,,20.1,,65,,85,,48,,18.8,,22.2,,13.1,,0,,20.7,,41.4,,121.7,,1008,,1,,0.5,,302,,55,,7.3,,22.8,,23.9,,21.7,
2012-07-19,201,21.3,,27.9,,17.1,,51,,68,,31,,10.7,,15.9,,8.5,,0,,23.8,,46.8,,131.6,,1014,,0.9,,0.3,,39,,64,,7.6,,22.6,,23.6,,21.5,
2012-07-20,202,17.2,,20.2,,12.5,,71,,92,,54,,11.7,,15.3,,8.3,,0,,7.9,,15.8,,25.4,,1016,,1.1,,0.9,,84,,38,,5.6,,21.2,,22.6,,20.5,
2012-07-21,203,19.1,,26.9,,10.8,,61,,95,,28,,10,,14.2,,5.2,,0,,28.8,,57.2,,142.5,,1017,,1.3,,0.7,,127,,53,,5.5,,20.5,,22.2,,19,
2012-07-22,204,21.5,,28.3,,14.1,,64,,90,,36,,13.6,,15.9,,10.3,,0,,28.3,,57.3,,149,,1018,,1.4,,1.1,,208,,38,,7.6,,21.1,,22.7,,19.6,
2012-07-23,205,21.6,,27.7,,16.7,,82,,94,,55,,18.1,,21,,14,,1.5,,21.2,,40.9,,122.5,,1013,,1.5,,1.2,,207,,36,,7.6,,21.8,,23,,20.7,
2012-07-24,206,21.5,,29.2,,14.6,,80,,96,,48,,17.6,,21.6,,10.6,,5.8,,17.4,,33.1,,86.6,,1004,,1,,0.5,,268,,56,,8.2,,22.3,,23.3,,21.3,
2012-07-25,207,19.2,,26.6,,12.8,,59,,86,,28,,10.3,,13.1,,5.8,,0,,28.2,,51.5,,157.1,,1008,,1.2,,0.7,,335,,51,,9.7,,21.6,,23,,20,
2012-07-26,208,21.6,,27.6,,17.1,,76,,95,,58,,17,,21.6,,9.2,,1,,15.5,,28.4,,84.7,,1004,,1.2,,0.9,,196,,43,,6.9,,21.5,,22.5,,20.6,
2012-07-27,209,20.9,,24.9,,18.2,,92,,97,,73,,19.6,,21.1,,17.7,,4.6,,7.7,,13.7,,26.3,,1007,,0.7,,0.1,,104,,73,,3.9,,21.9,,22.5,,21.4,
2012-07-28,210,20,,25.8,,17.5,,90,,97,,60,,18.1,,20.5,,16.8,,16.5,,9.7,,16.9,,49.4,,1013,,0.9,,0.7,,84,,33,,10.3,,21.6,,22.3,,20.9,
2012-07-29,211,18.1,,22.6,,13.4,,88,,96,,66,,16.1,,18.4,,12.9,,0,,10.9,,18,,46.5,,1015,,0.9,,0.7,,61,,36,,5.7,,21.3,,22,,20.6,
2012-07-30,212,19.8,,27,,12.5,,77,,97,,47,,15.1,,18,,12,,0.3,,27.1,,44.3,,159.2,,1017,,1.1,,0.7,,200,,48,,6.7,,21.4,,23.3,,19.5,
2012-07-31,213,19.8,,25.7,,15.7,,77,,96,,43,,15.3,,16.9,,11,,0,,21.1,,33.1,,117.4,,1015,,1.2,,0.7,,148,,46,,7.1,,22,,23.2,,20.8,
2012-08-01,214,20.8,,27.4,,15.3,,83,,97,,56,,17.5,,19.9,,14.7,,0,,17.2,,26.9,,107.8,,1010,,1.2,,0.8,,201,,44,,7.6,,21.9,,23.2,,20.8,
2012-08-02,215,23.2,,30.3,,17.7,,72,,95,,38,,17.4,,19.8,,14.2,,0,,24.3,,38,,148.9,,1009,,0.9,,0.4,,240,,57,,5.4,,22.6,,24.1,,21.2,
2012-08-03,216,25.3,,31.5,,20.2,,71,,96,,34,,19,,21.4,,13.2,,0,,23.5,,36.5,,141.6,,1015,,1.1,,0.8,,218,,43,,5.9,,23.1,,24.5,,21.8,
2012-08-04,217,24.4,,32.3,,19.2,,79,,96,,43,,20.1,,23.8,,17,,0.3,,20.4,,31.1,,118.3,,1021,,1.2,,0.5,,157,,59,,9.3,,23.4,,24.8,,22.2,
2012-08-05,218,23.6,,31.1,,20.8,,86,,96,,51,,21,,22.7,,18.7,,29.5,,15.8,,24.5,,95.8,,1017,,2.1,,1.8,,195,,34,,15.5,,23.3,,24.1,,22.5,
2012-08-06,219,20.6,,25.3,,15.3,,74,,97,,43,,15.3,,21.4,,10.7,,0,,23.3,,34.8,,133.4,,1014,,1.1,,0.6,,279,,52,,9.6,,23.4,,24.3,,22.5,
2012-08-07,220,22.3,,26.5,,17.6,,65,,87,,43,,15,,17.1,,12,,0,,9.1,,NA,M,92.8,,NA,M,1,,0.8,,197,,38,,5.5,,23.3,,23.8,,22.5,
2012-08-08,221,22.5,,29.5,,15.9,,71,,97,,29,,16,,19.5,,8.9,,0,,24.9,,51.9,,141.5,,1014,,0.8,,0.5,,209,,44,,5.5,,22.6,,24,,21.3,
2012-08-09,222,24,,29.9,,20,,77,,96,,39,,19.2,,21.3,,13.8,,0,,18.8,,39.4,,112.4,,1011,,1.2,,0.9,,194,,36,,5.9,,23.2,,24.3,,22.2,
2012-08-10,223,21.4,,26.2,,18,,89,,97,,67,,19.4,,21.1,,17.4,,21.1,,7.6,,16.5,,38.7,,1010,,1.5,,0.8,,154,,53,,11.4,,23,,23.5,,22.4,
2012-08-11,224,21.1,,26.8,,16.6,,91,,97,,68,,19.5,,22.7,,16.1,,46,,12.8,,27.3,,70.7,,1010,,1.1,,0.7,,148,,49,,10.6,,22.4,,23.5,,21.6,
2012-08-12,225,22.3,,28.1,,16.8,,82,,96,,53,,18.8,,21.4,,15.2,,0,,19.3,,40.3,,119.7,,1010,,1,,0.5,,177,,57,,5.7,,22.9,,23.6,,22.2,
2012-08-13,226,20.8,,27.1,,15.8,,75,,96,,41,,15.6,,17.9,,12.5,,0.3,,23.8,,49.4,,138.7,,1013,,0.9,,0.4,,289,,55,,6.5,,22.4,,23,,21.9,
2012-08-14,227,20.4,,25.5,,15.6,,78,,96,,49,,16.2,,18.5,,13.3,,0,,16.7,,34.7,,85.8,,1011,,0.8,,0.3,,210,,61,,4.9,,22.1,,22.6,,21.5,
2012-08-15,228,20.8,,26.6,,16.5,,84,,96,,50,,17.8,,20,,14.3,,20.8,,20,,42.7,,124.2,,1010,,0.9,,0.4,,190,,61,,8.1,,21.9,,22.3,,21.5,
2012-08-16,229,20.7,,27.2,,16.1,,77,,96,,37,,16,,18.8,,10.7,,1,,21.4,,44.6,,120.7,,1009,,0.9,,0.5,,319,,53,,7.3,,22,,22.5,,21.6,
2012-08-17,230,21,,27.8,,14.3,,78,,96,,53,,16.6,,19.8,,13.5,,0.8,,21.6,,44.9,,123.8,,1008,,1.1,,0.5,,206,,57,,8.4,,21.6,,22,,21.1,
2012-08-18,231,18.3,,24.5,,13.8,,75,,96,,32,,13.2,,17,,5.9,,2.8,,18.2,,37.5,,94.7,,1009,,0.7,,0.3,,296,,58,,5.4,,21.4,,21.8,,21,
2012-08-19,232,16.4,,22.3,,10.3,,72,,93,,40,,10.9,,14.2,,7.4,,0,,18.5,,37.6,,87.1,,1011,,0.7,,0.2,,326,,63,,3.9,,20.4,,21.1,,20,
2012-08-20,233,17.9,,25.5,,11.1,,70,,95,,27,,11.6,,15.6,,3.7,,0,,21.4,,44.6,,111.5,,1010,,0.7,,0.1,,2,,71,,3.6,,20.1,,20.5,,19.6,
2012-08-21,234,19.4,,25.4,,15.1,,67,,91,,32,,12.3,,15.8,,6.6,,0,,24.6,,51.4,,142.1,,1014,,0.9,,0.5,,301,,53,,6.1,,20.2,,20.7,,19.8,
2012-08-22,235,19.4,,26.2,,12.1,,66,,87,,32,,12,,16.1,,6.1,,0,,23.7,,49.7,,129.3,,1017,,0.9,,0.1,,212,,74,,5.6,,20.1,,20.6,,19.5,
2012-08-23,236,20.9,,27.9,,15.1,,74,,97,,39,,15.5,,18,,11.4,,0,,21.3,,44.5,,114.8,,1017,,0.7,,0.2,,255,,64,,5.1,,20.3,,20.9,,19.8,
2012-08-24,237,21.3,,27.7,,15.4,,77,,96,,41,,16.5,,19.2,,12.5,,0,,18.8,,39.3,,98.6,,1020,,0.7,,0.3,,95,,57,,4.2,,20.6,,21.1,,20.1,
2012-08-25,238,21,,27.1,,16.1,,74,,94,,49,,15.9,,18.7,,12.7,,0,,18.4,,36.4,,96.6,,1023,,1.2,,0.9,,119,,43,,5.1,,20.8,,21.2,,20.4,
2012-08-26,239,20.3,,26.8,,13.6,,71,,95,,44,,14.4,,17.9,,12.4,,0,,20.7,,44.4,,110.4,,1024,,0.9,,0.3,,157,,65,,5,,20.6,,21.1,,20.1,
2012-08-27,240,20.8,,26.7,,14.5,,78,,96,,45,,16.5,,19.4,,13.3,,0,,21.1,,45.8,,130.1,,1017,,1.5,,1.2,,204,,37,,8.5,,20.6,,21,,20.1,
2012-08-28,241,20.6,,27.5,,15.2,,85,,96,,46,,17.7,,21,,11.1,,16.8,,14.2,,29.9,,74.6,,1008,,0.9,,0.3,,277,,63,,6.6,,21,,21.4,,20.7,
2012-08-29,242,16,,22.7,,10.2,,66,,93,,36,,9.1,,13.3,,5.3,,0,,24,,49.9,,121.9,,1013,,0.9,,0.5,,349,,54,,7.8,,20.3,,21,,19.9,
2012-08-30,243,17.6,,24.8,,9.7,,66,,92,,37,,10.8,,13.8,,8.1,,0,,22.4,,45.8,,113.5,,1014,,1,,0.6,,254,,49,,7.8,,19.5,,19.9,,19.1,
2012-08-31,244,21.9,,29.2,,14.1,,60,,87,,33,,13.3,,17.8,,10.7,,0,,21.3,,43.6,,113.1,,1011,,1.1,,0.8,,248,,41,,8,,19.5,,20,,19,
2012-09-01,245,20.6,,27.4,,15.9,,74,,91,,44,,15.6,,19,,11.3,,0,,16.4,,34.3,,88.8,,1014,,1.2,,1,,90,,38,,6,,20,,20.3,,19.7,
2012-09-02,246,18,,25.2,,13,,74,,96,,42,,13.2,,18.2,,10.1,,0,,14.7,,31,,70.3,,1016,,1.2,,0.6,,106,,55,,6.2,,19.7,,20,,19.4,
2012-09-03,247,17.7,,24.3,,12.5,,76,,97,,41,,13,,15.6,,9.9,,0,,20.5,,43.1,,120,,1019,,1.3,,0.9,,144,,45,,6.2,,19.3,,19.7,,19,
2012-09-04,248,19,,22.2,,15.1,,89,,95,,75,,17.2,,20.5,,12.2,,3.6,,4.1,,9.1,,12,,1014,,1.4,,1.1,,155,,35,,7.6,,19.3,,19.7,,19.1,
2012-09-05,249,21.5,,26.1,,17.6,,85,,96,,56,,18.8,,21.3,,15.9,,38.6,,11.5,,24.7,,64.8,,1007,,1.6,,0.7,,217,,60,,13.8,,20.5,,21.1,,19.7,
2012-09-06,250,20,,24.1,,16.5,,85,,95,,66,,17.3,,19.1,,15.6,,0,,13.2,,27.6,,68.1,,1009,,0.9,,0.5,,199,,49,,5.3,,20.8,,21.4,,20.3,
2012-09-07,251,21.9,,28.2,,17.4,,82,,97,,32,,18.2,,20.6,,9.2,,0.5,,17.4,,36.7,,103.9,,1011,,0.8,,0.3,,199,,57,,4.5,,21.4,,22.2,,20.7,
2012-09-08,252,20.5,,25.2,,14.5,,85,,96,,58,,17.8,,20.5,,13.6,,9.6,,10.8,,23.1,,64.9,,1005,,2.5,,2.1,,184,,34,,13.1,,21.6,,21.9,,21.3,
2012-09-09,253,15.7,,22.4,,12.6,,80,,96,,47,,12,,15.2,,9.6,,0.8,,16.9,,35.4,,81.3,,1007,,0.7,,0.3,,315,,58,,5.5,,20.9,,21.4,,20.4,
2012-09-10,254,12.9,,18.9,,6.8,,70,,93,,41,,7.3,,11.2,,4,,0,,16.5,,34.2,,69.5,,1012,,1.1,,0.7,,321,,45,,8.4,,20,,20.7,,19.4,
2012-09-11,255,12.2,,21.2,,5.5,,69,,93,,31,,6,,11.3,,1.4,,0,,21,,43.5,,94.9,,1020,,0.9,,0.4,,338,,59,,6,,18.8,,19.4,,18,
2012-09-12,256,16.1,,24.1,,8.7,,70,,90,,36,,10.1,,14.7,,5.9,,0,,20.3,,42.1,,97.2,,1024,,0.8,,0.2,,197,,70,,5.1,,18.6,,19.4,,17.7,
2012-09-13,257,18.6,,25.4,,13,,74,,95,,40,,13.4,,15.9,,10.1,,0,,20.5,,42.7,,95.3,,1024,,0.9,,0.7,,207,,39,,5.2,,19.3,,20.4,,18.2,
2012-09-14,258,18.8,,24.9,,14.8,,80,,97,,47,,14.7,,17.7,,12.4,,0,,18.3,,37.8,,97.9,,1019,,1.2,,1,,205,,37,,6.3,,19.8,,20.8,,18.9,
2012-09-15,259,14.7,,19.8,,7.8,,74,,96,,40,,9.6,,15.7,,4.9,,1.8,,16.1,,33.4,,69.4,,1015,,1.1,,0.5,,302,,56,,7.9,,19.7,,20.2,,19,
2012-09-16,260,12,,19.6,,6.2,,72,,96,,34,,6.4,,10.1,,2.5,,0,,19.7,,41.1,,88.9,,1015,,1,,0.4,,316,,62,,6.4,,18.5,,19.2,,17.5,
2012-09-17,261,14.7,,22.5,,6.7,,73,,95,,38,,9.6,,14.2,,4.9,,0,,18.9,,38.8,,84.1,,1016,,1,,0.4,,191,,60,,4.7,,17.9,,19,,16.8,
2012-09-18,262,17.3,,20.9,,13.2,,89,,95,,80,,15.4,,19.3,,11,,19.8,,2.9,,6.7,,-12.3,,1007,,3.5,,3,,168,,29,,17.9,,17.9,,18.4,,17.5,
2012-09-19,263,13.6,,18.5,,8.5,,71,,96,,31,,7.8,,17.7,,0.7,,0.8,,18,,37.1,,80.2,,1012,,1.3,,0.5,,308,,63,,7.7,,18.6,,19.4,,18,
2012-09-20,264,11.4,,17.7,,6.7,,69,,92,,40,,5.6,,10.3,,2.4,,0,,18.1,,37.8,,76.7,,1019,,1.7,,1.3,,97,,39,,9.1,,17.6,,18.2,,16.7,
2012-09-21,265,12.5,,19.4,,6.9,,77,,95,,51,,8.2,,11.9,,4.1,,0,,16.9,,35.5,,75.3,,1017,,1.4,,1,,103,,41,,5.3,,17.3,,18,,16.5,
2012-09-22,266,14.9,,21.8,,8.8,,84,,97,,61,,12,,15.8,,8.3,,14.5,,15.7,,33.2,,97,,1010,,1.4,,0.9,,183,,48,,8,,17.6,,18.5,,16.8,
2012-09-23,267,12.5,,17.3,,6.1,,74,,97,,38,,7.5,,14.2,,2.3,,0.3,,18.4,,38.1,,74.9,,1012,,1.1,,0.6,,288,,54,,7.8,,18,,18.7,,17.5,
2012-09-24,268,8.9,,15.4,,4.4,,78,,95,,41,,4.8,,9.9,,0.7,,1,,14.2,,29.6,,43.5,,1016,,0.8,,0.2,,337,,67,,4.8,,16.8,,17.6,,16.2,
2012-09-25,269,13.1,,19.5,,5.6,,66,,94,,32,,6.3,,11.9,,1.8,,0.3,,18.6,,38.5,,78.2,,1016,,1.6,,1.3,,201,,35,,9,,16.1,,16.9,,15.2,
2012-09-26,270,15.9,,19.5,,13.3,,87,,94,,72,,13.8,,15.2,,11.6,,0.5,,4.8,,10.2,,12.6,,1015,,1.6,,1.3,,205,,32,,8.4,,16.6,,17,,16.2,
2012-09-27,271,13.8,,18.6,,8.9,,73,,96,,37,,8.6,,14.9,,3.4,,0,,17.4,,36.1,,79.4,,1018,,1.1,,0.5,,11,,58,,6.4,,17.1,,17.9,,16.5,
2012-09-28,272,9.6,,10.7,,7.9,,92,,96,,65,,8.3,,10.1,,4,,45,,1.5,,3.8,,-1.4,,1017,,1.7,,1.4,,76,,29,,9,,15.7,,17,,14.7,
2012-09-29,273,10.9,,12.7,,9.5,,93,,96,,84,,9.7,,10.7,,8.7,,0,,4.3,,8.8,,8.7,,1009,,0.9,,0.5,,41,,49,,7.8,,14.9,,15.3,,14.6,
2012-09-30,274,11.1,,16.8,,8,,91,,96,,65,,9.6,,11.9,,7.2,,3,,6.2,,12.9,,20,,1005,,0.7,,0.1,,106,,70,,3.5,,15.3,,15.9,,15,
2012-10-01,275,11.1,,15.1,,7.9,,88,,96,,74,,9.2,,11.1,,7.2,,0.3,,4.9,,10.4,,13,,1005,,1.6,,1.2,,242,,39,,9.6,,14.9,,15.3,,14.6,
2012-10-02,276,13.3,,16.5,,10,,91,,96,,69,,11.7,,13.4,,9.3,,4.3,,4.7,,10.4,,19.3,,1014,,0.5,,0.2,,212,,52,,4.6,,15,,15.5,,14.5,
2012-10-03,277,15.4,,17.4,,13.5,,96,,97,,94,,14.8,,16.6,,12.9,,0.8,,3.1,,6.9,,11.1,,1016,,1,,0.8,,85,,35,,5.5,,15.8,,16.3,,15.4,
2012-10-04,278,15.4,,16.6,,14.1,,96,,97,,94,,14.8,,15.9,,13.5,,3.6,,2.8,,6.3,,8.8,,1017,,0.8,,0.3,,97,,62,,5.4,,16.3,,16.6,,16.1,
2012-10-05,279,16.4,,22.8,,11.3,,83,,97,,51,,13.1,,15.8,,10.8,,0.3,,14.4,,30.2,,67.7,,1012,,0.8,,0.5,,212,,43,,5.3,,16.7,,17.7,,15.8,
2012-10-06,280,14.5,,22.7,,6.5,,81,,93,,55,,11.1,,15.2,,2.1,,1.8,,9.6,,20.3,,23.2,,1007,,1.6,,1.2,,216,,43,,12.7,,16.9,,17.4,,16.4,
2012-10-07,281,7.4,,10.9,,3.5,,80,,96,,59,,3.9,,6.4,,1.9,,2.8,,7.2,,15,,17.2,,1013,,0.7,,0.3,,243,,59,,4.9,,15.4,,16.5,,14.9,
2012-10-08,282,6.6,,11.1,,2.6,,84,,97,,57,,3.8,,5.8,,2.1,,0.3,,9,,18.4,,21.4,,1019,,0.8,,0.3,,46,,58,,4.9,,14.5,,15.1,,13.9,
2012-10-09,283,8.4,,11.2,,6,,87,,93,,75,,6.3,,7.9,,4.8,,0,,3.6,,7.9,,12.7,,1019,,1.7,,1.5,,79,,28,,7.6,,13.9,,14.3,,13.6,
2012-10-10,284,10.2,,13.9,,6.9,,92,,96,,74,,8.9,,13,,3,,2,,4.5,,9.7,,5.6,,1009,,1.7,,0.6,,119,,65,,8.8,,13.9,,14.4,,13.6,
2012-10-11,285,6.9,,11.1,,3.3,,67,,88,,44,,1,,3.6,,-1.2,,0,,13,,26.9,,40.1,,1014,,1.8,,1.2,,266,,46,,10.7,,13.6,,14.1,,13.1,
2012-10-12,286,4.5,,9.1,,-1.8,,70,,92,,36,,-0.8,,3.6,,-6.5,,1.3,,6.7,,13.6,,-5.6,,1017,,1.2,,0.7,,294,,52,,9.1,,12.6,,13.3,,12,
2012-10-13,287,3.1,,10,,-3.4,,60,,85,,29,,-4.6,,0.1,,-8.6,,0,,15,,30.8,,56,,1025,,1.1,,0.4,,240,,66,,6.1,,11.4,,12,,10.6,
2012-10-14,288,10.6,,15.8,,5.6,,84,,95,,64,,8,,12.2,,-0.2,,10.4,,4.5,,9.8,,-1.3,,1014,,2.5,,2.2,,203,,29,,11.5,,11.6,,12.2,,11.2,
2012-10-15,289,16,,20.3,,12.6,,86,,96,,70,,13.6,,15.3,,11.9,,8.9,,5,,11.1,,24.3,,1003,,2.3,,2,,209,,31,,12,,13,,13.9,,12.1,
2012-10-16,290,7.1,,12.8,,0.9,,71,,96,,45,,2,,12.1,,-1,,0,,10.7,,22.1,,25.7,,1003,,1.7,,1.3,,287,,40,,12,,13.4,,13.9,,12.7,
2012-10-17,291,6.5,,15.8,,0.1,,71,,95,,31,,0.9,,5.1,,-2.1,,0,,13.9,,29.1,,44.8,,1009,,0.9,,0.3,,344,,63,,5,,12.2,,12.8,,11.4,
2012-10-18,292,10.6,,17.6,,3.7,,74,,95,,40,,5.6,,9.7,,1.8,,0,,13.9,,28.9,,44,,1014,,1.5,,1,,144,,49,,7.9,,12.3,,13.1,,11.5,
2012-10-19,293,14.1,,17.6,,10.3,,94,,96,,83,,13.1,,16.8,,9.2,,22.9,,2.6,,6,,2.5,,1008,,2.7,,2.2,,116,,35,,11.9,,13,,13.8,,12.5,
2012-10-20,294,16,,21.2,,6.9,,75,,96,,43,,11.1,,16.4,,4,,0,,11.2,,23.3,,34.6,,1001,,1.5,,1.1,,207,,42,,7.9,,14.5,,15.3,,13.8,
2012-10-21,295,10,,14.4,,5,,66,,86,,45,,3.8,,6.5,,2.2,,0,,8.9,,18.5,,21.3,,1007,,1.9,,1.6,,276,,29,,10.8,,13.5,,14.5,,13,
2012-10-22,296,11,,16.3,,6.7,,68,,88,,42,,5,,6.5,,3.2,,0,,12.5,,25.8,,35.3,,1010,,1.8,,1.4,,277,,37,,9.4,,13.1,,13.6,,12.5,
2012-10-23,297,10.3,,15.7,,5.7,,74,,89,,51,,5.8,,8.2,,3.5,,0,,8.2,,17.4,,25.2,,1015,,0.8,,0.3,,318,,61,,4.6,,12.6,,13.1,,12,
2012-10-24,298,8.5,,10.7,,4.9,,63,,82,,38,,1.8,,7.7,,-4.8,,0,,2.5,,5.6,,7.7,,1016,,0.7,,0.4,,67,,54,,5.4,,12.7,,13,,12.5,
2012-10-25,299,9.3,,13.3,,3.8,,70,,87,,41,,3.7,,7.3,,-1.5,,0,,5.4,,11.8,,20.3,,1020,,0.9,,0.2,,130,,69,,3.6,,12.3,,12.8,,11.8,
2012-10-26,300,11.7,,14.7,,9.1,,87,,97,,77,,9.5,,11.3,,6.1,,0,,4.5,,10,,16.9,,1018,,1.1,,0.8,,229,,39,,5.5,,12.7,,13.3,,12.3,
2012-10-27,301,11.7,,14.8,,8.7,,91,,97,,77,,10.3,,12,,7.4,,0,,2.8,,6.2,,11,,1014,,0.8,,0.3,,47,,59,,5.7,,12.9,,13.3,,12.6,
2012-10-28,302,9.2,,11,,7.4,,84,,94,,56,,6.5,,8.7,,1.9,,1.3,,2.7,,6,,0,,1009,,2.3,,2,,62,,29,,11.4,,12.7,,13.2,,12.5,
2012-10-29,303,12,,15.8,,8.4,,92,,94,,88,,10.7,,14.3,,7.3,,48.3,,2.7,,6,,2,,992,,4.6,,3.8,,71,,32,,19.8,,12.5,,13,,12.3,
2012-10-30,304,13.9,,17.8,,11,,84,,95,,57,,11.1,,13.4,,8.6,,4.8,,6.6,,14.4,,5.1,,995,,2.9,,2.5,,124,,31,,12.6,,13.3,,13.7,,13,
2012-10-31,305,8.5,,11.1,,5.7,,83,,95,,65,,5.6,,10.2,,1.8,,1.8,,4.2,,9,,-4.7,,996,,1.9,,1.2,,183,,50,,8.5,,13.1,,13.5,,12.7,
2012-11-01,306,6.2,,8.3,,4.5,,80,,90,,68,,2.9,,4.6,,0.9,,0,,4,,8.7,,10.3,,997,,1.4,,1.2,,231,,32,,5.6,,12.3,,12.7,,12,
2012-11-02,307,5.3,,7.9,,0.9,,78,,93,,57,,1.5,,4.2,,-0.8,,0,,4.4,,9.6,,10.6,,997,,1.4,,1.3,,276,,28,,7.3,,11.7,,12,,11.4,
2012-11-03,308,3.9,,8,,0.4,,72,,92,,54,,-0.9,,1.4,,-3,,0,,6.8,,14.6,,13.6,,1003,,1.7,,1.5,,288,,28,,8.8,,10.9,,11.4,,10.6,
2012-11-04,309,2.8,,7.7,,-0.8,,73,,91,,54,,-1.7,,1,,-3.5,,0,,9,,19,,30.6,,1007,,1.5,,1.2,,306,,39,,7.3,,10.1,,10.6,,9.6,
2012-11-05,310,-0.5,,3.3,,-4.5,,62,,76,,45,,-7.1,,-2.9,,-10,,0,,4.3,,9.2,,-6.1,,1012,,1.2,,0.9,,337,,42,,8.1,,9.6,,10.1,,8.7,
2012-11-06,311,-2.2,,4.2,,-6.7,,59,,85,,29,,-9.7,,-6.7,,-13.4,,0,,11.5,,23.2,,9.4,,1016,,1,,0.5,,22,,56,,5.6,,7.8,,8.7,,7.3,
2012-11-07,312,-1.3,,0.4,,-4.5,,59,,90,,31,,-8.6,,-3.8,,-14.8,,0.5,,1.2,,2.7,,-8,,1010,,2.4,,1.9,,43,,34,,12,,6.8,,7.5,,6.5,
2012-11-08,313,0,,1.6,,-2,,84,,95,,67,,-2.5,,-1.2,,-5.6,,2.3,,2.9,,6.4,,-2.5,,1002,,2.5,,2,,341,,35,,12.4,,6.6,,6.6,,6.5,
2012-11-09,314,3.4,,9.8,,-0.6,,56,,80,,24,,-5.3,,-0.9,,-10.2,,0,,10.6,,22.1,,23.2,,1010,,2,,1.6,,309,,34,,12.3,,6.8,,7.3,,6.3,
2012-11-10,315,5.2,,11.5,,0.2,,61,,90,,30,,-2.1,,0.8,,-6.3,,0,,10.3,,21.4,,23,,1020,,1.3,,0.4,,19,,67,,6,,7.2,,7.8,,6.6,
2012-11-11,316,10,,15.6,,5.2,,69,,86,,50,,4.4,,7.6,,-4,,0,,7.8,,16.7,,20.3,,1025,,2.3,,1.9,,203,,36,,11.2,,8,,8.7,,7.4,
2012-11-12,317,12.7,,16.8,,8.6,,79,,88,,62,,9.1,,12.8,,5.7,,0,,9.6,,20.3,,20,,1024,,2.9,,2.5,,200,,29,,12.3,,9,,9.8,,8.4,
2012-11-13,318,6.2,,16,,-0.7,,86,,95,,67,,4.1,,13.8,,-3.1,,7.9,,2.2,,4.7,,-16,,1020,,2,,1.1,,256,,53,,12.4,,10,,10.2,,9.4,
2012-11-14,319,1.2,,7,,-2.4,,65,,85,,43,,-4.8,,-1.4,,-6.9,,0,,10.5,,21.1,,7.5,,1026,,1.1,,0.7,,357,,44,,6.5,,8.5,,9.4,,8,
2012-11-15,320,0.2,,5.5,,-4.2,,69,,87,,41,,-5,,-2.8,,-7.3,,0,,8.6,,17.5,,2.6,,1024,,1,,0.8,,32,,42,,5.8,,7.3,,8,,6.8,
2012-11-16,321,0.5,,5.7,,-3.5,,67,,90,,41,,-5.3,,-3.4,,-7.5,,0,,7.1,,14.6,,2,,1021,,0.9,,0.7,,325,,38,,5.5,,6.8,,7.1,,6.3,
2012-11-17,322,1.4,,7.4,,-2.4,,69,,87,,40,,-4,,-1.2,,-6,,0,,9.7,,19.7,,3.7,,1030,,1,,0.7,,350,,45,,5.8,,6.2,,6.6,,5.7,
2012-11-18,323,0.9,,7.7,,-4.5,,72,,91,,47,,-3.9,,-0.1,,-7.7,,0,,9,,18.4,,-1.1,,1032,,1.3,,1.1,,80,,33,,4.7,,5.8,,6.2,,5.3,
2012-11-19,324,1.1,,8.7,,-3.7,,76,,95,,43,,-3.1,,0,,-5.2,,0,,9.7,,19.8,,-0.2,,1026,,1.1,,0.9,,65,,37,,5.6,,5.6,,6,,5.1,
2012-11-20,325,1.8,,9.2,,-3,,69,,96,,28,,-4,,-0.1,,-8.8,,0,,7.8,,16.2,,5.6,,1017,,0.9,,0.6,,71,,42,,4.7,,5.5,,6,,5.1,
2012-11-21,326,3.2,,9.5,,-0.1,,64,,94,,35,,-3.4,,0.4,,-6.4,,0,,7,,14.6,,2.6,,1017,,1.1,,0.9,,66,,33,,6.1,,5.7,,6.1,,5.4,
2012-11-22,327,4.5,,12,,-0.6,,78,,97,,44,,0.5,,4.5,,-1.2,,0,,9.1,,19,,4.6,,1018,,1,,0.3,,81,,67,,4.1,,5.9,,6.5,,5.3,
2012-11-23,328,7,,13.1,,2.6,,74,,94,,38,,2.1,,5.4,,-1.4,,0,,9.1,,18.9,,10.5,,1007,,1.8,,1.6,,203,,30,,8,,6.2,,6.7,,5.6,
2012-11-24,329,1.7,,6.4,,-2.8,,58,,95,,36,,-5.9,,5.6,,-11.2,,0.3,,6.1,,12.5,,-0.6,,998,,3,,2.6,,281,,30,,13,,6.6,,6.8,,6.1,
2012-11-25,330,-1.9,,0,,-4.8,,61,,76,,43,,-8.6,,-5.3,,-11.6,,0,,4.9,,9.9,,-10.1,,1003,,2.9,,2.6,,271,,24,,16.1,,5.3,,6.1,,4.9,
2012-11-26,331,0.2,,5.2,,-2.8,,66,,84,,36,,-5.8,,-4.1,,-8.9,,0,,6.9,,14,,5.3,,1011,,1.9,,1.7,,263,,27,,10.5,,4.9,,5.3,,4.6,
2012-11-27,332,-1.2,,0.1,,-3.5,,91,,97,,76,,-2.5,,-0.5,,-5.7,,2.8,,1,,2.3,,-12.2,,1018,,0.7,,0.2,,208,,68,,4,,4.4,,4.8,,4.2,
2012-11-28,333,-1.9,,1.3,,-5.1,,87,,97,,65,,-3.9,,-1.9,,-6.7,,0,,4.7,,8.1,,-23.2,,1016,,0.7,,0.4,,319,,52,,5.6,,4.6,,4.8,,4.4,
2012-11-29,334,-0.4,,4.1,,-4.2,,71,,91,,36,,-5.4,,-3.2,,-10.1,,0,,7.2,,14.8,,-9.7,,1016,,2,,1.8,,255,,26,,9.8,,4.1,,4.5,,3.8,
2012-11-30,335,-2.1,,0.8,,-4,,48,,79,,24,,-12.7,,-3.4,,-21,,0,,4.7,,10.1,,15.8,,1023,,1.3,,0.6,,21,,59,,7.3,,4,,4.3,,3.8,
2012-12-01,336,-3.9,,-1,,-6.2,,86,,97,,34,,-6,,-1.4,,-17.6,,0.5,,1.3,,3.4,,-3.2,,1027,,1,,0.8,,77,,36,,5.1,,3.8,,4.1,,3.7,
2012-12-02,337,3.4,,7.3,,-2.1,,96,,98,,87,,2.7,,6,,-2.5,,3.6,,2.2,,4.8,,9.7,,1019,,1.9,,1.4,,200,,39,,12.9,,4.3,,5,,3.8,
2012-12-03,338,6.3,,11.9,,0.2,,88,,97,,58,,4.2,,7.5,,-0.3,,0,,6.7,,13.8,,3.7,,1016,,1.5,,0.8,,281,,56,,7.2,,5.7,,6.4,,5,
2012-12-04,339,6.7,,11.9,,0.1,,94,,97,,83,,5.8,,11.1,,-0.4,,0.3,,1,,2.3,,-5.3,,1017,,2.3,,1.6,,180,,43,,9.5,,5.7,,6.4,,5.3,
2012-12-05,340,5.4,,12.1,,-3,,72,,95,,49,,0.5,,10.9,,-10.1,,1.3,,3.3,,6.7,,-10.2,,1010,,2.8,,2,,275,,41,,11.7,,6.9,,7.1,,6.4,
2012-12-06,341,-2.7,,3.2,,-5.5,,61,,79,,33,,-9.6,,-7.3,,-11.9,,0,,8.3,,16.7,,-16.6,,1018,,1.5,,1.1,,329,,45,,9.7,,5.4,,6.5,,4.7,
2012-12-07,342,0.2,,3.4,,-5,,82,,97,,59,,-2.6,,3,,-9.4,,0.8,,2.6,,5.5,,0.5,,1015,,1.8,,1.5,,208,,33,,9.9,,4.2,,4.7,,3.8,
2012-12-08,343,3.9,,5.3,,2.2,,96,,97,,95,,3.4,,4.8,,1.8,,8.6,,1.5,,3.4,,7.6,,1009,,0.9,,0.1,,178,,70,,5,,4.8,,5.4,,4.4,
2012-12-09,344,3.1,,6.4,,0.8,,85,,98,,56,,0.6,,4.6,,-2.7,,3.6,,4.5,,9,,-22.9,,1017,,1.2,,0.3,,38,,70,,6.6,,5.3,,5.4,,5,
2012-12-10,345,7.1,,11.2,,1.9,,96,,97,,94,,6.5,,10.7,,1.1,,4.3,,0.9,,2.1,,3.8,,1002,,2.2,,1.1,,189,,58,,9.3,,5.5,,6.3,,5.1,
2012-12-11,346,2.1,,7.3,,-3.3,,75,,96,,48,,-2,,6.7,,-7.9,,0.8,,7.5,,15.3,,-1.1,,1007,,1.9,,1.6,,280,,29,,9.7,,6.4,,6.6,,5.9,
2012-12-12,347,-2.6,,2.3,,-5.5,,75,,89,,49,,-6.6,,-4.8,,-8.1,,0,,5.4,,11.3,,-22.4,,1020,,0.8,,0.2,,254,,65,,5.8,,4.7,,5.9,,4.1,
2012-12-13,348,-1.7,,3.9,,-5,,76,,93,,46,,-5.7,,-3.7,,-7,,0,,7.5,,15.4,,-11,,1023,,0.7,,0.3,,8,,63,,4.1,,3.7,,4.1,,3.4,
2012-12-14,349,0,,6.3,,-3.9,,73,,90,,35,,-4.7,,-2.8,,-8.3,,0,,7.7,,15.6,,-10.1,,1016,,1.1,,0.8,,251,,38,,8.8,,3.2,,3.6,,2.9,
2012-12-15,350,0,,4.1,,-2.8,,67,,91,,41,,-5.7,,-2.2,,-11.1,,0,,7.9,,16.1,,0,,1018,,1.2,,0.6,,40,,54,,6.9,,3,,3.2,,2.7,
2012-12-16,351,-3.3,,-1.7,,-4.5,,85,,96,,72,,-5.6,,-2.4,,-8.1,,1.8,,0.7,,1.7,,5,,1016,,1.9,,1.7,,87,,27,,7,,2.8,,3,,2.6,
2012-12-17,352,-0.7,,0.7,,-2.5,,96,,97,,95,,-1.3,,0.3,,-3.1,,5.1,,1.4,,3.2,,2.7,,1008,,0.7,Q,0.6,Q,71,Q,15,Q,9.4,Q,2.7,,2.9,,2.6,
2012-12-18,353,3.1,,5.6,,0.5,,96,,98,,94,,2.6,,4.9,,0,,7.9,,2.1,,4.6,,11.8,,994,,2.1,,1.1,,68,,57,,12.2,,3.4,,4,,2.8,
2012-12-19,354,1.9,,4.3,,-0.1,,83,,98,,67,,-0.9,,1.9,,-2.3,,0,,3.2,,6.8,,-3.6,,1001,,1.9,,1.5,,301,,34,,12.6,,4,,4.2,,3.8,
2012-12-20,355,0.6,,4.8,,-2.3,,78,,93,,58,,-3,,-1.1,,-4.2,,0,,6.4,,13.4,,3.1,,1014,,1.5,,0.8,,88,,57,,7.9,,3.8,,4.1,,3.5,
2012-12-21,356,3.1,,9.9,,-0.5,,94,,98,,77,,2.1,,8.2,,-1.3,,24.9,,1.7,,3.8,,-4.3,,990,,3.6,,2,,120,,55,,18.9,,4,,4.5,,3.6,
2012-12-22,357,-2,,0.5,,-4.5,,72,,91,,57,,-6.4,,-0.9,,-10.7,,0,,3.2,,6.8,,-6.4,,991,,2.9,,2.5,,268,,32,,12.7,,4,,4.4,,3.5,
2012-12-23,358,-2.2,,0.8,,-5.4,,65,,77,,49,,-7.9,,-4.8,,-10.8,,0,,4.4,,9,,-18.7,,1004,,2.1,,1.9,,266,,26,,9.9,,2.9,,3.5,,2.5,
2012-12-24,359,-1.7,,1.7,,-4.6,,63,,80,,41,,-8.1,,-6.2,,-10.5,,0,,7.4,,14.9,,-0.5,,1010,,1.7,,1,,279,,50,,9.7,,2.4,,2.6,,2.3,
2012-12-25,360,-3.6,,-0.3,,-7.1,,80,,91,,60,,-6.6,,-3.7,,-10,,1,,2.6,,5.3,,-30.3,,1012,,1.2,,0.7,,357,,51,,7.7,,2.2,,2.4,,2.1,
2012-12-26,361,-4.8,,-0.8,,-10.2,,73,,97,,44,,-9.2,,-2,,-13.1,,3.3,,5,,10.2,,-10.8,,1015,,2,,1.2,,60,,52,,13.2,,1.8,,2.1,,1.7,
2012-12-27,362,-1.8,,-0.1,,-4.8,,97,,98,,95,,-2.1,,-0.4,,-5.5,,14.7,,1.7,,3.8,,-7.3,,994,,3.4,,2.1,,38,,51,,15.8,,1.7,,1.8,,1.7,
2012-12-28,363,-4.7,,-1.8,,-6.8,,94,,96,,88,,-5.5,,-2.9,,-7.6,,0,,7.4,,15.2,,-22.3,,1006,,2,,1.7,,293,,29,,11.1,,1.9,,2,,1.8,
2012-12-29,364,-4.7,,-2.3,,-7.5,,94,,96,,86,,-5.5,,-3.4,,-8.3,,3,,1.9,,4.4,,-4.8,,1002,,1.2,,0.7,,41,,51,,7.8,,2.1,,2.1,,2,
2012-12-30,365,-6.6,,-4,,-9.5,,82,,96,,62,,-9.3,,-5.2,,-14.7,,6.3,,2.8,,4.4,,-44.3,,1001,,2.6,,2.3,,290,,27,,11,,2.3,,2.4,,2.1,
2012-12-31,366,-5.2,,-1.8,,-10.6,,77,,85,,65,,-8.6,,-5.6,,-14.7,,0,,1.5,,3.4,,-16.5,,1007,,1.8,,1.6,,265,,25,,8.4,,2.4,,2.5,,2.4,
2013-01-01,1,-3.9,,-0.4,,-11.5,,63,,80,,48,,-10.1,,-4.3,,-17.8,,0,,4.1,,8.8,,-24.9,,1004,,2.9,,2.6,,277,,25,,12.5,,2.6,,2.6,,2.5,
2013-01-02,2,-10.6,,-3.8,,-16.2,,70,,87,,50,,-15.2,,-10.7,,-20.6,,0,,5.4,,11,,-25.1,,1008,,1.6,,1.2,,287,,37,,9.6,,2.6,,2.6,,2.5,
2013-01-03,3,-13.1,,-5.9,,-20.7,,59,,74,,28,,-19.9,,-11.6,,-24.6,,0,,7.8,,15.9,,-24.3,,1010,,1.1,,0.9,,290,,36,,6.1,,2.4,,2.5,,2.3,
2013-01-04,4,-3.5,,1.8,,-9.3,,71,,89,,51,,-8.3,,-6.1,,-12,,0,,5.7,,12,,-19.6,,1007,,2.1,,1.9,,257,,25,,10.4,,2.3,,2.3,,2.2,
2013-01-05,5,-1.4,,2.9,,-6.5,,62,,79,,38,,-8,,-5.5,,-11,,0,,7.4,,14.8,,-21.2,,1013,,2,,1.5,,281,,39,,11.6,,2.3,,2.4,,2.3,
2013-01-06,6,-1.6,,3.3,,-5.9,,79,,96,,59,,-5,,-3.4,,-9.5,,0.3,,6.8,,14.2,,-14.1,,1010,,1.2,,0.9,,227,,38,,7,,2.5,,2.5,,2.4,
2013-01-07,7,-2.3,,0.8,,-7.4,,69,,92,,35,,-7.6,,-2.8,,-13.8,,0,,8.4,,17.1,,-28.7,,1018,,1.1,,0.5,,313,,54,,8,,2.5,,2.6,,2.5,
2013-01-08,8,-0.6,,4.7,,-5.7,,69,,83,,52,,-5.8,,-3.9,,-10.7,,0,,7.3,,15,,-33.7,,1021,,1.8,,1.5,,232,,31,,9.1,,2.5,,2.6,,2.5,
2013-01-09,9,0.4,,4.4,,-5,,73,,91,,46,,-4,,-0.1,,-6.9,,0,,4,,8.4,,-25,,1017,,1.7,,0.9,,214,,55,,11.1,,2.5,,2.6,,2.5,
2013-01-10,10,1.9,,5.6,,-2.1,,56,,74,,39,,-6.2,,-3.2,,-7.7,,0,,8.7,,17.7,,-30.8,,1021,,2.3,,1.9,,295,,35,,17,,2.6,,2.6,,2.5,
2013-01-11,11,-0.7,,1.9,,-4.6,,80,,96,,53,,-4,,1.4,,-7.4,,2.8,,2.7,,6,,-6.1,,1022,,1.4,,1,,137,,39,,6.5,,2.5,,2.6,,2.5,
2013-01-12,12,2.9,,5.1,,0.6,,97,,97,,95,,2.4,,4.5,,0.1,,0.3,,3,,6.8,,11.6,,1016,,0.9,,0.5,,170,,55,,5.6,,2.5,,2.5,,2.5,
2013-01-13,13,4.9,,7,,2.5,,97,,98,,97,,4.5,,6.6,,2.2,,0,,2.1,,5.1,,17.9,,1012,,1.8,,1.5,,212,,29,,9.9,,2.5,,2.5,,2.4,
2013-01-14,14,5.8,,10.5,,-0.2,,81,,97,,43,,2.6,,9.6,,-4.4,,1,,6.7,,13.8,,25.9,,1013,,2,,1.5,,257,,40,,11.3,,3,,3.7,,2.4,
2013-01-15,15,-0.5,,2.4,,-2.9,,70,,86,,52,,-5.4,,-3.8,,-7,,0,,6.2,,12.8,,0.9,,1018,,0.7,,0.4,,328,,46,,4.3,,3,,3.4,,2.7,
2013-01-16,16,-1.8,,-0.8,,-3.4,,92,,98,,68,,-3,,-1.3,,-6.7,,9.6,,0.6,,1.4,,-8.7,,1010,,0.6,Q,0.5,Q,85,Q,17,Q,5,Q,2.5,,2.9,,2.4,
2013-01-17,17,-1.8,,2.3,,-5.5,,78,,98,,48,,-5.4,,-0.4,,-14.8,,0,,5.1,,10.5,,-25.5,,1009,,1.2,Q,1,Q,285,Q,20,Q,8.9,Q,2.4,,2.5,,2.4,
2013-01-18,18,-8.8,,-5.3,,-12.8,,46,,64,,28,,-18.6,,-13.1,,-23.3,,0,,9.7,,19.4,,-23.4,,1019,,1.8,,1.2,,287,,44,,10.2,,2.2,,2.4,,1.8,
2013-01-19,19,-0.3,,5.1,,-7.1,,57,,68,,44,,-7.9,,-2.2,,-15.4,,0,,7.3,,15.2,,-8.9,,1013,,3.3,,2.9,,216,,27,,13.5,,1.6,,1.9,,1.5,
2013-01-20,20,1.2,,6.7,,-6.1,,58,,73,,33,,-6.3,,-1.4,,-15.3,,0,,5.9,,12.2,,-19.9,,1002,,3.6,,2.6,,242,,43,,13.1,,1.6,,1.6,,1.5,
2013-01-21,21,-7.9,,-5.7,,-11,,66,,92,,44,,-13.4,,-8.9,,-16.9,,0.3,,4.5,,9.5,,-15.2,,1008,,1.6,,0.8,,249,,56,,10.8,,1.4,,1.6,,1.2,
2013-01-22,22,-10.9,,-7.6,,-16,,64,,93,,30,,-16.9,,-9.4,,-23,,0,,6.9,,14.2,,-25.8,,1005,,1.9,,1.5,,280,,32,,10.2,,1.2,,1.3,,1.1,
2013-01-23,23,-15.9,,-12.2,,-19.3,,53,,82,,31,,-23.7,,-18.6,,-26.7,,0,,10.2,,20.2,,-35.2,,1010,,2.1,,1.9,,276,,24,,11.5,,1,,1.1,,0.9,
2013-01-24,24,-15.7,,-9.3,,-21.4,,49,,73,,25,,-24.6,,-21.8,,-26.4,,0,,10.2,,20.4,,-35.2,,1013,,2.3,,1.9,,287,,29,,13,,0.8,,0.9,,0.6,
2013-01-25,25,-12.9,,-7.2,,-18.2,,48,,89,,21,,-22.4,,-12.8,,-26.7,,0.3,,8.3,,16.7,,-12,,1015,,1.4,,1.2,,276,,27,,6.5,,0.5,,0.7,,0.5,
2013-01-26,26,-11.9,,-6.6,,-15.6,,62,,89,,28,,-18.5,,-13.4,,-23.7,,0,,8.2,,17.5,,-44.6,,1012,,1.7,,1.4,,316,,32,,10,,0.4,,0.5,,0.4,
2013-01-27,27,-10,,-2.8,,-15.9,,52,,81,,24,,-18.8,,-16.8,,-21.1,,0,,10.8,,21.6,,-26.4,,1022,,1.4,,1,,292,,39,,8.6,,0.3,,0.4,,0.2,
2013-01-28,28,-7.2,,-4.6,,-11.8,,73,,95,,32,,-11.6,,-5.6,,-19.1,,2.5,,2.5,,5.6,,-1.3,,1016,,1.1,,0.6,,122,,50,,5.9,,0.2,,0.3,,0.2,
2013-01-29,29,-2.5,,0.1,,-5.6,,95,,97,,91,,-3.2,,-0.3,,-6.4,,4.6,,3.8,,8.4,,0,,1014,,1,,0.6,,125,,50,,5.8,,0.2,,0.2,,0.2,
2013-01-30,30,7.4,,12.5,,-0.2,,97,,98,,96,,7,,12,,-0.6,,3.6,,1.1,,2.6,,14.3,,1003,,2.9,,2.5,,192,,31,,15,,0.2,,0.2,,0.2,
2013-01-31,31,4.8,,14.6,,-4.8,,75,,97,,37,,0.4,,13.2,,-11.7,,34,,6.9,,14,,15.5,,986,,4.5,,3.2,,240,,45,,20.7,,0.2,,0.2,,0.1,
2013-02-01,32,-5.7,,-2.7,,-8.9,,50,,67,,33,,-14.6,,-10.1,,-18.2,,0,,8.5,,17.1,,-0.5,,1003,,3.2,,2.8,,274,,27,,12.8,,0.2,,0.2,,0.2,
2013-02-02,33,-7.9,,-4.2,,-12.9,,56,,83,,40,,-15.4,,-10,,-18,,0,,9.2,,18.6,,9.3,,1012,,2,,1.6,,233,,37,,8.5,,0.2,,0.2,,0.2,
2013-02-03,34,-7.2,,-4.1,,-10.6,,80,,93,,62,,-10.2,,-9.1,,-11.9,,0.5,,3.4,,6.9,,-27.9,,1005,,0.7,,0.2,,36,,61,,5,,0.2,,0.3,,0.2,
2013-02-04,35,-8.2,,-4.5,,-11.2,,66,,90,,37,,-13.9,,-11.1,,-17.7,,0,,8.2,,15.9,,-9.4,,1004,,2.2,,1.9,,273,,26,,13.9,,0.3,,0.3,,0.2,
2013-02-05,36,-6.7,,-1.6,,-10.1,,66,,90,,42,,-12.1,,-7.6,,-15.3,,0,,8.3,,16.9,,19,,1008,,1,,0.4,,225,,61,,6.8,,0.2,,0.2,,0.2,
2013-02-06,37,-4.6,,0.4,,-7.9,,68,,95,,37,,-10.3,,-5.3,,-18,,0,,7.7,,14.9,,1.9,,1010,,1.8,,1.3,,268,,40,,10.8,,0.2,,0.2,,0.2,
2013-02-07,38,-7.3,,-3,,-12.7,,46,,77,,28,,-17.5,,-15.2,,-19.9,,0,,10.7,,22.3,,24.6,,1023,,1.3,,0.6,,64,,59,,7.3,,0.2,,0.2,,0.1,
2013-02-08,39,-6.6,,-4,,-10.2,,81,,91,,41,,-9.4,,-6,,-17.5,,7.9,,2.7,,5.9,,8.3,,1012,,3.4,,2.8,,70,,32,,15.5,,0.1,,0.2,,0.1,
2013-02-09,40,-10.1,,-7.4,,-12.9,,84,,93,,56,,-12.4,,-8.4,,-19.5,,4.6,,7.2,,14.9,,-9.5,,1006,,3.2,,2.7,,330,,33,,14.3,,0.1,,0.1,,0.1,
2013-02-10,41,-7.7,,1.4,,-15.6,,45,,67,,17,,-18.6,,-11.3,,-21.7,,4.8,,13,,26.2,,-21,,1021,,1.3,,0.8,,322,,47,,8.2,,0.1,,0.1,,0.1,
2013-02-11,42,0.5,,4.5,,-5.4,,82,,98,,34,,-2.8,,4,,-17,,7.1,,1.7,,4,,0.3,,1008,,2.4,,1.8,,190,,38,,12.5,,0.1,,0.1,,0.1,
2013-02-12,43,0.7,,3,,-0.9,,74,,98,,57,,-3.5,,0.6,,-6.8,,0,,4.4,,9.3,,-3.9,,1002,,2.8,,2.6,,273,,24,,12.5,,0.1,,0.2,,0.1,
2013-02-13,44,-0.5,,4,,-2.5,,64,,79,,42,,-6.6,,-5.2,,-8.2,,0,,9.8,,20.1,,1.8,,1003,,1.4,,0.9,,291,,50,,6.6,,0.1,,0.2,,0.1,
2013-02-14,45,-0.2,,5.3,,-5.1,,59,,80,,34,,-7.6,,-5.6,,-9.8,,0,,13.4,,27.5,,-9,,1006,,1.1,,0.5,,283,,57,,6.7,,0.2,,0.2,,0.1,
2013-02-15,46,2.3,,8.9,,-2.1,,70,,91,,46,,-3,,-1.1,,-6.2,,0,,12.4,,25.2,,-7.8,,1008,,2,,1.5,,202,,38,,8.8,,0.2,,0.2,,0.1,
2013-02-16,47,-1.1,,2.4,,-5.2,,70,,96,,41,,-6.4,,-2.3,,-16.1,,1.5,,6.2,,11.7,,-9.3,,1006,,1.2,,0.9,,327,,35,,7.9,,0.2,,0.2,,0.2,
2013-02-17,48,-8.7,,-5,,-12.5,,47,,57,,36,,-18.1,,-14.6,,-21.1,,0,,5.1,,10.3,,-5.9,,996,,3.4,,2.9,,308,,33,,15.9,,0.2,,0.2,,0.2,
2013-02-18,49,-9.1,,-3.1,,-14.3,,43,,62,,21,,-20,,-17.5,,-23.1,,0,,14.7,,29.2,,-13.5,,1009,,3,,2.7,,277,,24,,11.8,,0.2,,0.2,,0.2,
2013-02-19,50,0,,5.9,,-9.3,,63,,97,,38,,-6.7,,3.3,,-19,,3.6,,7.9,,16.4,,3,,1008,,2,,1.7,,190,,33,,10.3,,0.2,,0.2,,0.2,
2013-02-20,51,-3.5,,1.7,,-6.6,,66,,97,,38,,-9.4,,1.2,,-15.1,,0.5,,9.5,,19.3,,-7.9,,999,,3.3,,3,,276,,25,,13.6,,0.2,,0.2,,0.2,
2013-02-21,52,-5.6,,-2,,-8,,59,,77,,42,,-12.4,,-9.4,,-14.8,,0,,13.6,,27.9,,-7.4,,1007,,3.1,,2.5,,297,,34,,14.4,,0.2,,0.2,,0.2,
2013-02-22,53,-2,,3.8,,-7.5,,62,,88,,36,,-8.8,,-6.6,,-10.4,,0,,12.4,,25.3,,-1.9,,1020,,1.5,,0.4,,80,,68,,7.7,,0.2,,0.2,,0.2,
2013-02-23,54,-1.2,,-0.3,,-2.2,,85,,96,,69,,-3.4,,-1.2,,-6.8,,0.3,,2.5,,5.8,,-0.7,,1014,,1.7,,1.4,,124,,33,,6.8,,0.2,,0.2,,0.2,
2013-02-24,55,-0.1,,1.2,,-1.5,,94,,97,,89,,-1,,0.1,,-1.9,,10.9,,3.3,,7.4,,-28.4,,1004,,1.3,,0.8,,33,,46,,6.3,,0.2,,0.3,,0.2,
2013-02-25,56,-1.2,,1.4,,-5,,92,,97,,79,,-2.3,,-0.9,,-5.5,,0.3,,4.3,,7.2,,-18.7,,1013,,0.7,,0.5,,325,,38,,5.4,,0.3,,0.3,,0.2,
2013-02-26,57,0.4,,3.8,,-1.6,,82,,97,,59,,-2.5,,-0.5,,-4.2,,0,,5.6,,11.4,,2,,1018,,1.3,,1,,97,,38,,9.2,,0.3,,0.3,,0.3,
2013-02-27,58,0.7,,3.3,,-0.7,,94,,97,,84,,-0.2,,2.4,,-2.7,,20.1,,2.3,,5.5,,-14.8,,1004,,4.1,,3.7,,80,,28,,17.2,,0.3,,0.3,,0.3,
2013-02-28,59,0.4,,4.7,,-1.6,,94,,97,,77,,-0.4,,2,,-2,,0.5,,4.7,,9.5,,-12.3,,996,,0.6,,0.3,,306,,51,,3.3,,0.2,,0.3,,0.2,
2013-03-01,60,0.8,,4.2,,-1.5,,76,,96,,55,,-3.1,,0,,-5.4,,0.3,,7.6,,15.1,,2.5,,999,,1.3,,1.1,,320,,33,,7.4,,0.2,,0.3,,0.2,
2013-03-02,61,-0.6,,1.9,,-2.7,,73,,80,,64,,-4.9,,-3.5,,-6.3,,0,,5.2,,11.2,,7.9,,1000,,1.6,,1.4,,316,,31,,7.8,,0.3,,0.3,,0.2,
2013-03-03,62,-2.4,,0,,-4.4,,80,,89,,73,,-5.4,,-2.5,,-7.2,,0.3,,7.6,,16.2,,9,,998,,1.8,,1.5,,308,,29,,6.4,,0.3,,0.3,,0.3,
2013-03-04,63,-2.4,,2.4,,-6,,69,,79,,48,,-7.5,,-5.9,,-9.3,,0,,11.2,,23.2,,12.9,,999,,2.7,,2.4,,287,,26,,10.9,,0.3,,0.3,,0.3,
2013-03-05,64,-0.6,,6.2,,-5.4,,71,,87,,45,,-5.5,,-1.7,,-8,,0,,10.8,,22.6,,4.2,,1008,,1.4,,0.9,,331,,44,,7.4,,0.3,,0.4,,0.3,
2013-03-06,65,-0.3,,0.9,,-1.5,,91,,96,,82,,-1.6,,-0.4,,-4,,2.3,,5.8,,12.1,,-14.9,,1012,,3.2,,2.8,,66,,28,,14.2,,0.4,,0.4,,0.3,
2013-03-07,66,-1.5,,0.1,,-2.9,,88,,97,,73,,-3.3,,-1.8,,-4.9,,8.1,,6.3,,13.7,,-6.9,,1011,,2.1,,1.6,,33,,38,,11.8,,0.4,,0.4,,0.4,
2013-03-08,67,-1,,1.1,,-2.7,,87,,97,,61,,-3.1,,-0.3,,-6.7,,14.5,,3.7,,7.2,,-17.7,,1012,,1.6,,1.2,,1,,39,,11.9,,0.4,,0.4,,0.4,
2013-03-09,68,3.1,,12.9,,-3.5,,52,,86,,11,,-7.3,,-3.2,,-17,,0,,18.7,,37.4,,-8.2,,1019,,1.6,,1,,0,,49,,7.9,,0.4,,0.5,,0.4,
2013-03-10,69,2.7,,9.7,,-4.6,,65,,95,,32,,-4,,-1.2,,-6.7,,0,,18.2,,37.2,,13.6,,1020,,1.4,,0.9,,148,,48,,7.1,,0.5,,0.5,,0.4,
2013-03-11,70,3.7,,8.3,,-0.6,,79,,94,,54,,0.2,,4.3,,-1.9,,0,,7.6,,16.5,,14.9,,1017,,2.5,,2.2,,202,,28,,9.3,,0.5,,0.5,,0.5,
2013-03-12,71,7.7,,10.4,,2.6,,93,,96,,86,,6.5,,9.6,,1.4,,20.6,,2.8,,6.6,,13.7,,1007,,3.2,,2.5,,172,,36,,12.4,,0.4,,0.5,,0.1,
2013-03-13,72,2.2,,6.9,,-1.6,,66,,96,,32,,-4.2,,1.6,,-10.3,,0,,16.8,,34,,36.1,,1003,,1.5,,1.3,,278,,31,,8.9,,0.2,,0.2,,0.1,
2013-03-14,73,-4.5,,-0.9,,-8.5,,56,,78,,41,,-12,,-5,,-16.6,,0,,10,,20.7,,13.1,,1002,,2.7,,2.4,,283,,27,,12.2,,0.2,,0.3,,0.2,
2013-03-15,74,-3.7,,1.8,,-10.7,,62,,94,,22,,-10.6,,-2.1,,-19.4,,0,,15.1,,30.7,,36.7,,1002,,2.4,,1.9,,265,,36,,10.5,,0.3,,0.3,,0.3,
2013-03-16,75,-2.5,,1.9,,-6.7,,53,,87,,29,,-11.3,,-4.3,,-15.3,,0,,14.2,,29.2,,25.5,,1004,,1.2,,0.8,,282,,46,,6.5,,0.3,,0.3,,0.3,
2013-03-17,76,-3.9,,0.2,,-7.9,,48,,82,,20,,-14.4,,-9.6,,-20.5,,0,,18.9,,37.7,,39.1,,1011,,1.7,,1.3,,305,,39,,10.9,,0.3,,0.3,,0.3,
2013-03-18,77,-4.3,,1.8,,-11.2,,44,,93,,16,,-16.2,,-5,,-22.9,,0.5,,15,,29.9,,42,,1020,,1.3,,0.6,,120,,59,,7.3,,0.3,,0.3,,0.3,
2013-03-19,78,-2.4,,-0.4,,-4.3,,96,,98,,93,,-2.9,,-0.8,,-5.3,,20.6,,3.7,,8.6,,-3.5,,1004,,2.5,,1.8,,75,,43,,14.2,,0.3,,0.3,,0.3,
2013-03-20,79,-4.4,,-0.3,,-8.2,,88,,96,,64,,-6.2,,-2.5,,-9.1,,0.3,,10.1,,20.1,,-24.9,,1000,,2,,1.8,,265,,26,,10.3,,0.3,,0.4,,0.3,
2013-03-21,80,-3.2,,3,,-8.7,,59,,90,,27,,-10.9,,-7.9,,-15.3,,0,,16,,32.2,,6.3,,1000,,1,,0.7,,293,,43,,5.2,,0.4,,0.4,,0.3,
2013-03-22,81,-3,,2.3,,-8.1,,62,,78,,39,,-9.6,,-7,,-11.7,,0,,16.9,,34,,3.7,,999,,2.1,,1.9,,279,,27,,12.4,,0.4,,0.4,,0.4,
2013-03-23,82,-1.1,,4,,-6.5,,59,,88,,36,,-8.5,,-6.7,,-11.6,,0,,16.1,,32.9,,16.4,,1000,,2.7,,2.4,,277,,27,,14.1,,0.4,,0.4,,0.4,
2013-03-24,83,0.9,,6,,-4.3,,57,,80,,36,,-7,,-4.7,,-8.6,,0,,19.9,,40.6,,32.7,,1003,,1.6,,1,,324,,50,,9.2,,0.4,,0.4,,0.4,
2013-03-25,84,1.2,,4.8,,-1.8,,62,,77,,44,,-5.3,,-3.2,,-7.1,,0,,12.8,,26.3,,25.3,,998,,2.3,,2,,67,,30,,12.2,,0.4,,0.4,,0.4,
2013-03-26,85,1.5,,7,,-1.6,,61,,83,,32,,-5.7,,-2,,-9.4,,0,,11.7,,24,,24.7,,999,,1.1,,0.8,,310,,38,,8.3,,0.4,,0.4,,0.4,
2013-03-27,86,2.8,,9.2,,-2.9,,56,,75,,31,,-5.7,,-1.6,,-8.6,,0,,15,,30.5,,43,,1005,,1.3,,1,,304,,35,,9,,0.4,,0.5,,0.4,
2013-03-28,87,3.4,,8.3,,-0.1,,71,,95,,40,,-1.8,,0.3,,-5.4,,0.3,,11.7,,24.3,,51.4,,1008,,1.2,,0.9,,326,,35,,6.5,,0.4,,0.5,,0.4,
2013-03-29,88,4.9,,11,,0.5,,63,,86,,33,,-2,,0.5,,-5.3,,0,,14.4,,29.7,,65.1,,1013,,1.3,,1.1,,294,,31,,8.6,,0.5,,0.5,,0.4,
2013-03-30,89,4.6,,11.9,,-1.1,,51,,85,,19,,-6.3,,-1.1,,-12.2,,0,,22.1,,44,,92.5,,1013,,1.2,,0.8,,309,,43,,9.1,,0.6,,0.9,,0.5,
2013-03-31,90,5.2,,11.5,,-1.9,,56,,94,,24,,-4.2,,3.1,,-9.1,,5.8,,15.6,,31.2,,59.1,,1010,,2.1,,1.2,,182,,52,,10.8,,1.3,,2.3,,0.8,
2013-04-01,91,3.6,,13.3,,-2.8,,73,,97,,35,,-1.3,,5.5,,-14.1,,4.1,,11.5,,23.6,,36.3,,999,,2.4,,1.9,,274,,38,,13.9,,3.2,,4.4,,2.3,
2013-04-02,92,-2.2,,1.2,,-5.6,,50,,74,,30,,-11.4,,-7.5,,-15.4,,0,,15.1,,30.2,,56.6,,1005,,3.3,,3,,272,,25,,14.1,,2.6,,3.6,,2.1,
2013-04-03,93,-0.9,,4.1,,-5,,45,,77,,25,,-11.8,,-7.1,,-15.4,,0,,23.5,,46.6,,96.6,,1010,,3.5,,3.1,,275,,26,,13.3,,2.5,,3.4,,1.7,
2013-04-04,94,2.5,,10.7,,-5.2,,45,,73,,18,,-9.4,,-3.2,,-14.8,,0,,23.7,,47.1,,96.7,,1016,,2.2,,1.7,,236,,38,,8.3,,3,,4.3,,1.9,
2013-04-05,95,5.3,,13.8,,0.4,,52,,82,,20,,-5.2,,-2.1,,-11.2,,0,,22.9,,45.3,,105.2,,1005,,2.4,,1.5,,268,,48,,10.4,,4.3,,5.9,,3,
2013-04-06,96,0.2,,6.2,,-3.6,,36,,69,,13,,-14,,-4.4,,-20.6,,0,,24.1,,47.9,,99.8,,1016,,2.1,,1.4,,316,,46,,14.6,,4.8,,5.7,,3.7,
2013-04-07,97,5.1,,12.2,,-2,,50,,90,,27,,-5.2,,4.5,,-16.2,,0,,15.7,,32.4,,66,,1014,,3.2,,2.6,,191,,35,,13.8,,4.5,,5.4,,3.6,
2013-04-08,98,9.6,,17.7,,3,,61,,96,,25,,1.2,,4.7,,-3.6,,0,,21,,42.1,,106.4,,1012,,1.6,,0.5,,272,,65,,7.3,,6,,7.6,,4.7,
2013-04-09,99,11.2,,17.1,,6,,67,,95,,43,,5,,10.5,,2.8,,1.3,,18.9,,38.7,,98.1,,1009,,2.1,,0.6,,267,,67,,11,,7.6,,8.9,,6.5,
2013-04-10,100,10.2,,15.1,,6.6,,84,,95,,61,,7.5,,10.1,,3.8,,8.6,,9.4,,20.1,,50.3,,1009,,1.3,,0.5,,70,,64,,6.2,,8.5,,9.3,,7.7,
2013-04-11,101,5.5,,9.1,,1.1,,73,,95,,47,,0.9,,7.7,,-4.9,,0.5,,11,,23.7,,51.9,,1011,,1.4,,1,,354,,41,,7.3,,8.8,,9.2,,8.3,
2013-04-12,102,0.2,,2,,-0.9,,93,,95,,81,,-0.9,,-0.3,,-1.7,,14,,2.4,,5.8,,-5.6,,1009,,2.4,,2,,80,,32,,10.7,,6.8,,8.5,,5.5,
2013-04-13,103,4,,11.4,,-0.5,,79,,96,,40,,0.4,,3.2,,-2.5,,2.5,,13.8,,28.3,,82.9,,1005,,1.2,,0.7,,302,,52,,8.7,,5.9,,7,,5,
2013-04-14,104,3.8,,8.6,,-1.2,,66,,94,,37,,-2.5,,1.8,,-6.3,,0.3,,13.7,,28.1,,58.1,,1012,,1.7,,1.3,,288,,40,,10.7,,6.6,,7.3,,6,
2013-04-15,105,6.2,,14.6,,-1.4,,57,,85,,31,,-2.4,,2.7,,-5.6,,0,,20.3,,41.8,,94.3,,1021,,1.3,,0.7,,201,,55,,6.4,,6.6,,8.1,,5.3,
2013-04-16,106,9.7,,16.4,,3.6,,69,,95,,43,,4.1,,9.6,,-3.8,,0.5,,16.3,,34.4,,79.5,,1019,,3.2,,2.8,,208,,29,,13.1,,7.6,,8.6,,6.5,
2013-04-17,107,10.7,,16.3,,4.9,,50,,95,,21,,-0.5,,9.9,,-7.1,,0,,25.8,,52,,126.1,,1019,,2,,1.2,,325,,51,,9,,9.1,,10.5,,8,
2013-04-18,108,9.9,,15,,4.6,,48,,88,,30,,-1.3,,7.4,,-4.7,,0,,14.6,,30.9,,72.9,,1021,,3,,2,,154,,45,,10.3,,9,,9.6,,8.1,
2013-04-19,109,15.2,,21.2,,8.7,,87,,97,,61,,12.9,,16,,7.2,,6.6,,8.1,,17.8,,45.2,,1006,,3.7,,3.2,,204,,29,,16,,9.7,,10.8,,8.9,
2013-04-20,110,7.1,,14,,0.1,,65,,96,,30,,0.1,,12.7,,-8.9,,12.2,,16.1,,32.4,,70.9,,1008,,2.7,,2.4,,283,,28,,11.7,,10.6,,11.1,,10.1,
2013-04-21,111,3,,10,,-2.6,,46,,71,,19,,-8.4,,-3.3,,-13.6,,0,,26.7,,53.1,,124.6,,1027,,1.7,,0.9,,327,,56,,9.1,,9.4,,10.5,,8.1,
2013-04-22,112,4,,10.3,,-2.1,,55,,83,,22,,-5.2,,-1.3,,-11.2,,0,,25.7,,51,,127.8,,1032,,2.4,,2,,90,,34,,10.5,,8.9,,9.9,,7.9,
2013-04-23,113,2,,3.7,,-0.1,,89,,96,,78,,0.4,,3,,-2.8,,0,,3.6,,8.2,,8.7,,1022,,2.1,,1.8,,60,,32,,8.1,,8,,9.1,,7.5,
2013-04-24,114,11.5,,21.3,,3.2,,68,,96,,29,,4.6,,8.4,,1.6,,0,,23.8,,48.8,,131.9,,1009,,2.3,,1.2,,226,,55,,11,,8.9,,10.9,,7.3,
2013-04-25,115,8.8,,14.3,,3.9,,54,,96,,21,,-1.1,,8.7,,-8.6,,1.8,,26.8,,53.5,,137.2,,1014,,2.2,,1.5,,274,,43,,12.4,,10.7,,12.1,,9.6,
2013-04-26,116,9.4,,16.4,,3.7,,43,,66,,23,,-2.8,,3.9,,-7.3,,0,,20.8,,41.8,,93,,1023,,2.2,,1.6,,98,,43,,9,,10.5,,11.6,,9.3,
2013-04-27,117,10.2,,17.8,,1,,50,,82,,22,,-0.9,,4.5,,-4.6,,0,,22.9,,46.1,,113.9,,1023,,1.2,,0.1,,2,,77,,7.1,,10.6,,11.9,,9.3,
2013-04-28,118,12.1,,20.3,,2.3,,48,,89,,20,,-0.1,,5.7,,-6.4,,0,,26.5,,53.7,,136.6,,1019,,1.6,,1,,213,,47,,8,,11.4,,13,,9.9,
2013-04-29,119,12,,19,,7.7,,47,,79,,23,,0.2,,7,,-9,,0,,16.3,,33.9,,88.7,,1019,,1.7,,1.5,,210,,32,,7.6,,11.9,,12.8,,10.9,
2013-04-30,120,13.9,,21.2,,7.3,,32,,64,,15,,-3.8,,3.9,,-8.2,,0,,26.6,,54.1,,146.2,,1021,,1.3,,0.7,,168,,52,,6.4,,12.5,,14,,11.3,
2013-05-01,121,13.5,,21.9,,3.1,,37,,68,,16,,-2.3,,4.7,,-9.7,,0,,27.8,,55.7,,137.6,,1025,,1.3,,0.7,,119,,54,,6.9,,12.6,,13.9,,11.1,
2013-05-02,122,14.3,,26.1,,6.8,,47,,74,,17,,1.7,,8.7,,-4.8,,0,,21,,43.3,,112.6,,1025,,1.6,,0.9,,81,,55,,11,,12.7,,14,,11.4,
2013-05-03,123,10,,17.2,,2.5,,64,,88,,39,,2.9,,7,,0.1,,0,,27.8,,56.5,,145.2,,1026,,1.7,,1.3,,78,,37,,9.9,,12.5,,13.6,,11.3,
2013-05-04,124,11.3,,19.1,,2.7,,55,,93,,16,,0.9,,8.3,,-11.4,,0,,28.2,,56.8,,145,,1022,,1.8,,1.4,,81,,36,,11,,12.6,,13.8,,11.3,
2013-05-05,125,10,,19.7,,0.2,,55,,92,,19,,-0.4,,4.7,,-6.5,,0,,28.6,,56.8,,139.9,,1020,,1.5,,1.1,,93,,43,,6.7,,12.3,,13.6,,10.9,
2013-05-06,126,11.9,,21.9,,1.3,,62,,96,,18,,2.8,,8.4,,-5.1,,0,,26.6,,52.7,,139.8,,1018,,1.1,,0.6,,216,,52,,5.6,,12.5,,14,,11,
2013-05-07,127,17,,24.8,,7.3,,60,,93,,12,,7.7,,11.7,,-7.7,,0,,25.5,,52.3,,128.7,,1016,,1.4,,1,,178,,43,,7.8,,13.2,,14.7,,11.7,
2013-05-08,128,15.8,,20.9,,11.4,,84,,94,,58,,12.9,,15.2,,9.6,,1.5,,10.9,,23.4,,42.9,,1017,,2,,1.6,,121,,35,,11.2,,13.5,,14,,12.8,
2013-05-09,129,14.3,,18.4,,11,,87,,96,,60,,12.1,,14.2,,9.6,,2.5,,11.9,,24.9,,46,,1010,,1,,0.7,,124,,42,,6,,13.8,,14.6,,13.2,
2013-05-10,130,17.4,,23.9,,10.2,,69,,97,,38,,10.9,,14.9,,7.6,,0,,23.2,,48.2,,130.5,,1010,,1.3,,0.8,,220,,47,,7.7,,14.5,,16,,13.1,
2013-05-11,131,15.4,,17.5,,13.6,,90,,96,,67,,13.6,,15.3,,10.4,,5.6,,3.9,,8.7,,6,,1004,,2.2,,1.9,,199,,31,,11.2,,14.5,,15.3,,14.2,
2013-05-12,132,12.1,,17.7,,4,,71,,96,,34,,6.4,,14,,-3.9,,0.5,,14.7,,30,,64.2,,1002,,1.4,,1,,273,,42,,10.2,,14.4,,15.2,,13.9,
2013-05-13,133,5.9,,10.3,,2.5,,54,,77,,32,,-3,,0.8,,-6.4,,0,,17.6,,35.1,,90.4,,1011,,1.6,,1.3,,271,,36,,9.7,,12.9,,13.9,,12,
2013-05-14,134,6.8,,11.9,,1.7,,55,,77,,30,,-2.3,,1.6,,-6.1,,0,,18.2,,36.4,,88.6,,1013,,1.2,,0.7,,319,,49,,7.3,,12.2,,13,,11.4,
2013-05-15,135,9.3,,15.6,,1.1,,71,,94,,32,,3.5,,9.8,,-4.3,,2,,15.6,,32,,60,,1007,,1.9,,1.3,,193,,46,,11,,11.7,,12.3,,10.7,
2013-05-16,136,17.3,,24.8,,7.6,,44,,93,,18,,2.7,,9.8,,-3.4,,0,,28.7,,58,,155.6,,1003,,1.8,,1.4,,277,,39,,14.4,,12.6,,14.4,,10.9,
2013-05-17,137,12.4,,19,,6.5,,53,,83,,25,,2.4,,6.9,,-2.1,,0,,28.8,,58.2,,157.1,,1013,,1.5,,0.9,,343,,50,,9.4,,13.3,,14.8,,11.9,
2013-05-18,138,13.7,,20.7,,5.4,,54,,81,,23,,3.6,,7.7,,-3.3,,0,,20.5,,41.2,,100.8,,1021,,1.2,,0.5,,223,,60,,7,,13.4,,14.6,,12.2,
2013-05-19,139,12.6,,17.9,,8.3,,83,,96,,57,,9.6,,12,,6.6,,3.8,,16.5,,34,,87.2,,1021,,1.6,,1.2,,198,,38,,7.3,,13.5,,14.5,,12.4,
2013-05-20,140,17.7,,25.5,,11.6,,82,,97,,52,,14.2,,18,,10.9,,0.5,,20.5,,42.1,,123.2,,1013,,1.2,,0.5,,261,,61,,6.9,,14.7,,16.7,,13.3,
2013-05-21,141,18.4,,29.7,,9,,79,,95,,41,,14.2,,20.6,,8.1,,10.7,,21.5,,45.1,,137.9,,1009,,2,,1.1,,103,,54,,10.9,,16.3,,17.9,,14.8,
2013-05-22,142,15.1,,23.6,,9,,92,,96,,73,,13.7,,20,,8.2,,21.3,,11.4,,23.4,,66.6,,1008,,1.7,,0.8,,131,,57,,7.7,,15.7,,16.9,,14.4,
2013-05-23,143,17.7,,21.5,,13.6,,95,,97,,85,,16.9,,19.5,,13,,34.3,,5.5,,11.9,,24.7,,1008,,2.2,,1.8,,186,,35,,9.7,,16.5,,17.2,,15.9,
2013-05-24,144,13.1,,18.2,,5.8,,90,,96,,73,,11.5,,16.8,,4.5,,10.9,,8.2,,17.1,,41.6,,1004,,1.8,,0.8,,289,,58,,9.2,,16.6,,17,,16,
2013-05-25,145,4.7,,6.8,,1.1,,94,,96,,92,,3.8,,5.9,,0.3,,16.5,,5.8,,11.6,,14.8,,1005,,2,,1.5,,320,,39,,10.9,,14.6,,16,,13.4,
2013-05-26,146,6.3,,10.6,,1.3,,78,,96,,54,,2.4,,4.6,,0.6,,0,,12.4,,24.6,,50.3,,1009,,1.7,,1.2,,298,,41,,10.6,,13.1,,13.6,,12.5,
2013-05-27,147,11.6,,20.3,,2.7,,60,,96,,23,,2.5,,8.5,,-3.5,,0,,30.1,,60.3,,174,,1016,,1.2,,0.7,,293,,53,,8.5,,13.4,,15.3,,11.7,
2013-05-28,148,15,,22.2,,6.5,,56,,88,,22,,4.9,,11.7,,-1.3,,0,,24.7,,48.7,,136.2,,1018,,1.4,,0.7,,173,,56,,6.4,,14.5,,15.9,,13.1,
2013-05-29,149,16.1,,22.8,,12.4,,91,,96,,71,,14.5,,18.6,,11.4,,31.5,,9.8,,20.7,,53.5,,1015,,1.2,,0.7,,170,,51,,10.5,,15.4,,16.7,,14.7,
2013-05-30,150,21.6,,29.1,,14.9,,76,,97,,42,,16.7,,20,,14.3,,0,,25.3,,52.5,,162,,1016,,1.1,,0.7,,269,,47,,8.1,,17.2,,19,,15.6,
2013-05-31,151,24.8,,31.5,,16.9,,65,,94,,31,,17,,21,,12.2,,0,,26.6,,55.7,,172,,1015,,1.1,,0.5,,215,,55,,6.6,,18.8,,20.6,,17.2,
2013-06-01,152,24.5,,30.8,,17.8,,66,,87,,40,,17.3,,20.8,,15.2,,0,,28.4,,59.1,,182,,1010,,1.5,,1.2,,204,,37,,10,,20,,21.6,,18.4,
2013-06-02,153,22.6,,29,,18.4,,78,,94,,48,,18.2,,21,,15.7,,1.5,,24.9,,52.8,,158.1,,1007,,2,,1.6,,200,,35,,10.7,,20.8,,22.2,,19.5,
2013-06-03,154,18.1,,24.3,,9.9,,78,,96,,50,,13.8,,18,,3.9,,6.3,,17.9,,37.4,,101,,1007,,1,,0.6,,251,,47,,7.4,,20.5,,21.5,,19.7,
2013-06-04,155,13.6,,20.5,,7.2,,57,,79,,34,,4.9,,9.8,,2.1,,0,,27.6,,56.4,,154.7,,1012,,1.2,,0.7,,307,,53,,9,,19.1,,20.1,,17.9,
2013-06-05,156,15.1,,22.3,,7.7,,61,,88,,30,,6.9,,11.4,,1.1,,0,,25.8,,52.8,,148.6,,1017,,1,,0.2,,259,,72,,5.5,,18.5,,19.7,,17.1,
2013-06-06,157,15.3,,20.1,,9.7,,66,,93,,38,,8.6,,11.5,,4.9,,3,,17.5,,35.2,,90.5,,1017,,1.2,,0.9,,156,,43,,7.6,,18.2,,18.9,,17.4,
2013-06-07,158,10.8,,11.9,,9.2,,94,,95,,88,,9.8,,11.1,,8.4,,40.6,,3.7,,8.9,,5.4,,1011,,2.4,,2.1,,81,,28,,12.4,,17,,18.1,,15.8,
2013-06-08,159,15,,22.3,,9.3,,84,,96,,57,,12.2,,16.3,,8.5,,19.8,,18.4,,38.1,,110.2,,1007,,1.3,,0.6,,303,,56,,8.5,,16.2,,17.8,,14.9,
2013-06-09,160,17.3,,24,,10.4,,72,,96,,39,,11.6,,15.3,,8.7,,0.3,,26.5,,53.9,,165.6,,1016,,1,,0.5,,297,,58,,7.6,,17.6,,19.1,,16.1,
2013-06-10,161,15.6,,20.1,,12.7,,84,,95,,55,,12.7,,15.5,,10.3,,26.9,,10,,20.2,,34.2,,1016,,1.5,,1.3,,97,,34,,8.7,,17.7,,18.4,,17.2,
2013-06-11,162,13.3,,16.9,,11.5,,93,,96,,82,,12.2,,14.3,,10.6,,18.8,,7.9,,16,,28.5,,1003,,1.7,,1.2,,84,,44,,10.4,,16.9,,17.4,,16.5,
2013-06-12,163,14.6,,19.1,,10.7,,78,,96,,52,,10.5,,13.1,,8.3,,0,,15.2,,30.6,,79.3,,1003,,1.4,,0.9,,308,,49,,9.8,,17.1,,17.8,,16.5,
2013-06-13,164,11.3,,14.8,,8.4,,92,,95,,80,,10.1,,13.3,,7.3,,31.5,,4.7,,10.2,,4,,1004,,1.2,,0.9,,86,,39,,8.3,,16.4,,17.3,,15.7,
2013-06-14,165,14.2,,23.1,,8.4,,78,,95,,33,,9.8,,14.6,,5.8,,13.5,,19.6,,39.4,,113.8,,1004,,0.9,,0.4,,7,,58,,6.7,,15.9,,17.4,,14.8,
2013-06-15,166,17,,23.1,,11,,57,,88,,24,,7.6,,12.2,,0.9,,0,,30.1,,61.3,,180.5,,1009,,1.1,,0.5,,306,,55,,7.1,,17.3,,18.9,,15.7,
2013-06-16,167,17.2,,22,,10.9,,66,,85,,43,,10.6,,14.2,,5.5,,0,,15.8,,32.2,,87.7,,1007,,1.3,,0.7,,215,,53,,8,,17.6,,18.3,,16.7,
2013-06-17,168,18.1,,26.8,,13,,80,,96,,38,,14.2,,18.3,,11,,11.7,,20.9,,43.1,,119.3,,1008,,1,,0.5,,241,,57,,8.7,,18.1,,19.5,,16.9,
2013-06-18,169,15.1,,20.7,,12.1,,91,,97,,78,,13.7,,18,,10.7,,6.3,,10.7,,22.3,,46.5,,1009,,0.8,,0.4,,50,,57,,6.2,,18.1,,18.6,,17.5,
2013-06-19,170,15.4,,21.7,,9.4,,64,,95,,23,,7.7,,12.6,,-1.5,,0,,29.9,,60.4,,179.9,,1013,,1,,0.6,,332,,47,,5.8,,18.3,,19.8,,16.9,
2013-06-20,171,17.1,,23.9,,8.7,,61,,87,,29,,8.7,,13.2,,4.6,,0,,30,,61.2,,181.3,,1019,,1.2,,0.5,,200,,60,,6.9,,18.6,,20.1,,17.2,
2013-06-21,172,19.8,,27,,12.7,,66,,88,,32,,12.8,,16.9,,8.2,,0,,27.8,,57.6,,174.2,,1019,,1.1,,0.5,,231,,57,,6.4,,19.4,,20.8,,18,
2013-06-22,173,21,,27.5,,15.1,,66,,84,,39,,14.1,,18.6,,11.7,,0,,26.4,,53.7,,169.9,,1018,,1.4,,1.1,,208,,36,,6.9,,20.1,,21.5,,18.8,
2013-06-23,174,23.2,,29.4,,16.7,,70,,89,,50,,17.2,,22.1,,12.1,,0,,26,,54.5,,174.2,,1016,,1.6,,1.3,,206,,35,,8.5,,21.1,,22.6,,19.7,
2013-06-24,175,23.4,,31.4,,18.2,,79,,96,,42,,19.2,,23.6,,16.4,,8.9,,24.3,,50.9,,169.7,,1012,,1,,0.7,,255,,46,,14.6,,22.1,,23.6,,20.8,
2013-06-25,176,23,,29.8,,16.9,,78,,96,,51,,18.7,,22.1,,16.2,,0,,24.9,,51.9,,162.6,,1009,,1,,0.7,,233,,41,,11.1,,22.5,,23.9,,21.2,
2013-06-26,177,21.8,,25.9,,18.3,,81,,95,,59,,18.4,,20.3,,17,,0,,17.1,,35.9,,103.3,,1007,,1,,0.4,,287,,62,,8.1,,22.5,,23,,21.7,
2013-06-27,178,20,,24.6,,16.7,,90,,96,,70,,18.2,,20.9,,16,,0.8,,12.3,,25.5,,84.2,,1006,,1.7,,1.3,,107,,36,,7.9,,21.9,,22.4,,21.4,
2013-06-28,179,19.5,,25.5,,14.7,,90,,96,,69,,17.8,,21.2,,14.1,,54.4,,13.9,,29.6,,77.4,,998,,2.4,,1.5,,141,,49,,10.7,,21.1,,22.6,,20.3,
2013-06-29,180,22,,26.8,,19.4,,82,,95,,53,,18.7,,20.2,,16.3,,0,,20.2,,42.3,,130.4,,999,,2,,1.7,,189,,31,,9.4,,21.6,,22.8,,20.8,
2013-06-30,181,22.9,,28.3,,19.5,,81,,94,,55,,19.2,,21,,17.4,,0,,20.4,,42.4,,142.2,,1007,,1.6,,1.3,,200,,33,,9,,22.5,,23.7,,21.5,
2013-07-01,182,21.4,,22.8,,20.1,,93,,95,,86,,20.2,,21.3,,19.2,,15.2,,5,,10.9,,9.4,,1013,,1.1,,0.8,,193,,39,,6.8,,22.4,,23,,22.2,
2013-07-02,183,22.8,,27.2,,20.5,,87,,96,,66,,20.4,,22.2,,19.6,,0.3,,11.3,,24.4,,67.7,,1016,,1.8,,1.5,,196,,32,,8.8,,22.3,,23,,21.8,
2013-07-03,184,24,,28.9,,21,,82,,93,,56,,20.6,,22.5,,19.1,,0,,16.2,,34.6,,119.2,,1018,,1.5,,1.2,,214,,37,,6.8,,22.9,,23.8,,22.1,
2013-07-04,185,25.6,,30.5,,21.4,,78,,95,,54,,21.1,,23.3,,19.7,,0,,26.3,,56.7,,189.3,,1018,,1.4,,1.1,,218,,36,,7.8,,23.9,,25.2,,22.7,
2013-07-05,186,26.1,,31.1,,21.3,,76,,95,,51,,21.3,,23.8,,19.5,,0,,26,,55.9,,181.2,,1017,,1.2,,1,,229,,38,,7.3,,24.5,,25.7,,23.3,
2013-07-06,187,25.3,,29.7,,21.2,,73,,93,,48,,19.7,,22.6,,16.8,,0,,23.8,,51,,159.4,,1016,,1,,0.7,,276,,42,,8.8,,24.6,,25.6,,23.7,
2013-07-07,188,23.5,,30.4,,19.8,,79,,93,,55,,19.5,,23.6,,16.4,,0,,15.8,,33.5,,95.2,,1012,,0.7,,0.2,,212,,62,,5.1,,24.1,,24.9,,23.3,
2013-07-08,189,24,,29.2,,19.4,,79,,95,,52,,19.9,,22.1,,17.2,,0,,21.3,,45,,150.7,,1013,,1.1,,0.2,,249,,69,,6.1,,24.3,,25.3,,23.3,
2013-07-09,190,20.9,,24.7,,18.2,,88,,96,,73,,18.9,,21,,17.5,,6.1,,15.2,,32.2,,94.4,,1016,,1.4,,1.1,,113,,39,,6.1,,23.8,,24.4,,23.2,
2013-07-10,191,21.9,,27.8,,18.4,,91,,96,,66,,20.3,,23.5,,17.7,,4.3,,10.5,,22.2,,63,,1010,,1.7,,1.1,,163,,48,,8.3,,23.5,,24,,22.9,
2013-07-11,192,22.5,,27,,18.2,,84,,96,,55,,19.4,,21.7,,14.8,,0,,14.7,,30.5,,86.9,,1008,,0.8,,0.5,,257,,51,,4.4,,23.6,,24.4,,23.1,
2013-07-12,193,20.5,,25.1,,17.5,,64,,83,,49,,13.4,,17.5,,10.9,,0,,24.6,,51.7,,168.3,,1015,,1.7,,1.4,,74,,35,,8.4,,23.4,,24.4,,22.4,
2013-07-13,194,20.5,,24.8,,17.2,,82,,95,,69,,17.3,,21.1,,11.7,,0.3,,12.9,,27.8,,80,,1022,,1.4,,1,,107,,41,,7,,22.9,,23.5,,22.3,
2013-07-14,195,24.6,,30.3,,20.6,,78,,95,,45,,20.3,,23.3,,16.7,,0,,21.1,,44.9,,145.9,,1023,,0.7,,0.3,,306,,55,,5.1,,23.6,,24.9,,22.5,
2013-07-15,196,25.5,,31.7,,20.4,,73,,95,,42,,19.8,,23,,16.7,,0,,26.5,,56.1,,178.8,,1019,,0.8,,0.4,,339,,55,,5,,24.3,,25.8,,23,
2013-07-16,197,25.3,,31.7,,19.8,,67,,84,,40,,18.2,,21.4,,15.5,,0,,26,,54.9,,174.8,,1018,,0.9,,0.5,,351,,50,,7.2,,24.6,,25.9,,23.2,
2013-07-17,198,26.2,,32,,19.7,,69,,89,,42,,19.7,,23.2,,16.8,,0,,26.3,,55.7,,180.9,,1018,,0.8,,0.4,,251,,53,,5.3,,24.8,,26.2,,23.4,
2013-07-18,199,26.5,,32.1,,21.5,,74,,94,,44,,21,,23.4,,17.7,,0,,23.1,,49.4,,156.5,,1013,,0.7,,0.3,,282,,59,,5.1,,25,,26.2,,23.8,
2013-07-19,200,27.7,,32.9,,22,,69,,92,,45,,21.2,,23.8,,17.3,,0,,25.8,,54.8,,181.4,,1008,,1.4,,1,,240,,41,,10.1,,25.2,,26.5,,23.9,
2013-07-20,201,24.4,,29.8,,17.8,,73,,90,,50,,19.1,,23.5,,14.5,,0,,18,,38,,111.8,,1005,,1,,0.5,,253,,52,,7.2,,24.9,,25.8,,24,
2013-07-21,202,22.1,,28.5,,16.4,,70,,90,,38,,15.9,,18.9,,12.7,,0,,22.2,,46.1,,136.7,,1011,,0.8,,0.3,,354,,64,,4.7,,24,,24.9,,22.9,
2013-07-22,203,21.8,,27.9,,17.6,,80,,95,,56,,18,,20.1,,16,,0,,17.1,,36.4,,107.5,,1011,,1.4,,0.9,,101,,46,,6.2,,23.6,,24.4,,22.7,
2013-07-23,204,21.2,,25.3,,18.5,,91,,96,,70,,19.7,,23,,17.7,,22.4,,11.3,,24.3,,57.5,,1002,,1.1,,0.6,,110,,54,,6.5,,23.5,,24.4,,22.6,
2013-07-24,205,21.1,,25.2,,13,,74,,96,,45,,16,,20.7,,7.3,,0,,24.3,,50.3,,166.1,,1004,,1.1,,0.7,,283,,46,,7.6,,24.1,,25.4,,22.9,
2013-07-25,206,14.6,,19,,10.9,,76,,91,,59,,10.5,,13.5,,6.3,,0.3,,11.1,,23.2,,65.8,,1015,,1.2,,0.9,,67,,43,,6.7,,22.7,,24.1,,22,
2013-07-26,207,16.5,,19.8,,13.9,,87,,95,,72,,14.4,,16,,12.6,,4.8,,8.8,,18.5,,35.9,,1013,,0.9,,0.5,,344,,52,,6.2,,21.6,,22.1,,21.1,
2013-07-27,208,19.6,,26.2,,12.9,,77,,97,,44,,14.9,,18.4,,11.7,,0,,24.8,,51.4,,153.2,,1014,,1.1,,0.6,,188,,55,,6,,21.8,,23.5,,20.3,
2013-07-28,209,20.4,,26.1,,14.4,,81,,96,,48,,16.7,,20,,12.7,,0.3,,18.7,,39.7,,115.9,,1013,,0.9,,0.3,,156,,64,,4.7,,22.3,,23.5,,21.1,
2013-07-29,210,22,,27.9,,16.3,,73,,94,,42,,16.5,,19.7,,12.8,,0,,24.9,,52.3,,166,,1013,,1.2,,0.7,,203,,50,,7,,23.1,,24.5,,22,
2013-07-30,211,19.2,,25,,13.6,,67,,86,,39,,12.6,,16.4,,9.4,,0,,26.1,,54.4,,160.9,,1016,,1,,0.6,,294,,48,,6.5,,22.6,,23.7,,21.4,
2013-07-31,212,19.2,,25.8,,13.6,,71,,91,,41,,13.5,,16.8,,10.1,,0,,21.6,,45.1,,122.9,,1016,,0.8,,0.2,,316,,69,,5.4,,22.1,,23.1,,21,
2013-08-01,213,18.4,,24.6,,14.5,,86,,96,,55,,15.8,,18.6,,13.5,,20.6,,13.2,,28.2,,61,,1010,,1.5,,1.1,,173,,43,,7,,21.7,,22.2,,20.8,
2013-08-02,214,19.7,,25.8,,14.5,,78,,96,,39,,15.2,,18.5,,10,,9.9,,23.1,,48.1,,152.9,,1008,,1.1,,0.6,,259,,54,,8.8,,21.7,,23.3,,20.5,
2013-08-03,215,18.3,,24.5,,12.9,,76,,97,,42,,13.6,,17.8,,9.2,,0,,18,,36.8,,97.1,,1008,,1.1,,0.5,,253,,57,,6.9,,21.9,,22.8,,21,
2013-08-04,216,16.6,,23.3,,11.7,,76,,95,,42,,12,,16.4,,9.3,,4.1,,21.9,,45.4,,120.2,,1008,,0.9,,0.4,,305,,57,,11,,21.3,,22.2,,20.2,
2013-08-05,217,15.1,,21.9,,9.6,,64,,96,,29,,7.3,,11.2,,1.8,,0,,27.3,,55.8,,157.4,,1012,,1.2,,0.7,,332,,52,,10.2,,20.8,,22,,19.5,
2013-08-06,218,17.2,,23.9,,9.6,,64,,86,,35,,9.6,,14.4,,5.9,,0,,25.7,,53.2,,151.8,,1016,,1,,0.3,,172,,66,,4.7,,20.6,,22,,19.3,
2013-08-07,219,18.8,,24.6,,13.3,,72,,95,,38,,13.1,,15.2,,8.2,,0,,23.7,,49.6,,152.4,,1017,,1.4,,1.1,,178,,40,,6.9,,21.1,,22.4,,19.8,
2013-08-08,220,20.9,,25.4,,17,,87,,96,,68,,18.5,,20.9,,14.8,,2,,11.1,,23.2,,64.5,,1015,,1.8,,1.5,,190,,32,,7.6,,21.6,,22.4,,20.8,
2013-08-09,221,21.2,,22.7,,19.6,,94,,96,,91,,20.2,,21.9,,19,,58.9,,2.9,,6.9,,-0.1,,1009,,1.6,,1.2,,191,,40,,9,,21.6,,22,,21.4,
2013-08-10,222,19.4,,25.1,,13.7,,72,,96,,40,,13.6,,19.2,,9,,0.3,,24.6,,51,,140.9,,1010,,1.1,,0.7,,272,,48,,7.7,,21.7,,22.9,,20.6,
2013-08-11,223,17.2,,24.2,,10.8,,69,,91,,37,,10.9,,15.6,,8.3,,0,,24.2,,50.1,,140.9,,1015,,0.9,,0.3,,314,,64,,5.8,,21.2,,22.2,,20.2,
2013-08-12,224,19,,25.1,,13.3,,74,,96,,42,,13.8,,17.2,,9.7,,0,,22.4,,46.8,,137,,1011,,0.8,,0.2,,293,,69,,5.5,,21.3,,22.3,,20.2,
2013-08-13,225,18.7,,21.9,,16.6,,89,,96,,76,,16.9,,19,,14.1,,8.9,,6.2,,13.1,,12.9,,1005,,1.1,,0.9,,174,,36,,5.9,,21.1,,21.6,,20.8,
2013-08-14,226,15.3,,20.9,,9.9,,75,,96,,51,,10.6,,16.4,,8,,0,,23.1,,47.1,,127.1,,1005,,1.4,,0.9,,280,,45,,10.6,,20.8,,21.6,,19.9,
2013-08-15,227,15.1,,22.1,,8.8,,73,,96,,40,,9.9,,13.3,,7.3,,0,,23.9,,48,,137.7,,1014,,1,,0.4,,294,,61,,7.1,,20.3,,21.3,,19.1,
2013-08-16,228,16.9,,24,,10.6,,69,,94,,35,,10.5,,14.2,,6.8,,0,,24,,48.1,,138.7,,1016,,1,,0.3,,321,,67,,7,,20.3,,21.4,,19.2,
2013-08-17,229,18.3,,25.7,,11.7,,73,,95,,34,,12.8,,16.9,,7.9,,0,,21.6,,43.5,,120.3,,1021,,0.7,,0.2,,8,,63,,3.4,,20.3,,21.4,,19.2,
2013-08-18,230,18.5,,24.2,,13.7,,80,,95,,47,,14.7,,17.4,,11.2,,0,,14.5,,29.1,,71.4,,1019,,0.6,,0,,67,,73,,3.6,,20.5,,21.2,,19.7,
2013-08-19,231,18.9,,24.6,,13.8,,79,,96,,51,,14.9,,17.1,,13,,0.3,,18.8,,37.3,,103.2,,1014,,0.8,,0.4,,284,,54,,4.7,,20.5,,21.5,,19.5,
2013-08-20,232,20.3,,27.4,,14.7,,73,,95,,43,,14.8,,18,,12.2,,0,,23,,46,,132.1,,1015,,0.8,,0.3,,325,,61,,5.2,,20.8,,22.1,,19.7,
2013-08-21,233,21.4,,28.3,,15.5,,73,,94,,40,,16,,19.5,,12.7,,0,,23.3,,47.3,,139.3,,1016,,0.8,,0.2,,294,,67,,5.5,,21.2,,22.5,,20,
2013-08-22,234,21.8,,27.5,,16,,81,,95,,54,,18.2,,21.6,,15.1,,0,,20.9,,43.2,,124.1,,1010,,1.2,,0.7,,210,,47,,7.8,,21.6,,22.7,,20.5,
2013-08-23,235,19.2,,24.4,,13.5,,68,,94,,37,,12.6,,19,,7.9,,0,,23.3,,47.7,,125.7,,1012,,1.2,,0.7,,337,,49,,11,,21.7,,22.6,,20.8,
2013-08-24,236,16.8,,25.2,,10.2,,63,,87,,26,,8.7,,12.5,,2.7,,0,,24.5,,49.5,,129.1,,1021,,0.9,,0.5,,45,,49,,5.6,,20.7,,21.6,,19.6,
2013-08-25,237,18.5,,25.2,,11.1,,67,,96,,31,,11.5,,14.4,,5.6,,0,,24,,48.5,,133.5,,1021,,0.9,,0.3,,231,,61,,6.2,,20.3,,21.4,,19.1,
2013-08-26,238,19.5,,24.5,,15.3,,81,,96,,63,,16.2,,18.7,,12.2,,3.6,,12.7,,26.4,,75.6,,1013,,1,,0.7,,245,,40,,7,,20.6,,21.4,,19.8,
2013-08-27,239,22,,28.4,,18.5,,83,,96,,52,,18.6,,20.9,,16.6,,5.3,,16.4,,34.7,,101.6,,1008,,0.8,,0.4,,48,,52,,4.4,,21.3,,22.4,,20.5,
2013-08-28,240,21.3,,27.8,,17.4,,86,,96,,54,,18.6,,22.3,,15.8,,1.5,,14.4,,30.7,,78.4,,1008,,0.9,,0.5,,92,,52,,8.4,,21.8,,22.8,,20.9,
2013-08-29,241,16.8,,19.6,,14.4,,92,,96,,84,,15.5,,17.5,,13.5,,17.5,,5.9,,12.5,,28.1,,1014,,1.3,,1,,76,,36,,7.6,,21.1,,22,,20.7,
2013-08-30,242,19.9,,26.5,,14.5,,84,,96,,57,,17,,20.2,,13.8,,0,,15.6,,33,,103.5,,1010,,0.9,,0.7,,226,,39,,5.2,,21,,22.1,,20.2,
2013-08-31,243,21.7,,24.7,,19.3,,91,,96,,79,,20.2,,21.5,,18.2,,4.1,,6.9,,14.7,,34.2,,1007,,1.3,,1,,201,,36,,7.3,,21.4,,22,,21,
2013-09-01,244,21.5,,25.7,,18.4,,91,,96,,73,,20,,22,,17.7,,29.7,,10.1,,22.1,,63.2,,1008,,1,,0.7,,181,,43,,11.5,,21.7,,22.3,,21,
2013-09-02,245,21.9,,25,,20.6,,91,,96,,79,,20.5,,22.4,,19.4,,1.8,,8.1,,17.3,,34.7,,1005,,1.2,,1,,183,,33,,5.1,,22,,22.5,,21.6,
2013-09-03,246,19,,22.8,,13.2,,85,,96,,68,,16.4,,20.3,,11.8,,0.3,,10.1,,21.4,,41.7,,1005,,0.8,,0.5,,257,,42,,4,,21.9,,22.2,,21.4,
2013-09-04,247,17.4,,24.1,,12.3,,74,,96,,38,,12.1,,14.8,,8.6,,0,,21.9,,45.8,,122.1,,1008,,1,,0.4,,270,,58,,7.8,,21,,21.8,,20.2,
2013-09-05,248,14.8,,19.9,,9.2,,71,,93,,30,,9,,14.7,,0.7,,0,,14.9,,30.9,,71.4,,1012,,0.9,,0.4,,342,,56,,6.4,,20.5,,21,,19.9,
2013-09-06,249,11.8,,18.6,,6.4,,65,,88,,31,,4.6,,8.9,,-0.9,,0,,21.8,,44.6,,108.3,,1017,,0.8,,0.3,,317,,61,,5.8,,19.2,,19.9,,18.3,
2013-09-07,250,15.5,,22.6,,8.7,,73,,91,,42,,10.2,,14.6,,6.9,,0.3,,18.6,,39.3,,105.4,,1011,,0.8,,0.6,,235,,41,,5.4,,18.8,,19.8,,17.8,
2013-09-08,251,14.4,,19.7,,6.8,,73,,96,,34,,9,,16.2,,0.7,,0.3,,15.5,,31.9,,77,,1008,,1.1,,0.6,,311,,53,,9.1,,19.3,,20,,18.8,
2013-09-09,252,11.9,,18.3,,4,,70,,92,,42,,6.2,,10.5,,2.5,,0,,18.2,,37.1,,82.9,,1017,,1.2,,0.6,,203,,54,,6,,18.1,,18.8,,17.2,
2013-09-10,253,18.1,,22.1,,12.8,,92,,96,,83,,16.8,,20.2,,10.2,,5.8,,4,,8.6,,20.8,,1015,,1.7,,1.4,,210,,34,,9.7,,18.1,,18.9,,17.7,
2013-09-11,254,24.6,,31.3,,19.2,,83,,96,,56,,21.2,,24.2,,18.3,,4.3,,18.4,,39.3,,120.3,,1014,,1.2,,0.9,,217,,42,,11.8,,20,,21.4,,18.8,
2013-09-12,255,21.2,,27.5,,17.3,,90,,96,,69,,19.3,,22.6,,16.6,,25.4,,8.1,,17.2,,36.8,,1006,,1.2,,0.8,,198,,43,,11.4,,20.9,,22.1,,20.3,
2013-09-13,256,16.9,,22,,11.6,,89,,97,,70,,14.9,,18.3,,9.3,,1.3,,9.9,,20.8,,50.8,,1001,,1,,0.7,,302,,43,,7.3,,20.7,,21.1,,20.4,
2013-09-14,257,12.1,,16.9,,8.4,,82,,96,,57,,8.9,,11.4,,7.4,,0,,13.9,,28.7,,75.2,,1010,,1,,0.8,,311,,39,,7.4,,19.9,,20.5,,19.3,
2013-09-15,258,12.2,,19.1,,5.5,,79,,96,,43,,8.2,,11.3,,4.3,,0,,18.5,,38.1,,92.4,,1015,,0.7,,0.3,,254,,54,,4.8,,18.6,,19.4,,17.8,
2013-09-16,259,11.7,,18.4,,4.2,,79,,94,,55,,8.1,,12.8,,0.2,,1,,9.9,,20.6,,31.5,,1013,,0.9,,0.5,,321,,48,,7.4,,18.3,,18.8,,17.9,
2013-09-17,260,8.6,,16.5,,2.1,,69,,90,,33,,2.5,,7.1,,-0.6,,0,,20.1,,41,,91.2,,1023,,1,,0.6,,20,,49,,5.9,,17.2,,18,,16.4,
2013-09-18,261,12,,21.1,,4.9,,75,,97,,35,,7,,11.5,,3,,0,,19.9,,41.4,,98.7,,1019,,0.8,,0.2,,288,,65,,4.9,,16.7,,17.6,,15.8,
2013-09-19,262,14.8,,23.4,,7.4,,76,,96,,34,,10,,14,,5.9,,0.3,,19.8,,41,,96.3,,1015,,0.8,,0.2,,319,,65,,5.6,,16.9,,17.9,,15.9,
2013-09-20,263,16.4,,24.5,,9.6,,77,,97,,31,,11.8,,16.1,,5.6,,0.3,,19.1,,39.7,,88.6,,1013,,0.9,,0.4,,177,,62,,5,,17.3,,18.3,,16.3,
2013-09-21,264,16.8,,21.4,,12.4,,84,,96,,63,,14,,16.6,,11.3,,0,,10.6,,22.5,,50.2,,1007,,2.5,,2.2,,182,,29,,9,,17.6,,18.1,,17,
2013-09-22,265,13.9,,19.4,,8,,78,,96,,55,,9.9,,17.4,,4.1,,19,,13.5,,25.7,,68.4,,1003,,1.5,,0.9,,260,,52,,10.3,,18,,18.5,,17.6,
2013-09-23,266,8.7,,14.7,,3.6,,72,,94,,47,,3.7,,6.9,,1.8,,0,,18.9,,35.2,,82.6,,1008,,1.2,,0.8,,311,,47,,8.7,,17,,17.7,,16.3,
2013-09-24,267,9.4,,17.8,,2.1,,71,,96,,34,,3.7,,6.9,,0.5,,0,,19.1,,35.3,,87.8,,1008,,1.1,,0.6,,307,,55,,8.4,,16,,16.7,,15.2,
2013-09-25,268,12.4,,19.9,,5.4,,73,,94,,47,,7.5,,11.6,,4.2,,0,,18.3,,35,,97.8,,1008,,1.1,,0.5,,14,,59,,8.6,,15.8,,16.7,,14.9,
2013-09-26,269,12.4,,17.5,,9.3,,75,,90,,50,,7.8,,9.6,,5.1,,0,,14,,25.7,,76.7,,1013,,0.8,,0.4,,339,,51,,4.7,,16.5,,17.1,,15.9,
2013-09-27,270,12.4,,16.6,,9.2,,83,,94,,66,,9.4,,11.4,,8.2,,0,,6.6,,12.2,,26,,1018,,0.7,,0.4,,352,,50,,4.6,,16.4,,16.8,,16.1,
2013-09-28,271,13.7,,22.1,,7.2,,79,,97,,41,,9.7,,13.8,,6.6,,0,,15.9,,29.6,,72.1,,1021,,0.9,,0.6,,79,,41,,6.4,,16,,16.8,,15,
2013-09-29,272,12.8,,19.6,,6.8,,73,,95,,38,,7.6,,12,,4.1,,0.3,,17.7,,32.8,,74.1,,1017,,1.2,,0.9,,84,,39,,5.2,,16,,16.7,,15.3,
2013-09-30,273,12.6,,21.2,,6.7,,76,,95,,32,,7.9,,11.3,,3.5,,0,,17.4,,32.4,,74.1,,1012,,0.9,,0.5,,31,,53,,4.9,,15.7,,16.5,,14.9,
2013-10-01,274,15.5,,23.7,,9,,77,,95,,45,,10.9,,14.5,,8.2,,0,,17.1,,32.2,,77.3,,1009,,0.8,,0.5,,339,,51,,6.5,,15.8,,16.7,,14.9,
2013-10-02,275,16.8,,23.6,,11.1,,77,,96,,54,,12.6,,15.7,,10.3,,0.3,,15.2,,28.9,,66.7,,1008,,1.1,,0.7,,268,,47,,7.8,,16.1,,16.9,,15.3,
2013-10-03,276,14.8,,22.3,,9,,73,,94,,35,,9.5,,13.1,,4.8,,0,,13.7,,25.6,,51.9,,1014,,0.8,,0.1,,20,,73,,5.3,,16,,16.6,,15.3,
2013-10-04,277,13.4,,16.3,,10.9,,87,,95,,73,,11.3,,14,,7,,6.9,,5.3,,11.3,,23,,1014,,0.7,,0.4,,44,,47,,5,,15.9,,16.3,,15.5,
2013-10-05,278,15.3,,18.8,,13,,87,,96,,69,,13,,14.4,,11.4,,0.8,,6.7,,14.4,,44.5,,1014,,0.8,,0.4,,66,,56,,3.7,,16.5,,17,,16,
2013-10-06,279,11.5,,14.2,,9.5,,95,,97,,94,,10.7,,13.4,,8.6,,13.7,,2.1,,4.9,,4.5,,1016,,2,,1.7,,93,,29,,8.6,,16.3,,16.9,,15.9,
2013-10-07,280,16,,22.2,,10.2,,92,,97,,75,,14.6,,18.9,,9.2,,23.1,,6,,13.2,,27.2,,1009,,2.5,,1.8,,167,,44,,15.1,,16.2,,17.1,,15.7,
2013-10-08,281,10.3,,16.6,,5.4,,73,,96,,32,,4.9,,9.4,,-0.8,,0,,16.2,,32.5,,51.7,,1018,,1.2,,0.5,,341,,60,,7.6,,16,,16.9,,15.5,
2013-10-09,282,9,,15.8,,3.7,,73,,95,,38,,3.8,,6.9,,0.6,,0,,15.4,,31.1,,58.3,,1024,,1.2,,0.9,,68,,34,,6.8,,14.9,,15.6,,14.3,
2013-10-10,283,8.9,,14.1,,3,,80,,95,,55,,5.5,,7.9,,1.2,,0,,6.6,,13.4,,11.4,,1019,,0.9,,0.7,,61,,35,,4.6,,14.2,,14.7,,13.7,
2013-10-11,284,13.4,,21.5,,7.4,,66,,95,,14,,5.8,,11.9,,-7.4,,0,,14.5,,29.8,,63,,1016,,1.3,,1.1,,63,,29,,5.6,,14.4,,15.2,,13.7,
2013-10-12,285,10.9,,12.1,,9.1,,88,,95,,70,,8.9,,11.1,,6.4,,0.3,,2.8,,6,,-9.4,,1020,,1.7,,1.5,,71,,29,,7.6,,14.3,,14.8,,14.1,
2013-10-13,286,9.3,,13.1,,6,,86,,95,,66,,6.9,,8.3,,5.2,,0,,6.8,,14.2,,16.2,,1024,,1.1,,0.9,,79,,36,,6.9,,14.2,,14.4,,13.8,
2013-10-14,287,10.5,,18.3,,3.4,,77,,97,,37,,6.1,,9.7,,2.2,,0,,13.5,,28.5,,63.2,,1020,,0.7,,0.2,,184,,65,,4.3,,13.8,,14.4,,13.1,
2013-10-15,288,13.6,,18.1,,9.9,,78,,93,,61,,9.8,,12.2,,7.6,,0,,7.4,,15.9,,40.6,,1018,,1.3,,1,,89,,37,,7,,14.5,,15,,14,
2013-10-16,289,11.2,,14.5,,8.5,,84,,96,,64,,8.4,,10.2,,7.3,,0,,5.5,,11.5,,11.1,,1012,,1.2,,0.8,,101,,42,,5.1,,14.5,,14.8,,14.1,
2013-10-17,290,15.4,,21.5,,11.5,,81,,97,,42,,11.7,,14.1,,7.5,,1.3,,11.3,,23.6,,56.8,,1004,,1.4,,1,,213,,45,,7.3,,14.7,,15.4,,14.2,
2013-10-18,291,12.5,,16.2,,7,,73,,96,,47,,7.5,,14.9,,2.1,,3.6,,10.5,,22.2,,29.7,,1003,,2,,1.4,,259,,44,,11.5,,15,,15.3,,14.5,
2013-10-19,292,10.7,,16.9,,4.1,,66,,92,,38,,4.1,,8.3,,1.7,,0.3,,11,,22.7,,34.3,,1006,,1.5,,1,,190,,46,,7.7,,13.9,,14.5,,13.3,
2013-10-20,293,8.7,,13.5,,4.1,,67,,96,,34,,2.4,,8.9,,-2.7,,0,,12.9,,26.6,,36.2,,1006,,1.7,,1.3,,276,,40,,11.5,,13.7,,14,,13.2,
2013-10-21,294,10.2,,17.2,,2.8,,62,,90,,37,,2.8,,6.4,,0.7,,0,,13.2,,27.4,,43.6,,1011,,1.5,,1.1,,207,,43,,7.3,,12.9,,13.4,,12.3,
2013-10-22,295,9.7,,13.8,,4.3,,78,,90,,64,,5.9,,9.6,,-1.3,,0,,4.6,,9.8,,-9.1,,1004,,1.8,,1.3,,222,,45,,8.6,,12.8,,13.2,,12.5,
2013-10-23,296,5.1,,8.6,,1.1,,67,,84,,48,,-0.6,,1.4,,-2.2,,0,,6.1,,12.6,,8.7,,1000,,0.6,,0.2,,299,,60,,4.4,,12,,12.8,,11.6,
2013-10-24,297,4.4,,9.6,,-0.7,,63,,93,,32,,-2.7,,0.4,,-7.2,,0,,12.2,,24.6,,39.2,,1004,,1.8,,1.5,,265,,34,,11.2,,11.3,,11.9,,10.8,
2013-10-25,298,2.8,,8.4,,-0.8,,70,,95,,39,,-2.5,,0.6,,-5.3,,0,,8.4,,17.2,,12.5,,1012,,1.3,,1,,287,,36,,8.5,,10.8,,11.3,,10.3,
2013-10-26,299,4.9,,9.8,,-1.4,,63,,94,,35,,-2.2,,1.2,,-5.6,,0,,10.3,,21.2,,31.2,,1011,,2.1,,1.6,,217,,37,,10.9,,10,,10.3,,9.4,
2013-10-27,300,5.6,,9.6,,0.1,,61,,85,,40,,-1.4,,0.9,,-4,,0,,4.7,,9.9,,2.1,,1007,,1.8,,1.4,,266,,38,,11.2,,10.3,,10.6,,10.1,
2013-10-28,301,4,,12,,-1.6,,68,,95,,40,,-1.9,,1.7,,-6.7,,0,,8.9,,18.8,,12,,1016,,1.3,,0.7,,272,,54,,9.5,,9.6,,10.1,,9.1,
2013-10-29,302,0.7,,7.3,,-3.6,,58,,81,,29,,-7.3,,-4.7,,-11,,0,,12.6,,25.2,,31.1,,1023,,0.9,,0.4,,8,,59,,6.4,,8.8,,9.5,,8.3,
2013-10-30,303,3.7,,10.3,,-1.2,,76,,96,,56,,-0.4,,3.9,,-7.7,,0,,6.1,,12.8,,12.5,,1017,,0.9,,0.3,,264,,65,,6.3,,8.7,,9.3,,8.3,
2013-10-31,304,9.7,,14.4,,3.2,,95,,97,,93,,9,,13.4,,2.6,,12.4,,1.7,,3.8,,-1.5,,1012,,2.2,,1.9,,191,,30,,13.9,,9.2,,10.2,,8.6,
2013-11-01,305,14.7,,17.7,,7.7,,85,,95,,61,,12.1,,15.4,,5.4,,4.6,,3.5,,7.6,,-19.2,,997,,3.4,,3,,217,,29,,17.4,,11.1,,11.7,,10.2,
2013-11-02,306,9.5,,16.5,,4.1,,76,,95,,41,,5,,7.9,,2.8,,0.5,,9.7,,20.5,,30.1,,1000,,0.9,,0.2,,287,,70,,7.3,,11.1,,11.6,,10.6,
2013-11-03,307,1.8,,5.6,,-3.1,,60,,90,,30,,-5.8,,4,,-12,,0,,10.4,,21.4,,24.2,,1014,,1.8,,1.4,,334,,35,,8.9,,10.7,,11.3,,10,
2013-11-04,308,-1.3,,4.5,,-5.2,,52,,73,,26,,-10.3,,-7,,-14.1,,0,,11.4,,23.1,,15.9,,1029,,1,,0.6,,41,,50,,5,,8.8,,10,,8.3,
2013-11-05,309,2.5,,8.2,,-3.5,,67,,82,,47,,-3.3,,1.5,,-7.9,,0,,9.9,,20.7,,28.1,,1029,,1.4,,0.8,,180,,49,,6.9,,8,,8.4,,7.5,
2013-11-06,310,8.6,,13.2,,3.8,,76,,89,,57,,4.5,,8.1,,1.3,,0,,8.1,,16.8,,26.9,,1020,,2.5,,2.2,,213,,27,,10.9,,8.7,,9.4,,8.2,
2013-11-07,311,8.7,,13.8,,1.7,,89,,95,,57,,6.9,,12.3,,-5.4,,3.3,,1.3,,2.9,,-20.2,,1004,,2.3,,1.8,,243,,40,,14.3,,9.8,,10.2,,9.4,
2013-11-08,312,0.8,,6.7,,-3,,69,,87,,39,,-4.5,,0.9,,-7.7,,0,,8.1,,16.5,,9.6,,1007,,1.7,,1.3,,272,,38,,12.9,,8.9,,9.8,,8.4,
2013-11-09,313,0.3,,5.2,,-4.8,,68,,88,,43,,-5.2,,-2.5,,-7.4,,0,,6.8,,14.1,,7.7,,1013,,1.2,,0.7,,233,,53,,6.3,,7.5,,8.4,,7.1,
2013-11-10,314,5.3,,9.2,,2.6,,70,,88,,58,,0.1,,3.2,,-3,,0.5,,3.9,,8.1,,-7.9,,1005,,2.2,,1.6,,242,,40,,14.4,,7.8,,8.2,,7.4,
2013-11-11,315,4.7,,9.2,,-0.3,,55,,75,,33,,-3.9,,-1.9,,-7.4,,0,,9,,18.7,,25.8,,1009,,2.4,,2,,259,,33,,11.3,,7.9,,8.3,,7.6,
2013-11-12,316,-1.1,,6.3,,-7,,65,,94,,50,,-6.9,,0.6,,-11.3,,0.3,,3.2,,6.1,,-26.7,,1011,,1.8,,1.5,,291,,36,,10.1,,7.8,,8.1,,7.2,
2013-11-13,317,-4.7,,-0.2,,-9.2,,62,,86,,32,,-11.4,,-8.5,,-15.2,,0,,10.4,,20.9,,9.5,,1016,,1.5,,1.2,,276,,34,,8.7,,6.1,,7.2,,5.6,
2013-11-14,318,2.3,,9.6,,-3.4,,49,,69,,30,,-7.9,,-5,,-10.2,,0,,9.6,,19.7,,14.7,,1013,,1.9,,1.6,,252,,28,,10.1,,5.6,,6,,5.2,
2013-11-15,319,5.9,,13.2,,-1.9,,39,,66,,14,,-8.1,,-2.1,,-14.6,,0,,8.8,,17.7,,7.3,,1015,,1.2,,1,,217,,33,,7.6,,5.8,,6.3,,5.3,
2013-11-16,320,7.3,,14,,3.4,,51,,86,,27,,-2.6,,2.6,,-7.1,,0,,8.2,,16.9,,16.9,,1018,,0.8,,0.2,,200,,64,,4.8,,6.5,,7.1,,6,
2013-11-17,321,8.2,,12.9,,3,,91,,97,,83,,6.8,,12.4,,1.1,,0.8,,2,,4.6,,-2.2,,1015,,2.1,,1.8,,121,,28,,8.1,,7,,7.8,,6.5,
2013-11-18,322,12.2,,16.1,,5.1,,70,,97,,40,,6.4,,14.3,,-2.7,,9.6,,8.8,,18.1,,15,,998,,2.8,,1.9,,230,,44,,13.3,,8.8,,9.5,,7.8,
2013-11-19,323,0.9,,5.4,,-3.8,,55,,65,,40,,-7.1,,-1.5,,-10.1,,0,,8,,16.3,,-1.7,,1008,,2.8,,2.4,,295,,32,,14.6,,8.2,,9,,7.4,
2013-11-20,324,-2.6,,2.5,,-6.3,,54,,73,,32,,-10.9,,-8.4,,-13.1,,0,,9.4,,19,,-3,,1027,,1.3,,0.9,,333,,43,,9.8,,6.4,,7.4,,5.8,
2013-11-21,325,0,,5.7,,-6.2,,58,,79,,30,,-7.6,,-0.2,,-12.9,,0,,9.1,,18.4,,16.5,,1026,,1.1,,0.6,,208,,56,,5.9,,5.2,,5.8,,4.8,
2013-11-22,326,5,,6.8,,2.4,,94,,97,,78,,4,,6.3,,-0.4,,2.8,,1.1,,2.5,,0.9,,1013,,1.1,,0.9,,240,,37,,5.8,,5.9,,6.5,,5.4,
2013-11-23,327,0.5,,6.8,,-5.8,,70,,97,,40,,-4.6,,6.3,,-9.8,,0.3,,7.9,,15.9,,-3.2,,1004,,2.6,,2.3,,276,,26,,15.3,,6.5,,6.7,,6.2,
2013-11-24,328,-8.2,,-5.2,,-10.6,,54,,92,,26,,-16.5,,-7.4,,-22.2,,0.3,,8.7,,17.3,,-25.8,,1009,,3.5,,3.1,,291,,28,,18,,5.8,,6.3,,5.2,
2013-11-25,329,-6.6,,-1.3,,-13.4,,49,,69,,24,,-15.9,,-10.4,,-23.4,,0,,8.7,,17.9,,-2.2,,1018,,2.1,,1.6,,257,,38,,9.5,,4.5,,5.3,,4.1,
2013-11-26,330,-1.6,,1.2,,-4.6,,74,,97,,50,,-5.8,,0.8,,-11.6,,4.3,,2.7,,5.9,,2.9,,1016,,1.8,,0.9,,174,,59,,7.8,,4.1,,4.3,,4,
2013-11-27,331,5.2,,13.4,,-0.7,,96,,98,,94,,4.7,,12.9,,-1.5,,55.9,,0.9,,2,,-0.3,,993,,2.5,,0.1,,71,,79,,12.5,,5.4,,6.3,,4.2,
2013-11-28,332,-4.7,,-0.4,,-9.1,,65,,94,,35,,-10.7,,-1.3,,-16.7,,0,,8.7,,17.3,,0.4,,1011,,2.8,,2.5,,277,,26,,14.4,,5.4,,6.1,,4.6,
2013-11-29,333,-6.2,,-1.3,,-9.9,,64,,89,,37,,-12.4,,-9.3,,-16.7,,0,,8.4,,17.1,,-0.1,,1027,,1.1,,0.7,,296,,45,,6.9,,3.8,,4.7,,3.4,
2013-11-30,334,-6.3,,-1.2,,-12.5,,61,,83,,40,,-13,,-6.9,,-17,,0,,8,,16.4,,4.3,,1029,,1.4,,1,,146,,44,,5.8,,2.9,,3.4,,2.6,
2013-12-01,335,0.4,,3.4,,-3,,90,,98,,73,,-1,,2.6,,-7.1,,0,,2,,4.2,,8.5,,1014,,0.8,,0.5,,108,,47,,3.7,,2.6,,2.9,,2.5,
2013-12-02,336,0.3,,2,,-2,,98,,99,,97,,0,,1.6,,-2.2,,0.3,,1.4,,3,,-0.5,,1008,,0.5,,0.1,,357,,67,,2.7,,3.4,,3.9,,2.9,
2013-12-03,337,0.4,,7.3,,-2.3,,93,,99,,63,,-0.7,,4.1,,-2.8,,0,,6.1,,12.5,,2.9,,1006,,0.7,,0.6,,329,,36,,4.1,,4,,4.4,,3.7,
2013-12-04,338,-0.7,,5.4,,-3.9,,83,,97,,49,,-3.4,,-1.4,,-5.1,,0,,5.2,,10.9,,-2.2,,1012,,0.8,,0.2,,15,,63,,5.7,,3.7,,4.2,,3.4,
2013-12-05,339,6.6,,11.1,,2,,90,,97,,67,,5,,10.6,,-2.3,,1.3,,0.9,,2.2,,6.6,,1012,,2.2,,1.6,,156,,44,,10.9,,4.1,,5,,3.6,
2013-12-06,340,5.4,,11.1,,-0.6,,96,,97,,88,,4.8,,10.7,,-1,,11.2,,1.4,,3.1,,3.2,,1009,,1.3,,0.9,,266,,45,,7.3,,5.7,,6,,5,
2013-12-07,341,-2.2,,0.6,,-6.4,,91,,98,,72,,-3.5,,-0.9,,-8.7,,1.3,,1.9,,3.9,,-37.2,,1017,,1,,0.7,,292,,42,,6.3,,5.4,,5.8,,5.1,
2013-12-08,342,-5.6,,-3.7,,-8.6,,80,,93,,64,,-8.5,,-7.1,,-10.9,,0,,1.5,,2.8,,-16,,1025,,0.7,,0.2,,41,,68,,4.3,,4.6,,5.1,,4.3,
2013-12-09,343,-2.3,,0.3,,-6.4,,94,,98,,76,,-3.1,,-0.1,,-8.8,,4.1,,0.9,,1.7,,-1.5,,1013,,1.5,,0.7,,93,,58,,6.6,,4.3,,4.4,,4.3,
2013-12-10,344,-3.3,,-0.1,,-9,,94,,99,,82,,-4.2,,-0.3,,-10.6,,0.8,,0.8,,1.4,,-25.8,,1006,,1.5,,1.3,,269,,23,,8,,4.3,,4.4,,4.3,
2013-12-11,345,-6.6,,-3.7,,-8.9,,82,,93,,69,,-9.2,,-7.1,,-11.3,,0,,5.1,,6.7,,-36.1,,1013,,1.8,,1.6,,250,,26,,8.8,,4,,4.3,,3.8,
2013-12-12,346,-9.8,,-6.3,,-12.9,,72,,94,,37,,-14.3,,-8.7,,-19.4,,0,,8.6,,10.9,,-24.7,,1013,,1.4,,1.2,,270,,32,,8.1,,3.5,,3.8,,3.3,
2013-12-13,347,-9,,-4.9,,-13.5,,76,,88,,64,,-12.4,,-7.3,,-17.8,,0,,4.1,,6,,-25.8,,1010,,2.1,,1.7,,251,,33,,8,,3.1,,3.3,,2.9,
2013-12-14,348,-13.1,,-8.4,,-15.7,,72,,93,,49,,-17.3,,-9.4,,-21.3,,5.3,,3,,5.1,,0.7,,1021,,1.5,,1.1,,59,,41,,8.9,,2.8,,3,,2.7,
2013-12-15,349,-6.2,,-3.9,,-8.6,,94,,96,,92,,-7,,-4.4,,-9.6,,11.4,,2.7,,4.7,,-19,,997,,2.4,,0.6,,352,,70,,13.5,,2.7,,2.8,,2.7,
2013-12-16,350,-8.4,,-5.6,,-13.7,,71,,94,,45,,-13,,-7,,-17.2,,0,,7.2,,15,,-43.2,,1007,,2.4,,2.2,,271,,24,,11.5,,2.9,,3,,2.8,
2013-12-17,351,-13.4,,-9.7,,-17.8,,86,,93,,70,,-15.3,,-10.7,,-19.7,,7.1,,1.8,,3.9,,-9.7,,1011,,1.2,,0.7,,60,,48,,6.9,,3,,3.1,,3,
2013-12-18,352,-7.2,,-2.8,,-11.4,,87,,93,,73,,-9,,-5.4,,-12.6,,2.5,,4.3,,5.4,,-22.7,,1007,,1.4,,1.1,,291,,38,,8,,3.1,,3.2,,3,
2013-12-19,353,-1.7,,2.7,,-6.7,,72,,92,,51,,-6.3,,-4.6,,-8.1,,0,,6.5,,11.8,,-19,,1010,,2,,1.8,,245,,28,,9.7,,3.2,,3.4,,3.1,
2013-12-20,354,3.7,,7.8,,-1.7,,64,,83,,50,,-2.5,,0.3,,-5,,0,,4.8,,10,,-4.8,,1010,,1.7,,1.2,,201,,41,,7.6,,3.4,,3.4,,3.3,
2013-12-21,355,8,,12.2,,4.4,,73,,91,,58,,3.3,,8,,-2,,0.3,,3.8,,8.4,,8.8,,1007,,1.9,,1.7,,212,,28,,8.3,,3.4,,3.5,,3.4,
2013-12-22,356,11.7,,16.1,,2.7,,92,,97,,72,,10.5,,14.2,,2.1,,1.5,,0.7,,1.7,,9.4,,1005,,2.9,,2.3,,194,,38,,12.9,,3.5,,4.2,,3.2,
2013-12-23,357,1.9,,3.6,,0,,97,,98,,92,,1.5,,3.1,,-0.7,,10.7,,0.8,,1.9,,1.5,,1010,,1.7,,0.8,,65,,56,,8.2,,4.2,,4.3,,4.2,
2013-12-24,358,-3.1,,0.2,,-8,,69,,95,,44,,-8.2,,-0.5,,-14.3,,0,,5.9,,12.1,,-4.4,,1013,,1.7,,1.4,,304,,33,,9.4,,4,,4.3,,3.7,
2013-12-25,359,-9.8,,-7,,-13.4,,57,,73,,40,,-16.9,,-13.7,,-19.3,,0,,7.5,,14.9,,-5.6,,1022,,1.8,,0.8,,300,,60,,9.5,,2.9,,3.7,,2.4,
2013-12-26,360,-5.8,,-2.2,,-9.5,,86,,97,,56,,-7.8,,-3.1,,-16.6,,1.3,,1.7,,3.6,,-4.8,,1017,,1.5,,0.5,,156,,64,,5.7,,2.1,,2.4,,2,
2013-12-27,361,-4.6,,-1,,-9,,80,,94,,58,,-7.7,,-6.1,,-10.1,,0,,3.9,,8.5,,-28.1,,1016,,1.3,,1.1,,259,,28,,7.3,,1.9,,2,,1.8,
2013-12-28,362,-0.5,,5.9,,-6,,74,,89,,47,,-4.9,,-2.9,,-8,,0,,6.1,,12.5,,-10.2,,1011,,1.5,,1.3,,242,,30,,7.9,,1.8,,1.9,,1.8,
2013-12-29,363,1.9,,4.8,,-1.2,,79,,98,,54,,-1.7,,2,,-4.3,,27.4,,1.6,,3.5,,-2,,1003,,1.5,,0.2,,125,,73,,9.3,,1.7,,1.8,,1.6,
2013-12-30,364,-3.3,,2,,-12,,74,,98,,36,,-7.6,,0.4,,-14.9,,0,,7.2,,14.3,,-5.6,,1005,,2.2,,2,,279,,26,,11.8,,1.9,,2.2,,1.6,
2013-12-31,365,-10.3,,-6.6,,-14.7,,73,,89,,49,,-14.4,,-9.4,,-17.1,,0,,6.3,,13.3,,-12.6,,1010,,1.3,,0.9,,261,,42,,8.6,,1.6,,2,,1.4,
2014-01-01,1,-8.8,,-5,,-11.9,,64,,85,,44,,-14.6,,-11.3,,-16.7,,0,,6,,12.6,,-3.5,,1017,,1.4,,1.2,,274,,31,,8.7,,1.3,,1.4,,1.2,
2014-01-02,2,-13,,-9.3,,-18.1,,85,,90,,81,,-14.9,,-11,,-20.1,,4.3,,1.1,,2.5,,-1,,1011,,2.3,,1.9,,58,,31,,11.7,,1.1,,1.2,,1.1,
2014-01-03,3,-17.7,,-13.4,,-22.3,,80,,87,,64,,-20.3,,-15.4,,-25,,2.3,,6.4,,13.3,,-15.8,,1007,,2.1,,1.5,,333,,41,,12.6,,1.1,,1.1,,1,
2014-01-04,4,-13.7,,-7,,-22.9,,62,,85,,35,,-19.8,,-14.2,,-25.4,,0,,7.7,,16.2,,-27.1,,1018,,2,,1.6,,216,,35,,10.1,,1,,1.1,,1,
2014-01-05,5,-2.6,,3.9,,-9.5,,69,,97,,37,,-7.9,,3.4,,-14.4,,2.3,,7.5,,15.4,,-14.6,,1015,,1.6,,0.9,,162,,53,,9.8,,1,,1,,1,
2014-01-06,6,3.7,,13.4,,-7.3,,90,,97,,66,,2.3,,12.6,,-12,,31.7,,0.6,,1.4,,-6.8,,993,,3.3,,1.4,,196,,61,,14.9,,0.9,,1,,0.8,
2014-01-07,7,-14.8,,-7.2,,-17.4,,52,,73,,36,,-22.6,,-11.3,,-26.3,,0,,7.7,,15.4,,-18.8,,1004,,3.3,,3,,272,,27,,13.3,,0.9,,1,,0.9,
2014-01-08,8,-13.5,,-8.6,,-17.8,,62,,75,,45,,-19.4,,-15.9,,-23.7,,0,,8.3,,16.9,,-12.3,,1020,,1.9,,1.7,,255,,27,,7.6,,0.8,,0.9,,0.7,
2014-01-09,9,-9.3,,-3.1,,-13.8,,67,,87,,37,,-14.7,,-11.6,,-16.7,,0,,8.4,,16.8,,-9.4,,1025,,1.2,,0.8,,284,,47,,7,,0.7,,0.7,,0.6,
2014-01-10,10,-4.1,,1.1,,-11.7,,90,,98,,60,,-5.5,,0.8,,-13.9,,0.5,,2,,4.6,,1.9,,1021,,1.5,,1.4,,206,,28,,7.9,,0.6,,0.6,,0.5,
2014-01-11,11,9.3,,13.8,,0.7,,96,,98,,92,,8.7,,13,,0.4,,19.8,,0.5,,1.4,,3.7,,1001,,3.3,,2.8,,185,,34,,15.2,,0.5,,0.6,,0.5,
2014-01-12,12,2.6,,9.7,,-1,,71,,93,,58,,-2.2,,8.5,,-5.7,,0.5,,3.7,,7.7,,2.2,,998,,3.1,,2.8,,279,,25,,14.6,,0.5,,0.6,,0.5,
2014-01-13,13,2.8,,7.6,,-2.9,,66,,82,,49,,-3.1,,2,,-6,,0,,7.6,,15.9,,7.7,,1010,,2.3,,1.9,,211,,31,,11.6,,0.5,,0.6,,0.5,
2014-01-14,14,5.4,,6.7,,2.5,,90,,98,,74,,3.9,,5.4,,1.8,,15.2,,0.7,,1.7,,-3.7,,1002,,2,,1.6,,224,,35,,9.6,,0.6,,0.7,,0.5,
2014-01-15,15,2.1,,7,,-2.2,,85,,99,,59,,-0.4,,2.3,,-2.4,,0,,8.4,,17,,0.5,,1007,,1.3,,0.9,,197,,42,,7.6,,0.8,,0.9,,0.7,
2014-01-16,16,0.8,,2.5,,-0.5,,93,,98,,85,,-0.1,,0.8,,-1.1,,0,,1.6,,3.5,,5.2,,1005,,0.6,,0.2,,328,,57,,4.2,,1,,1.2,,0.9,
2014-01-17,17,0.1,,3.8,,-2.8,,80,,98,,50,,-3.3,,-0.1,,-6.1,,0,,8.3,,16.8,,10.5,,1007,,1.5,,1.3,,215,,29,,7.4,,1.4,,1.8,,1.2,
2014-01-18,18,-1,,0.1,,-3.2,,94,,98,,87,,-1.9,,-0.9,,-3.5,,3.8,,1.4,,3.3,,-2,,1000,,1.2,,0.7,,46,,51,,5.9,,1.5,,1.7,,1.4,
2014-01-19,19,-4,,-1.9,,-5.4,,86,,98,,66,,-6.1,,-3.3,,-7.9,,1.3,,3.5,,7,,-15.7,,995,,2.5,,2.3,,243,,26,,10.9,,1.6,,1.8,,1.5,
2014-01-20,20,-1.9,,3.2,,-10.1,,68,,95,,49,,-7.1,,-2.2,,-18.1,,0.3,,6.6,,13.7,,-11,,995,,3,,2.6,,258,,29,,13.3,,1.8,,1.9,,1.8,
2014-01-21,21,-13.2,,-9.9,,-15.8,,59,,84,,37,,-19.8,,-16.6,,-24.4,,0,,4.3,,8.9,,-6.3,,1007,,1.5,,1.1,,329,,42,,7.8,,1.7,,1.9,,1.5,
2014-01-22,22,-16.7,,-11.2,,-21.5,,57,,81,,37,,-23.5,,-18.1,,-26.5,,0.3,,8.5,,17.1,,-28.7,,1000,,2.5,,2.1,,323,,29,,11.3,,1.4,,1.5,,1.2,
2014-01-23,23,-15.6,,-9.1,,-20.6,,58,,77,,31,,-22.5,,-18.8,,-24.4,,0,,8.8,,17.6,,-25.9,,1007,,1.6,,1.4,,285,,30,,8,,1.1,,1.2,,1,
2014-01-24,24,-14.5,,-10.5,,-18.6,,53,,73,,30,,-22.3,,-19.4,,-25.8,,0,,10.2,,20,,-25.9,,1012,,2.2,,1.7,,257,,40,,11.1,,1,,1.1,,0.9,
2014-01-25,25,-7.7,,-2.5,,-12.6,,72,,95,,51,,-12.3,,-5.5,,-19.9,,1,,5.4,,11.1,,-15.4,,994,,3,,2.6,,219,,29,,11.1,,0.9,,0.9,,0.8,
2014-01-26,26,-11.2,,-8.8,,-15.7,,58,,93,,33,,-18.2,,-9.8,,-23.9,,0,,8.9,,18,,-19.6,,997,,2.8,,2.3,,254,,35,,14.5,,0.8,,0.9,,0.8,
2014-01-27,27,-5.1,,1.5,,-11.7,,65,,87,,29,,-11,,-1.6,,-21.8,,0.5,,1.6,,3.5,,-16.2,,999,,3,,1.9,,240,,49,,12.4,,0.8,,0.8,,0.8,
2014-01-28,28,-13.3,,-10.1,,-16.8,,43,,61,,27,,-23.5,,-19.7,,-27.7,,0,,8.2,,17,,-17.1,,1014,,1.7,,1.5,,273,,26,,9.8,,0.8,,0.8,,0.7,
2014-01-29,29,-11.2,,-6.1,,-14.7,,42,,66,,20,,-22.1,,-19.2,,-26.3,,0,,10.5,,21,,-16.6,,1011,,1.5,,1.3,,269,,30,,9.6,,0.7,,0.8,,0.7,
2014-01-30,30,-10,,-4,,-16,,53,,79,,31,,-18.2,,-11.6,,-22.4,,0,,10.9,,22.2,,-24.9,,1018,,1.5,,1.2,,216,,40,,7.3,,0.7,,0.7,,0.7,
2014-01-31,31,-2.9,,2.3,,-9,,61,,92,,32,,-9.9,,-6.2,,-15.3,,0,,7.5,,15.6,,1.1,,1012,,1.9,,1.6,,245,,33,,9.7,,0.7,,0.7,,0.6,
2014-02-01,32,0.2,,5,,-5.6,,64,,86,,40,,-6.2,,-0.7,,-9,,0,,8.3,,17.5,,2.5,,1016,,1.3,,1,,197,,40,,8.4,,0.7,,0.7,,0.6,
2014-02-02,33,2.2,,7.5,,-0.7,,90,,97,,61,,0.6,,3,,-1.5,,1.8,,4.4,,9.6,,7.2,,1007,,1.4,,1.1,,244,,32,,9.4,,0.6,,0.7,,0.6,
2014-02-03,34,-2.9,,-0.2,,-7.1,,86,,96,,61,,-4.9,,-1.2,,-8.3,,2.8,,1.5,,3.6,,-12.6,,1014,,0.9,,0.6,,44,,43,,5.6,,0.6,,0.7,,0.6,
2014-02-04,35,-4.8,,-0.2,,-9.2,,78,,93,,58,,-8.2,,-6.1,,-10.6,,0,,8.4,,16.3,,-17.8,,1021,,0.8,,0.2,,283,,69,,4.9,,0.7,,0.7,,0.6,
2014-02-05,36,-5.4,,-3.8,,-6.8,,92,,96,,70,,-6.6,,-5,,-9,,20.3,,1.7,,3.9,,-3.5,,1006,,1.4,,1,,45,,45,,7.6,,0.7,,0.7,,0.7,
2014-02-06,37,-9.4,,-5,,-13.7,,91,,95,,89,,-10.6,,-6.1,,-15.1,,1.5,,10.3,,19.5,,-25.9,,1014,,1.1,,0.8,,312,,40,,7.7,,0.7,,0.7,,0.7,
2014-02-07,38,-9.4,,-3,,-15.2,,76,,90,,51,,-13.1,,-9,,-16.7,,0,,11.7,,23.6,,-18.3,,1014,,1.4,,1.2,,263,,27,,7.1,,0.7,,0.7,,0.7,
2014-02-08,39,-9.1,,-4,,-15.2,,49,,73,,28,,-18.2,,-15,,-20.6,,0,,10.5,,21.5,,-9.9,,1014,,1.4,,1.2,,266,,31,,7.4,,0.7,,0.7,,0.7,
2014-02-09,40,-6.8,,-2.7,,-10.7,,63,,94,,41,,-13.1,,-7.9,,-17.5,,0.5,,10,,20.7,,-3.2,,1010,,1.1,,0.5,,232,,57,,5.4,,0.7,,0.7,,0.7,
2014-02-10,41,-9.3,,-4.8,,-14.7,,74,,94,,43,,-13.3,,-8.2,,-17.5,,0.3,,7.1,,15.3,,-34.7,,1010,,1.4,,1.1,,291,,38,,8.4,,0.7,,0.7,,0.7,
2014-02-11,42,-12.4,,-6,,-17.5,,66,,89,,36,,-17.9,,-15.1,,-19.4,,0,,12.7,,25.1,,-17.1,,1017,,1.2,,0.7,,284,,49,,8.5,,0.7,,0.8,,0.7,
2014-02-12,43,-11,,-3.1,,-18.5,,51,,79,,21,,-20.1,,-11.4,,-23.4,,0,,12.3,,24.4,,-22.7,,1023,,1.3,,0.3,,284,,71,,7.3,,0.7,,0.8,,0.7,
2014-02-13,44,-4.8,,-0.6,,-8.5,,91,,97,,75,,-6,,-1.2,,-12.1,,15.8,,1.3,,3.2,,1.4,,1003,,2.9,,2.5,,65,,32,,15.9,,0.7,,0.8,,0.7,
2014-02-14,45,-3.1,,-0.6,,-5.6,,88,,98,,69,,-5,,-1.1,,-7.9,,16.3,,2.4,,3.9,,-60.7,,984,,2.6,,2.2,,278,,35,,14.9,,0.7,,0.8,,0.7,
2014-02-15,46,-4.4,,-2.4,,-8.2,,91,,96,,78,,-5.7,,-3.4,,-9.3,,3,,1.7,,2.2,,-15.3,,999,,1.3,,0.7,,21,,54,,11.1,,0.8,,0.8,,0.7,
2014-02-16,47,-7,,-3.2,,-10.2,,62,,93,,36,,-13.5,,-4.8,,-16.6,,0.3,,7.1,,14,,-61.6,,1001,,2.7,,2.4,,285,,28,,12.5,,0.8,,0.8,,0.7,
2014-02-17,48,-10,,-3.4,,-15.1,,41,,62,,19,,-21.5,,-15.9,,-24.6,,0,,14.4,,28.4,,-26.9,,1015,,1.7,,1.3,,312,,41,,11.6,,0.8,,0.8,,0.8,
2014-02-18,49,-8.8,,-4.2,,-15.6,,76,,96,,35,,-12.8,,-4.7,,-23,,6.1,,2.8,,6.3,,-3.1,,1012,,1.9,,1.2,,91,,49,,8.9,,0.8,,0.9,,0.8,
2014-02-19,50,-4.7,,-0.8,,-10.3,,96,,98,,92,,-5.3,,-1.1,,-11.4,,5.6,,3.2,,6.5,,-12.8,,1005,,1.3,,0.6,,100,,55,,7.3,,0.9,,0.9,,0.8,
2014-02-20,51,0.5,,5.8,,-4.5,,84,,98,,46,,-2.4,,2.4,,-6.9,,7.9,,11.3,,24.1,,-2.9,,1014,,1.4,,0.7,,224,,54,,8.6,,0.9,,0.9,,0.9,
2014-02-21,52,0.8,,4.2,,-0.8,,97,,98,,95,,0.3,,3.7,,-1,,8.1,,2,,4.8,,-10.3,,1006,,2.4,,1.7,,96,,43,,10.2,,0.9,,1,,0.9,
2014-02-22,53,3.1,,8.3,,-1.4,,64,,98,,32,,-4,,0.2,,-8.6,,0,,14.8,,30.1,,-19.7,,1006,,2.3,,2,,227,,30,,13,,1,,1,,1,
2014-02-23,54,3.4,,7.1,,-1.3,,54,,76,,38,,-5.2,,-2.5,,-7.2,,0,,5.5,,11.6,,-4.8,,1005,,1.2,,0.9,,238,,37,,6.4,,1.1,,1.1,,1,
2014-02-24,55,-3.8,,2,,-7.9,,51,,84,,32,,-12.7,,-5.1,,-17.1,,0,,12.7,,25.3,,-3.1,,1003,,3,,2.7,,279,,26,,13.7,,1.2,,1.2,,1.1,
2014-02-25,56,-8.5,,-5,,-11.7,,57,,71,,38,,-15.8,,-13.5,,-18.6,,0,,11,,22.4,,-11.9,,1006,,2.2,,2,,273,,27,,10.4,,1.3,,1.3,,1.2,
2014-02-26,57,-10.6,,-4.1,,-16.8,,52,,82,,21,,-19.2,,-14,,-26.9,,0,,11,,22,,-10.5,,1002,,1.9,,1.3,,265,,42,,11.4,,1.3,,1.4,,1.3,
2014-02-27,58,-11.1,,-4.6,,-16.7,,53,,91,,28,,-19.3,,-10.8,,-25.3,,0.3,,12,,24.2,,-4.2,,999,,2.2,,1.2,,252,,53,,11.6,,1.3,,1.3,,1.2,
2014-02-28,59,-13.3,,-6.6,,-19.6,,41,,67,,17,,-24.8,,-20.6,,-29.1,,0,,16.1,,32.6,,-14.7,,1015,,1.7,,1.2,,282,,42,,10.4,,1.2,,1.2,,1.2,
2014-03-01,60,-7.9,,-2.1,,-17.1,,47,,62,,27,,-17.5,,-9.4,,-25.6,,0,,12.5,,26,,0.3,,1017,,2,,1.3,,198,,48,,9.2,,1.1,,1.2,,1.1,
2014-03-02,61,-2.5,,2.4,,-6.7,,60,,78,,39,,-9.3,,-5.7,,-13.3,,0,,8,,17.1,,12.4,,1009,,1.7,,1.5,,281,,32,,7.7,,1.1,,1.1,,1.1,
2014-03-03,62,-10.5,,-6.6,,-15.1,,49,,66,,24,,-19.5,,-12.3,,-25.7,,0,,8.5,,17.2,,-9.7,,1012,,1.6,,1.3,,314,,37,,7.6,,1.1,,1.1,,1.1,
2014-03-04,63,-10.4,,-4.6,,-18.3,,47,,75,,24,,-20.3,,-13.2,,-24.4,,0,,12,,25,,4,,1017,,0.9,,0.5,,262,,54,,5.1,,1.1,,1.2,,1.1,
2014-03-05,64,-7.3,,-3.6,,-12.6,,66,,81,,50,,-12.6,,-9.9,,-17.6,,0,,6.2,,13.3,,-5.3,,1018,,0.9,,0.6,,19,,49,,5.7,,1.1,,1.1,,1,
2014-03-06,65,-9.5,,-0.7,,-17.2,,33,,66,,9,,-24.5,,-17.4,,-30.6,,0,,17.9,,35.6,,-13.1,,1025,,1.2,,0.2,,46,,72,,6.3,,1,,1.1,,1,
2014-03-07,66,-4.8,,3.4,,-14.5,,49,,74,,22,,-14.5,,-7.8,,-22.9,,0,,17.5,,35.1,,1.1,,1016,,1.1,,0.5,,139,,57,,7.3,,1,,1,,0.9,
2014-03-08,67,1.7,,9.4,,-4.8,,59,,84,,32,,-6,,-4,,-10.4,,0,,13.9,,28.7,,16.7,,1003,,1.3,,1,,306,,42,,7.6,,1,,1,,0.9,
2014-03-09,68,-1.8,,2.5,,-5.2,,45,,66,,26,,-12.4,,-7,,-15.6,,0,,18,,36.2,,11.7,,1006,,1.8,,1.4,,292,,37,,9.8,,1,,1,,1,
2014-03-10,69,-0.2,,3.5,,-4.7,,59,,79,,46,,-7.3,,-3,,-13.7,,0,,7.5,,16.1,,15.8,,1001,,1.7,,1.2,,222,,42,,6.3,,1.1,,1.2,,1,
2014-03-11,70,5.2,,11.9,,-0.1,,60,,91,,31,,-2.7,,-0.1,,-5.5,,0,,17.1,,35.2,,28.1,,996,,1.9,,1.4,,260,,38,,12.9,,1.2,,1.3,,1.1,
2014-03-12,71,2.4,,5.9,,-4.9,,80,,98,,55,,-0.9,,2.1,,-5.7,,12.7,,3.3,,7.5,,5.8,,989,,2,,1.5,,62,,41,,9.8,,1.3,,1.3,,1.2,
2014-03-13,72,-10.6,,-4.8,,-13.9,,70,,94,,43,,-15.3,,-5.6,,-21.3,,1.8,,10.8,,21.9,,-16.9,,992,,3.2,,2.7,,307,,30,,13.7,,1.3,,1.3,,1.3,
2014-03-14,73,-6.2,,0.6,,-15.3,,57,,82,,33,,-13.7,,-4.9,,-20.2,,0,,10.9,,23,,-5.8,,1010,,2.3,,2,,215,,30,,11,,1.3,,1.4,,1.3,
2014-03-15,74,3.2,,9.3,,-2.7,,65,,90,,44,,-3,,0.2,,-11.9,,1.3,,11.8,,24.4,,11.3,,1003,,2.9,,2.2,,247,,41,,13.9,,1.3,,1.3,,1.3,
2014-03-16,75,-5.4,,-2.4,,-10,,47,,80,,25,,-15.5,,-10,,-20.8,,0,,18.4,,36.9,,19,,1012,,2.7,,2.4,,281,,29,,12.3,,1.3,,1.4,,1.3,
2014-03-17,76,-7.9,,-1.7,,-12.4,,36,,56,,12,,-21,,-14.6,,-27.8,,0,,17.4,,34.8,,21.6,,1012,,1.3,,0.8,,358,,46,,6.9,,1.3,,1.4,,1.2,
2014-03-18,77,-3.8,,5,,-12.4,,37,,70,,13,,-17.8,,-8.9,,-23.7,,0,,20,,40.4,,24,,1017,,1.3,,0.6,,93,,59,,5.5,,1.1,,1.2,,0.9,
2014-03-19,78,-0.9,,4.6,,-7.2,,65,,95,,31,,-7.3,,-0.8,,-11.5,,9.9,,9.5,,20.2,,13.8,,1016,,2,,1.6,,114,,38,,9.3,,1,,1,,0.9,
2014-03-20,79,1.9,,6,,-0.3,,80,,98,,49,,-1.6,,3.6,,-6.3,,6.3,,7.1,,15.1,,12.7,,1000,,2,,1.4,,274,,41,,11.1,,1,,1,,1,
2014-03-21,80,-0.8,,2.7,,-5.1,,64,,83,,46,,-6.8,,-4.3,,-8.3,,0,,7.1,,15.1,,1.6,,1005,,2.8,,2.5,,274,,26,,13.5,,1,,1.1,,1,
2014-03-22,81,0.4,,10,,-6.1,,65,,86,,39,,-5.7,,0.2,,-8.6,,0,,12.6,,25.7,,15.6,,1005,,2.4,,1.3,,249,,55,,17,,1.1,,1.1,,1,
2014-03-23,82,-1.8,,1.3,,-10,,48,,73,,32,,-11.7,,-5.8,,-19.8,,0,,12.3,,24.8,,12.4,,1008,,2.5,,2.1,,294,,32,,10.2,,1,,1.1,,1,
2014-03-24,83,-7.8,,-2.5,,-13.1,,41,,62,,22,,-19.4,,-15,,-23,,0,,21.4,,42.4,,32.4,,1012,,1.8,,1.4,,301,,37,,9.1,,1,,1.1,,0.8,
2014-03-25,84,-5,,0.2,,-11.8,,52,,75,,34,,-13.8,,-8.9,,-16.4,,0,,15.7,,31.2,,24.2,,1010,,1.5,,0.7,,201,,59,,9.4,,0.8,,0.9,,0.7,
2014-03-26,85,-4.4,,-1.3,,-9.5,,46,,67,,28,,-14.8,,-9.5,,-22,,0,,10.5,,21.1,,8.7,,1003,,2.9,,2,,328,,45,,19.2,,0.7,,0.8,,0.7,
2014-03-27,86,-3.5,,3.7,,-12.5,,38,,68,,19,,-16.6,,-7.7,,-21.4,,0,,20.3,,41,,50,,1016,,2,,1.5,,238,,40,,9.1,,0.7,,0.7,,0.6,
2014-03-28,87,3.5,,7.6,,-1.1,,84,,97,,59,,0.9,,7.2,,-8,,5.3,,4.8,,10.8,,17.7,,1011,,2.6,,2.3,,212,,28,,11,,0.6,,0.6,,0.5,
2014-03-29,88,4.8,,10.1,,1.7,,87,,97,,56,,2.6,,5.9,,1.1,,18.5,,11.6,,24.6,,48.3,,1013,,2.4,,1.6,,80,,48,,11.6,,0.5,,0.6,,0.5,
2014-03-30,89,2.1,,3.4,,1,,94,,96,,93,,1.3,,2.6,,0.2,,31,,5.1,,11.4,,24.6,,1000,,3.1,,2.5,,58,,35,,13.8,,0.6,,1,,0.4,
2014-03-31,90,0.2,,2.1,,-1.8,,86,,97,,71,,-1.9,,0.6,,-4,,29.2,,7.3,,15.7,,27.8,,1005,,2,,1.6,,340,,37,,10.7,,1,,1.2,,1,
2014-04-01,91,3.6,,11.7,,-2.6,,65,,83,,37,,-2.6,,2.5,,-5.2,,0,,22.1,,44.8,,110.6,,1012,,1.6,,0.8,,349,,58,,7.6,,1.8,,3,,1,
2014-04-02,92,5.1,,13.2,,-0.6,,64,,84,,41,,-1.3,,3.1,,-6,,0,,15.9,,32.2,,61.7,,1012,,1.5,,1,,213,,47,,7.7,,2.8,,3.7,,2.1,
2014-04-03,93,4.9,,11.5,,-0.8,,48,,71,,26,,-5.7,,-2.1,,-7.7,,0,,22.6,,45.2,,97.8,,1013,,1.4,,0.7,,344,,58,,7.3,,3.3,,4.3,,2.4,
2014-04-04,94,3,,7.5,,0,,65,,96,,45,,-3.2,,0.5,,-6.4,,6.3,,12.8,,27.2,,64.9,,1011,,2.2,,1.8,,106,,36,,9.7,,3.7,,4.2,,3.2,
2014-04-05,95,2.3,,7,,-1,,77,,97,,50,,-1.7,,4.2,,-6.5,,2.8,,8.4,,17.6,,28.3,,1003,,2.5,,1.9,,285,,40,,13.4,,3.8,,4.1,,3.4,
2014-04-06,96,4,,11.9,,-2.9,,48,,77,,19,,-7.2,,-3.3,,-11.6,,0,,23.8,,47.4,,103.3,,1012,,1.7,,1.3,,283,,37,,7.7,,3.7,,4.7,,2.8,
2014-04-07,97,7.1,,13.5,,0,,47,,95,,23,,-5,,4.6,,-10.5,,2.8,,11.2,,22.7,,38.7,,1013,,1.9,,1.3,,134,,45,,9.9,,4.1,,4.6,,3.5,
2014-04-08,98,8.4,,14.7,,2.8,,84,,97,,51,,5.8,,11.4,,-1.3,,6.6,,5.9,,12.8,,19.7,,992,,2.8,,1,,214,,65,,12.3,,5,,5.7,,4.4,
2014-04-09,99,5,,11.9,,-1.9,,52,,96,,20,,-5.8,,2.1,,-17.2,,0,,21.6,,43.1,,93.6,,1000,,1.8,,1.4,,297,,38,,12.8,,5.2,,6,,4.5,
2014-04-10,100,6.3,,13.9,,-2.4,,42,,69,,22,,-6.5,,1.6,,-12.4,,0,,24.1,,48.4,,102.1,,1011,,2.8,,2.3,,209,,31,,14.1,,5,,6,,4,
2014-04-11,101,10.9,,18.6,,6.2,,65,,96,,39,,3.9,,10,,-1,,5.8,,13.6,,28.4,,66.5,,1009,,1.9,,1.3,,248,,46,,10.5,,6.2,,7.1,,5.3,
2014-04-12,102,10.3,,18.9,,2.2,,59,,97,,20,,0.8,,5.7,,-4.9,,0,,24,,48.1,,113.4,,1015,,1.5,,0.9,,269,,49,,8.6,,7.1,,8.2,,6.2,
2014-04-13,103,13.2,,21.4,,7.1,,55,,76,,37,,4.1,,10.3,,-3.7,,0,,12.2,,25.6,,48.8,,1014,,2.6,,1.9,,167,,41,,9.5,,7.4,,8.1,,6.8,
2014-04-14,104,16.5,,22.4,,13.1,,71,,89,,41,,10.8,,12.7,,7.6,,0,,16,,33.1,,74.2,,1009,,4.2,,3.8,,206,,27,,19.1,,8.6,,9.5,,7.9,
2014-04-15,105,11.9,,16,,-1,,93,,97,,84,,10.7,,14.6,,-1.4,,45,,2.2,,5.7,,-0.2,,1001,,4.2,,3.2,,206,,40,,17.8,,9.7,,10.2,,9.3,
2014-04-16,106,-1.4,,3.5,,-5.9,,68,,98,,40,,-7,,-1.3,,-10.2,,6.3,,25.2,,50.5,,79.8,,1018,,2.3,,1.6,,319,,46,,11.3,,8.3,,9.5,,7.6,
2014-04-17,107,-0.1,,6.5,,-5.4,,57,,84,,32,,-8,,-4.8,,-11.3,,0,,24.7,,49.7,,115.4,,1032,,2.2,,1.8,,84,,33,,9.2,,7.1,,7.7,,6.2,
2014-04-18,108,1.4,,6.6,,-4.9,,71,,93,,47,,-3.6,,-1.3,,-5.9,,0,,16.3,,33,,70.4,,1023,,1.4,,0.8,,111,,50,,7,,6.7,,7.3,,5.9,
2014-04-19,109,7,,14.8,,-0.8,,55,,92,,29,,-2.4,,1.7,,-6.3,,0,,24,,48.3,,116.4,,1018,,1.7,,1.1,,320,,49,,9.9,,7.2,,8.4,,6.1,
2014-04-20,110,6.8,,14.5,,-1.8,,42,,79,,15,,-7.3,,-1.9,,-13.5,,0,,25.5,,51.3,,118,,1024,,1.5,,0.6,,161,,60,,7,,7.6,,8.8,,6.5,
2014-04-21,111,10.5,,19.6,,1.2,,36,,66,,11,,-6.1,,2,,-13,,0,,23.9,,48.7,,109.9,,1012,,1.9,,1.7,,216,,30,,7.7,,8.1,,9.3,,7,
2014-04-22,112,12.6,,20.1,,6.5,,62,,96,,29,,4.6,,9.7,,-0.2,,1.5,,15.3,,31.7,,75.8,,998,,1.9,,1.6,,218,,30,,10,,8.9,,9.8,,8.1,
2014-04-23,113,7.2,,9.7,,4,,78,,96,,52,,3.3,,9,,-3.7,,5.1,,5.6,,12.2,,14.1,,995,,2.2,,1.8,,308,,34,,12.5,,9.1,,9.6,,8.7,
2014-04-24,114,6.4,,12.3,,1.3,,38,,58,,24,,-7.3,,-2.6,,-11.6,,0,,26.6,,53.4,,128.7,,1003,,3.2,,2.6,,314,,33,,16,,8.5,,9.4,,7.6,
2014-04-25,115,8.9,,16.9,,-0.6,,37,,69,,15,,-6.1,,-1.7,,-11.2,,0,,24,,48.9,,125.4,,1008,,1.4,,0.5,,235,,65,,6.7,,8.6,,9.8,,7.4,
2014-04-26,116,5.1,,8.4,,2.7,,89,,95,,38,,3.3,,6.4,,-5.6,,23.6,,4.5,,10.1,,10.6,,1004,,1.3,,0.9,,116,,46,,4.9,,8.6,,9.4,,8.3,
2014-04-27,117,5.5,,9.2,,2.1,,80,,96,,59,,2.2,,4.9,,-0.3,,0.3,,10.8,,22.6,,42.1,,1009,,1.4,,1.1,,328,,39,,7.9,,8.5,,9.1,,8,
2014-04-28,118,7.8,,14.6,,0.5,,66,,93,,38,,1.4,,4.3,,-0.8,,0,,18.6,,38.9,,96.8,,1013,,1.8,,0.8,,28,,59,,9.1,,8.5,,9.5,,7.5,
2014-04-29,119,3.7,,6.2,,2,,82,,93,,63,,0.9,,4.1,,-0.7,,0.3,,9.3,,19.7,,37.7,,1023,,2.6,,2.2,,87,,31,,9.8,,8.7,,9.2,,8.4,
2014-04-30,120,3.1,,4.4,,1.5,,93,,95,,88,,2,,3.7,,0.6,,21.6,,4.9,,11.3,,14.6,,1022,,2.7,,2.4,,98,,27,,9.9,,7.9,,8.5,,7.6,
2014-05-01,121,10.4,,19.4,,3.6,,90,,97,,66,,8.8,,13.8,,2.9,,19.8,,11.4,,24.5,,62.4,,1004,,1.5,,0.4,,113,,68,,11.4,,8,,9.2,,7.3,
2014-05-02,122,10.8,,16.6,,5.2,,67,,96,,37,,4.3,,8.5,,1.2,,0.3,,14.6,,30.4,,68.5,,1002,,1.3,,0.8,,264,,45,,8.5,,9.3,,10.1,,8.5,
2014-05-03,123,11.7,,17.2,,6,,59,,85,,33,,3.3,,6.8,,0.4,,0,,14,,29.5,,78.1,,1003,,1.3,,1.1,,224,,35,,7,,9.8,,10.6,,9,
2014-05-04,124,8.5,,11.6,,6.3,,71,,94,,48,,3.3,,7.4,,-0.7,,0.8,,11.2,,23,,41.8,,998,,2.8,,2.4,,267,,29,,14.1,,10,,10.4,,9.6,
2014-05-05,125,9.7,,14.8,,5.4,,64,,86,,43,,3,,5.5,,1.7,,0,,16.3,,33.7,,91.4,,1004,,1.9,,1.4,,307,,38,,10.1,,10,,10.8,,9.3,
2014-05-06,126,8.9,,14.7,,2.4,,54,,93,,26,,-1,,4.1,,-6.6,,0,,19,,38.8,,92.6,,1007,,1.5,,1,,314,,43,,9.9,,10,,10.7,,9.1,
2014-05-07,127,10.4,,18,,2.2,,40,,68,,18,,-3.5,,2.6,,-7.3,,0,,25.9,,52,,138,,1015,,1.2,,0.7,,311,,49,,8.1,,10,,11.3,,8.8,
2014-05-08,128,12.6,,19.5,,4.5,,61,,93,,35,,4.8,,10.9,,-4.8,,0,,22.8,,47.4,,132.6,,1015,,1.4,,0.8,,209,,50,,7.2,,10.8,,12.1,,9.6,
2014-05-09,129,11,,13.5,,8.8,,94,,96,,84,,10.1,,13,,7.3,,2.3,,3,,9.1,,12,,1016,,1.9,,1.4,,128,,42,,8.3,,11.2,,11.7,,11.1,
2014-05-10,130,17.3,,25.9,,13.3,,86,,97,,39,,14.5,,17.7,,10.5,,2.3,,11.7,,26.6,,68.6,,1007,,2.2,,1.8,,210,,35,,10,,12,,13.2,,11.1,
2014-05-11,131,17.3,,23.7,,10.2,,40,,95,,15,,2,,13.4,,-5.7,,0,,27.3,,56.3,,165.3,,1009,,2,,1.6,,277,,33,,12,,13.2,,14.4,,12.2,
2014-05-12,132,19.8,,28.7,,9.4,,40,,66,,17,,4.5,,11.9,,0.6,,0,,26.3,,55.7,,164.8,,1014,,1.4,,0.4,,255,,67,,9.8,,13.6,,14.9,,12.3,
2014-05-13,133,9.7,,17.5,,6.2,,70,,84,,46,,4.3,,8,,2.9,,0,,11.2,,25.1,,70.6,,1018,,2.3,,2,,86,,30,,12.4,,13.5,,14.4,,12.9,
2014-05-14,134,14.1,,21.8,,5.7,,59,,87,,30,,5.4,,13.2,,0.6,,0,,15.2,,33.9,,108.6,,1019,,1.5,,1.1,,183,,41,,7.9,,12.9,,13.8,,12.1,
2014-05-15,135,18.1,,24.1,,14.1,,82,,96,,59,,14.9,,17.3,,12.2,,2.3,,12.2,,27.3,,85.9,,1018,,2.6,,2.3,,166,,27,,9.4,,13.8,,14.6,,13.2,
2014-05-16,136,17,,17.9,,15.3,,93,,96,,86,,15.8,,16.7,,14.4,,3.6,,4.6,,11,,8.7,,1012,,3.4,,3.1,,156,,26,,12.4,,14.3,,14.4,,14.1,
2014-05-17,137,14.4,,18.6,,7.4,,66,,96,,30,,7.2,,16.8,,-0.3,,15,,26.5,,54.4,,155.5,,1010,,2,,1.1,,237,,54,,12.5,,15.4,,16.7,,14.3,
2014-05-18,138,11.6,,18.3,,5,,50,,79,,20,,0.6,,6.9,,-5.8,,0,,24.7,,51,,135.6,,1014,,1.3,,0.9,,322,,39,,8.2,,14.9,,15.7,,13.8,
2014-05-19,139,11.6,,17.1,,5,,49,,73,,24,,0.5,,5.4,,-4.2,,0,,20.4,,41.8,,110.1,,1013,,1.3,,0.8,,326,,45,,9.2,,14,,14.7,,13,
2014-05-20,140,14.9,,22,,7.4,,43,,72,,18,,1.2,,6.3,,-4.9,,0,,27.1,,55.4,,160.3,,1011,,1.3,,0.9,,330,,45,,11.2,,14.2,,15.6,,13,
2014-05-21,141,16.4,,23.7,,7.9,,47,,73,,21,,3.9,,9.7,,-0.7,,0,,25.8,,53.2,,153.5,,1009,,1.3,,0.4,,167,,67,,9.1,,14.6,,15.9,,13.3,
2014-05-22,142,12.3,,15.9,,9.3,,86,,96,,66,,9.9,,12,,6,,9.9,E,7,,15.1,,20.3,,1008,,1.4,,1.1,,138,,37,,6.2,,14.4,,15.3,,14.1,
2014-05-23,143,11.9,,15.2,,9,,94,,96,,88,,11,,13.7,,8.1,,0.3,E,5.3,,11.3,,14.5,,1007,,1.3,,1,,117,,42,,7.4,,14.1,,14.4,,13.8,
2014-05-24,144,11.8,,17.6,,8.9,,86,,96,,58,,9.3,,11.9,,7.9,,4.8,E,11.9,,24.6,,66.9,,1012,,0.8,,0.3,,36,,62,,4.8,,14,,14.7,,13.5,
2014-05-25,145,15.7,,23.2,,9.1,,72,,97,,30,,9.7,,13.4,,4,,0.3,E,25.2,,52.5,,152.3,,1012,,1,,0.4,,276,,59,,7.1,,14.4,,16,,13.1,
2014-05-26,146,17.5,,23.3,,11.3,,70,,94,,44,,11.7,,15.6,,9.3,,0.5,E,15.9,,32.9,,87.5,,1009,,1,,0.8,,253,,36,,7.6,,15.2,,16.2,,14.2,
2014-05-27,147,15.3,,23.4,,6.6,,78,,95,,52,,11.1,,15.9,,5.8,,6.4,E,15,,30.9,,91.2,,1007,,1.6,,1.1,,89,,46,,11.3,,15.6,,16.4,,14.9,
2014-05-28,148,7.2,,9.1,,3.9,,93,,95,,85,,6.1,,7.7,,3.1,,6.6,,6.3,,13.1,,12.8,,1012,,1.7,,1.4,,68,,32,,8.5,,14.5,,15.6,,14,
2014-05-29,149,11.3,,18.5,,2.8,,66,,97,,30,,4,,7.8,,-0.1,,0,,27,,55.4,,155.8,,1017,,1.2,,0.7,,125,,50,,6.2,,13.9,,15.2,,12.7,
2014-05-30,150,12.8,,20.9,,8,,77,,95,,41,,8.5,,14.7,,5.9,,3.6,,17.6,,36.3,,97.9,,1013,,0.8,,0.1,,313,,70,,7.3,,14.5,,15.4,,13.7,
2014-05-31,151,11.7,,17.2,,6.5,,83,,96,,55,,8.7,,13.1,,4.9,,3,,16.2,,33.6,,64.2,,1017,,1.1,,0.7,,45,,48,,6.9,,14.5,,15.3,,13.7,
2014-06-01,152,16.1,,22.8,,7.2,,54,,92,,20,,5.3,,12.4,,-1.8,,0,,28.2,,57.3,,162.6,,1020,,1.1,,0.3,,211,,65,,5.7,,14.8,,16.3,,13.5,
2014-06-02,153,18.8,,26.1,,10.4,,51,,69,,33,,8.2,,13.8,,2.6,,0,,28.9,,59.7,,178.3,,1015,,1.1,,0.8,,203,,40,,6.4,,15.7,,17.2,,14.3,
2014-06-03,154,20.2,,28,,12.3,,66,,94,,40,,13.2,,17.4,,9.9,,4.3,,23.7,,49.5,,152.3,,1009,,1.4,,1,,142,,40,,8.3,,16.7,,18,,15.4,
2014-06-04,155,16.5,,22.1,,12.7,,87,,96,,67,,14.2,,17,,11.1,,1.5,,13.3,,27.1,,78.8,,1004,,1.1,,0.6,,136,,54,,4.6,,17.2,,17.9,,16.6,
2014-06-05,156,14.6,,17.9,,11.1,,91,,96,,69,,13.2,,14.8,,10.4,,8.9,,8.3,,17.5,,26.1,,1001,,0.7,,0.3,,80,,57,,4.2,,16.8,,17.4,,16.4,
2014-06-06,157,15.4,,20.9,,11.5,,74,,94,,47,,10.6,,14.4,,8.6,,0,,18.6,,38.3,,114.5,,1005,,1.1,,0.7,,310,,46,,7.6,,16.5,,17.4,,15.7,
2014-06-07,158,18.6,,26.2,,10.8,,65,,93,,33,,11.2,,14.4,,8,,0,,26.3,,54.6,,165.8,,1009,,1,,0.6,,339,,50,,6.4,,16.8,,18.1,,15.5,
2014-06-08,159,20.9,,27.1,,13.2,,59,,87,,31,,11.9,,17,,7.6,,0,,26.2,,53.4,,165.5,,1009,,0.9,,0.3,,203,,65,,5.7,,17.5,,18.8,,16.3,
2014-06-09,160,16.9,,21.8,,14.1,,80,,96,,53,,13.3,,16,,10.3,,3.3,,8,,16.1,,41.5,,1010,,0.7,,0.4,,225,,51,,6.1,,17.4,,18.2,,17,
2014-06-10,161,18.7,,25.3,,14.4,,82,,96,,59,,15.3,,19,,11.5,,0.3,,17.8,,37.2,,119.7,,1011,,1.3,,0.4,,89,,64,,10.9,,17.7,,18.8,,16.8,
2014-06-11,162,15,,18.5,,13,,76,,88,,49,,10.6,,13.6,,7.2,,0.8,,10.2,,21,,45.2,,1016,,1.4,,1.1,,87,,34,,7.1,,17.6,,18.3,,17.3,
2014-06-12,163,14.8,,17.8,,11.8,,88,,96,,75,,12.8,,16,,8.8,,0.3,,5.9,,12.8,,30.4,,1014,,1.8,,1.5,,105,,31,,7.3,,16.8,,17.3,,16.5,
2014-06-13,164,15.1,,16.6,,13.9,,95,,96,,91,,14.3,,15.5,,13.2,,7.4,,6.2,,13.5,,25.8,,1008,,1.8,,1.5,,87,,33,,8.7,,16.6,,17,,16.4,
2014-06-14,165,15.8,,20.9,,10.4,,83,,97,,54,,12.6,,17.6,,8.5,,0.3,,15.6,,31.5,,86.2,,1007,,0.9,,0.5,,293,,49,,7.3,,17.1,,18,,16.4,
2014-06-15,166,16.5,,23,,10.2,,65,,91,,41,,9.6,,14.3,,6,,0,,28.4,,58.7,,183.9,,1012,,1.4,,1,,317,,44,,10.4,,17.4,,18.9,,16.2,
2014-06-16,167,18.6,,25.5,,11.5,,55,,79,,22,,8.4,,13.5,,1.2,,0,,28.4,,58.1,,179,,1015,,0.9,,0.3,,242,,63,,6.1,,17.8,,19.2,,16.5,
2014-06-17,168,22.3,,29,,15.2,,66,,85,,35,,15.2,,20.1,,11,,0,,26.2,,54.3,,174.5,,1011,,1.3,,0.9,,215,,43,,7.8,,18.9,,20.4,,17.6,
2014-06-18,169,21.6,,26.5,,16.7,,74,,96,,43,,16.4,,19.4,,12,,6.6,,21.5,,44.8,,144.1,,1006,,1.4,,0.9,,272,,49,,9.5,,19.8,,20.9,,18.9,
2014-06-19,170,19.8,,25.3,,13.3,,57,,94,,20,,9.6,,15.9,,-0.2,,0,,26.3,,53.5,,168.1,,1010,,1.1,,0.6,,340,,51,,7.4,,20,,21.3,,19,
2014-06-20,171,15.5,,20.9,,8.6,,53,,84,,22,,5,,10.3,,-2.4,,0,,29,,59.2,,176.4,,1009,,1.1,,0.6,,339,,51,,11,,19.2,,20.3,,18,
2014-06-21,172,14.9,,22,,7.9,,60,,83,,32,,6.6,,10.8,,3.8,,0,,24.5,,50.3,,150.3,,1009,,1,,0.5,,353,,59,,6.6,,18.4,,19.4,,17.3,
2014-06-22,173,16.9,,23.2,,10.8,,61,,86,,36,,8.7,,13.8,,5.4,,0,,22.3,,45.5,,133.5,,1011,,0.8,,0.3,,6,,62,,5.5,,18.3,,19.2,,17.3,
2014-06-23,174,18.9,,26,,11.3,,65,,94,,34,,11.4,,15.5,,8.3,,0,,26.2,,54.2,,161.7,,1015,,1.4,,0.8,,168,,51,,6.9,,18.4,,19.8,,17.1,
2014-06-24,175,19.3,,24.8,,13.9,,68,,91,,47,,12.9,,15.6,,10.3,,0,,21.1,,44.9,,130.1,,1014,,2.1,,1.7,,200,,32,,8.7,,18.8,,19.8,,17.7,
2014-06-25,176,21.7,,27.8,,16.2,,77,,95,,57,,17.3,,20.7,,12.2,,19.6,,24.7,,52.5,,167.1,,1009,,1.9,,1.5,,200,,36,,8.2,,19.3,,20.8,,18,
2014-06-26,177,20.7,,26,,15.5,,85,,96,,57,,17.9,,20.7,,14.6,,3.8,,18.3,,38.7,,121.4,,1007,,1.1,,0.4,,5,,62,,6.5,,20.4,,21.5,,19.4,
2014-06-27,178,18.7,,25.3,,13.2,,73,,96,,36,,13.1,,16.7,,8.3,,0,,22.2,,46.3,,132.8,,1015,,0.8,,0.5,,47,,51,,5,,20.2,,21,,19.1,
2014-06-28,179,20.6,,27.8,,13.3,,64,,96,,29,,12.4,,17.6,,6.7,,0,,25.6,,52.9,,159.7,,1020,,0.9,,0.3,,109,,63,,4.5,,19.9,,21.2,,18.6,
2014-06-29,180,21.4,,27.6,,14.4,,64,,93,,31,,13.6,,18,,7.6,,0,,27,,56.1,,172.6,,1018,,1.1,,0.8,,209,,43,,5.8,,20.1,,21.5,,18.8,
2014-06-30,181,21.7,,28.4,,14.9,,68,,81,,45,,15.3,,19,,11.3,,0,,25.8,,55,,172.7,,1012,,1.3,,1.1,,215,,37,,7.2,,20.5,,21.8,,19.2,
2014-07-01,182,23.5,,29.1,,17.4,,74,,92,,56,,18.5,,21.7,,15.1,,0,,25.3,,53.6,,165.1,,1008,,1.8,,1.5,,201,,34,,9.8,,20.9,,22.1,,19.7,
2014-07-02,183,23.1,,30.9,,19.1,,82,,96,,56,,19.7,,23.6,,17.4,,40.1,,18.9,,40.6,,126.3,,1008,,1.5,,1.1,,198,,40,,9.9,,21.3,,22.5,,20.4,
2014-07-03,184,22.9,,28.9,,17.9,,85,,96,,60,,20.1,,23.3,,17.1,,24.4,,18.9,,40.4,,135.4,,1010,,1.1,,0.7,,214,,46,,22.5,,21.7,,23.1,,20.7,
2014-07-04,185,17.3,,19.9,,13.5,,94,,96,,82,,16.3,,18.5,,12.1,,17.8,,4.4,,9.7,,11.8,,1010,,1,,0.4,,292,,61,,9.4,,21.2,,22.2,,20.4,
2014-07-05,186,18.3,,24.2,,12.9,,56,,92,,30,,8.7,,12.4,,2.6,,0,,28.8,,59.1,,176.4,,1011,,1.8,,1.3,,287,,43,,11.3,,20.4,,21.5,,19.3,
2014-07-06,187,20.1,,26.1,,12.6,,58,,80,,33,,11.2,,15.1,,7.1,,0,,27.1,,56,,169.4,,1010,,1.4,,1,,232,,40,,9.6,,20.4,,21.7,,19.1,
2014-07-07,188,21.7,,28.5,,18.1,,77,,95,,53,,17.4,,20.4,,14.5,,14.2,,21.9,,46.5,,152.1,,1005,,1.7,,1.2,,204,,42,,12.4,,21.1,,22.4,,19.9,
2014-07-08,189,23.4,,28.4,,18.3,,79,,95,,58,,19.3,,22.1,,17.5,,4.3,,22.4,,47.4,,140.9,,1003,,2,,1.6,,196,,32,,9.8,,21.9,,23.1,,20.8,
2014-07-09,190,22.1,,27.7,,16.6,,76,,96,,45,,17.1,,19.6,,13.7,,33,,25.8,,54.1,,173.6,,1006,,1.5,,1,,222,,43,,8.4,,22.5,,23.8,,21.4,
2014-07-10,191,19,,25.2,,14.2,,72,,96,,35,,13.2,,16.9,,7.7,,0,,25.4,,52.4,,152.4,,1015,,0.9,,0.3,,307,,61,,6.3,,22,,23.1,,20.9,
2014-07-11,192,19,,25.6,,13.8,,66,,92,,32,,11.8,,16,,7.1,,0,,24.5,,51.5,,153.7,,1017,,1,,0.4,,62,,60,,5.1,,21.8,,22.8,,20.7,
2014-07-12,193,21,,27.5,,12.8,,66,,94,,38,,13.9,,18,,10.1,,0,,27.3,,56.5,,176.1,,1018,,1.2,,0.6,,190,,55,,6.4,,21.7,,23.2,,20.3,
2014-07-13,194,21.3,,26,,17.3,,79,,95,,63,,17.4,,20.5,,13.1,,1.8,,17.4,,36.5,,110.8,,1011,,2.3,,2,,192,,31,,11,,22,,22.7,,21.1,
2014-07-14,195,22.6,,26.9,,19.9,,84,,96,,54,,19.6,,21.5,,16.2,,3.8,,18.8,,39.7,,125.5,,1008,,1.2,,0.9,,202,,39,,7.2,,22.6,,23.7,,21.5,
2014-07-15,196,22.6,,26.2,,20.3,,90,,96,,69,,20.7,,22.3,,19.4,,6.9,,11.7,,24.8,,65,,1005,,1.5,,1.2,,195,,35,,8,,22.8,,23.5,,22.2,
2014-07-16,197,19.9,,23.6,,15.6,,87,,96,,66,,17.5,,20.1,,12.9,,20.6,,11.1,,23.1,,55,,1005,,0.9,,0.3,,229,,65,,7.6,,22.5,,23,,21.9,
2014-07-17,198,18.5,,24.5,,14.1,,71,,92,,40,,12.6,,15.9,,9.2,,0,,23,,47.3,,145.7,,1012,,0.8,,0.4,,306,,53,,6.6,,22.1,,23.1,,21,
2014-07-18,199,18.1,,25,,12.4,,71,,93,,34,,12.2,,16.4,,6.6,,0,,23.9,,48.6,,140.1,,1017,,0.7,,0.3,,353,,56,,4.1,,21.8,,22.8,,20.7,
2014-07-19,200,18.4,,23.1,,13.5,,78,,95,,53,,14.3,,17.5,,11.1,,0,,13.8,,27.9,,71.3,,1019,,0.8,,0.6,,84,,42,,4.8,,21.3,,21.8,,20.6,
2014-07-20,201,18.4,,24.2,,14.2,,73,,94,,37,,12.8,,16.4,,7.5,,0,,21.4,,44.6,,137.4,,1017,,1.2,,1,,85,,37,,6.3,,21.2,,22.4,,20.3,
2014-07-21,202,19.4,,26.8,,12.8,,72,,92,,39,,13.8,,18.2,,11.3,,0,,23.8,,49.8,,154.8,,1017,,0.9,,0.4,,64,,60,,4,,21.3,,22.6,,20.1,
2014-07-22,203,23.1,,29.1,,16.5,,74,,95,,48,,17.6,,20.3,,14.9,,0,,25.9,,54.5,,172.9,,1015,,1,,0.7,,213,,41,,6.1,,21.9,,23.4,,20.6,
2014-07-23,204,23.2,,29.7,,18.6,,82,,96,,58,,19.7,,22.5,,17.5,,13.7,,22.9,,48.3,,157.5,,1008,,1.4,,1.1,,205,,39,,8.9,,22.7,,24,,21.5,
2014-07-24,205,19.6,,24.8,,13.6,,76,,96,,42,,14.7,,19.4,,10.3,,1.3,,24.7,,51.4,,158.5,,1007,,1.1,,0.7,,327,,47,,7.1,,23,,24.1,,22.2,
2014-07-25,206,17.9,,25,,10.8,,73,,94,,42,,12.4,,16.5,,9.5,,0,,24.1,,48.7,,139.2,,1010,,0.8,,0.4,,330,,59,,5.1,,22.1,,23.2,,21,
2014-07-26,207,19.8,,25.4,,14.6,,74,,95,,40,,14.5,,16.9,,10.2,,0,,22.2,,45.9,,137.7,,1009,,1.1,,0.7,,214,,43,,7.2,,22,,23.1,,20.9,
2014-07-27,208,20,,25,,16.8,,90,,96,,71,,18.3,,20.6,,16,,12.4,,9.7,,20.4,,43.6,,1003,,1.4,,1.1,,189,,38,,9,,21.7,,22.2,,21.3,
2014-07-28,209,19.2,,26.2,,15.2,,90,,96,,61,,17.4,,20.6,,14.4,,34.5,,12.2,,25.8,,71.1,,997,,1.6,,0.7,,178,,59,,8.3,,21.4,,22.6,,20.9,
2014-07-29,210,16.8,,22.1,,13,,78,,96,,42,,12.5,,14.7,,8.4,,0,,21.3,,43.3,,131.9,,1005,,0.9,,0.5,,282,,55,,5.9,,21.2,,22.3,,20.2,
2014-07-30,211,17.3,,23.2,,12.8,,74,,95,,34,,12,,15.7,,5.5,,0,,22.4,,45.6,,141.8,,1012,,0.8,,0.1,,278,,72,,5,,21.4,,22.5,,20.4,
2014-07-31,212,18.9,,24.6,,13.1,,74,,92,,50,,13.9,,16.3,,11.2,,0,,18.1,,37.4,,103.7,,1014,,1.3,,1,,194,,41,,8.1,,21.2,,22.1,,20.2,
2014-08-01,213,21.2,,26.6,,16.8,,78,,94,,48,,17,,19.1,,14,,0,,20.6,,42.9,,137.4,,1017,,1.2,,0.9,,198,,39,,6.9,,21.8,,22.9,,20.7,
2014-08-02,214,18.6,,22.5,,13.6,,82,,95,,53,,15.2,,18,,11.7,,0,,13.7,,28.4,,77.5,,1017,,1,,0.7,,120,,42,,5.8,,21.8,,22.4,,21.4,
2014-08-03,215,17.7,,23.8,,12.6,,84,,96,,50,,14.6,,17.5,,11.9,,0,,14.2,,30,,81.2,,1015,,0.7,,0.3,,88,,56,,4.7,,21.1,,21.7,,20.4,
2014-08-04,216,20.7,,26.7,,16.3,,83,,96,,55,,17.5,,20.9,,15.3,,0,,18.9,,40.1,,126.3,,1013,,0.7,,0.3,,254,,55,,4.7,,21.5,,22.6,,20.5,
2014-08-05,217,21.4,,27.9,,16.6,,76,,96,,37,,16.5,,19.4,,11.3,,0,,23.8,,49.8,,153.9,,1011,,0.8,,0.2,,250,,63,,7.7,,21.9,,23.2,,20.8,
2014-08-06,218,19.4,,24.6,,14.6,,74,,95,,41,,14.2,,18.3,,9.6,,0,,19.5,,40.8,,109.9,,1007,,0.9,,0.5,,323,,52,,8,,22.2,,23.1,,21.4,
2014-08-07,219,16.4,,22.9,,11.5,,74,,93,,47,,11.4,,16.2,,9.1,,0,,19.9,,41,,106.8,,1008,,0.8,,0.4,,327,,55,,6.8,,21.3,,22.1,,20.4,
2014-08-08,220,17.9,,24.6,,11.4,,71,,94,,39,,12.1,,15.4,,9.4,,0,,22.4,,46.6,,129.7,,1013,,0.8,,0.4,,337,,54,,6,,20.8,,21.9,,19.6,
2014-08-09,221,19.5,,26.9,,14.2,,69,,88,,33,,13.2,,17.8,,9.1,,0,,21.1,,44.1,,122.7,,1014,,0.8,,0.4,,354,,51,,6.2,,20.8,,21.9,,19.7,
2014-08-10,222,20.7,,27.4,,15,,63,,84,,32,,13,,17.9,,8.7,,0,,22.9,,46.8,,133.7,,1016,,0.7,,0.3,,18,,56,,4.2,,20.9,,22.1,,19.7,
2014-08-11,223,21.2,,28.3,,14.8,,68,,94,,30,,14.4,,19,,8.3,,0,,23.4,,49.3,,143,,1016,,1,,0.4,,196,,60,,6.2,,21.2,,22.4,,20,
2014-08-12,224,20.1,,24.3,,16.9,,75,,94,,48,,15.2,,17.2,,10.8,,0,,16.3,,33.5,,92,,1013,,1.7,,1.5,,151,,31,,7.7,,21.2,,21.8,,20.5,
2014-08-13,225,17.5,,19.7,,14.4,,93,,96,,84,,16.4,,17.6,,13.8,,49.3,E,3.8,,8.7,,4.5,,1003,,2,,1.2,,114,,52,,13.2,,20.2,,21.1,,19.5,
2014-08-14,226,15.3,,21.2,,11.2,,76,,97,,41,,10.5,,14.1,,6.7,,0,,23.4,,48,,117.9,,1004,,1.3,,0.6,,272,,55,,8.5,,19.8,,20.9,,18.9,
2014-08-15,227,13.8,,17.6,,11,,80,,92,,56,,10.3,,12.2,,8,,0.3,,9.9,,20.8,,44.8,,1007,,0.8,,0.4,,276,,51,,4.8,,19.5,,20.1,,19.1,
2014-08-16,228,16.4,,21.8,,11.4,,73,,92,,46,,11.2,,13.6,,9,,0,,19.8,,40.4,,115.6,,1009,,0.9,,0.6,,227,,42,,7.1,,19.4,,20.4,,18.5,
2014-08-17,229,17.2,,22.6,,12.9,,78,,93,,54,,13.1,,15.9,,11,,0,,15.9,,33,,91.2,,1006,,0.9,,0.3,,280,,62,,7.3,,19.9,,20.7,,19.1,
2014-08-18,230,16,,22.5,,11,,69,,94,,32,,9.8,,13.3,,4.3,,0,,24,,49.3,,137.6,,1006,,1,,0.5,,334,,53,,7.4,,19.7,,20.8,,18.7,
2014-08-19,231,16.4,,24.2,,9.5,,68,,91,,31,,9.9,,13.8,,5.4,,0,,24.6,,51.1,,143.3,,1008,,0.8,,0.4,,356,,59,,5,,19.6,,20.7,,18.4,
2014-08-20,232,19.1,,26.5,,12.6,,72,,95,,43,,13.4,,17.6,,10.4,,0,,21.9,,46,,133.1,,1012,,1.1,,0.6,,90,,54,,4.6,,20,,21.2,,18.8,
2014-08-21,233,16.8,,20.7,,14.5,,84,,96,,63,,13.9,,17,,11,,3.6,,7.8,,16.6,,36.5,,1014,,1.2,,1.1,,79,,30,,5.8,,19.9,,20.4,,19.5,
2014-08-22,234,16.1,,19.9,,14.2,,90,,96,,73,,14.5,,16,,13.4,,0.8,,7.2,,15.2,,27.3,,1014,,1.4,,1.2,,79,,30,,5.9,,19.7,,20,,19.3,
2014-08-23,235,16.4,,21.1,,12.2,,81,,94,,57,,13,,15.5,,11.3,,0,,13.8,,28.9,,82.6,,1015,,1,,0.8,,66,,32,,6.4,,19.7,,20.4,,19.1,
2014-08-24,236,18.1,,25,,11.6,,76,,96,,42,,13.3,,16.6,,10.6,,0,,21.6,,45.4,,129.5,,1016,,0.8,,0.6,,54,,39,,5.7,,19.7,,20.8,,18.6,
2014-08-25,237,21.1,,28.8,,15,,71,,92,,36,,14.9,,18.7,,11.5,,0,,22.8,,48,,139,,1016,,0.8,,0.5,,349,,52,,4.5,,20.2,,21.5,,19,
2014-08-26,238,21.6,,28.6,,15.8,,74,,96,,42,,16.4,,19.1,,13.2,,0,,21.7,,45.9,,129.2,,1016,,0.9,,0.3,,223,,60,,5.1,,20.6,,21.8,,19.5,
2014-08-27,239,22,,28.3,,16.4,,81,,95,,58,,18.4,,21.8,,15.6,,0,,19.4,,41.2,,124.6,,1010,,0.9,,0.6,,224,,39,,6.6,,21.1,,22.2,,19.9,
2014-08-28,240,18.1,,23.4,,11.3,,70,,92,,39,,12.1,,17.3,,7.9,,0,,19.3,,40.1,,102.2,,1007,,1,,0.6,,329,,50,,7.9,,20.9,,21.5,,20.2,
2014-08-29,241,16.1,,23.2,,10.1,,74,,91,,45,,11,,15,,8.6,,0,,19.7,,40.8,,102,,1015,,0.9,,0.1,,173,,75,,4.4,,19.9,,20.8,,18.9,
2014-08-30,242,17.6,,23.1,,12.6,,79,,96,,51,,13.5,,16.5,,11.2,,0,,18.2,,38.4,,108.7,,1018,,1.6,,1.3,,200,,35,,7.6,,19.7,,20.6,,18.9,
2014-08-31,243,21.3,,25.3,,18.1,,88,,96,,74,,19.2,,21.3,,16.3,,0.8,,9.2,,19.2,,61.4,,1012,,1.5,,1.2,,212,,35,,7.2,,20.1,,20.8,,19.6,
2014-09-01,244,23.1,,28.7,,19.8,,83,,96,,56,,19.8,,21.4,,17.4,,0,,17.5,,37.5,,105,,1010,,0.8,,0.4,,237,,54,,4.7,,21.1,,22.1,,20.2,
2014-09-02,245,23.6,,28.7,,20.5,,86,,96,,60,,20.9,,22.8,,18.9,,2.8,,15.4,,33.1,,89.4,,1007,,1.2,,0.8,,196,,44,,8.1,,21.6,,22.5,,20.7,
2014-09-03,246,19.6,,25.6,,15.5,,76,,95,,40,,14.9,,21.2,,10.2,,3.6,,18.8,,39.6,,97.7,,1011,,1,,0.5,,291,,56,,6.9,,21.6,,22.4,,20.8,
2014-09-04,247,19.7,,26.4,,12.5,,73,,95,,45,,14.3,,17.6,,11.6,,0.3,,21.2,,44.9,,118.8,,1016,,1.1,,0.5,,187,,60,,7.2,,20.9,,22,,19.7,
2014-09-05,248,22.3,,28.1,,16.1,,80,,95,,59,,18.6,,21.2,,15.1,,0,,19.8,,42.4,,120.5,,1014,,1.5,,1.1,,202,,40,,9.5,,21.1,,22.2,,20,
2014-09-06,249,22.4,,29,,16,,86,,95,,58,,19.8,,23,,15,,18.8,,13.7,,29.3,,87.7,,1008,,1.5,,0.9,,219,,49,,12,,21.8,,22.7,,21.2,
2014-09-07,250,16.9,,22.6,,12,,75,,96,,35,,12,,16,,5.5,,1,,21.1,,43.8,,112.5,,1014,,0.8,,0.4,,359,,53,,5.5,,21.4,,22.3,,20.5,
2014-09-08,251,15.5,,21.4,,11.3,,69,,89,,42,,9.5,,12.6,,7,,0,,18.1,,38,,89.1,,1023,,1.4,,1.2,,86,,34,,6.6,,20.2,,21,,19.4,
2014-09-09,252,14.2,,18.7,,10,,76,,94,,56,,9.8,,12.1,,7.6,,0,,15,,31.5,,70.3,,1020,,1.8,,1.5,,83,,31,,7.4,,19.3,,19.9,,18.6,
2014-09-10,253,14.9,,19.2,,12.2,,85,,96,,63,,12.2,,14.1,,10.9,,0,,10.9,,22.7,,58.8,,1015,,1.1,,0.8,,88,,41,,5.3,,19.1,,19.7,,18.5,
2014-09-11,254,17.1,,21.2,,12.7,,90,,96,,77,,15.4,,19.2,,10.9,,0.8,,3.5,,7.7,,-0.5,,1007,,2,,1.4,,202,,43,,9.3,,18.9,,19.1,,18.6,
2014-09-12,255,13,,19,,6.4,,74,,95,,49,,8.3,,11.2,,5,,0,,20.6,,42.8,,106.9,,1014,,1.1,,0.7,,330,,50,,7.4,,18.6,,19.5,,17.8,
2014-09-13,256,10.8,,15.2,,5.7,,87,,96,,70,,8.7,,11.9,,4.6,,7.4,,6.8,,14.6,,25.7,,1017,,1.4,,1,,91,,41,,6.8,,17.6,,18.4,,17.1,
2014-09-14,257,10.1,,16.1,,6.3,,80,,96,,48,,6.6,,9.4,,4.1,,0.3,,19.5,,39.6,,86.9,,1016,,1,,0.5,,328,,53,,6.6,,17.1,,18.1,,16.1,
2014-09-15,258,9.9,,16.7,,4.2,,78,,95,,42,,5.8,,9.4,,2.3,,0,,15.6,,32.3,,78.4,,1016,,0.7,,0.2,,32,,65,,4.7,,16.9,,17.6,,16.1,
2014-09-16,259,11.7,,16.5,,8.6,,86,,96,,69,,9.3,,12.5,,5.8,,0.5,,7.2,,15,,19.7,,1010,,0.7,,0.1,,111,,69,,4.6,,16.7,,17.3,,16.2,
2014-09-17,260,11.4,,18.7,,6.2,,76,,96,,38,,6.9,,9.7,,2.5,,0,,20.1,,41.1,,99.7,,1010,,0.8,,0.3,,338,,65,,5.3,,16.6,,17.7,,15.5,
2014-09-18,261,12.2,,20.3,,6.3,,76,,96,,44,,7.7,,11.8,,2.8,,0.3,,17.1,,35.3,,81.3,,1011,,0.8,,0.4,,349,,58,,5.8,,16.6,,17.7,,15.5,
2014-09-19,262,7.6,,13.5,,2.9,,64,,88,,33,,0.6,,3.5,,-3.5,,0,,19.8,,40.1,,83.1,,1021,,1.2,,0.7,,96,,54,,6.2,,16.1,,16.9,,15.3,
2014-09-20,263,12.8,,19.7,,4.6,,79,,91,,63,,9.2,,13.7,,1.6,,0,,8.7,,17.9,,40.9,,1018,,2,,1.6,,182,,34,,9.2,,15.7,,16.4,,14.9,
2014-09-21,264,18.9,,23.5,,14.5,,93,,96,,78,,17.6,,20.5,,13.3,,3,,6.6,,13.9,,22.6,,1005,,1.5,,1.2,,179,,35,,7.2,,16.8,,17.9,,16.1,
2014-09-22,265,13,,18.9,,5.3,,72,,96,,45,,7.7,,18.3,,2.9,,0,,17.5,,36.1,,84.1,,1004,,1.5,,1.1,,268,,41,,11.4,,17.4,,18.1,,16.8,
2014-09-23,266,11.2,,19.1,,4.3,,72,,94,,40,,5.9,,10.4,,2.3,,0,,18.5,,39.1,,87.9,,1019,,0.9,,0.3,,252,,67,,5.3,,16.2,,17.1,,15.2,
2014-09-24,267,13,,18.8,,9,,77,,95,,46,,8.8,,10.6,,6.1,,0,,15.4,,31.7,,68.3,,1029,,1.6,,1.3,,87,,33,,6.8,,16.2,,17,,15.4,
2014-09-25,268,11.5,,14.8,,8.7,,85,,96,,63,,8.9,,10.5,,7.3,,0,,6.3,,13.1,,23.2,,1022,,0.9,,0.8,,63,,30,,4.1,,16,,16.4,,15.6,
2014-09-26,269,15.8,,23.5,,9.2,,75,,94,,43,,10.9,,13.9,,8.1,,0,,18.1,,37.7,,87.9,,1017,,0.8,,0.5,,22,,50,,5.6,,16.2,,17.4,,15.3,
2014-09-27,270,17.9,,26.3,,11.4,,78,,95,,46,,13.5,,17.7,,10.5,,0.3,,17.3,,36.4,,81.4,,1016,,0.7,,0.4,,343,,53,,4.3,,16.6,,17.8,,15.6,
2014-09-28,271,19,,27.1,,13.4,,81,,96,,49,,15.3,,18.5,,12.7,,0.3,,16.7,,34.9,,79.4,,1013,,0.7,,0.1,,208,,74,,4.9,,17.2,,18.3,,16.1,
2014-09-29,272,16.8,,23.6,,11.7,,84,,96,,52,,13.8,,16.6,,11.1,,0,,9.7,,20.3,,47.5,,1009,,1.2,,0.9,,85,,38,,8.5,,17.4,,18,,16.7,
2014-09-30,273,12.6,,14.3,,11.2,,93,,96,,88,,11.5,,12.4,,10.4,,1.5,,4,,8.4,,22,,1010,,1.4,,1.2,,78,,33,,6.7,,17.1,,17.6,,16.8,
2014-10-01,274,12.5,,13.5,,11.7,,95,,96,,92,,11.7,,12.6,,11,,11.4,,2.5,,5.6,,0.8,,1013,,1.3,,1.1,,59,,35,,6.4,,16.6,,16.9,,16.4,
2014-10-02,275,11.5,,15.9,,7,,92,,96,,76,,10.2,,12.5,,6.3,,2.8,,5.6,,12.2,,11.8,,1015,,1.1,,0.9,,61,,37,,6.2,,16.1,,16.6,,15.8,
2014-10-03,276,11.5,,17.8,,6.1,,81,,96,,50,,7.9,,10.6,,5.5,,0.3,,16.1,,34.8,,78.4,,1011,,1.3,,1,,97,,37,,6.3,,15.7,,16.5,,14.8,
2014-10-04,277,11.9,,15.3,,8.9,,96,,97,,95,,11.3,,14.6,,8.1,,26.7,,2.2,,5.1,,0.2,,999,,1.7,,1.2,,125,,45,,10.4,,15.6,,15.9,,15.5,
2014-10-05,278,7.8,,14.1,,3.4,,76,,96,,32,,3.1,,8.3,,-2.9,,0.3,,16.7,,34.5,,52.1,,1003,,1.1,,0.4,,295,,61,,6.8,,15.2,,15.7,,14.5,
2014-10-06,279,9.9,,17.2,,2,,76,,97,,45,,5.3,,9.5,,1.5,,0,,15.5,,32.4,,59.1,,1012,,1.7,,1.2,,169,,44,,8,,14.5,,15.2,,13.7,
2014-10-07,280,15.6,,20,,11,,80,,91,,56,,12,,14,,9.1,,0,,7.4,,15.9,,25.9,,1011,,2.7,,2.3,,175,,29,,11.4,,14.9,,15.5,,14.4,
2014-10-08,281,14.7,,19.2,,8.9,,72,,94,,42,,9.4,,14.1,,0.7,,6.1,,11,,23.2,,40.2,,1003,,2.1,,1.3,,219,,48,,15,,15.6,,16.2,,15.1,
2014-10-09,282,9.9,,16.3,,5.1,,60,,81,,32,,2.1,,5.8,,-1.7,,0,,14.5,,29.8,,50,,1008,,1.2,,0.9,,262,,42,,9.3,,14.8,,15.5,,14.2,
2014-10-10,283,8.2,,14.3,,3.6,,70,,94,,39,,2.6,,5.8,,-0.1,,0,,14.5,,29.7,,55.8,,1012,,1.1,,0.5,,286,,58,,8.2,,14,,14.6,,13.3,
2014-10-11,284,7.3,,12.5,,5.4,,86,,96,,65,,5,,8.2,,2.4,,4.8,,7.3,,15.1,,13.1,,1013,,0.8,,0.4,,49,,54,,4.7,,13.6,,14,,13.2,
2014-10-12,285,7.8,,15.1,,3.1,,77,,96,,37,,3.5,,6.1,,-0.5,,0,,15.3,,31.9,,53.5,,1017,,0.8,,0.4,,1,,53,,6.2,,13.2,,13.8,,12.5,
2014-10-13,286,9.7,,13.1,,3.2,,84,,95,,72,,7,,11.6,,2.4,,0,,4.5,,9.7,,13.9,,1019,,1.1,,0.8,,199,,41,,7.2,,12.9,,13.3,,12.3,
2014-10-14,287,16.9,,22.8,,12.6,,88,,97,,63,,14.7,,18.2,,11.4,,0.5,,6.9,,14.6,,21,,1017,,1.9,,1.6,,200,,31,,8.9,,14,,14.9,,13.3,
2014-10-15,288,19.6,,23.2,,16.6,,87,,95,,67,,17.3,,19.5,,15.4,,1.3,,5.3,,11.5,,16,,1012,,2.2,,1.9,,176,,32,,9,,15.3,,16.1,,14.7,
2014-10-16,289,17.9,,19.8,,14.2,,95,,96,,91,,17.1,,18.9,,13.5,,38.9,,1.9,,4.5,,-6.2,,1003,,2.1,,1.7,,158,,36,,8.7,,16.6,,17.1,,16,
2014-10-17,290,15.2,,20,,12.6,,80,,97,,47,,11.5,,13.8,,7.8,,0,,11.4,,24,,41.6,,999,,1.6,,1.3,,212,,37,,8.3,,16.6,,17.1,,16.3,
2014-10-18,291,12.8,,15.6,,9.2,,88,,95,,76,,10.8,,14.1,,6.7,,1.3,,3.4,,7.4,,-9.9,,997,,1.4,,1,,216,,44,,7.2,,15.9,,16.4,,15.6,
2014-10-19,292,6,,9.8,,-0.6,,68,,90,,49,,0.5,,7.8,,-4.4,,0.3,,9.5,,19.6,,32.2,,1004,,1.7,,1.4,,300,,37,,10.6,,15,,15.7,,14.3,
2014-10-20,293,5.2,,11.1,,-1.8,,68,,88,,46,,-0.4,,3.8,,-4.6,,0,,11.2,,23.5,,41.2,,1009,,1.2,,0.9,,218,,41,,7.2,,13.5,,14.3,,12.9,
2014-10-21,294,10.2,,15.2,,6,,83,,96,,64,,7.4,,10.3,,3.6,,0,,5.5,,12,,21,,1008,,1.5,,1.1,,86,,42,,6.2,,13.4,,13.8,,13,
2014-10-22,295,8.1,,9.1,,7,,93,,96,,90,,7.1,,8.3,,5.9,,14,,3,,6.5,,2.3,,1009,,2.3,,1.8,,46,,38,,12.7,,13.6,,13.7,,13.2,
2014-10-23,296,8,,9.5,,6.7,,95,,96,,93,,7.2,,8.6,,5.9,,74.9,,2.1,,4.8,,1.6,,1001,,1.8,,1.3,,17,,44,,9.8,,11.6,,13.2,,10.9,
2014-10-24,297,6.9,,8.6,,5.5,,89,,96,,77,,5.2,,7.2,,3.4,,3.6,,3.3,,7.3,,5.8,,1000,,1.6,,1.3,,314,,35,,8,,11.7,,11.9,,11.5,
2014-10-25,298,9.5,,16.2,,3.5,,74,,94,,41,,4.8,,8,,1.4,,0,,12.1,,25.3,,42.2,,998,,1.1,,0.8,,263,,45,,6.7,,11.7,,12.2,,11.1,
2014-10-26,299,7.9,,10.6,,5.6,,74,,86,,56,,3.5,,6.3,,1.8,,0,,5.1,,10.6,,5,,995,,1.7,,1.5,,275,,31,,10.2,,11.8,,12,,11.5,
2014-10-27,300,8.3,,14.3,,4.3,,70,,87,,44,,2.9,,4.6,,1.6,,0,,11.4,,24,,35.5,,1006,,1.4,,1,,277,,43,,8.4,,11.6,,12.1,,11.2,
2014-10-28,301,11.3,,18.1,,3.8,,76,,93,,53,,7.1,,11.6,,2.1,,0,,9.4,,20.1,,30.3,,1009,,1.5,,0.8,,152,,54,,7.4,,11.6,,12.3,,11,
2014-10-29,302,11.8,,17.5,,3.9,,88,,96,,64,,9.9,,14,,3.2,,2.8,,2.8,,6.3,,-1.9,,1006,,1.2,,0.6,,225,,54,,6.9,,12.3,,12.8,,12,
2014-10-30,303,5.7,E,10.4,E,2.8,E,NA,M,NA,M,NA,M,NA,M,NA,M,NA,M,0,,NA,M,NA,M,NA,M,NA,M,NA,M,NA,M,NA,M,NA,M,NA,M,11.8,E,11.9,E,11.4,E
2014-10-31,304,5.7,,9.2,,1.4,,73,,94,,56,,1,,2.6,,-0.5,,0,,5.9,,12.5,,19.5,,1016,,1.4,,1.2,,80,,29,,7.4,,11.1,,11.4,,10.8,
2014-11-01,305,3.4,,5.2,,1.7,,83,,93,,63,,0.7,,2.9,,-2.4,,6.3,,2,,4.6,,-5.7,,1010,,1.6,,1.2,,30,,41,,8,,10.8,,11.2,,10.4,
2014-11-02,306,1.5,,3.6,,-0.4,,62,,93,,33,,-5.6,,0.8,,-12.8,,0,,5.8,,11.9,,-6,,1007,,3.1,,2.5,,322,,36,,16.9,,10,,10.4,,9.4,
2014-11-03,307,3.1,,10.2,,-3.1,,49,,74,,19,,-7.2,,-1.3,,-15.2,,0,,13.2,,25.9,,17.3,,1014,,1.4,,1.1,,281,,34,,9.9,,8.8,,9.4,,8.3,
2014-11-04,308,9.8,,14.8,,2.7,,46,,74,,28,,-1.8,,1.8,,-4.9,,0,,9.1,,18.5,,21.3,,1017,,1.6,,1.2,,194,,34,,8.8,,9,,9.7,,8.4,
2014-11-05,309,10.3,,14.7,,4.9,,56,,73,,37,,1.8,,5.6,,-1.7,,0,,5.9,,12,,3.3,,1016,,1.4,,0.9,,242,,43,,8.6,,9.8,,10.3,,9.4,
2014-11-06,310,5.7,,8,,4.7,,81,,96,,55,,2.5,,5.4,,-1.5,,7.6,,1.6,,3.6,,-2.9,,1010,,1.1,,0.8,,67,,44,,7.5,,9.6,,9.9,,9.4,
2014-11-07,311,3.1,,5.5,,0.3,,81,,97,,62,,0.1,,4.5,,-4.5,,0.3,,3.7,,6.9,,1.3,,1002,,2,,1.7,,305,,32,,11.1,,9.5,,9.6,,9.2,
2014-11-08,312,1.8,,6.5,,-3.6,,60,,83,,39,,-5.4,,-2.5,,-7.4,,0,,11.9,,23.3,,21.9,,1011,,1.8,,1.3,,237,,42,,9,,8.7,,9.2,,8.3,
2014-11-09,313,4.9,,10.8,,0.1,,65,,81,,45,,-1.3,,1.9,,-3,,0,,5.8,,11.8,,8,,1012,,1.1,,0.5,,223,,58,,5.7,,8.7,,9.1,,8.4,
2014-11-10,314,5.9,,12.2,,-0.2,,64,,84,,36,,-0.9,,1.9,,-3,,0,,9,,17.7,,12.3,,1020,,1.1,,0.6,,178,,54,,5.3,,8.6,,9,,8.1,
2014-11-11,315,9.9,,14.9,,4.7,,79,,94,,62,,6.4,,10.4,,0.3,,0,,6.7,,13.4,,14.3,,1018,,1.8,,1.5,,172,,33,,8.4,,8.9,,9.6,,8.4,
2014-11-12,316,9.5,,17.2,,0.3,,81,,97,,60,,6.3,,11,,-3.8,,0,,7,,14.1,,15.3,,1013,,1.3,,0.7,,224,,52,,10.4,,10,,10.6,,9.5,
2014-11-13,317,2.1,,6.9,,-2.1,,68,,96,,42,,-3.7,,-0.7,,-5.6,,1.3,,9.5,,18.4,,20.7,,1015,,0.9,,0.7,,290,,35,,6.1,,9.1,,10,,8.6,
2014-11-14,318,-0.7,,2.8,,-4.6,,81,,97,,46,,-3.8,,-0.8,,-8.6,,2.5,,10,,18.2,,4.2,,1013,,1.1,,0.9,,283,,30,,8.9,,8.6,,9,,8.1,
2014-11-15,319,-3,,2.4,,-6.6,,68,,92,,36,,-8.6,,-6.2,,-12,,0,,11.5,,21.6,,5.9,,1021,,0.9,,0.7,,280,,33,,7.2,,7.2,,8.1,,6.7,
2014-11-16,320,-0.9,,2.7,,-5.9,,63,,87,,45,,-7.2,,-4.4,,-9.2,,0,,5.3,,11,,11.7,,1021,,1.6,,1.3,,198,,35,,8.2,,6.1,,6.7,,5.7,
2014-11-17,321,1.3,,4.6,,-0.3,,93,,97,,64,,0.2,,4.1,,-5.1,,24.4,,1.2,,2.8,,3.1,,1007,,1.2,,0.5,,118,,59,,8.1,,6.1,,6.3,,5.9,
2014-11-18,322,-3.2,,2.2,,-7.5,,62,,97,,34,,-9.9,,1.8,,-17.3,,0,,8,,14.9,,-13.8,,1004,,2.7,,2.4,,268,,26,,12,,6.1,,6.3,,5.6,
2014-11-19,323,-5,,-0.7,,-9.2,,48,,66,,29,,-14.7,,-11.8,,-17.6,,0,,11,,20.4,,-0.4,,1015,,2.4,,2,,237,,35,,10.2,,4.8,,5.6,,4.5,
2014-11-20,324,-1.4,,3.9,,-6,,55,,73,,34,,-9.4,,-6.8,,-13.6,,0,,9.2,,17,,4.3,,1009,,2.5,,2,,242,,36,,12.1,,4.4,,4.7,,4.2,
2014-11-21,325,-5.5,,-1.5,,-8.8,,58,,84,,38,,-12.7,,-9.8,,-16.5,,0,,8.7,,16.3,,-11.6,,1018,,2,,1.8,,282,,28,,12,,4,,4.6,,3.7,
2014-11-22,326,-2.6,,2.5,,-8.6,,54,,77,,30,,-11.3,,-6.2,,-13.5,,0,,7.4,,14.6,,10.6,,1022,,2.3,,2,,230,,28,,12.4,,3.3,,3.7,,3.1,
2014-11-23,327,6.3,,12,,1.8,,54,,69,,45,,-2.3,,1.9,,-7,,0,,7.3,,14.5,,17.5,,1018,,1.6,,1.3,,219,,34,,7.4,,3.9,,4.9,,3.1,
2014-11-24,328,12.5,,16.4,,5.3,,88,,97,,54,,10.4,,14.6,,-2.3,,14.5,,1.7,,3.9,,-4.8,,1007,,3.2,,2.4,,182,,41,,13.6,,5.9,,7.2,,4.8,
2014-11-25,329,10,,14.1,,3.4,,64,,91,,38,,3.1,,11.6,,-3.5,,0,,3.9,,7.6,,-13.1,,1012,,1.6,,1.4,,240,,29,,6.8,,7.4,,7.7,,7.2,
2014-11-26,330,0.6,,3.6,,-2,,86,,97,,64,,-1.7,,-0.5,,-3.4,,38.4,,0.2,,0.5,,-8.2,,1015,,0.3,Q,0.1,Q,345,Q,38,Q,5.5,Q,6.5,,7.2,,6.2,
2014-11-27,331,-2.5,,-1.4,,-4.2,,92,,97,,86,,-3.6,,-2.3,,-5.2,,2.5,,0.6,,1.3,,-23.8,,1011,,0,Q,0,Q,0,Q,0,Q,0,Q,6,,6.2,,5.8,
2014-11-28,332,-4.9,,-1.3,,-9.8,,87,,95,,66,,-6.7,,-4.4,,-11.2,,0,,1.7,,2,,-35.2,,1015,,0.3,Q,0.3,Q,269,Q,22,Q,7.2,Q,5.6,,5.8,,5.5,
2014-11-29,333,-6,,-1.9,,-11.2,,80,,92,,64,,-9.1,,-5.3,,-12.7,,0,,2.6,,2.3,,-16.8,,1023,,1.2,,0.9,,181,,37,,9,,5.4,,5.5,,5.4,
2014-11-30,334,4,,7.7,,-3,,79,,89,,68,,0.7,,2.9,,-5.4,,0,,4,,8.2,,10.6,,1018,,2.8,,2.5,,194,,27,,10.5,,5.3,,5.4,,5.1,
2014-12-01,335,5.9,,11.8,,0.5,,73,,83,,60,,1.3,,5.4,,-5.6,,0.0,,6.9,,13.3,,3.9,,1019,,1.7,,1.2,,260,,45,,8.2,,5.0,,5.1,,4.8,
2014-12-02,336,-2.0,,0.7,,-3.6,,71,,96,,50,,-6.7,,-1.2,,-10.9,,2.5,,4.1,,8.1,,-2.1,,1033,,1.6,,1.1,,72,,43,,7.5,,4.7,,4.9,,4.6,
2014-12-03,337,1.6,,4.9,,-0.9,,95,,98,,70,,0.9,,4.5,,-5.0,,14.7,,1.5,,3.3,,-8.5,,1017,,1.9,,1.2,,234,,46,,15.1,,4.5,,4.6,,4.4,
2014-12-04,338,-1.3,,2.4,,-5.4,,66,,84,,46,,-7.0,,-4.3,,-9.0,,0.0,,7.5,,14.0,,-12.8,,1025,,1.8,,1.4,,277,,40,,9.7,,4.2,,4.4,,4.1,
2014-12-05,339,-2.5,,1.6,,-7.0,,71,,94,,45,,-7.3,,-0.4,,-13.8,,5.1,,7.4,,14.2,,7.2,,1032,,1.9,,1.6,,94,,31,,7.2,,3.5,,4.1,,3.3,
2014-12-06,340,0.5,,1.4,,-0.1,,96,,97,,92,,0.0,,1.0,,-0.8,,21.8,,1.0,,2.4,,2.5,,1022,,0.9,,0.3,,9,,59,,7.2,,3.5,,3.6,,3.4,
2014-12-07,341,-3.9,,0.5,,-10.7,,65,,93,,41,,-9.8,,-0.6,,-17.1,,0.0,,8.4,,15.3,,-8.9,,1029,,2.0,,1.6,,347,,37,,10.9,,3.6,,3.7,,3.4,
2014-12-08,342,-8.3,,-4.3,,-12.3,,74,,94,,52,,-12.3,,-5.2,,-20.1,,0.0,,2.6,,5.5,,-8.2,,1034,,1.6,,1.3,,66,,31,,7.9,,2.8,,3.4,,2.4,
2014-12-09,343,0.1,,2.4,,-4.7,,95,,97,,93,,-0.6,,1.5,,-5.5,,37.3,,0.5,,1.4,,-0.8,,1014,,2.8,,2.2,,53,,37,,13.0,,2.1,,2.4,,1.8,
2014-12-10,344,0.9,,2.1,,-0.6,,96,,98,,94,,0.4,,1.4,,-0.9,,11.4,,1.0,,2.2,,5.2,,999,,1.1,,0.8,,351,,43,,7.5,,2.3,,2.7,,1.9,
2014-12-11,345,-2.1,,-0.4,,-3.6,,97,,98,,96,,-2.6,,-0.7,,-4.2,,3.8,,0.8,,1.7,,-6.0,,1002,,1.3,,1.2,,255,,26,,5.0,,2.8,,3.0,,2.7,
2014-12-12,346,-3.3,,-1.1,,-5.3,,94,,96,,88,,-4.2,,-2.2,,-6.0,,0.0,,1.6,,2.7,,-18.7,,1009,,1.0,,0.9,,278,,23,,6.3,,3.1,,3.2,,3.0,
2014-12-13,347,-2.1,,2.8,,-4.1,,88,,95,,70,,-3.9,,-1.2,,-5.3,,0.0,,3.9,,4.8,,-37.7,,1009,,1.3,,1.1,,296,,31,,8.7,,3.2,,3.3,,3.1,
2014-12-14,348,-0.8,,2.7,,-4.7,,85,,96,,72,,-3.0,,-1.4,,-5.7,,0.0,,7.2,,14.0,,-8.1,,1008,,1.4,,1.1,,320,,34,,7.9,,3.1,,3.3,,3.1,
2014-12-15,349,-0.8,,2.4,,-4.1,,83,,96,,66,,-3.4,,-2.5,,-5.0,,0.0,,7.3,,14.1,,-5.1,,1015,,1.5,,1.0,,333,,44,,8.2,,3.2,,3.3,,3.1,
2014-12-16,350,-0.1,,2.8,,-3.7,,93,,97,,84,,-1.0,,2.4,,-4.5,,3.8,,1.6,,3.4,,-4.0,,1017,,1.7,,1.5,,110,,30,,6.0,,2.9,,3.2,,2.7,
2014-12-17,351,2.5,,5.4,,-0.5,,95,,97,,88,,1.7,,4.3,,-1.5,,10.4,,3.1,,6.3,,6.7,,1008,,1.7,,0.6,,314,,65,,7.2,,3.3,,3.9,,2.9,
2014-12-18,352,0.2,,2.3,,-1.2,,81,,95,,69,,-2.7,,-1.2,,-4.1,,0.0,,3.2,,6.4,,5.4,,1007,,2.2,,2.0,,276,,26,,10.1,,3.6,,3.8,,3.5,
2014-12-19,353,-2.5,,-1.1,,-5.9,,76,,83,,69,,-6.2,,-3.7,,-8.4,,0.0,,2.1,,4.3,,-5.7,,1013,,1.8,,1.5,,308,,33,,8.1,,3.4,,3.6,,3.2,
2014-12-20,354,-3.4,,1.1,,-8.1,,75,,92,,46,,-7.4,,-4.1,,-10.0,,0.0,,7.9,,15.0,,8.7,,1022,,1.2,,0.8,,62,,45,,6.6,,2.7,,3.2,,2.4,
2014-12-21,355,-2.0,,0.0,,-3.5,,88,,92,,77,,-3.8,,-2.5,,-5.2,,0.0,,3.4,,6.6,,-1.0,,1024,,0.8,,0.6,,48,,33,,4.3,,2.5,,2.8,,2.4,
2014-12-22,356,0.0,,2.6,,-1.7,,89,,97,,78,,-1.6,,0.9,,-3.4,,0.0,,4.0,,7.9,,15.0,,1025,,1.9,,1.7,,84,,25,,7.1,,2.9,,3.2,,2.7,
2014-12-23,357,2.8,,3.9,,1.2,,95,,97,,94,,2.1,,3.1,,0.5,,7.4,,1.4,,3.1,,2.9,,1020,,2.3,,2.1,,78,,26,,9.6,,3.4,,3.7,,3.2,
2014-12-24,358,4.3,,9.1,,2.3,,96,,97,,95,,3.7,,8.6,,1.7,,10.2,,1.0,,2.4,,6.2,,1011,,2.1,,1.7,,89,,33,,8.9,,3.9,,4.3,,3.7,
2014-12-25,359,7.8,,13.8,,2.7,,77,,98,,54,,3.8,,13.4,,-3.4,,3.3,,2.7,,5.1,,-5.9,,1004,,3.3,,2.6,,256,,39,,18.0,,5.0,,5.4,,4.3,
2014-12-26,360,2.6,,6.7,,-1.7,,70,,89,,51,,-2.5,,-0.6,,-3.5,,0.0,,8.1,,15.0,,-4.3,,1018,,1.8,,1.6,,275,,25,,11.3,,4.6,,5.0,,4.3,
2014-12-27,361,3.3,,8.4,,-1.6,,74,,90,,57,,-1.1,,1.4,,-3.3,,0.0,,8.1,,14.9,,5.1,,1019,,1.1,,0.8,,248,,39,,7.2,,3.8,,4.4,,3.5,
2014-12-28,362,3.8,,6.3,,-0.4,,78,,96,,63,,0.2,,5.1,,-5.7,,2.5,,2.0,,3.9,,-11.4,,1011,,2.0,,1.6,,257,,35,,9.3,,4.1,,4.5,,3.8,
2014-12-29,363,-1.4,,2.9,,-5.2,,60,,83,,37,,-8.5,,-5.1,,-13.2,,0.0,,8.1,,15.0,,-14.1,,1016,,1.6,,1.4,,277,,30,,8.8,,3.7,,4.3,,3.3,
2014-12-30,364,-7.4,,-3.5,,-11.1,,52,,78,,13,,-16.4,,-11.7,,-28.2,,0.0,,8.2,,15.2,,-24.1,,1023,,1.1,,0.9,,290,,38,,7.2,,2.7,,3.3,,2.2,
2014-12-31,365,-8.8,,-3.7,,-12.1,,60,,76,,37,,-15.3,,-12.4,,-17.8,,0.0,,8.5,,15.0,,-13.7,,1019,,1.4,,1.0,,276,,41,,9.0,,1.8,,2.2,,1.6,
2015-01-01,1,-5.8,,-2.4,,-10.8,,52,,75,,37,,-14.2,,-10.5,,-15.9,,0.0,,8.9,,16.3,,-13.8,,1011,,2.6,,2.3,,233,,27,,9.7,,1.4,,1.6,,1.3,
2015-01-02,2,-2.2,,1.1,,-4.9,,55,,63,,42,,-10.2,,-7.6,,-12.2,,0.0,,4.1,,7.4,,-10.8,,1017,,2.4,,2.1,,267,,29,,14.2,,1.2,,1.3,,1.1,
2015-01-03,3,-5.8,,-1.4,,-8.8,,71,,95,,50,,-10.6,,-2.2,,-14.3,,6.6,,2.8,,5.4,,-0.0,,1029,,1.7,,1.3,,108,,37,,9.0,,1.1,,1.1,,1.0,
2015-01-04,4,1.9,,6.2,,-1.6,,97,,98,,95,,1.5,,5.8,,-2.3,,0.0,,1.0,,2.2,,-0.2,,1007,,1.7,,0.8,,204,,55,,9.1,,1.0,,1.0,,0.9,
2015-01-05,5,-5.0,,2.5,,-13.6,,58,,98,,37,,-12.2,,2.1,,-21.8,,0.0,,8.2,,14.4,,-19.8,,1014,,3.8,,3.4,,280,,27,,15.1,,0.9,,1.0,,0.9,
2015-01-06,6,-12.9,,-10.9,,-14.8,,78,,90,,55,,-16.1,,-13.1,,-20.9,,0.0,,2.7,,5.2,,-18.8,,1019,,1.1,,0.9,,242,,35,,7.0,,0.9,,0.9,,0.9,
2015-01-07,7,-13.4,,-8.2,,-20.9,,68,,90,,30,,-18.5,,-11.9,,-27.7,,0.0,,4.3,,8.8,,-27.4,,1009,,2.1,,1.8,,276,,31,,14.0,,0.9,,0.9,,0.8,
2015-01-08,8,-16.1,,-10.0,,-23.7,,54,,64,,42,,-23.3,,-17.4,,-29.9,,0.0,,9.5,,17.8,,-38.7,,1018,,2.2,,1.7,,240,,39,,8.8,,0.8,,0.8,,0.7,
2015-01-09,9,-9.0,,-4.9,,-12.2,,71,,91,,51,,-13.5,,-8.0,,-19.5,,3.0,,5.0,,9.6,,-19.9,,1012,,2.9,,2.5,,235,,32,,14.4,,0.7,,0.7,,0.7,
2015-01-10,10,-11.9,,-7.4,,-15.6,,61,,90,,33,,-18.5,,-14.3,,-22.9,,0.0,,9.7,,17.2,,-33.7,,1022,,1.3,,1.1,,268,,29,,8.8,,0.7,,0.7,,0.6,
2015-01-11,11,-9.3,,-3.0,,-16.2,,55,,74,,35,,-16.9,,-9.0,,-20.5,,0.0,,4.8,,9.7,,-7.0,,1030,,1.5,,1.2,,221,,35,,7.6,,0.6,,0.7,,0.6,
2015-01-12,12,-1.9,,-0.5,,-4.2,,90,,98,,55,,-3.5,,-1.0,,-9.7,,4.8,,1.3,,2.8,,1.9,,1020,,1.5,,1.2,,225,,39,,8.3,,0.6,,0.6,,0.6,
2015-01-13,13,-11.6,,-2.1,,-18.8,,66,,92,,41,,-16.8,,-3.3,,-22.4,,0.0,,8.2,,14.3,,-49.4,,1029,,1.4,,1.1,,344,,36,,7.5,,0.6,,0.6,,0.6,
2015-01-14,14,-12.0,,-7.4,,-19.4,,84,,91,,77,,-14.2,,-8.8,,-22.1,,0.0,,1.7,,3.7,,-9.9,,1026,,0.6,,0.2,,15,,60,,3.7,,0.6,,0.6,,0.6,
2015-01-15,15,-8.0,,-4.0,,-10.5,,81,,91,,70,,-10.6,,-7.4,,-13.0,,0.0,,3.3,,7.1,,-24.6,,1013,,1.0,,0.7,,311,,42,,5.2,,0.6,,0.6,,0.5,
2015-01-16,16,-7.2,,-0.3,,-14.3,,59,,78,,34,,-14.2,,-6.7,,-24.7,,0.0,,5.5,,10.7,,-42.5,,1007,,2.4,,1.9,,272,,33,,13.2,,0.5,,0.6,,0.5,
2015-01-17,17,-12.3,,-6.2,,-19.5,,45,,73,,20,,-22.6,,-11.4,,-26.5,,0.0,,10.2,,19.8,,-20.0,,1022,,1.6,,0.7,,228,,59,,7.9,,0.5,,0.5,,0.5,
2015-01-18,18,1.3,,7.6,,-7.5,,91,,97,,73,,0.0,,6.4,,-11.5,,36.8,E,1.2,,2.6,,-0.8,,1011,,2.5,,1.9,,178,,42,,12.1,,0.4,,0.5,,-0.0,
2015-01-19,19,-0.6,,1.4,,-3.6,,84,,98,,70,,-3.0,,1.0,,-7.7,,0.0,,2.5,,4.8,,-13.5,,1004,,2.0,,1.8,,268,,25,,9.6,,0.1,,0.2,,-0.0,
2015-01-20,20,-4.5,,-1.1,,-8.2,,58,,76,,32,,-11.8,,-7.0,,-16.2,,0.0,,9.4,,16.8,,-11.3,,1008,,2.4,,2.2,,274,,25,,10.6,,0.2,,0.3,,0.2,
2015-01-21,21,-7.0,,-2.8,,-11.9,,59,,80,,34,,-14.0,,-10.2,,-17.9,,0.0,,7.0,,12.7,,-18.6,,1016,,1.0,,0.5,,345,,55,,5.4,,0.3,,0.3,,0.3,
2015-01-22,22,-3.1,,0.3,,-6.4,,71,,82,,57,,-7.7,,-5.9,,-10.8,,0.0,,6.4,,12.4,,-0.3,,1020,,1.6,,0.3,,12,,73,,5.8,,0.3,,0.3,,0.3,
2015-01-23,23,-5.2,,0.1,,-10.9,,66,,83,,45,,-10.6,,-7.6,,-14.5,,0.0,,10.3,,18.4,,-12.3,,1018,,1.3,,1.1,,245,,31,,7.5,,0.3,,0.3,,0.3,
2015-01-24,24,-2.2,,-0.2,,-4.6,,90,,96,,71,,-3.6,,-1.4,,-7.8,,9.4,,0.5,,1.0,,-10.6,,998,,1.1,,0.4,,264,,64,,5.6,,0.3,,0.3,,0.3,
2015-01-25,25,-4.1,,-0.6,,-11.7,,63,,94,,31,,-10.7,,-3.3,,-18.4,,0.3,,9.9,,16.3,,-64.0,,1002,,2.3,,2.0,,275,,31,,12.5,,0.3,,0.3,,0.3,
2015-01-26,26,-10.9,,-7.4,,-14.6,,67,,86,,43,,-16.0,,-10.8,,-21.6,,0.3,,5.4,,10.3,,-3.9,,1013,,2.0,,1.6,,55,,35,,10.3,,0.3,,0.4,,0.3,
2015-01-27,27,-11.8,,-10.1,,-13.8,,85,,89,,77,,-13.8,,-11.6,,-16.9,,4.6,,3.5,,7.4,,2.1,,1001,,2.9,,2.2,,347,,40,,16.0,,0.3,,0.4,,0.3,
2015-01-28,28,-11.0,,-6.0,,-15.0,,60,,78,,39,,-17.6,,-13.8,,-22.1,,0.0,,8.0,,15.8,,-17.8,,1011,,2.2,,1.9,,322,,31,,11.1,,0.4,,0.4,,0.3,
2015-01-29,29,-6.3,,2.1,,-16.0,,42,,89,,15,,-18.2,,-5.5,,-23.1,,1.5,,11.6,,21.2,,-17.5,,1019,,1.5,,0.6,,172,,59,,8.3,,0.4,,0.4,,0.3,
2015-01-30,30,-4.3,,-1.8,,-13.0,,86,,96,,64,,-6.5,,-2.9,,-18.3,,1.3,,1.4,,2.8,,-19.7,,1007,,2.1,,1.0,,286,,60,,13.3,,0.4,,0.4,,0.4,
2015-01-31,31,-13.6,,-9.3,,-17.2,,49,,66,,29,,-22.3,,-18.1,,-25.2,,0.0,,12.6,,23.0,,-30.1,,1012,,2.8,,2.4,,308,,31,,15.0,,0.4,,0.4,,0.4,
2015-02-01,32,-9.8,,-2.8,,-17.7,,55,,87,,29,,-17.7,,-11.8,,-23.2,,0.0,,12.2,,22.8,,-12.9,,1015,,1.2,,0.6,,308,,56,,6.9,,0.4,,0.4,,0.4,
2015-02-02,33,-12.6,,-9.9,,-15.1,,84,,88,,44,,-14.8,,-12.7,,-20.1,,7.1,,1.5,,3.5,,-3.1,,1003,,2.4,,1.5,,46,,49,,15.2,,0.4,,0.4,,0.4,
2015-02-03,34,-14.0,,-7.6,,-20.2,,75,,85,,55,,-17.6,,-13.0,,-22.7,,1.3,,10.6,,20.0,,-23.9,,1016,,1.5,,1.1,,290,,36,,12.2,,0.4,,0.4,,0.4,
2015-02-04,35,-5.6,,-0.0,,-13.0,,73,,96,,61,,-9.7,,-1.6,,-17.1,,4.6,,4.9,,9.8,,-3.0,,1017,,2.0,,1.8,,211,,28,,9.4,,0.4,,0.4,,0.4,
2015-02-05,36,-7.6,,-0.7,,-17.5,,75,,97,,35,,-11.8,,-1.1,,-23.7,,5.6,,3.3,,5.3,,-25.3,,1012,,2.1,,1.5,,308,,43,,13.0,,0.4,,0.4,,0.4,
2015-02-06,37,-14.2,,-7.6,,-20.6,,61,,71,,48,,-20.1,,-15.8,,-24.9,,0.0,,9.7,,18.5,,-21.4,,1015,,1.5,,1.2,,256,,36,,9.8,,0.4,,0.4,,0.4,
2015-02-07,38,-7.5,,-5.1,,-11.6,,78,,93,,63,,-10.8,,-6.5,,-16.8,,0.3,,4.2,,8.7,,-3.5,,1014,,1.6,,1.3,,236,,33,,7.0,,0.4,,0.4,,0.4,
2015-02-08,39,-8.6,,-5.0,,-12.8,,88,,93,,83,,-10.2,,-5.9,,-14.9,,2.0,,2.1,,4.7,,-4.6,,1014,,2.0,,1.7,,76,,31,,8.9,,0.4,,0.4,,0.4,
2015-02-09,40,-11.0,,-9.1,,-12.4,,86,,88,,84,,-12.9,,-11.0,,-14.4,,2.0,,3.0,,6.4,,5.3,,1016,,2.4,,2.1,,56,,31,,10.9,,0.4,,0.4,,0.4,
2015-02-10,41,-6.1,,0.6,,-10.5,,81,,88,,61,,-9.0,,-5.2,,-12.3,,8.1,,7.2,,14.2,,-6.1,,1016,,1.2,,0.9,,359,,39,,7.4,,0.4,,0.5,,0.4,
2015-02-11,42,-8.8,,-3.1,,-12.8,,59,,89,,30,,-15.8,,-11.2,,-18.8,,0.0,,13.9,,25.4,,-21.0,,1013,,1.3,,0.9,,65,,42,,8.7,,0.4,,0.5,,0.4,
2015-02-12,43,-8.1,,-3.8,,-13.6,,79,,93,,57,,-11.1,,-5.2,,-17.0,,0.3,,3.2,,6.5,,-10.6,,1005,,1.3,,0.6,,238,,58,,8.4,,0.5,,0.5,,0.4,
2015-02-13,44,-15.4,,-10.6,,-19.7,,49,,72,,27,,-24.2,,-14.8,,-27.0,,0.0,,14.9,,27.8,,-22.8,,1011,,2.4,,2.1,,291,,29,,11.2,,0.5,,0.5,,0.4,
2015-02-14,45,-12.9,,-7.3,,-19.1,,71,,90,,47,,-17.2,,-8.8,,-25.4,,2.0,,4.2,,8.4,,-6.2,,1005,,1.7,,0.8,,118,,56,,9.1,,0.5,,0.5,,0.5,
2015-02-15,46,-14.7,,-11.2,,-23.1,,75,,89,,49,,-18.4,,-12.7,,-29.9,,0.8,,7.7,,14.4,,-15.1,,1000,,3.1,,2.6,,316,,32,,16.7,,0.5,,0.5,,0.4,
2015-02-16,47,-17.5,,-9.5,,-25.9,,44,,66,,24,,-27.3,,-23.5,,-30.7,,0.0,,15.5,,28.9,,-19.7,,1012,,2.1,,1.8,,287,,32,,13.3,,0.5,,0.5,,0.5,
2015-02-17,48,-12.0,,-5.1,,-17.1,,50,,65,,37,,-20.5,,-13.6,,-25.1,,0.0,,9.4,,18.6,,-1.8,,1009,,0.8,,0.2,,320,,65,,4.4,,0.5,,0.5,,0.5,
2015-02-18,49,-7.9,,-0.8,,-15.8,,61,,92,,30,,-14.8,,-7.4,,-21.1,,0.0,,15.0,,27.4,,-13.1,,1006,,1.1,,0.5,,143,,61,,6.7,,0.5,,0.5,,0.5,
2015-02-19,50,-11.0,,-6.7,,-17.0,,74,,93,,51,,-14.9,,-7.7,,-23.9,,0.0,,5.2,,9.5,,-20.8,,1000,,2.1,,1.8,,272,,28,,12.2,,0.5,,0.5,,0.5,
2015-02-20,51,-16.1,,-10.4,,-19.8,,50,,66,,33,,-24.2,,-22.0,,-26.5,,0.0,,15.8,,29.2,,-21.6,,1014,,2.6,,2.4,,275,,25,,13.4,,0.5,,0.5,,0.5,
2015-02-21,52,-10.2,,-3.3,,-19.9,,69,,95,,35,,-15.2,,-4.0,,-24.3,,5.1,,7.7,,15.2,,-6.1,,1022,,2.6,,2.3,,204,,28,,14.1,,0.5,,0.6,,0.5,
2015-02-22,53,-2.2,,2.3,,-5.0,,87,,96,,61,,-4.1,,-1.5,,-7.7,,2.8,,9.3,,17.1,,-10.5,,1017,,1.1,,0.9,,263,,35,,6.1,,0.6,,0.6,,0.5,
2015-02-23,54,-11.2,,-4.4,,-21.6,,49,,83,,30,,-20.3,,-7.4,,-27.4,,0.0,,15.7,,28.6,,-14.1,,1019,,2.8,,2.5,,278,,26,,12.5,,0.6,,0.6,,0.5,
2015-02-24,55,-15.7,,-8.2,,-24.6,,56,,87,,27,,-23.1,,-12.6,,-28.6,,0.0,,14.0,,26.7,,-8.0,,1016,,1.5,,1.2,,197,,35,,8.5,,0.6,,0.6,,0.6,
2015-02-25,56,-7.1,,-0.9,,-11.9,,61,,93,,32,,-14.3,,-10.0,,-18.8,,0.0,,17.0,,30.9,,-11.6,,1006,,2.1,,1.8,,271,,32,,12.2,,0.6,,0.6,,0.6,
2015-02-26,57,-9.6,,-5.0,,-12.6,,51,,67,,32,,-18.1,,-14.3,,-21.3,,0.0,,8.7,,17.3,,4.1,,1014,,1.0,,0.6,,10,,48,,5.9,,0.6,,0.6,,0.6,
2015-02-27,58,-10.5,,-4.3,,-15.4,,43,,62,,24,,-21.2,,-19.1,,-23.7,,0.0,,17.6,,33.2,,-10.7,,1023,,1.3,,1.0,,304,,38,,7.0,,0.6,,0.6,,0.6,
2015-02-28,59,-10.3,,-1.5,,-17.6,,49,,75,,20,,-19.9,,-17.4,,-22.6,,0.0,,18.1,,33.5,,-12.8,,1034,,1.0,,0.8,,282,,38,,6.2,,0.6,,0.6,,0.6,
2015-03-01,60,-8.3,,-5.1,,-14.3,,70,,93,,35,,-13.1,,-6.8,,-19.4,,2.5,,6.5,,13.0,,-0.4,,1028,,1.5,,1.1,,208,,41,,9.2,,0.6,,0.6,,0.6,
2015-03-02,61,-4.8,,-0.9,,-7.2,,69,,94,,39,,-10.2,,-5.2,,-14.5,,0.8,,12.5,,23.3,,-11.1,,1014,,2.7,,2.4,,279,,27,,16.6,,0.6,,0.7,,0.6,
2015-03-03,62,-7.1,,-1.2,,-13.7,,63,,96,,32,,-13.7,,-1.7,,-18.4,,6.9,,11.6,,21.8,,-3.8,,1019,,1.8,,1.1,,205,,47,,13.4,,0.6,,0.7,,0.6,
2015-03-04,63,0.8,,3.7,,-1.3,,84,,98,,64,,-1.9,,0.9,,-4.9,,1.8,,6.4,,13.0,,0.9,,1006,,2.1,,1.8,,262,,32,,10.1,,0.7,,0.7,,0.6,
2015-03-05,64,-5.6,,0.1,,-12.3,,48,,71,,32,,-14.9,,-4.5,,-21.8,,0.0,,3.4,,7.0,,-4.0,,1015,,2.1,,1.7,,310,,34,,9.4,,0.7,,0.7,,0.6,
2015-03-06,65,-10.4,,-3.9,,-17.8,,41,,65,,21,,-21.8,,-16.0,,-25.9,,0.0,,19.4,,36.7,,-5.7,,1025,,1.4,,0.7,,263,,56,,6.1,,0.7,,0.7,,0.7,
2015-03-07,66,-5.7,,0.9,,-12.9,,56,,81,,29,,-13.7,,-7.4,,-17.5,,0.0,,16.0,,30.6,,-2.1,,1016,,1.6,,1.4,,239,,30,,8.0,,0.7,,0.7,,0.7,
2015-03-08,67,-2.3,,3.9,,-6.4,,65,,89,,36,,-8.4,,-2.7,,-13.2,,0.0,,9.7,,18.1,,-7.8,,1014,,1.7,,1.5,,272,,28,,13.2,,0.7,,0.7,,0.7,
2015-03-09,68,0.9,,6.4,,-3.8,,50,,62,,32,,-8.7,,-5.6,,-10.6,,0.0,,18.1,,33.0,,0.3,,1018,,1.9,,1.6,,258,,34,,11.8,,0.7,,0.7,,0.7,
2015-03-10,69,3.2,,8.6,,-4.1,,59,,96,,28,,-4.9,,3.5,,-10.0,,0.8,,11.4,,21.4,,8.3,,1021,,1.8,,1.2,,204,,44,,9.9,,0.7,,0.8,,0.7,
2015-03-11,70,5.6,,11.4,,0.7,,69,,97,,33,,-0.6,,5.5,,-5.6,,0.0,,17.3,,31.4,,10.8,,1011,,2.3,,2.0,,275,,27,,12.2,,0.8,,0.8,,0.7,
2015-03-12,71,-0.9,,2.6,,-6.2,,40,,70,,20,,-13.6,,-3.8,,-20.2,,0.0,,20.5,,37.5,,4.2,,1024,,2.6,,2.1,,315,,36,,13.1,,0.6,,0.7,,0.5,
2015-03-13,72,-2.8,,3.5,,-9.6,,38,,68,,16,,-16.2,,-7.3,,-21.4,,0.0,,15.6,,28.9,,8.1,,1029,,1.5,,1.0,,217,,46,,8.8,,0.6,,0.6,,0.5,
2015-03-14,73,-0.3,,2.1,,-2.3,,90,,97,,67,,-1.7,,1.5,,-7.5,,8.1,,2.6,,5.6,,-3.0,,1013,,1.8,,0.7,,104,,64,,9.6,,0.6,,0.6,,0.6,
2015-03-15,74,-0.4,,3.3,,-4.4,,79,,98,,55,,-3.7,,0.1,,-11.9,,0.3,,6.3,,11.9,,-3.7,,1003,,2.5,,1.9,,303,,38,,16.2,,0.6,,0.6,,0.6,
2015-03-16,75,0.6,,7.7,,-5.7,,49,,75,,23,,-9.7,,-5.2,,-14.4,,0.0,,17.5,,31.9,,13.3,,1010,,1.3,,0.9,,299,,40,,8.3,,0.6,,0.6,,0.6,
2015-03-17,76,0.9,,8.4,,-4.8,,67,,96,,33,,-5.1,,3.4,,-18.0,,2.5,,6.3,,12.1,,-12.3,,1001,,2.3,,1.7,,288,,40,,18.1,,0.6,,0.6,,0.6,
2015-03-18,77,-6.5,,-3.2,,-9.6,,34,,53,,19,,-20.1,,-14.3,,-24.2,,0.0,,21.4,,39.9,,7.7,,1010,,3.5,,3.1,,298,,29,,16.5,,0.6,,0.7,,0.6,
2015-03-19,78,-6.4,,-0.7,,-13.0,,35,,59,,21,,-19.8,,-14.6,,-22.6,,0.0,,22.1,,41.1,,12.7,,1020,,1.9,,1.5,,302,,36,,13.0,,0.7,,0.7,,0.6,
2015-03-20,79,-5.8,,-1.7,,-10.5,,59,,90,,24,,-13.6,,-6.4,,-21.1,,1.0,,7.0,,13.9,,2.2,,1022,,0.9,,0.5,,161,,52,,6.6,,0.7,,0.7,,0.7,
2015-03-21,80,-0.7,,4.1,,-5.4,,80,,93,,57,,-3.8,,-0.5,,-6.8,,0.8,,10.3,,20.3,,-2.5,,1011,,1.4,,1.1,,242,,37,,8.9,,0.7,,0.7,,0.7,
2015-03-22,81,-5.6,,-0.1,,-11.1,,42,,70,,24,,-16.8,,-5.9,,-22.6,,0.0,,22.6,,41.5,,19.7,,1012,,3.4,,3.0,,286,,29,,13.5,,0.7,,0.8,,0.7,
2015-03-23,82,-7.5,,-1.6,,-12.5,,41,,62,,22,,-19.0,,-14.6,,-25.2,,0.0,,22.9,,43.4,,16.6,,1016,,2.5,,2.1,,288,,31,,11.4,,0.8,,0.8,,0.7,
2015-03-24,83,-3.8,,4.4,,-11.3,,48,,70,,28,,-13.7,,-7.7,,-17.3,,0.0,,22.0,,41.8,,19.8,,1023,,1.1,,0.8,,333,,43,,7.2,,0.8,,0.8,,0.7,
2015-03-25,84,0.7,,8.5,,-6.6,,58,,97,,24,,-8.0,,0.2,,-12.1,,2.3,,20.6,,38.2,,31.6,,1023,,2.0,,1.4,,206,,41,,9.3,,0.7,,0.8,,0.7,
2015-03-26,85,3.4,,5.8,,0.4,,97,,97,,96,,2.9,,5.2,,-0.0,,12.9,,4.8,,10.0,,20.3,,1008,,1.4,,0.8,,230,,50,,8.3,,0.6,,0.8,,0.1,
2015-03-27,86,2.1,,5.9,,-0.0,,87,,98,,65,,0.1,,2.1,,-2.2,,2.5,,6.9,,13.4,,9.5,,1005,,0.8,,0.6,,325,,38,,5.1,,0.3,,0.4,,0.2,
2015-03-28,87,-2.4,,0.5,,-7.0,,85,,95,,47,,-4.8,,-1.8,,-16.0,,4.8,,7.4,,14.0,,-30.8,,1009,,1.8,,1.5,,329,,31,,8.6,,0.4,,0.4,,0.3,
2015-03-29,88,-2.7,,4.9,,-10.6,,39,,72,,15,,-15.9,,-8.9,,-21.5,,0.0,,24.3,,43.7,,10.4,,1017,,1.2,,0.8,,294,,48,,8.5,,0.5,,0.5,,0.4,
2015-03-30,89,0.2,,4.5,,-2.4,,67,,89,,32,,-5.5,,-1.4,,-15.9,,0.0,,5.3,,10.2,,-8.4,,1008,,2.5,,2.1,,225,,33,,12.0,,0.5,,0.6,,0.5,
2015-03-31,90,1.9,,6.8,,-2.3,,57,,84,,30,,-6.3,,-3.2,,-11.1,,0.0,,15.9,,28.9,,24.0,,1006,,1.6,,1.3,,272,,36,,9.1,,0.6,,0.6,,0.6,
2015-04-01,91,0.1,,5.2,,-4.7,,33,,66,,15,,-15.0,,-7.0,,-20.1,,0.0,,24.6,,44.7,,37.7,,1013,,1.5,,1.1,,318,,38,,11.8,,0.6,,0.7,,0.6,
2015-04-02,92,4.8,,13.3,,-4.2,,40,,59,,24,,-7.9,,0.0,,-17.5,,0.0,,17.7,,32.5,,42.6,,1015,,2.3,,1.9,,208,,29,,12.2,,0.7,,0.7,,0.6,
2015-04-03,93,9.6,,14.9,,5.3,,71,,96,,55,,4.4,,8.2,,-0.4,,1.8,,8.4,,15.7,,41.9,,1007,,1.5,,1.1,,231,,41,,7.8,,0.6,,0.6,,0.6,
2015-04-04,94,3.3,,7.1,,-2.3,,68,,97,,31,,-2.8,,6.6,,-13.5,,3.6,,13.9,,25.1,,41.5,,1006,,2.6,,2.0,,289,,37,,14.9,,0.5,,0.6,,0.4,
2015-04-05,95,0.4,,4.1,,-3.1,,56,,79,,22,,-7.9,,-4.2,,-16.6,,0.0,,16.5,,30.1,,40.1,,1018,,2.1,,1.9,,264,,29,,11.9,,0.5,,0.5,,0.4,
2015-04-06,96,4.1,,12.1,,-1.7,,65,,87,,42,,-2.4,,1.1,,-5.3,,0.0,,18.3,,33.7,,76.5,,1023,,1.7,,1.0,,132,,49,,7.1,,0.5,,0.6,,0.5,
2015-04-07,97,2.5,,4.6,,0.7,,80,,91,,67,,-0.6,,0.6,,-1.8,,0.0,,5.1,,9.9,,22.0,,1023,,1.3,,1.1,,68,,29,,5.7,,0.6,,0.6,,0.5,
2015-04-08,98,0.2,,3.0,,-1.7,,71,,95,,31,,-5.1,,-0.2,,-14.3,,5.1,,8.2,,15.5,,26.1,,1026,,2.4,,2.1,,81,,28,,10.4,,0.7,,0.7,,0.6,
2015-04-09,99,-0.8,,0.1,,-2.4,,93,,96,,89,,-1.8,,-0.7,,-3.4,,1.5,,4.4,,8.1,,-3.0,,1025,,2.1,,1.8,,76,,30,,8.2,,0.7,,0.8,,0.7,
2015-04-10,100,4.5,,9.0,,-0.4,,97,,97,,95,,4.0,,8.5,,-1.0,,6.6,,5.6,,11.1,,28.9,,1011,,1.7,,1.1,,203,,46,,9.6,,0.8,,0.9,,0.7,
2015-04-11,101,5.1,,9.2,,-0.3,,63,,97,,42,,-1.6,,5.2,,-5.0,,0.0,,23.9,,44.9,,110.2,,1011,,2.8,,2.5,,275,,26,,15.5,,1.8,,3.0,,0.9,
2015-04-12,102,8.4,,18.5,,-1.0,,47,,80,,20,,-3.5,,1.0,,-6.2,,0.0,,25.9,,48.2,,118.1,,1023,,1.4,,0.9,,278,,47,,7.3,,3.0,,4.5,,1.8,
2015-04-13,103,12.6,,19.4,,4.0,,43,,65,,24,,-0.2,,4.6,,-5.0,,0.0,,23.3,,43.6,,100.6,,1023,,2.5,,2.1,,204,,30,,12.7,,4.5,,5.9,,3.4,
2015-04-14,104,11.6,,17.4,,7.2,,55,,94,,21,,1.5,,8.5,,-6.6,,1.0,,14.3,,26.9,,58.6,,1018,,1.8,,1.4,,251,,40,,12.6,,6.0,,6.8,,5.4,
2015-04-15,105,10.4,,16.9,,3.8,,32,,59,,15,,-6.8,,-0.8,,-11.9,,0.0,,26.9,,52.7,,116.0,,1021,,1.6,,1.1,,334,,43,,11.6,,6.3,,7.3,,5.2,
2015-04-16,106,9.4,,17.0,,0.3,,31,,57,,13,,-8.1,,-2.2,,-13.9,,0.0,,26.2,,50.6,,115.0,,1027,,2.0,,1.4,,216,,45,,10.1,,6.4,,7.6,,5.3,
2015-04-17,107,10.3,,16.4,,7.0,,81,,97,,48,,7.1,,11.8,,-2.7,,2.5,,5.6,,10.6,,11.9,,1015,,2.2,,1.8,,236,,33,,10.5,,6.8,,7.2,,6.5,
2015-04-18,108,12.5,,20.4,,5.4,,57,,94,,26,,3.3,,8.2,,-3.0,,0.0,,19.4,,38.8,,81.2,,1013,,1.4,,0.9,,305,,45,,11.9,,7.2,,8.3,,6.2,
2015-04-19,109,8.6,,15.7,,1.8,,51,,75,,22,,-1.9,,1.5,,-7.1,,0.0,,26.3,,53.0,,118.5,,1022,,1.4,,0.1,,270,,76,,7.0,,7.6,,8.7,,6.5,
2015-04-20,110,5.4,,8.0,,3.2,,87,,96,,67,,3.3,,7.4,,-1.3,,11.4,,3.6,,7.3,,6.8,,1014,,3.0,,2.5,,91,,31,,14.4,,7.2,,8.2,,6.8,
2015-04-21,111,9.0,,15.0,,3.2,,80,,97,,39,,5.2,,9.2,,0.0,,6.1,,13.9,,27.4,,58.7,,1004,,1.7,,0.5,,311,,68,,8.4,,7.5,,8.5,,6.8,
2015-04-22,112,9.0,,17.1,,0.8,,62,,94,,21,,0.6,,6.8,,-6.0,,4.1,,16.3,,33.1,,66.1,,1004,,2.6,,2.0,,202,,40,,15.4,,7.7,,8.3,,6.9,
2015-04-23,113,2.5,,6.5,,-0.3,,66,,96,,34,,-3.8,,1.5,,-9.0,,0.0,,15.2,,30.0,,61.1,,1004,,2.3,,2.1,,276,,28,,11.6,,7.4,,7.9,,6.9,
2015-04-24,114,1.7,,5.2,,-0.8,,59,,77,,39,,-5.6,,-3.4,,-8.0,,0.0,,12.0,,23.3,,60.0,,1007,,2.6,,2.3,,283,,28,,9.3,,6.6,,7.1,,6.2,
2015-04-25,115,4.7,,11.3,,-2.8,,53,,76,,32,,-4.6,,0.0,,-6.8,,0.0,,24.9,,49.9,,123.6,,1007,,1.7,,1.2,,298,,43,,8.3,,6.6,,7.8,,5.5,
2015-04-26,116,7.5,,12.1,,3.5,,53,,71,,32,,-1.7,,1.5,,-4.3,,0.0,,13.3,,26.6,,71.0,,1003,,1.1,,0.8,,323,,36,,8.5,,7.3,,8.0,,6.7,
2015-04-27,117,7.6,,11.4,,4.9,,65,,77,,48,,1.3,,3.8,,-0.6,,0.0,,12.0,,23.8,,57.9,,1002,,1.7,,1.4,,321,,33,,9.9,,7.6,,8.2,,7.1,
2015-04-28,118,9.1,,15.4,,4.7,,55,,75,,28,,-0.0,,1.9,,-4.2,,0.0,,23.7,,48.2,,124.4,,1006,,1.9,,1.5,,329,,37,,11.7,,8.1,,9.2,,7.1,
2015-04-29,119,11.3,,18.1,,4.8,,55,,76,,32,,2.0,,5.0,,-0.1,,0.0,,21.9,,44.2,,112.6,,1005,,1.4,,0.6,,19,,61,,8.6,,8.7,,9.7,,7.6,
2015-04-30,120,9.2,,13.9,,4.6,,68,,85,,45,,3.4,,6.5,,1.5,,0.0,,10.8,,21.2,,54.3,,1011,,1.3,,0.9,,78,,46,,7.4,,9.0,,9.6,,8.5,
2015-05-01,121,8.4,,12.2,,4.1,,71,,89,,53,,3.1,,5.8,,0.5,,0.0,,11.0,,21.3,,50.3,,1014,,1.1,,0.8,,88,,38,,5.6,,9.1,,9.6,,8.6,
2015-05-02,122,11.9,,20.3,,1.6,,56,,88,,29,,2.5,,7.9,,-0.3,,0.0,,23.8,,48.9,,122.5,,1014,,1.4,,0.4,,137,,66,,7.5,,9.4,,10.7,,8.2,
2015-05-03,123,15.3,,23.7,,5.7,,50,,81,,20,,3.5,,8.9,,-2.0,,0.0,,23.2,,46.2,,117.5,,1016,,1.4,,0.7,,234,,56,,6.6,,10.5,,11.7,,9.3,
2015-05-04,124,19.0,,27.3,,10.6,,41,,67,,17,,4.2,,7.8,,-0.6,,0.0,,26.1,,52.7,,128.2,,1020,,2.4,,2.1,,210,,29,,11.1,,11.4,,12.8,,10.2,
2015-05-05,125,18.0,,24.2,,11.5,,45,,73,,18,,5.1,,12.1,,-3.7,,0.0,,17.6,,34.8,,93.5,,1022,,1.2,,0.5,,327,,60,,7.5,,12.2,,13.2,,11.4,
2015-05-06,126,16.8,,23.0,,10.5,,32,,55,,16,,-0.7,,5.1,,-5.4,,0.0,,26.0,,51.9,,127.4,,1024,,1.6,,0.3,,188,,71,,7.3,,12.4,,13.5,,11.3,
2015-05-07,127,18.4,,26.9,,7.0,,36,,69,,16,,1.8,,8.6,,-3.0,,0.0,,29.0,,58.1,,145.7,,1021,,1.5,,1.0,,215,,46,,8.9,,12.6,,13.9,,11.3,
2015-05-08,128,16.9,,27.9,,5.9,,50,,85,,26,,5.7,,13.8,,3.5,,0.0,,26.0,,52.0,,138.0,,1021,,1.8,,1.0,,101,,54,,9.3,,13.0,,14.1,,11.9,
2015-05-09,129,14.4,,23.6,,4.5,,79,,95,,55,,10.5,,16.0,,3.0,,0.0,,21.1,,41.6,,121.0,,1025,,2.0,,1.3,,194,,49,,10.3,,13.0,,14.1,,11.9,
2015-05-10,130,21.7,,29.7,,15.8,,72,,96,,34,,15.7,,18.3,,11.7,,0.0,,23.5,,48.4,,137.9,,1021,,2.0,,1.7,,217,,32,,8.4,,14.3,,15.6,,13.2,
2015-05-11,131,19.7,,28.5,,12.8,,75,,96,,35,,14.7,,19.1,,10.4,,0.0,,25.6,,53.2,,148.3,,1018,,2.3,,1.2,,141,,56,,9.5,,15.2,,16.3,,14.2,
2015-05-12,132,17.5,,26.7,,10.8,,78,,97,,34,,13.2,,19.1,,4.2,,7.4,,15.1,,29.9,,74.1,,1010,,1.7,,0.6,,243,,64,,9.3,,15.1,,15.8,,14.4,
2015-05-13,133,11.2,,15.6,,4.9,,57,,74,,34,,2.8,,7.3,,-2.4,,0.0,,18.4,,35.6,,90.0,,1016,,2.1,,1.4,,301,,44,,11.0,,14.3,,15.2,,13.7,
2015-05-14,134,11.5,,19.8,,3.9,,45,,78,,17,,-1.4,,3.1,,-6.5,,0.0,,30.2,,60.1,,151.9,,1025,,1.1,,0.6,,331,,53,,6.7,,13.4,,14.7,,12.0,
2015-05-15,135,13.9,,20.6,,5.7,,46,,73,,16,,1.5,,6.3,,-7.0,,0.0,,20.7,,39.9,,94.8,,1025,,1.1,,0.5,,198,,59,,5.6,,13.3,,14.2,,12.3,
2015-05-16,136,16.0,,21.6,,11.4,,70,,94,,48,,10.5,,15.3,,2.3,,0.0,,15.6,,29.7,,88.5,,1021,,1.6,,1.3,,194,,35,,7.3,,13.6,,14.6,,12.8,
2015-05-17,137,20.4,,28.3,,14.6,,67,,97,,30,,13.0,,16.5,,8.6,,0.0,,27.0,,53.6,,153.4,,1021,,1.2,,0.2,,20,,70,,6.7,,15.0,,16.5,,13.7,
2015-05-18,138,14.9,,21.0,,9.2,,76,,95,,52,,10.4,,13.4,,8.3,,0.0,,25.6,,50.8,,155.1,,1021,,2.0,,1.4,,122,,45,,8.1,,15.5,,16.4,,14.6,
2015-05-19,139,15.5,,22.1,,11.0,,86,,96,,65,,13.1,,17.4,,7.5,,2.5,,13.4,,26.8,,71.8,,1012,,1.3,,0.9,,214,,39,,6.5,,15.3,,16.0,,14.6,
2015-05-20,140,9.7,,13.7,,4.8,,64,,83,,40,,3.0,,8.1,,-1.6,,0.3,,20.7,,39.0,,95.2,,1011,,1.7,,1.2,,289,,43,,10.0,,14.9,,15.7,,14.2,
2015-05-21,141,11.0,,16.8,,3.6,,52,,84,,26,,0.9,,4.8,,-4.5,,0.0,,21.5,,40.3,,110.2,,1012,,1.1,,0.7,,226,,47,,6.1,,13.8,,14.7,,12.8,
2015-05-22,142,13.2,,19.6,,6.8,,46,,86,,21,,0.5,,7.0,,-7.1,,0.0,,27.9,,53.7,,140.1,,1012,,1.7,,1.2,,270,,40,,12.5,,14.2,,15.4,,13.1,
2015-05-23,143,8.9,,15.5,,0.9,,42,,71,,21,,-4.3,,0.7,,-9.0,,0.0,,31.0,,59.3,,154.2,,1024,,1.4,,1.0,,279,,44,,8.1,,13.8,,15.0,,12.5,
2015-05-24,144,17.1,,26.4,,7.2,,44,,71,,18,,3.6,,9.4,,-2.2,,0.0,,29.2,,55.0,,148.9,,1024,,1.4,,1.1,,232,,41,,10.5,,14.0,,15.6,,12.5,
2015-05-25,145,18.6,,26.0,,12.3,,64,,81,,40,,11.5,,15.7,,9.1,,0.0,,13.9,,25.5,,63.6,,1023,,1.4,,1.2,,195,,32,,8.4,,14.6,,15.3,,13.8,
2015-05-26,146,20.7,,27.0,,16.2,,72,,87,,54,,15.2,,18.6,,12.9,,0.3,,23.1,,44.7,,122.9,,1022,,1.9,,1.6,,202,,33,,8.9,,15.6,,16.9,,14.4,
2015-05-27,147,21.2,,28.3,,15.9,,79,,96,,53,,17.2,,20.3,,14.6,,7.9,,27.2,,53.9,,165.4,,1022,,2.2,,1.7,,205,,35,,15.2,,16.8,,18.2,,15.5,
2015-05-28,148,19.4,,26.4,,13.2,,86,,97,,61,,16.7,,20.8,,11.9,,11.4,,22.6,,43.3,,132.8,,1021,,1.4,,1.0,,210,,44,,9.3,,18.1,,19.7,,16.9,
2015-05-29,149,18.8,,25.8,,12.1,,75,,95,,45,,13.9,,17.9,,11.3,,0.0,,23.8,,43.5,,128.7,,1025,,0.9,,0.3,,155,,63,,4.9,,18.1,,19.1,,16.8,
2015-05-30,150,20.4,,26.6,,14.2,,76,,91,,55,,15.9,,20.1,,12.5,,0.0,,26.9,,50.5,,157.3,,1020,,2.2,,1.8,,198,,33,,10.1,,18.3,,19.7,,16.9,
2015-05-31,151,14.3,,20.2,,6.9,,91,,94,,84,,12.9,,18.1,,5.9,,3.0,,5.8,,10.6,,14.9,,1020,,1.8,,0.4,,145,,71,,9.9,,18.0,,18.9,,17.0,
2015-06-01,152,7.1,,8.4,,6.0,,94,,95,,92,,6.2,,7.3,,5.1,,27.9,,5.3,,10.0,,13.9,,1023,,2.4,,2.0,,79,,32,,10.7,,15.4,,17.0,,14.3,
2015-06-02,153,7.2,,10.0,,5.6,,92,,96,,82,,5.9,,7.4,,4.8,,21.1,,7.5,,13.2,,26.6,,1021,,1.2,,0.9,,64,,35,,7.7,,13.3,,14.3,,12.8,
2015-06-03,154,12.5,,20.0,,6.3,,72,,96,,40,,7.0,,11.4,,4.3,,0.0,,31.5,,56.4,,186.2,,1023,,1.1,,0.1,,7,,74,,6.2,,14.1,,15.6,,12.8,
2015-06-04,155,12.8,,19.1,,9.1,,78,,94,,51,,8.8,,11.5,,7.2,,0.0,,17.6,,30.3,,97.8,,1025,,0.9,,0.4,,156,,57,,3.9,,15.0,,15.6,,14.4,
2015-06-05,156,16.2,,23.5,,8.0,,76,,95,,52,,11.5,,16.0,,7.1,,0.0,,26.9,,50.9,,170.3,,1018,,1.0,,0.6,,197,,44,,5.1,,15.6,,16.9,,14.5,
2015-06-06,157,16.2,,20.7,,8.5,,64,,94,,22,,8.7,,14.4,,-2.1,,0.0,,25.2,,45.4,,136.9,,1015,,1.2,,0.7,,335,,48,,8.1,,16.6,,17.6,,15.8,
2015-06-07,158,14.5,,21.4,,5.3,,54,,79,,30,,4.5,,10.1,,-0.5,,0.0,,30.4,,55.9,,164.6,,1020,,1.4,,0.9,,184,,48,,8.0,,16.2,,17.3,,15.0,
2015-06-08,159,16.3,,22.3,,11.6,,73,,94,,58,,11.3,,16.2,,4.6,,3.8,,12.9,,22.8,,70.4,,1013,,2.4,,2.0,,195,,33,,11.0,,16.1,,16.6,,15.6,
2015-06-09,160,17.9,,23.5,,14.2,,90,,96,,68,,16.2,,18.7,,13.0,,3.0,,11.4,,20.6,,53.1,,1006,,1.9,,1.5,,203,,38,,10.9,,16.6,,17.4,,16.1,
2015-06-10,161,18.9,,24.7,,11.7,,70,,96,,42,,12.9,,16.3,,9.5,,0.0,,28.7,,53.1,,173.1,,1010,,1.2,,0.9,,222,,40,,7.2,,17.3,,18.6,,16.0,
2015-06-11,162,21.8,,27.1,,16.4,,61,,82,,33,,13.5,,19.6,,8.4,,0.0,,25.1,,46.1,,147.8,,1012,,1.6,,1.0,,244,,49,,8.6,,18.2,,19.3,,17.2,
2015-06-12,163,21.4,,27.4,,14.8,,64,,95,,36,,14.0,,19.4,,8.6,,5.3,,23.8,,44.1,,152.7,,1013,,1.1,,0.6,,202,,53,,7.3,,18.4,,19.5,,17.4,
2015-06-13,164,20.7,,26.4,,16.1,,67,,96,,33,,13.5,,18.5,,7.5,,0.5,,28.8,,53.5,,177.7,,1014,,1.2,,0.6,,339,,57,,7.8,,19.4,,20.5,,18.5,
2015-06-14,165,20.4,,27.1,,14.8,,60,,85,,25,,11.5,,15.8,,5.0,,0.0,,27.8,,51.6,,167.2,,1018,,1.0,,0.2,,114,,72,,6.1,,19.3,,20.2,,18.2,
2015-06-15,166,13.1,,16.4,,11.1,,92,,97,,66,,11.8,,13.2,,9.8,,23.6,,5.1,,9.4,,12.0,,1017,,1.7,,1.4,,110,,34,,7.6,,18.2,,19.6,,17.5,
2015-06-16,167,16.1,,20.1,,11.1,,94,,97,,87,,15.1,,19.2,,10.6,,0.5,,9.1,,16.6,,48.1,,1013,,0.8,,0.2,,202,,66,,5.8,,17.5,,18.1,,17.1,
2015-06-17,168,17.0,,21.9,,13.1,,74,,93,,42,,11.8,,15.7,,7.6,,0.3,,26.2,,47.5,,146.0,,1020,,0.9,,0.3,,347,,66,,5.6,,17.9,,18.9,,16.9,
2015-06-18,169,16.9,,21.8,,11.7,,72,,90,,53,,11.7,,14.8,,7.6,,0.0,,23.0,,42.8,,142.9,,1018,,1.4,,1.2,,202,,35,,6.9,,18.1,,19.0,,17.2,
2015-06-19,170,18.9,,25.8,,12.1,,71,,96,,35,,12.9,,19.3,,6.6,,0.0,,24.1,,45.4,,146.6,,1014,,1.2,,0.4,,295,,65,,8.4,,18.8,,19.9,,17.9,
2015-06-20,171,15.9,,22.7,,9.9,,72,,96,,49,,10.5,,15.9,,5.0,,1.5,,19.3,,34.6,,108.2,,1019,,1.6,,1.0,,151,,47,,8.0,,18.3,,19.0,,17.4,
2015-06-21,172,20.4,,26.7,,15.7,,89,,97,,66,,18.5,,21.9,,15.1,,32.8,,12.6,,23.4,,69.0,,1009,,1.1,,0.3,,132,,66,,6.3,,18.8,,19.9,,18.0,
2015-06-22,173,21.4,,27.4,,15.9,,71,,94,,39,,15.4,,19.0,,11.1,,0.0,,27.5,,51.7,,166.0,,1014,,1.0,,0.5,,303,,56,,7.6,,19.7,,20.9,,18.5,
2015-06-23,174,21.6,,28.0,,15.6,,79,,94,,59,,17.7,,23.1,,13.1,,6.3,,16.6,,30.6,,86.2,,1010,,1.7,,1.0,,205,,50,,11.2,,20.0,,20.9,,19.2,
2015-06-24,175,19.2,,26.4,,12.8,,70,,96,,33,,13.0,,17.5,,8.1,,0.0,,27.9,,53.4,,163.7,,1015,,0.9,,0.5,,289,,53,,6.5,,20.2,,21.3,,19.0,
2015-06-25,176,18.6,,24.3,,13.1,,68,,85,,41,,12.3,,15.8,,9.4,,0.0,,22.1,,41.7,,125.1,,1016,,0.8,,0.2,,318,,64,,6.5,,19.9,,20.7,,19.0,
2015-06-26,177,17.3,,22.9,,12.2,,72,,92,,42,,11.9,,14.4,,9.0,,1.0,,21.1,,40.2,,120.3,,1016,,1.0,,0.7,,56,,44,,5.6,,19.9,,20.7,,19.1,
2015-06-27,178,15.6,,21.0,,11.1,,78,,94,,58,,11.5,,15.5,,9.0,,10.2,,15.4,,28.1,,72.1,,1019,,1.2,,0.9,,133,,44,,8.5,,19.3,,20.0,,18.6,
2015-06-28,179,11.4,,13.7,,8.5,,93,,96,,84,,10.2,,11.7,,7.8,,24.6,,8.6,,16.0,,30.5,,1009,,2.7,,2.3,,75,,31,,16.1,,17.9,,19.2,,17.4,
2015-06-29,180,14.9,,20.7,,9.1,,86,,97,,64,,12.5,,15.9,,8.5,,0.5,,13.2,,24.7,,68.6,,1012,,0.8,,0.5,,236,,48,,5.7,,17.6,,18.4,,16.9,
2015-06-30,181,18.8,,25.0,,11.6,,75,,97,,50,,13.9,,18.6,,10.3,,0.0,,23.3,,46.6,,144.8,,1016,,1.1,,0.5,,162,,56,,6.2,,18.5,,19.7,,17.3,
2015-07-01,182,18.6,,24.7,,13.9,,88,,96,,59,,16.4,,20.2,,13.3,,46.2,,12.9,,24.7,,66.2,,1009,,1.5,,0.7,,174,,57,,8.6,,19.1,,19.9,,18.4,
2015-07-02,183,17.4,,23.0,,12.2,,78,,97,,49,,13.2,,16.6,,10.8,,0.3,,22.9,,43.8,,127.1,,1013,,0.9,,0.3,,270,,60,,5.7,,19.2,,20.2,,18.2,
2015-07-03,184,17.7,,24.1,,11.8,,63,,92,,30,,9.8,,14.7,,3.7,,0.0,,30.4,,59.9,,178.1,,1015,,0.8,,0.3,,332,,65,,7.2,,19.4,,20.6,,18.3,
2015-07-04,185,15.9,,19.4,,12.8,,87,,97,,68,,13.7,,16.2,,11.5,,4.3,,9.4,,17.4,,20.2,,1016,,0.5,,0.2,,9,,59,,3.1,,19.1,,19.9,,18.8,
2015-07-05,186,18.9,,26.1,,12.8,,78,,97,,45,,14.6,,18.4,,12.3,,0.3,,25.3,,47.2,,149.4,,1020,,0.7,,0.3,,294,,57,,5.3,,19.0,,20.3,,17.8,
2015-07-06,187,21.4,,27.1,,14.6,,71,,95,,37,,15.4,,18.8,,10.7,,0.0,,27.1,,51.0,,156.5,,1022,,1.0,,0.4,,190,,60,,4.8,,19.9,,21.2,,18.7,
2015-07-07,188,21.4,,24.9,,17.8,,88,,96,,76,,19.3,,22.3,,15.7,,4.6,,11.3,,21.4,,55.1,,1018,,1.6,,1.3,,178,,34,,7.9,,20.4,,20.9,,19.8,
2015-07-08,189,21.6,,26.2,,15.9,,79,,97,,48,,17.6,,22.2,,10.3,,0.0,,19.9,,40.0,,125.4,,1015,,1.1,,0.4,,268,,64,,7.3,,21.0,,22.1,,20.2,
2015-07-09,190,18.7,,24.0,,14.8,,77,,96,,54,,14.5,,18.0,,11.5,,18.3,,19.3,,38.2,,121.6,,1015,,1.1,,0.6,,119,,54,,5.0,,20.8,,21.7,,19.9,
2015-07-10,191,19.7,,26.0,,15.5,,76,,97,,42,,14.9,,17.6,,11.4,,12.7,,26.8,,54.8,,159.2,,1015,,1.1,,0.6,,359,,54,,7.9,,21.2,,22.4,,20.1,
2015-07-11,192,21.0,,28.0,,14.0,,66,,88,,34,,13.6,,17.8,,9.5,,0.0,,28.0,,57.8,,169.5,,1018,,0.8,,0.4,,347,,56,,5.1,,21.4,,22.6,,20.1,
2015-07-12,193,22.3,,29.3,,15.6,,71,,90,,43,,16.4,,20.5,,12.7,,0.0,,27.1,,55.0,,168.4,,1017,,0.7,,0.2,,287,,67,,5.1,,21.7,,23.0,,20.4,
2015-07-13,194,22.3,,27.7,,17.3,,75,,92,,50,,17.4,,20.1,,14.6,,0.0,,21.1,,41.2,,120.2,,1013,,1.3,,1.0,,113,,41,,7.0,,22.0,,22.9,,21.1,
2015-07-14,195,21.0,,25.9,,16.6,,84,,97,,57,,18.1,,20.0,,15.1,,0.0,,15.5,,25.5,,90.3,,1007,,1.4,,1.2,,153,,30,,7.6,,21.9,,22.5,,21.1,
2015-07-15,196,20.7,,25.6,,13.7,,74,,96,,42,,15.6,,20.7,,7.2,,0.0,,22.2,,22.6,,140.6,,1008,,1.1,,0.7,,328,,44,,7.8,,22.2,,23.1,,21.4,
2015-07-16,197,16.3,,23.3,,10.2,,63,,84,,33,,8.7,,12.9,,5.0,,0.0,,29.4,,27.1,,166.8,,1016,,1.0,,0.6,,345,,51,,4.8,,21.4,,22.3,,20.4,
2015-07-17,198,18.8,,24.5,,11.6,,65,,85,,38,,11.7,,16.0,,7.9,,0.0,,26.5,,25.0,,156.8,,1018,,1.3,,0.7,,174,,55,,6.3,,20.9,,22.0,,19.7,
2015-07-18,199,19.7,,23.9,,16.3,,90,,95,,80,,18.1,,20.9,,14.0,,2.5,,8.0,,8.0,,37.4,,1015,,1.8,,1.5,,194,,32,,9.2,,20.8,,21.4,,20.4,
2015-07-19,200,24.0,,29.5,,20.6,,85,,97,,63,,21.2,,24.0,,19.7,,1.5,,20.2,,21.7,,136.1,,1010,,0.9,,0.7,,219,,42,,7.6,,21.7,,23.0,,20.7,
2015-07-20,201,24.0,,29.4,,19.1,,71,,97,,27,,17.7,,22.4,,7.6,,0.0,,26.8,,31.7,,173.7,,1008,,0.9,,0.4,,255,,57,,6.4,,22.6,,23.9,,21.5,
2015-07-21,202,22.4,,28.4,,17.2,,70,,87,,42,,16.3,,20.3,,12.6,,0.0,,22.3,,26.9,,139.5,,1005,,0.8,,0.3,,218,,60,,6.3,,22.5,,23.5,,21.5,
2015-07-22,203,19.1,,25.5,,14.8,,69,,86,,36,,13.1,,16.1,,8.9,,0.0,,23.1,,28.3,,133.5,,1007,,0.9,,0.5,,302,,49,,9.1,,21.9,,22.6,,21.0,
2015-07-23,204,18.3,,25.6,,12.9,,67,,87,,37,,11.8,,15.1,,8.4,,0.0,,24.3,,29.8,,134.0,,1013,,0.9,,0.4,,318,,58,,9.2,,21.2,,22.0,,20.2,
2015-07-24,205,17.5,,24.6,,12.4,,77,,97,,42,,13.0,,17.9,,9.8,,2.3,,22.4,,28.6,,116.0,,1014,,0.9,,0.4,,11,,57,,5.9,,20.7,,21.6,,19.7,
2015-07-25,206,17.9,,22.7,,13.3,,82,,97,,60,,14.6,,17.7,,12.7,,0.0,,24.1,,32.5,,140.9,,1016,,1.4,,1.1,,104,,37,,5.8,,20.7,,21.7,,19.5,
2015-07-26,207,20.0,,25.0,,15.5,,84,,95,,67,,17.1,,20.6,,13.9,,0.3,,14.0,,19.2,,74.9,,1016,,1.5,,1.2,,183,,37,,7.5,,20.8,,21.6,,20.1,
2015-07-27,208,21.7,,27.1,,17.5,,81,,94,,60,,18.2,,21.1,,15.9,,0.0,,19.0,,27.6,,103.5,,1016,,1.0,,0.8,,196,,37,,5.7,,21.1,,22.0,,20.1,
2015-07-28,209,22.7,,30.2,,18.8,,80,,97,,44,,18.7,,21.7,,15.9,,0.5,,24.8,,39.4,,150.3,,1016,,0.8,,0.2,,325,,68,,6.3,,21.6,,22.9,,20.5,
2015-07-29,210,24.5,,31.6,,18.4,,74,,96,,42,,19.0,,22.6,,16.4,,0.0,,25.4,,44.9,,151.0,,1016,,0.8,,0.2,,294,,69,,7.1,,22.0,,23.2,,20.9,
2015-07-30,211,22.9,,28.6,,19.2,,86,,97,,65,,20.3,,23.2,,17.8,,15.8,,15.8,,27.6,,83.0,,1011,,1.2,,0.8,,207,,41,,10.0,,22.0,,22.7,,21.2,
2015-07-31,212,21.0,,26.9,,16.2,,74,,97,,35,,15.4,,19.8,,9.5,,0.3,,26.1,,53.5,,145.1,,1011,,1.0,,0.4,,270,,58,,8.1,,22.0,,23.2,,20.9,
2015-08-01,213,20.2,,26.3,,14.8,,75,,92,,48,,15.4,,20.1,,12.3,,9.1,,20.2,,41.2,,108.3,,1008,,0.9,,0.4,,220,,57,,14.8,,21.7,,22.5,,20.8,
2015-08-02,214,20.2,,26.7,,12.2,,68,,92,,38,,13.7,,17.3,,10.8,,0.3,,27.0,,56.8,,151.5,,1013,,1.2,,0.6,,199,,56,,7.1,,21.4,,22.6,,20.1,
2015-08-03,215,23.1,,28.6,,17.8,,71,,95,,44,,17.2,,19.5,,14.9,,0.0,,25.2,,52.3,,141.5,,1010,,1.9,,1.6,,192,,31,,11.3,,21.8,,23.0,,20.7,
2015-08-04,216,20.7,,27.1,,14.5,,87,,96,,54,,18.2,,20.7,,13.8,,19.6,,18.2,,36.5,,96.1,,1013,,0.8,,0.2,,184,,63,,9.4,,22.1,,22.7,,21.4,
2015-08-05,217,18.8,,24.9,,13.2,,72,,97,,42,,13.2,,17.8,,10.1,,0.0,,25.0,,51.7,,139.6,,1013,,1.1,,0.6,,275,,56,,8.1,,21.7,,22.8,,20.6,
2015-08-06,218,17.6,,23.7,,11.7,,71,,92,,41,,12.0,,15.5,,9.3,,0.0,,22.8,,46.2,,121.4,,1014,,0.9,,0.3,,311,,64,,7.0,,21.2,,22.1,,20.0,
2015-08-07,219,18.4,,25.2,,12.5,,68,,90,,36,,11.8,,15.4,,8.6,,0.0,,23.5,,48.3,,122.4,,1015,,0.9,,0.6,,51,,50,,4.9,,21.0,,22.0,,19.9,
2015-08-08,220,18.5,,25.2,,12.3,,70,,93,,39,,12.5,,16.0,,9.9,,0.0,,25.0,,50.9,,136.8,,1016,,0.8,,0.5,,34,,50,,5.0,,20.9,,22.1,,19.7,
2015-08-09,221,18.6,,23.2,,14.0,,73,,89,,52,,13.6,,16.5,,11.8,,0.0,,24.5,,49.7,,135.4,,1017,,1.3,,1.0,,80,,35,,6.7,,21.0,,22.0,,20.0,
2015-08-10,222,20.0,,26.3,,13.9,,74,,93,,47,,14.8,,19.1,,12.6,,0.0,,24.7,,50.4,,146.6,,1017,,1.6,,1.2,,197,,36,,7.6,,21.2,,22.4,,20.0,
2015-08-11,223,19.1,,22.8,,17.3,,92,,97,,84,,17.9,,20.8,,15.4,,30.5,,5.0,,9.9,,11.0,,1010,,2.0,,1.6,,168,,34,,9.5,,20.8,,21.5,,20.5,
2015-08-12,224,19.9,,25.2,,15.7,,79,,97,,47,,15.7,,18.8,,12.7,,0.3,,24.2,,50.6,,135.9,,1012,,0.7,,0.4,,276,,43,,7.0,,21.0,,22.2,,19.9,
2015-08-13,225,18.4,,24.9,,13.2,,74,,97,,41,,13.2,,16.5,,9.9,,0.0,,24.9,,52.4,,134.1,,1016,,0.8,,0.2,,313,,64,,5.4,,21.2,,22.2,,20.1,
2015-08-14,226,20.6,,27.0,,13.2,,70,,94,,48,,14.6,,18.5,,11.3,,0.0,,25.6,,54.4,,147.4,,1021,,1.1,,0.5,,203,,56,,7.2,,21.2,,22.4,,19.9,
2015-08-15,227,21.6,,29.2,,16.5,,79,,97,,52,,17.6,,21.3,,14.4,,32.0,,24.2,,49.6,,149.5,,1020,,0.9,,0.2,,222,,66,,9.9,,21.9,,23.8,,20.8,
2015-08-16,228,21.5,,28.9,,16.3,,83,,97,,46,,18.1,,21.8,,15.8,,0.0,,23.7,,49.0,,138.8,,1019,,0.8,,0.3,,322,,57,,4.1,,22.1,,23.3,,21.1,
2015-08-17,229,23.5,,29.6,,17.8,,80,,97,,51,,19.5,,22.6,,17.3,,0.3,,23.7,,49.2,,136.2,,1019,,0.7,,0.1,,208,,69,,4.5,,22.7,,23.8,,21.6,
2015-08-18,230,24.7,,30.5,,19.8,,75,,96,,44,,19.5,,22.6,,16.6,,0.0,,24.3,,50.0,,141.3,,1017,,0.9,,0.7,,204,,40,,5.6,,23.2,,24.3,,22.2,
2015-08-19,231,23.5,,28.9,,20.1,,78,,93,,51,,19.1,,21.5,,17.1,,0.0,,22.5,,45.9,,136.6,,1018,,1.5,,1.2,,195,,36,,6.7,,23.5,,24.4,,22.7,
2015-08-20,232,22.4,,27.3,,19.1,,80,,95,,55,,18.7,,21.4,,16.3,,0.3,,18.9,,39.2,,97.8,,1018,,1.9,,1.6,,151,,30,,8.7,,23.2,,23.8,,22.6,
2015-08-21,233,20.3,,24.2,,18.1,,93,,97,,76,,19.1,,21.3,,17.6,,19.1,,8.0,,15.5,,21.5,,1017,,0.7,,0.2,,174,,63,,6.1,,22.7,,23.1,,22.3,
2015-08-22,234,19.7,,26.2,,14.4,,82,,97,,50,,16.3,,19.7,,13.5,,0.0,,20.4,,40.7,,109.2,,1019,,1.0,,0.7,,68,,45,,5.2,,22.4,,23.3,,21.5,
2015-08-23,235,18.9,,21.8,,14.8,,91,,97,,79,,17.4,,19.5,,14.1,,1.5,,9.2,,18.3,,32.4,,1017,,0.8,,0.6,,73,,34,,5.8,,22.0,,22.6,,21.4,
2015-08-24,236,21.7,,26.9,,17.6,,83,,97,,54,,18.4,,20.5,,16.1,,0.0,,21.4,,45.3,,115.3,,1014,,1.1,,0.7,,174,,46,,6.7,,22.5,,23.6,,21.6,
2015-08-25,237,20.9,,27.2,,17.1,,88,,97,,66,,18.8,,22.1,,16.1,,21.6,,11.6,,22.8,,60.9,,1013,,1.3,,0.8,,156,,47,,8.4,,22.5,,23.3,,22.0,
2015-08-26,238,18.7,,24.9,,14.0,,82,,98,,47,,15.1,,17.9,,11.8,,0.3,,20.6,,41.7,,113.8,,1015,,0.9,,0.4,,306,,56,,4.8,,22.2,,23.0,,21.4,
2015-08-27,239,16.9,,22.9,,12.2,,78,,94,,51,,12.9,,15.5,,11.2,,0.0,,19.7,,40.5,,101.8,,1016,,0.8,,0.4,,299,,58,,6.8,,21.6,,22.2,,20.8,
2015-08-28,240,17.1,,24.1,,11.9,,77,,96,,42,,12.6,,15.5,,8.7,,0.0,,23.3,,47.3,,120.8,,1021,,0.8,,0.3,,354,,57,,4.5,,21.1,,22.0,,20.2,
2015-08-29,241,17.8,,24.1,,11.9,,78,,96,,48,,13.5,,17.1,,10.9,,0.3,,22.2,,45.5,,114.4,,1020,,0.9,,0.1,,295,,73,,5.1,,21.0,,21.9,,20.1,
2015-08-30,242,20.6,,26.0,,15.7,,80,,95,,48,,16.8,,20.3,,13.9,,0.0,,18.2,,37.3,,99.9,,1018,,0.7,,0.2,,256,,63,,4.0,,21.4,,22.3,,20.5,
2015-08-31,243,21.7,,27.5,,16.8,,79,,97,,51,,17.5,,20.3,,16.0,,0.0,,19.9,,39.6,,107.9,,1016,,0.9,,0.5,,267,,51,,9.0,,21.7,,22.6,,20.9,
2015-09-01,244,20.9,,27.5,,15.9,,75,,95,,40,,15.8,,18.3,,11.3,,0.0,,22.9,,46.0,,117.7,,1018,,0.8,,0.3,,19,,61,,5.0,,21.7,,22.6,,20.8,
2015-09-02,245,21.7,,29.0,,16.1,,81,,97,,49,,17.9,,21.6,,15.6,,0.3,,21.5,,42.4,,113.6,,1016,,0.7,,0.2,,265,,65,,6.2,,21.8,,22.8,,20.8,
2015-09-03,246,22.8,,30.0,,17.2,,80,,97,,47,,18.9,,21.8,,16.5,,0.0,,18.1,,34.7,,98.8,,1013,,0.6,,0.3,,7,,53,,4.7,,22.1,,23.0,,21.2,
2015-09-04,247,19.4,,23.9,,11.8,,70,,93,,41,,13.5,,19.0,,8.9,,0.0,,19.0,,36.2,,101.9,,1022,,1.7,,1.4,,81,,32,,11.2,,22.1,,22.6,,21.6,
2015-09-05,248,17.4,,26.8,,9.5,,71,,94,,32,,11.4,,16.7,,7.7,,0.0,,23.1,,46.6,,111.7,,1025,,0.8,,0.3,,79,,63,,3.2,,21.1,,21.9,,20.2,
2015-09-06,249,20.2,,28.2,,13.4,,73,,97,,40,,14.6,,19.0,,12.2,,0.0,,22.6,,45.0,,111.2,,1023,,0.7,,0.4,,212,,47,,4.9,,20.9,,21.8,,19.9,
2015-09-07,250,22.5,,30.1,,14.8,,70,,87,,48,,16.6,,21.0,,12.2,,0.0,,21.2,,43.0,,115.5,,1018,,0.9,,0.7,,224,,37,,7.0,,21.1,,22.1,,20.0,
2015-09-08,251,24.7,,31.4,,18.8,,73,,93,,48,,19.3,,22.9,,17.4,,0.0,,19.6,,39.1,,109.0,,1016,,0.9,,0.5,,215,,53,,5.4,,21.7,,22.7,,20.7,
2015-09-09,252,24.0,,30.3,,19.9,,78,,96,,51,,19.6,,21.9,,18.7,,18.8,,20.6,,41.1,,111.3,,1014,,1.4,,1.0,,195,,40,,7.8,,22.1,,23.0,,21.2,
2015-09-10,253,18.8,,22.1,,14.2,,91,,97,,74,,17.2,,20.0,,13.4,,12.4,,6.4,,12.5,,26.0,,1011,,1.3,,1.0,,68,,37,,7.8,,21.9,,22.2,,21.3,
2015-09-11,254,16.5,,23.0,,13.7,,88,,97,,61,,14.4,,17.1,,13.0,,11.9,,12.7,,25.9,,57.9,,1008,,1.0,,0.7,,24,,46,,6.4,,20.8,,21.4,,20.3,
2015-09-12,255,18.0,,24.7,,12.1,,82,,97,,50,,14.6,,17.9,,11.6,,3.6,,17.5,,36.8,,93.5,,1010,,1.0,,0.6,,100,,49,,7.0,,20.5,,21.2,,19.7,
2015-09-13,256,15.7,,18.8,,11.2,,94,,97,,87,,14.7,,16.9,,10.4,,21.8,,5.9,,11.3,,22.7,,1008,,1.8,,1.2,,103,,45,,8.3,,20.4,,20.9,,19.9,
2015-09-14,257,13.1,,18.2,,9.8,,88,,97,,68,,11.0,,13.6,,9.2,,0.3,,8.1,,15.3,,24.5,,1013,,1.0,,0.7,,259,,40,,9.5,,19.4,,19.9,,19.0,
2015-09-15,258,17.1,,25.3,,10.4,,76,,95,,44,,12.4,,16.8,,9.4,,0.0,,21.0,,44.4,,103.4,,1024,,0.7,,0.3,,281,,57,,5.2,,19.0,,19.9,,18.1,
2015-09-16,259,19.5,,26.7,,13.9,,78,,94,,44,,15.2,,18.9,,12.5,,0.0,,20.2,,42.6,,98.9,,1026,,0.7,,0.2,,353,,65,,3.9,,19.4,,20.3,,18.5,
2015-09-17,260,19.9,,27.7,,14.4,,78,,97,,44,,15.5,,18.9,,13.4,,0.3,,20.6,,42.9,,97.9,,1020,,0.7,,0.1,,326,,70,,4.1,,19.8,,20.6,,18.9,
2015-09-18,261,20.0,,27.0,,13.4,,73,,96,,38,,14.5,,18.1,,10.7,,0.0,,20.3,,42.5,,93.9,,1017,,0.9,,0.4,,179,,60,,5.3,,19.9,,20.7,,19.2,
2015-09-19,262,19.4,,24.9,,15.4,,82,,97,,52,,15.9,,18.4,,13.8,,0.3,,15.3,,30.7,,77.9,,1015,,1.4,,1.2,,191,,35,,7.3,,20.1,,20.7,,19.4,
2015-09-20,263,16.1,,19.4,,9.3,,70,,93,,45,,10.4,,18.1,,4.3,,0.0,,20.0,,40.1,,93.7,,1016,,1.5,,0.7,,314,,58,,7.6,,20.2,,20.8,,19.7,
2015-09-21,264,12.2,,18.3,,6.9,,63,,85,,37,,5.1,,9.9,,2.8,,0.0,,17.5,,35.2,,70.8,,1023,,1.1,,0.9,,67,,35,,6.8,,18.9,,19.8,,18.2,
2015-09-22,265,13.1,,17.0,,9.3,,75,,92,,60,,8.7,,12.3,,4.7,,0.0,,7.5,,14.5,,20.7,,1025,,1.0,,0.9,,66,,29,,5.1,,18.2,,18.5,,17.8,
2015-09-23,266,14.8,,23.9,,7.6,,71,,97,,24,,8.7,,13.7,,1.2,,0.0,,20.1,,41.0,,88.9,,1024,,0.8,,0.5,,18,,48,,4.5,,17.8,,18.5,,17.0,
2015-09-24,267,16.3,,23.9,,10.6,,74,,93,,47,,11.3,,15.2,,9.3,,0.0,,17.2,,34.9,,76.1,,1027,,0.8,,0.5,,53,,43,,5.0,,17.9,,18.6,,17.1,
2015-09-25,268,13.2,,19.2,,9.6,,76,,92,,52,,8.9,,12.2,,5.1,,0.0,,15.8,,32.6,,62.5,,1029,,1.3,,1.1,,74,,37,,6.9,,17.7,,18.2,,17.1,
2015-09-26,269,11.0,,17.0,,5.5,,74,,96,,42,,6.0,,8.8,,3.4,,0.0,,18.1,,36.4,,71.7,,1031,,1.4,,1.2,,78,,31,,7.9,,17.3,,17.7,,16.8,
2015-09-27,270,11.4,,20.5,,3.3,,72,,96,,24,,5.6,,11.0,,-1.1,,0.0,,19.6,,39.1,,75.5,,1029,,0.9,,0.2,,165,,71,,4.2,,16.5,,17.1,,15.7,
2015-09-28,271,16.9,,23.0,,11.3,,85,,97,,60,,14.2,,16.8,,10.5,,0.0,,14.4,,28.7,,74.0,,1024,,1.2,,0.9,,196,,36,,6.8,,16.9,,17.8,,16.1,
2015-09-29,272,20.1,,24.6,,17.1,,91,,97,,73,,18.5,,21.0,,16.2,,11.9,,8.3,,16.2,,38.4,,1018,,1.5,,1.3,,189,,31,,7.1,,18.1,,18.8,,17.5,
2015-09-30,273,17.1,,21.9,,9.0,,94,,97,,87,,16.1,,21.4,,7.1,,76.2,,3.6,,6.6,,3.1,,1011,,1.7,,0.2,,13,,74,,11.7,,19.3,,19.7,,18.7,
2015-10-01,274,10.5,,15.1,,7.0,,82,,91,,68,,7.5,,10.2,,4.2,,0.3,,7.8,,15.8,,28.1,,1020,,1.4,,0.8,,359,,49,,7.8,,18.4,,19.2,,18.0,
2015-10-02,275,7.8,,9.7,,6.4,,72,,89,,58,,3.1,,4.9,,1.2,,0.8,,5.3,,10.3,,7.5,,1024,,1.6,,1.2,,46,,41,,10.1,,17.2,,18.0,,16.6,
2015-10-03,276,7.5,,9.8,,5.4,,76,,92,,57,,3.4,,5.1,,1.3,,1.0,,6.6,,13.6,,14.6,,1029,,1.9,,1.5,,61,,35,,10.5,,16.2,,16.6,,15.9,
2015-10-04,277,7.6,,12.4,,3.9,,75,,93,,52,,3.3,,5.7,,1.6,,0.0,,17.4,,35.8,,69.5,,1028,,1.7,,1.4,,71,,34,,9.0,,15.7,,16.0,,15.3,
2015-10-05,278,8.8,,14.3,,5.0,,76,,95,,54,,4.5,,8.7,,0.7,,0.0,,10.3,,20.6,,39.6,,1021,,1.0,,0.9,,61,,32,,5.1,,15.2,,15.6,,14.8,
2015-10-06,279,11.3,,19.5,,5.6,,76,,95,,47,,6.9,,10.7,,4.0,,0.0,,16.6,,34.5,,68.5,,1016,,0.9,,0.5,,345,,51,,5.8,,15.0,,15.6,,14.4,
2015-10-07,280,12.2,,19.7,,6.7,,81,,95,,53,,8.8,,11.9,,6.0,,0.0,,16.1,,33.5,,70.7,,1015,,0.7,,0.2,,296,,62,,5.0,,15.2,,15.8,,14.6,
2015-10-08,281,10.9,,17.1,,6.7,,76,,95,,46,,6.3,,9.1,,1.1,,0.0,,17.1,,35.1,,62.0,,1018,,0.9,,0.3,,6,,64,,6.0,,15.1,,15.5,,14.5,
2015-10-09,282,13.2,,16.8,,8.5,,92,,97,,84,,12.1,,15.7,,6.5,,6.3,,1.7,,3.2,,-9.1,,1011,,1.8,,1.2,,202,,45,,10.0,,15.0,,15.3,,14.8,
2015-10-10,283,7.8,,13.5,,4.0,,72,,92,,37,,2.6,,6.6,,-1.2,,0.0,,16.7,,33.8,,46.5,,1016,,1.2,,0.7,,339,,53,,9.4,,14.8,,15.3,,14.4,
2015-10-11,284,10.7,,17.5,,4.4,,74,,94,,48,,5.9,,8.9,,2.9,,0.0,,15.6,,32.4,,53.4,,1011,,1.1,,0.8,,210,,37,,7.3,,14.2,,14.7,,13.6,
2015-10-12,285,14.6,,22.5,,7.4,,70,,93,,33,,8.5,,13.1,,4.6,,0.0,,16.1,,33.7,,54.5,,1009,,1.0,,0.6,,192,,49,,6.0,,14.4,,15.0,,13.8,
2015-10-13,286,14.8,,19.7,,10.9,,83,,95,,65,,11.8,,14.9,,8.6,,0.0,,8.9,,18.1,,34.1,,1002,,1.4,,1.0,,201,,44,,8.9,,14.9,,15.5,,14.4,
2015-10-14,287,11.0,,16.8,,4.1,,75,,93,,57,,6.6,,10.2,,2.0,,0.0,,11.0,,22.0,,27.1,,1005,,1.2,,0.8,,256,,42,,10.0,,15.1,,15.4,,14.7,
2015-10-15,288,7.8,,14.8,,1.3,,73,,96,,46,,2.8,,5.4,,0.6,,0.0,,15.8,,32.1,,45.5,,1012,,1.1,,0.5,,220,,58,,6.4,,13.9,,14.7,,13.3,
2015-10-16,289,8.3,,13.6,,3.7,,75,,94,,44,,3.9,,7.4,,1.3,,0.3,,10.2,,19.8,,25.0,,1012,,1.2,,0.6,,263,,54,,9.3,,13.6,,14.0,,13.3,
2015-10-17,290,5.0,,9.6,,0.7,,69,,95,,36,,-0.6,,4.1,,-5.8,,0.0,,12.9,,24.2,,47.1,,1015,,1.4,,1.0,,277,,41,,11.1,,13.0,,13.4,,12.7,
2015-10-18,291,-0.6,,4.7,,-4.6,,66,,90,,32,,-6.5,,-2.9,,-11.5,,0.3,,12.1,,23.3,,22.6,,1021,,0.8,,0.5,,325,,47,,7.7,,11.8,,12.8,,11.2,
2015-10-19,292,1.2,,7.1,,-6.1,,60,,89,,33,,-6.5,,-2.1,,-9.6,,0.0,,15.4,,30.6,,48.6,,1025,,1.3,,0.7,,236,,51,,8.5,,10.3,,11.2,,9.7,
2015-10-20,293,10.1,,16.8,,4.4,,59,,76,,41,,2.3,,6.1,,-2.6,,0.3,,9.2,,18.1,,34.4,,1021,,1.2,,0.9,,235,,38,,7.1,,10.9,,11.6,,10.4,
2015-10-21,294,11.8,,13.8,,9.8,,86,,95,,63,,9.3,,12.4,,4.7,,1.3,,2.6,,5.0,,-4.9,,1024,,0.8,,0.5,,88,,41,,5.4,,11.8,,12.3,,11.5,
2015-10-22,295,13.0,,19.2,,8.2,,81,,97,,52,,9.5,,12.9,,3.1,,0.3,,7.9,,15.7,,11.8,,1019,,1.7,,0.8,,212,,59,,9.4,,12.6,,13.2,,12.2,
2015-10-23,296,4.3,,8.4,,-1.9,,66,,88,,47,,-1.6,,3.8,,-4.3,,0.0,,11.6,,22.6,,20.1,,1022,,1.4,,0.9,,324,,48,,9.2,,12.3,,13.1,,11.6,
2015-10-24,297,2.9,,6.3,,-3.0,,78,,93,,64,,-0.8,,3.4,,-4.2,,0.0,,7.4,,14.3,,17.9,,1026,,1.4,,0.9,,141,,43,,6.8,,10.8,,11.6,,10.2,
2015-10-25,298,9.0,,13.5,,4.2,,86,,96,,70,,6.8,,11.6,,0.4,,3.6,,3.5,,6.8,,-2.3,,1018,,1.9,,1.2,,221,,48,,10.1,,11.1,,11.6,,10.8,
2015-10-26,299,4.5,,11.4,,-0.2,,68,,95,,32,,-1.4,,1.5,,-5.1,,0.0,,14.1,,27.8,,29.0,,1028,,0.9,,0.5,,6,,55,,6.2,,10.7,,11.4,,10.3,
2015-10-27,300,4.4,,11.0,,-1.4,,70,,86,,39,,-0.9,,2.7,,-4.2,,0.0,,11.5,,23.0,,24.2,,1032,,0.9,,0.2,,92,,69,,5.2,,10.0,,10.5,,9.5,
2015-10-28,301,8.2,,17.2,,3.5,,89,,96,,72,,6.4,,16.4,,1.6,,14.5,,3.3,,6.6,,5.4,,1022,,2.7,,2.3,,100,,32,,12.7,,10.1,,10.5,,9.7,
2015-10-29,302,15.9,,21.2,,7.3,,70,,96,,36,,9.8,,17.8,,-1.5,,19.6,,8.3,,16.9,,14.8,,1001,,2.9,,2.3,,226,,37,,17.4,,12.1,,12.8,,10.5,
2015-10-30,303,7.0,,12.8,,0.3,,57,,77,,30,,-1.5,,4.0,,-6.6,,0.0,,10.7,,21.3,,10.4,,1010,,1.7,,1.3,,284,,40,,11.7,,11.7,,12.4,,11.2,
2015-10-31,304,4.6,,10.6,,-2.1,,62,,88,,31,,-2.6,,2.6,,-6.8,,0.0,,12.2,,24.3,,28.5,,1019,,1.1,,0.6,,220,,54,,6.0,,10.3,,11.2,,9.8,
2015-11-01,305,9.2,,13.9,,5.7,,80,,91,,70,,6.0,,8.8,,2.3,,0.3,,3.5,,6.8,,-13.9,,1011,,1.9,,1.6,,211,,34,,10.5,,10.5,,10.8,,10.3,
2015-11-02,306,9.9,,16.8,,5.6,,69,,88,,40,,4.1,,6.6,,2.6,,0.0,,11.6,,23.5,,20.4,,1015,,1.0,,0.5,,294,,55,,6.1,,10.5,,10.9,,10.1,
2015-11-03,307,11.4,,20.6,,4.4,,70,,93,,37,,5.4,,8.1,,2.8,,0.0,,12.2,,24.7,,28.5,,1021,,1.1,,0.3,,260,,68,,9.8,,10.6,,11.1,,10.1,
2015-11-04,308,12.7,,19.3,,6.7,,65,,90,,30,,5.7,,8.7,,0.7,,0.0,,12.1,,24.5,,21.8,,1026,,1.2,,0.6,,205,,55,,6.9,,10.8,,11.3,,10.3,
2015-11-05,309,14.4,,19.9,,9.4,,84,,97,,63,,11.6,,15.4,,5.4,,0.0,,7.3,,14.8,,25.8,,1023,,1.7,,1.5,,211,,28,,7.6,,11.3,,12.1,,10.8,
2015-11-06,310,17.0,,19.5,,15.0,,83,,96,,49,,13.9,,15.9,,5.0,,0.0,,4.1,,7.9,,10.5,,1012,,2.5,,2.1,,226,,35,,11.7,,12.6,,13.1,,12.1,
2015-11-07,311,10.0,,15.6,,4.4,,62,,78,,47,,2.8,,7.3,,0.0,,0.0,,6.1,,12.3,,-4.4,,1014,,2.3,,2.0,,274,,26,,12.2,,12.5,,13.0,,11.9,
2015-11-08,312,5.1,,11.1,,-0.2,,66,,92,,37,,-1.3,,0.8,,-3.9,,0.0,,11.7,,23.1,,12.6,,1022,,1.3,,1.0,,275,,36,,7.6,,11.0,,11.9,,10.5,
2015-11-09,313,6.2,,13.0,,0.3,,65,,91,,38,,-0.4,,2.3,,-2.0,,0.0,,12.0,,23.3,,13.6,,1027,,1.1,,0.9,,241,,36,,6.4,,9.9,,10.5,,9.4,
2015-11-10,314,7.5,,12.0,,3.4,,61,,82,,42,,0.2,,4.1,,-2.9,,0.5,,3.9,,7.7,,-2.0,,1019,,1.7,,1.4,,67,,33,,9.2,,9.6,,9.9,,9.2,
2015-11-11,315,5.9,,7.1,,4.6,,89,,95,,68,,4.2,,5.9,,0.3,,6.3,,2.6,,5.0,,-2.5,,1011,,1.6,,1.2,,35,,39,,10.5,,9.9,,10.1,,9.7,
2015-11-12,316,7.3,,11.4,,4.8,,96,,97,,93,,6.7,,10.8,,4.2,,3.0,,1.4,,2.6,,1.0,,1007,,2.2,,1.7,,177,,40,,10.0,,10.1,,10.3,,10.0,
2015-11-13,317,6.9,,10.9,,3.4,,78,,95,,61,,3.3,,7.7,,-1.7,,0.8,,4.0,,7.8,,-17.6,,999,,2.5,,2.3,,260,,26,,12.8,,10.3,,10.5,,10.1,
2015-11-14,318,1.6,,4.0,,-2.4,,66,,84,,45,,-4.1,,-0.1,,-8.1,,0.0,,6.4,,12.7,,-2.9,,1011,,2.7,,2.3,,279,,30,,13.4,,9.6,,10.1,,9.0,
2015-11-15,319,3.8,,9.0,,-2.7,,71,,86,,54,,-1.2,,2.1,,-5.0,,0.0,,7.6,,15.4,,2.7,,1018,,1.3,,1.2,,254,,28,,6.3,,8.3,,9.1,,7.8,
2015-11-16,320,6.7,,13.9,,-0.6,,60,,91,,16,,-1.7,,4.7,,-11.7,,0.0,,10.4,,20.6,,6.7,,1021,,1.2,,0.7,,301,,46,,10.4,,8.2,,8.6,,7.9,
2015-11-17,321,0.2,,7.7,,-4.0,,64,,83,,28,,-6.4,,-4.3,,-10.5,,0.0,,11.2,,21.4,,-1.0,,1031,,0.8,,0.3,,48,,60,,3.9,,7.5,,8.3,,7.1,
2015-11-18,322,2.7,,8.5,,-3.6,,75,,86,,60,,-1.3,,3.2,,-7.0,,0.0,,8.6,,17.1,,15.7,,1032,,1.5,,0.9,,155,,51,,7.5,,6.8,,7.2,,6.3,
2015-11-19,323,8.1,,11.4,,5.0,,91,,96,,86,,6.7,,10.7,,3.0,,15.8,,1.3,,2.6,,0.7,,1022,,2.9,,2.5,,129,,28,,12.8,,7.7,,8.4,,7.2,
2015-11-20,324,8.3,,13.0,,0.0,,71,,97,,30,,2.7,,12.4,,-5.0,,16.3,,10.5,,20.0,,10.3,,1017,,1.5,,0.7,,295,,56,,9.7,,9.1,,9.4,,8.4,
2015-11-21,325,2.4,,7.8,,-1.3,,60,,82,,31,,-5.0,,-1.8,,-8.9,,0.0,,9.9,,19.3,,0.9,,1021,,1.4,,0.9,,88,,46,,7.1,,8.0,,8.8,,7.7,
2015-11-22,326,4.1,,6.3,,1.2,,77,,96,,47,,0.2,,5.5,,-7.8,,0.5,,2.6,,5.0,,-3.1,,1011,,1.4,,0.1,,115,,75,,8.7,,7.7,,8.0,,7.5,
2015-11-23,327,-1.4,,2.5,,-6.4,,48,,71,,26,,-11.5,,-6.1,,-18.0,,0.0,,10.4,,19.9,,-7.4,,1012,,1.6,,1.3,,318,,35,,10.9,,7.3,,8.0,,6.6,
2015-11-24,328,-2.2,,4.2,,-7.5,,61,,79,,37,,-8.9,,-5.8,,-12.6,,0.0,,9.4,,18.0,,-2.1,,1024,,0.7,,0.2,,248,,59,,5.8,,5.6,,6.6,,5.2,
2015-11-25,329,0.5,,6.7,,-4.7,,66,,88,,38,,-5.5,,-2.3,,-7.2,,0.0,,9.8,,19.0,,2.2,,1038,,1.2,,0.7,,134,,54,,6.8,,5.0,,5.3,,4.8,
2015-11-26,330,7.0,,10.3,,1.9,,77,,90,,55,,3.2,,7.7,,-2.5,,0.0,,5.7,,11.2,,10.6,,1039,,2.3,,1.8,,188,,38,,9.7,,5.8,,6.5,,5.1,
2015-11-27,331,11.6,,15.4,,8.8,,78,,95,,57,,7.8,,9.4,,5.8,,0.0,,7.3,,14.5,,14.0,,1028,,2.6,,2.3,,216,,26,,9.8,,7.2,,7.9,,6.5,
2015-11-28,332,5.6,,11.3,,-2.0,,89,,96,,76,,3.9,,8.3,,-2.8,,5.1,,0.9,,1.9,,-14.2,,1021,,1.1,,0.6,,310,,50,,5.9,,8.0,,8.1,,7.8,
2015-11-29,333,-1.5,,4.9,,-5.4,,73,,94,,37,,-6.1,,-2.6,,-9.0,,0.0,,9.8,,18.8,,-14.7,,1022,,1.3,,0.9,,332,,42,,6.3,,6.9,,7.8,,6.3,
2015-11-30,334,-2.6,,0.5,,-6.2,,72,,86,,58,,-7.0,,-4.4,,-10.3,,0.0,,5.5,,11.2,,-3.3,,1027,,1.1,,0.7,,112,,48,,5.4,,5.5,,6.3,,5.2,
2015-12-01,335,-0.1,,2.1,,-3.9,,90,,96,,76,,-1.5,,1.6,,-5.1,,5.1,,2.2,,4.5,,-6.1,,1022,,1.3,,1.1,,98,,33,,6.7,,5.1,,5.3,,4.9,
2015-12-02,336,4.5,,8.4,,1.1,,97,,97,,96,,4.0,,8.0,,0.7,,13.2,,1.1,,2.3,,6.6,,1008,,0.9,,0.4,,189,,54,,8.7,,5.7,,6.3,,5.3,
2015-12-03,337,4.0,,8.2,,0.2,,84,,98,,59,,1.3,,7.8,,-3.3,,0.3,,2.7,,5.2,,-11.9,,1007,,1.8,,1.6,,273,,28,,12.2,,6.5,,6.7,,6.3,
2015-12-04,338,1.5,,5.7,,-2.3,,79,,93,,59,,-1.9,,-0.1,,-3.5,,0.0,,4.4,,8.7,,-13.0,,1026,,1.1,,0.9,,271,,32,,10.7,,5.8,,6.4,,5.5,
2015-12-05,339,2.3,,9.5,,-2.0,,83,,97,,52,,-0.6,,1.6,,-2.7,,0.0,,8.9,,17.6,,-2.8,,1034,,0.8,,0.3,,334,,56,,5.0,,5.3,,5.7,,4.9,
2015-12-06,340,2.9,,10.3,,-2.2,,80,,98,,42,,-0.7,,2.3,,-2.5,,0.0,,9.1,,17.7,,-1.7,,1027,,0.6,,0.3,,229,,48,,4.5,,5.0,,5.3,,4.7,
2015-12-07,341,3.6,,10.5,,0.1,,72,,95,,38,,-1.3,,1.1,,-3.7,,0.0,,8.6,,16.6,,-3.5,,1017,,0.8,,0.3,,307,,56,,5.6,,4.9,,5.2,,4.7,
2015-12-08,342,1.4,,3.3,,0.3,,79,,86,,72,,-2.0,,-0.2,,-3.8,,0.0,,2.7,,5.5,,3.7,,1017,,1.1,,0.8,,56,,38,,7.1,,5.0,,5.2,,4.7,
2015-12-09,343,2.9,,5.6,,-0.5,,82,,90,,71,,0.0,,3.1,,-2.1,,0.0,,2.8,,5.6,,8.3,,1018,,1.4,,1.0,,146,,45,,6.5,,5.4,,5.7,,5.1,
2015-12-10,344,7.3,,13.0,,4.9,,90,,96,,64,,5.8,,8.4,,2.9,,2.0,,4.1,,7.9,,-0.5,,1014,,1.6,,0.9,,155,,53,,7.5,,6.2,,6.7,,5.7,
2015-12-11,345,7.6,,10.9,,4.9,,91,,96,,81,,6.1,,8.0,,4.2,,0.3,,5.1,,10.4,,-9.5,,1011,,1.7,,1.3,,212,,38,,8.9,,6.5,,6.9,,6.3,
2015-12-12,346,8.2,,13.4,,4.1,,71,,93,,48,,3.0,,5.6,,1.5,,0.0,,6.9,,14.1,,6.5,,1017,,1.2,,0.8,,266,,44,,6.0,,6.6,,6.9,,6.3,
2015-12-13,347,8.7,,9.9,,6.2,,65,,87,,48,,2.4,,5.5,,-1.5,,0.0,,2.2,,4.3,,15.4,,1020,,1.0,,0.5,,82,,52,,6.5,,7.2,,7.5,,6.9,
2015-12-14,348,8.5,,13.9,,5.1,,95,,98,,87,,7.7,,13.4,,3.4,,11.4,,1.1,,2.3,,1.1,,1010,,1.6,,1.3,,152,,34,,6.6,,7.6,,8.1,,7.4,
2015-12-15,349,9.4,,14.8,,3.8,,80,,97,,60,,6.0,,14.4,,0.4,,4.1,,3.6,,7.2,,1.4,,998,,2.7,,2.1,,269,,38,,15.1,,8.5,,8.7,,8.1,
2015-12-16,350,3.1,,7.6,,0.3,,73,,86,,52,,-1.4,,0.6,,-2.3,,0.0,,8.1,,16.4,,1.6,,1017,,1.6,,0.7,,97,,62,,7.8,,7.7,,8.4,,7.3,
2015-12-17,351,5.1,,8.8,,1.1,,95,,97,,85,,4.3,,8.2,,-0.9,,9.1,,0.7,,1.6,,0.1,,1012,,2.1,,1.6,,126,,37,,7.8,,7.2,,7.4,,7.1,
2015-12-18,352,4.1,,7.7,,-0.3,,86,,97,,61,,1.8,,7.2,,-6.1,,0.3,,1.5,,3.0,,-11.2,,1003,,1.4,,1.1,,288,,33,,7.5,,7.5,,7.6,,7.2,
2015-12-19,353,-1.3,,1.3,,-2.9,,55,,84,,33,,-9.6,,-4.1,,-14.4,,0.0,,6.9,,13.5,,-15.5,,1011,,2.9,,2.6,,269,,26,,13.1,,6.5,,7.2,,5.9,
2015-12-20,354,-1.3,,2.8,,-3.5,,63,,82,,44,,-7.6,,-5.8,,-10.9,,0.0,,7.8,,15.9,,-13.1,,1024,,2.0,,1.6,,270,,36,,11.7,,5.3,,5.9,,5.0,
2015-12-21,355,3.5,,7.4,,-1.9,,61,,69,,51,,-3.4,,1.5,,-7.1,,0.0,,4.8,,10.0,,-0.1,,1019,,3.0,,2.7,,216,,27,,12.3,,4.8,,5.1,,4.5,
2015-12-22,356,8.8,,11.5,,5.4,,91,,97,,68,,7.3,,11.1,,1.3,,10.4,,0.8,,1.8,,-10.9,,1015,,1.9,,1.3,,211,,43,,10.6,,5.6,,6.4,,5.1,
2015-12-23,357,8.6,,11.3,,5.6,,93,,98,,79,,7.5,,9.0,,5.2,,20.8,,2.3,,4.9,,-9.8,,1019,,2.0,,1.7,,94,,30,,11.1,,6.5,,7.1,,6.2,
2015-12-24,358,11.8,,16.7,,7.8,,95,,98,,85,,11.1,,16.3,,7.2,,6.6,,1.7,,3.6,,-6.5,,1013,,1.7,,0.9,,206,,54,,11.3,,7.6,,8.2,,7.1,
2015-12-25,359,10.2,,15.5,,5.3,,75,,97,,46,,5.6,,9.4,,0.9,,0.3,,7.1,,14.9,,8.2,,1021,,0.8,,0.2,,255,,65,,4.6,,7.8,,8.1,,7.5,
2015-12-26,360,6.1,,9.7,,3.0,,56,,78,,28,,-2.5,,2.2,,-8.6,,0.0,,6.1,,12.6,,2.8,,1029,,1.1,,0.6,,73,,52,,6.6,,7.6,,8.0,,7.3,
2015-12-27,361,5.1,,9.7,,-0.7,,93,,98,,67,,3.9,,9.3,,-3.9,,10.9,,1.2,,2.6,,-5.8,,1013,,1.3,,0.3,,263,,68,,8.7,,7.3,,7.5,,7.1,
2015-12-28,362,-3.1,,-0.4,,-7.0,,58,,88,,37,,-10.7,,-3.0,,-17.1,,0.0,,7.4,,14.7,,8.3,,1027,,1.8,,0.9,,6,,56,,9.9,,6.7,,7.5,,6.0,
2015-12-29,363,-4.5,,-1.4,,-7.3,,92,,96,,77,,-5.6,,-1.9,,-9.7,,16.5,,1.1,,2.4,,0.1,,1020,,1.8,,1.5,,71,,36,,9.1,,5.3,,6.0,,4.9,
2015-12-30,364,-2.8,,0.4,,-5.3,,96,,98,,94,,-3.3,,0.2,,-6.1,,6.1,,1.3,,2.7,,-0.9,,1021,,0.7,,0.5,,121,,40,,5.4,,4.7,,4.9,,4.6,
2015-12-31,365,1.1,,3.5,,-0.3,,88,,99,,70,,-0.8,,2.9,,-4.0,,8.4,,5.5,,10.8,,-0.2,,1014,,1.3,,1.0,,272,,37,,7.2,,4.5,,4.6,,4.4,
2016-01-01,1,-0.8,,1.1,,-4.0,,75,,96,,61,,-4.8,,-2.6,,-8.6,,0.5,,1.7,,3.5,,-13.7,,1010,,1.8,,1.6,,268,,25,,9.3,,4.3,,4.4,,4.3,
2016-01-02,2,-2.1,,0.9,,-4.7,,66,,79,,47,,-7.7,,-6.2,,-9.5,,0.0,,6.7,,13.2,,-13.9,,1011,,2.0,,1.8,,267,,27,,9.0,,4.2,,4.3,,4.1,
2016-01-03,3,-1.0,,3.4,,-4.6,,71,,87,,52,,-5.7,,-3.9,,-7.2,,0.0,,6.3,,12.5,,-16.2,,1006,,1.8,,1.6,,251,,27,,9.7,,4.0,,4.1,,3.9,
2016-01-04,4,-8.7,,-2.0,,-17.4,,66,,90,,42,,-14.0,,-3.7,,-22.1,,0.0,,5.8,,12.0,,-21.1,,1014,,2.1,,1.7,,332,,34,,9.7,,3.7,,4.0,,3.3,
2016-01-05,5,-12.5,,-6.2,,-17.7,,55,,70,,26,,-20.2,,-14.8,,-23.4,,0.0,,9.4,,18.4,,-37.4,,1029,,1.7,,1.3,,327,,36,,8.7,,2.8,,3.3,,2.3,
2016-01-06,6,-4.3,,2.8,,-11.4,,42,,69,,19,,-16.3,,-12.5,,-19.5,,0.0,,9.5,,18.0,,-35.4,,1027,,0.9,,0.7,,230,,41,,5.5,,2.1,,2.3,,1.9,
2016-01-07,7,-1.8,,7.7,,-8.2,,48,,74,,20,,-12.0,,-6.1,,-16.2,,0.0,,8.2,,15.6,,-35.6,,1023,,1.0,,0.4,,71,,60,,6.1,,1.8,,1.9,,1.7,
2016-01-08,8,-1.0,,1.6,,-6.1,,82,,92,,70,,-3.7,,-1.0,,-7.8,,0.0,,3.3,,7.0,,-11.4,,1022,,1.5,,1.3,,78,,30,,7.3,,1.6,,1.7,,1.5,
2016-01-09,9,0.8,,3.6,,-0.5,,92,,98,,76,,-0.3,,0.8,,-1.2,,0.0,,5.0,,10.3,,14.4,,1021,,1.8,,1.5,,96,,29,,6.4,,1.5,,1.6,,1.5,
2016-01-10,10,6.2,,12.9,,0.8,,95,,98,,84,,5.4,,12.2,,-0.5,,23.6,,1.1,,2.3,,1.9,,1002,,3.1,,1.6,,118,,56,,16.2,,1.4,,1.5,,1.3,
2016-01-11,11,-4.3,,2.0,,-9.5,,55,,84,,32,,-12.3,,-0.4,,-17.9,,0.0,,7.6,,15.0,,-14.8,,1007,,2.9,,2.6,,273,,27,,13.8,,1.6,,1.7,,1.4,
2016-01-12,12,-5.7,,-1.3,,-10.5,,73,,97,,44,,-10.2,,-2.7,,-15.4,,1.8,,5.4,,10.8,,-2.6,,1008,,1.6,,0.9,,160,,50,,7.8,,1.5,,1.7,,1.4,
2016-01-13,13,-7.6,,-4.3,,-10.9,,58,,96,,33,,-14.8,,-5.0,,-19.3,,0.0,,8.7,,16.9,,-32.0,,1004,,3.2,,2.9,,276,,27,,16.2,,1.4,,1.4,,1.3,
2016-01-14,14,-7.6,,-3.6,,-11.6,,69,,87,,49,,-12.4,,-8.7,,-15.4,,0.0,,7.8,,15.4,,-15.6,,1008,,1.4,,1.2,,260,,30,,7.8,,1.3,,1.3,,1.2,
2016-01-15,15,-1.8,,2.1,,-6.8,,77,,97,,61,,-5.4,,-0.6,,-9.3,,0.0,,5.2,,11.1,,8.1,,1009,,1.5,,1.2,,108,,38,,7.1,,1.2,,1.2,,1.2,
2016-01-16,16,0.4,,2.8,,-0.7,,96,,98,,80,,-0.2,,2.3,,-3.3,,12.4,,2.1,,4.0,,-17.1,,998,,1.8,,0.5,,16,,67,,8.2,,1.1,,1.2,,1.1,
2016-01-17,17,-2.7,,-0.3,,-5.4,,72,,91,,57,,-7.2,,-2.8,,-10.2,,0.3,,3.6,,7.5,,-13.5,,1005,,1.2,,0.6,,314,,52,,9.8,,1.2,,1.2,,1.1,
2016-01-18,18,-7.8,,-5.0,,-12.2,,63,,95,,31,,-14.2,,-5.7,,-21.5,,1.0,,8.6,,17.4,,-26.9,,1000,,3.0,,2.6,,276,,26,,17.2,,1.3,,1.3,,1.2,
2016-01-19,19,-10.7,,-7.0,,-13.1,,57,,78,,41,,-17.7,,-15.4,,-19.6,,0.0,,6.3,,12.9,,-37.0,,1005,,3.5,,3.2,,278,,25,,15.9,,1.3,,1.3,,1.3,
2016-01-20,20,-7.9,,-2.3,,-12.8,,61,,80,,38,,-14.3,,-12.2,,-16.1,,0.0,,9.8,,20.0,,-30.4,,1014,,1.7,,1.5,,278,,31,,9.7,,1.2,,1.3,,1.2,
2016-01-21,21,-7.1,,-1.8,,-11.9,,57,,82,,33,,-14.6,,-12.2,,-16.5,,0.0,,10.8,,21.7,,-31.8,,1015,,1.5,,1.2,,306,,34,,10.2,,1.1,,1.2,,1.1,
2016-01-22,22,-7.9,,-3.5,,-12.4,,55,,73,,38,,-15.5,,-13.5,,-16.5,,0.0,,9.2,,18.6,,-25.4,,1018,,1.5,,1.2,,325,,36,,10.5,,1.0,,1.1,,1.0,
2016-01-23,23,-7.2,,-5.7,,-8.3,,60,,79,,47,,-13.8,,-9.4,,-16.3,,0.0,,2.8,,6.3,,-0.5,,1011,,2.3,,1.9,,49,,35,,12.7,,0.9,,1.0,,0.9,
2016-01-24,24,-5.4,,1.1,,-12.2,,47,,70,,25,,-15.6,,-12.8,,-17.8,,0.0,,10.9,,22.0,,-15.8,,1010,,1.5,,1.3,,320,,34,,7.9,,0.9,,0.9,,0.8,
2016-01-25,25,-2.9,,3.1,,-8.8,,57,,74,,39,,-10.4,,-6.9,,-14.3,,0.0,,10.6,,21.2,,-10.5,,1020,,1.2,,0.5,,232,,59,,6.5,,0.8,,0.8,,0.8,
2016-01-26,26,1.8,,4.5,,-2.8,,75,,90,,67,,-2.1,,-0.1,,-7.1,,0.0,,4.9,,10.2,,-4.4,,1012,,3.0,,2.7,,206,,27,,12.4,,0.8,,0.8,,0.8,
2016-01-27,27,0.5,,4.5,,-5.2,,62,,83,,40,,-6.1,,-0.2,,-10.6,,0.0,,5.8,,11.5,,-0.0,,1013,,2.3,,2.1,,278,,27,,13.4,,0.8,,0.8,,0.8,
2016-01-28,28,-1.9,,3.0,,-7.1,,70,,88,,50,,-6.8,,-2.3,,-9.8,,0.0,,11.5,,21.9,,4.3,,1010,,1.9,,1.5,,196,,35,,11.9,,0.8,,0.8,,0.8,
2016-01-29,29,-1.1,,2.6,,-4.0,,78,,96,,48,,-4.5,,-1.2,,-7.7,,0.3,,4.4,,8.6,,6.4,,997,,1.4,,0.9,,289,,47,,9.1,,0.8,,0.8,,0.8,
2016-01-30,30,-2.5,,1.2,,-7.3,,69,,87,,53,,-7.5,,-5.5,,-9.4,,0.0,,7.3,,14.9,,10.1,,1010,,2.2,,1.7,,230,,39,,14.6,,0.8,,0.8,,0.8,
2016-01-31,31,4.0,,9.0,,-0.3,,55,,66,,41,,-4.5,,-1.2,,-7.3,,0.0,,7.4,,14.4,,24.0,,1009,,1.8,,1.6,,213,,27,,8.2,,0.8,,0.8,,0.8,
2016-02-01,32,5.5,,13.3,,-0.6,,68,,85,,39,,-0.2,,4.7,,-4.3,,0.0,,6.4,,12.6,,8.8,,1008,,2.0,,1.4,,243,,44,,12.5,,0.8,,0.9,,0.8,
2016-02-02,33,1.1,,7.6,,-3.3,,66,,86,,38,,-4.9,,-2.3,,-6.7,,0.0,,12.3,,23.9,,20.4,,1022,,1.0,,0.2,,357,,68,,5.5,,0.9,,0.9,,0.8,
2016-02-03,34,5.7,,13.3,,-0.3,,86,,97,,57,,3.5,,11.7,,-6.5,,18.8,,0.8,,1.9,,-7.4,,1016,,3.2,,2.6,,162,,37,,14.7,,1.0,,1.1,,0.9,
2016-02-04,35,6.9,,11.6,,1.1,,76,,97,,45,,2.7,,10.9,,-3.5,,0.5,,6.1,,12.4,,19.6,,1013,,2.1,,1.4,,256,,43,,11.0,,2.4,,3.1,,1.1,
2016-02-05,36,-3.0,,1.7,,-8.2,,88,,97,,61,,-4.8,,-1.7,,-10.0,,11.9,,1.0,,1.5,,-24.4,,1016,,1.5,,1.2,,323,,37,,10.6,,2.8,,3.0,,2.7,
2016-02-06,37,-4.0,,1.5,,-9.6,,74,,90,,50,,-8.1,,-5.9,,-11.2,,2.8,,8.6,,13.4,,-38.6,,1023,,1.5,,1.2,,210,,34,,7.7,,2.6,,2.7,,2.6,
2016-02-07,38,-0.5,,7.6,,-7.5,,68,,93,,32,,-6.3,,-2.6,,-8.7,,0.5,,12.8,,25.2,,-26.8,,1017,,1.3,,0.4,,99,,64,,5.7,,2.5,,2.6,,2.5,
2016-02-08,39,-6.3,,-0.2,,-8.4,,73,,91,,30,,-10.9,,-3.3,,-22.4,,3.8,,2.3,,5.2,,-3.5,,1008,,2.2,,1.7,,47,,38,,13.9,,2.4,,2.5,,2.4,
2016-02-09,40,-7.1,,-2.3,,-10.2,,83,,91,,63,,-9.6,,-6.4,,-11.8,,1.5,,6.8,,13.9,,-20.6,,1002,,0.9,,0.5,,60,,51,,5.8,,2.3,,2.4,,2.3,
2016-02-10,41,-4.2,,-0.1,,-8.3,,89,,94,,79,,-5.7,,-2.2,,-9.4,,1.0,,4.5,,10.1,,-24.9,,1000,,1.0,,0.8,,233,,38,,8.4,,2.3,,2.3,,2.3,
2016-02-11,42,-9.8,,-6.4,,-16.7,,62,,87,,35,,-16.1,,-8.8,,-23.6,,0.0,,9.2,,17.7,,-21.5,,1005,,2.5,,2.2,,277,,27,,13.9,,2.3,,2.3,,2.2,
2016-02-12,43,-12.8,,-7.6,,-20.2,,57,,74,,42,,-19.9,,-16.1,,-24.1,,0.0,,10.7,,22.3,,-19.4,,1013,,1.7,,1.2,,227,,42,,8.2,,2.1,,2.3,,2.0,
2016-02-13,44,-15.1,,-9.2,,-25.5,,54,,82,,28,,-23.0,,-14.6,,-34.1,,0.0,,11.9,,24.1,,-19.5,,1010,,2.4,,2.2,,283,,27,,12.7,,1.9,,2.0,,1.8,
2016-02-14,45,-21.4,,-13.3,,-27.6,,44,,62,,27,,-30.8,,-26.7,,-34.9,,0.0,,14.2,,29.1,,-24.1,,1022,,1.9,,1.6,,295,,32,,8.5,,1.6,,1.8,,1.5,
2016-02-15,46,-14.2,,-6.6,,-23.1,,66,,93,,30,,-19.6,,-7.5,,-28.6,,3.0,,6.5,,14.0,,-6.4,,1026,,1.2,,0.6,,128,,56,,6.5,,1.4,,1.5,,1.3,
2016-02-16,47,5.1,,12.1,,-6.7,,92,,97,,80,,3.9,,10.4,,-7.6,,15.0,,2.5,,5.6,,0.4,,1007,,3.5,,2.6,,178,,40,,18.2,,1.2,,1.3,,0.9,
2016-02-17,48,-0.8,,3.5,,-3.7,,76,,93,,54,,-4.6,,-2.4,,-5.8,,0.0,,10.8,,21.7,,31.3,,1011,,1.7,,1.5,,276,,29,,8.9,,1.2,,1.6,,1.0,
2016-02-18,49,-5.0,,-1.6,,-9.4,,53,,88,,35,,-13.5,,-5.2,,-18.6,,0.0,,15.1,,27.7,,24.1,,1025,,2.0,,1.6,,315,,37,,11.4,,1.3,,1.6,,1.2,
2016-02-19,50,-4.4,,1.4,,-12.0,,45,,83,,16,,-15.5,,-3.5,,-21.6,,0.0,,11.6,,21.8,,31.3,,1027,,1.6,,1.2,,197,,42,,10.6,,1.1,,1.2,,0.9,
2016-02-20,51,6.6,,13.3,,-1.1,,63,,94,,32,,-0.8,,1.9,,-3.7,,0.8,,12.9,,25.1,,50.7,,1010,,3.5,,3.0,,210,,30,,12.4,,1.1,,1.7,,0.9,
2016-02-21,52,5.0,,8.8,,0.6,,65,,81,,47,,-1.3,,0.2,,-2.6,,0.0,,11.4,,23.2,,38.7,,1011,,1.9,,1.6,,274,,32,,11.3,,2.3,,3.1,,1.7,
2016-02-22,53,-0.2,,5.0,,-4.8,,58,,83,,28,,-8.1,,-2.2,,-15.3,,0.0,,14.5,,29.0,,31.9,,1018,,1.3,,0.6,,344,,58,,6.8,,2.5,,2.9,,2.2,
2016-02-23,54,-2.4,,1.4,,-6.3,,63,,93,,41,,-8.7,,-2.6,,-16.4,,0.5,,9.3,,18.8,,28.4,,1025,,2.5,,2.1,,90,,31,,8.5,,1.9,,2.5,,1.7,
2016-02-24,55,1.7,,15.4,,-2.3,,96,,98,,92,,1.1,,14.5,,-3.3,,27.9,,1.6,,3.8,,7.9,,1012,,3.0,,2.4,,94,,37,,19.2,,1.8,,2.1,,1.7,
2016-02-25,56,9.1,,16.0,,-0.0,,85,,95,,55,,6.6,,14.5,,-4.2,,18.8,,5.3,,11.3,,9.4,,990,,3.3,,2.4,,212,,40,,18.2,,4.2,,5.0,,2.1,
2016-02-26,57,-3.3,,0.4,,-8.1,,50,,77,,23,,-12.8,,-3.4,,-21.7,,0.0,,16.4,,32.7,,44.6,,1003,,3.3,,2.9,,281,,28,,13.5,,3.9,,4.7,,3.3,
2016-02-27,58,-4.3,,1.0,,-11.2,,53,,74,,39,,-12.6,,-7.7,,-16.8,,0.0,,16.7,,33.5,,40.9,,1012,,2.0,,1.5,,230,,40,,10.7,,2.4,,3.3,,2.1,
2016-02-28,59,4.5,,10.4,,-1.5,,54,,68,,38,,-4.3,,-1.2,,-8.2,,0.0,,13.3,,27.5,,34.6,,1008,,2.8,,2.4,,219,,30,,12.0,,2.3,,3.0,,1.9,
2016-02-29,60,5.5,,10.2,,1.0,,66,,92,,45,,-0.6,,6.2,,-4.9,,0.8,,7.2,,14.8,,-7.7,,1003,,2.8,,2.2,,226,,37,,11.6,,3.2,,3.6,,2.8,
2016-03-01,61,0.3,E,5.5,E,-4.9,E,38,E,77,E,22,E,-12.7,E,-3.0,E,-18.4,E,0.5,E,15.3,E,32.0,,39.0,,1013,,1.2,,0.4,,152,,52,,10.5,,3.0,E,3.3,E,2.6,E
2016-03-02,62,-0.5,,9.2,,-8.3,,74,,97,,45,,-4.9,,8.8,,-15.8,,14.2,,11.6,,23.2,,37.1,,1002,,3.6,,1.6,,268,,59,,15.5,,3.3,,3.7,,2.9,
2016-03-03,63,-6.3,,-1.5,,-9.7,,48,,74,,21,,-16.2,,-12.9,,-21.3,,0.0,,18.0,,36.3,,49.7,,1019,,1.7,,1.3,,287,,36,,8.4,,2.4,,3.2,,2.0,
2016-03-04,64,-5.0,,-2.0,,-7.2,,68,,87,,44,,-10.2,,-6.4,,-17.1,,0.0,,8.0,,16.7,,34.3,,1018,,1.7,,1.4,,59,,33,,8.1,,1.7,,2.0,,1.5,
2016-03-05,65,-4.1,,1.0,,-9.4,,47,,89,,22,,-14.7,,-7.2,,-19.6,,0.0,,16.4,,32.2,,51.5,,1017,,1.1,,0.7,,334,,46,,6.9,,1.5,,1.6,,1.4,
2016-03-06,66,-1.8,,4.5,,-6.0,,43,,66,,20,,-13.5,,-11.1,,-17.3,,0.0,,18.1,,35.7,,57.1,,1022,,0.9,,0.4,,332,,56,,7.4,,1.7,,2.0,,1.4,
2016-03-07,67,1.9,,7.6,,-2.8,,62,,82,,46,,-4.8,,-1.1,,-12.6,,0.0,,7.7,,15.8,,19.5,,1017,,1.9,,1.4,,212,,42,,12.2,,1.8,,2.1,,1.5,
2016-03-08,68,6.7,,14.0,,-0.1,,67,,92,,43,,0.6,,3.3,,-2.2,,0.0,,14.5,,30.2,,60.0,,1018,,1.1,,0.3,,266,,68,,5.8,,2.6,,3.8,,1.8,
2016-03-09,69,13.9,,24.1,,5.0,,54,,89,,24,,3.5,,7.3,,1.1,,0.0,,17.5,,36.0,,66.3,,1016,,2.2,,1.9,,220,,29,,8.0,,4.5,,5.9,,3.6,
2016-03-10,70,13.9,,16.6,,9.6,,80,,97,,46,,10.2,,13.3,,3.5,,10.4,,2.8,,6.4,,6.7,,1012,,1.2,,0.8,,250,,45,,7.4,,6.1,,6.9,,5.6,
2016-03-11,71,8.4,,13.3,,0.0,,72,,97,,33,,3.1,,9.1,,-3.4,,2.3,,17.5,,36.1,,71.4,,1017,,1.6,,1.3,,310,,39,,10.7,,7.0,,7.5,,6.7,
2016-03-12,72,5.6,,15.0,,-2.3,,60,,89,,22,,-2.5,,0.8,,-6.7,,0.0,,19.5,,39.9,,65.7,,1019,,1.8,,1.3,,236,,44,,8.6,,6.2,,6.9,,5.4,
2016-03-13,73,9.5,,15.0,,4.7,,36,,65,,15,,-6.2,,0.4,,-12.8,,0.0,,17.0,,34.7,,67.8,,1015,,1.6,,0.6,,348,,62,,9.5,,6.3,,7.0,,5.7,
2016-03-14,74,2.1,,7.7,,0.4,,77,,96,,25,,-2.2,,1.0,,-11.0,,7.1,,2.6,,5.8,,-1.2,,1020,,3.0,,2.6,,90,,27,,12.1,,5.9,,6.8,,5.2,
2016-03-15,75,4.6,,7.0,,1.4,,93,,96,,86,,3.5,,5.7,,0.9,,8.9,,5.9,,12.1,,24.3,,1010,,2.5,,2.0,,63,,33,,11.5,,5.2,,5.7,,4.9,
2016-03-16,76,7.9,,15.2,,2.7,,82,,96,,55,,4.7,,7.6,,1.7,,6.9,,14.6,,30.6,,77.2,,1009,,1.5,,0.3,,87,,71,,9.9,,6.1,,7.1,,5.4,
2016-03-17,77,7.0,,14.3,,2.7,,80,,97,,30,,3.4,,8.1,,-3.5,,2.0,,12.4,,25.1,,42.4,,1007,,1.5,,1.2,,247,,39,,13.2,,7.2,,7.8,,6.7,
2016-03-18,78,3.4,,8.8,,-2.2,,69,,84,,47,,-1.9,,1.3,,-10.9,,0.3,,12.4,,25.3,,43.4,,1005,,2.3,,2.0,,278,,31,,11.2,,6.7,,7.3,,6.3,
2016-03-19,79,-1.4,,4.9,,-6.2,,39,,57,,21,,-14.0,,-9.6,,-16.9,,0.0,,21.3,,42.1,,69.2,,1015,,1.5,,1.0,,313,,45,,7.9,,5.7,,6.6,,5.1,
2016-03-20,80,-2.4,,3.0,,-8.2,,48,,78,,26,,-12.4,,-5.9,,-16.9,,0.0,,16.7,,33.8,,62.2,,1018,,1.7,,1.1,,96,,46,,6.5,,4.7,,5.5,,4.1,
2016-03-21,81,-0.1,,6.6,,-4.2,,64,,93,,19,,-7.2,,-2.5,,-16.0,,4.1,,15.2,,28.4,,34.4,,1006,,1.8,,1.4,,283,,39,,12.0,,4.6,,5.0,,4.3,
2016-03-22,82,1.8,,7.9,,-4.7,,55,,94,,24,,-7.3,,0.1,,-13.3,,0.3,,20.9,,41.0,,85.6,,1014,,2.5,,2.0,,256,,35,,10.8,,4.5,,5.2,,3.9,
2016-03-23,83,7.7,,15.3,,3.3,,62,,75,,40,,0.6,,4.6,,-1.9,,0.0,,7.6,,15.8,,33.2,,1013,,2.0,,1.1,,248,,55,,10.6,,5.2,,5.9,,4.7,
2016-03-24,84,2.0,,6.7,,-0.5,,69,,96,,42,,-3.5,,-0.4,,-8.6,,0.0,,15.5,,32.4,,85.9,,1018,,2.6,,2.2,,97,,32,,9.8,,5.7,,6.1,,5.3,
2016-03-25,85,4.3,,9.7,,-0.2,,92,,97,,70,,3.1,,9.3,,-1.7,,4.3,,2.9,,6.0,,5.6,,1009,,1.8,,0.3,,131,,72,,8.7,,5.6,,6.0,,5.2,
2016-03-26,86,2.6,,9.7,,-1.5,,72,,91,,49,,-2.0,,1.1,,-4.5,,0.0,,16.4,,33.0,,75.2,,1023,,1.5,,0.1,,32,,76,,6.8,,5.8,,6.5,,5.3,
2016-03-27,87,3.4,,10.8,,-0.9,,80,,92,,53,,-0.0,,3.2,,-2.2,,0.0,,13.1,,26.8,,57.2,,1025,,1.3,,0.7,,164,,55,,6.2,,6.0,,6.7,,5.5,
2016-03-28,88,2.8,,4.3,,1.0,,92,,97,,82,,1.6,,3.8,,-1.0,,24.4,,2.8,,6.3,,8.9,,1004,,1.6,,0.3,,119,,73,,10.1,,5.9,,6.4,,5.7,
2016-03-29,89,2.9,,7.2,,-2.3,,60,,88,,37,,-4.5,,1.2,,-9.7,,0.3,,14.9,,30.4,,54.1,,1008,,3.0,,2.5,,291,,32,,15.1,,5.8,,6.2,,5.4,
2016-03-30,90,4.1,,12.2,,-3.9,,45,,73,,22,,-7.7,,-1.4,,-11.3,,0.0,,22.3,,45.3,,91.8,,1021,,2.1,,1.7,,219,,36,,11.0,,5.4,,6.3,,4.5,
2016-03-31,91,12.1,,19.2,,3.4,,63,,89,,47,,5.2,,12.5,,-2.6,,0.0,,18.7,,39.3,,92.5,,1011,,4.3,,3.8,,210,,26,,15.6,,6.5,,7.7,,5.6,
2016-04-01,92,15.0,,20.5,,7.7,,85,,94,,62,,12.4,,15.1,,1.3,,10.9,,8.4,,17.4,,36.9,,1001,,3.6,,2.9,,219,,34,,16.2,,8.5,,9.6,,7.7,
2016-04-02,93,4.7,,8.2,,-0.5,,86,,97,,65,,2.4,,4.9,,-0.9,,4.6,,4.4,,9.4,,-2.1,,997,,1.2,,0.7,,225,,52,,9.1,,8.7,,9.6,,8.0,
2016-04-03,94,-2.8,,1.1,,-7.4,,66,,97,,29,,-8.9,,0.7,,-17.4,,4.6,,12.3,,23.2,,-3.3,,1001,,2.8,,2.1,,292,,39,,16.7,,7.1,,8.0,,6.4,
2016-04-04,95,-6.7,,-5.9,,-8.3,,86,,93,,56,,-8.6,,-7.0,,-14.7,,6.9,,3.7,,9.2,,-9.2,,1013,,1.3,,0.8,,61,,49,,8.2,,5.8,,6.4,,5.4,
2016-04-05,96,-5.3,,0.6,,-11.8,,57,,92,,19,,-13.7,,-7.9,,-20.9,,2.5,,25.0,,50.2,,6.1,,1021,,1.6,,1.2,,337,,41,,10.3,,5.2,,5.4,,5.0,
2016-04-06,97,-1.4,,3.6,,-9.8,,50,,82,,23,,-11.3,,0.2,,-17.3,,0.0,,16.6,,34.2,,16.1,,1021,,2.2,,1.7,,192,,40,,9.0,,4.7,,5.0,,4.5,
2016-04-07,98,8.4,,11.2,,2.9,,89,,94,,78,,6.7,,9.8,,0.1,,11.2,,4.2,,9.1,,7.4,,1001,,3.6,,3.1,,181,,31,,14.4,,4.8,,5.7,,4.4,
2016-04-08,99,3.0,,6.9,,-2.2,,76,,95,,54,,-0.9,,5.6,,-7.0,,1.8,,9.0,,18.9,,30.3,,1000,,2.2,,1.7,,249,,38,,9.7,,5.8,,6.2,,5.5,
2016-04-09,100,1.0,,7.0,,-4.4,,55,,86,,31,,-7.8,,-3.3,,-11.8,,0.0,,19.2,,39.1,,84.5,,1006,,1.4,,0.9,,324,,46,,10.4,,5.6,,6.4,,4.8,
2016-04-10,101,0.8,,7.1,,-5.0,,43,,65,,17,,-11.3,,-4.6,,-17.1,,0.0,,24.8,,49.5,,113.0,,1020,,2.1,,1.2,,280,,54,,9.6,,5.7,,6.4,,4.9,
2016-04-11,102,6.4,,12.1,,2.3,,68,,91,,41,,0.7,,6.8,,-5.1,,2.3,,4.9,,10.7,,-3.2,,1019,,2.7,,2.4,,193,,25,,11.6,,5.9,,6.2,,5.6,
2016-04-12,103,6.9,,11.1,,-1.6,,78,,96,,40,,3.0,,9.7,,-4.5,,9.9,,9.3,,19.0,,22.9,,1016,,2.4,,1.5,,240,,48,,11.5,,6.7,,7.3,,6.2,
2016-04-13,104,4.3,,11.2,,-2.4,,54,,88,,24,,-5.2,,-0.1,,-9.5,,0.0,,25.6,,51.8,,121.1,,1025,,1.3,,0.7,,354,,55,,7.2,,6.6,,7.5,,5.6,
2016-04-14,105,5.8,,12.9,,-0.3,,44,,74,,20,,-6.7,,-2.4,,-11.0,,0.0,,25.7,,52.1,,119.0,,1025,,1.5,,0.9,,38,,49,,8.1,,7.0,,8.0,,6.2,
2016-04-15,106,7.2,,15.2,,-0.3,,35,,74,,16,,-8.5,,-3.3,,-12.8,,0.0,,25.9,,52.4,,118.0,,1028,,1.8,,1.3,,54,,43,,9.9,,7.3,,8.2,,6.4,
2016-04-16,107,8.0,,15.4,,2.0,,31,,64,,12,,-9.5,,-2.7,,-14.2,,0.0,,26.2,,52.6,,117.2,,1030,,1.9,,1.6,,59,,33,,9.0,,7.6,,8.5,,6.8,
2016-04-17,108,11.8,,22.6,,1.1,,39,,65,,17,,-2.9,,3.2,,-7.8,,0.0,,25.8,,53.0,,128.2,,1027,,1.2,,0.4,,1,,63,,6.5,,8.2,,9.5,,7.0,
2016-04-18,109,15.2,,23.9,,7.8,,34,,56,,20,,-1.2,,5.8,,-5.6,,0.0,,23.3,,48.2,,120.6,,1020,,1.8,,0.8,,70,,59,,7.2,,9.3,,10.5,,8.2,
2016-04-19,110,8.9,,14.7,,5.0,,53,,88,,19,,-1.4,,4.7,,-9.0,,0.3,,17.6,,35.6,,79.7,,1015,,2.0,,1.2,,342,,52,,12.2,,9.7,,10.2,,9.3,
2016-04-20,111,8.0,,15.3,,3.2,,33,,62,,12,,-8.2,,-2.9,,-14.6,,0.0,,27.0,,55.4,,127.4,,1022,,1.5,,1.0,,339,,44,,10.6,,9.2,,10.0,,8.3,
2016-04-21,112,13.0,,22.8,,0.8,,44,,86,,14,,-1.0,,3.0,,-6.6,,0.0,,26.0,,53.4,,127.1,,1017,,1.6,,1.2,,223,,36,,8.0,,9.4,,10.6,,8.2,
2016-04-22,113,15.6,,24.2,,11.4,,69,,97,,32,,9.2,,15.1,,2.1,,4.3,,10.4,,21.8,,54.0,,1012,,1.0,,0.1,,196,,70,,9.3,,10.5,,11.3,,9.8,
2016-04-23,114,11.6,,15.5,,3.9,,61,,97,,26,,3.2,,13.0,,-9.7,,0.0,,21.7,,45.4,,112.4,,1012,,1.7,,1.3,,333,,37,,10.0,,11.4,,12.2,,10.8,
2016-04-24,115,6.8,,13.9,,0.6,,30,,56,,11,,-10.5,,-2.8,,-17.2,,0.0,,26.5,,55.3,,134.9,,1016,,1.6,,1.0,,331,,47,,9.2,,10.6,,11.4,,9.6,
2016-04-25,116,9.0,,12.9,,5.4,,34,,59,,21,,-6.4,,-0.1,,-13.5,,0.0,,9.8,,20.7,,53.8,,1015,,1.3,,0.4,,36,,67,,5.4,,10.2,,10.6,,9.7,
2016-04-26,117,3.1,,8.4,,0.2,,78,,96,,39,,-1.0,,1.3,,-6.7,,9.4,,3.4,,7.7,,-6.4,,1009,,1.6,,1.4,,80,,30,,9.2,,9.4,,10.3,,8.8,
2016-04-27,118,6.3,,14.4,,-1.2,,55,,97,,21,,-3.9,,1.6,,-12.6,,0.0,,27.9,,57.6,,135.4,,1010,,1.6,,1.1,,277,,42,,10.8,,9.0,,10.2,,7.9,
2016-04-28,119,7.1,,14.8,,-1.9,,40,,66,,20,,-6.6,,0.3,,-11.7,,0.0,,25.3,,52.8,,132.7,,1015,,1.2,,0.2,,292,,71,,6.2,,9.3,,10.3,,8.2,
2016-04-29,120,8.2,,15.7,,2.0,,58,,84,,28,,-0.1,,4.0,,-3.3,,0.0,,23.7,,49.5,,130.7,,1018,,1.9,,0.9,,128,,57,,6.7,,10.1,,11.1,,9.2,
2016-04-30,121,10.4,,17.7,,3.6,,53,,75,,32,,0.7,,5.3,,-2.3,,0.0,,19.4,,40.4,,105.5,,1021,,1.4,,0.8,,224,,51,,7.0,,10.7,,11.6,,9.9,
2016-05-01,122,6.4,,9.2,,3.0,,63,,94,,33,,-0.4,,2.5,,-6.7,,0.5,,7.0,,15.7,,6.8,,1020,,1.5,,1.1,,166,,38,,7.1,,10.5,,11.2,,10.2,
2016-05-02,123,6.1,,8.7,,3.2,,96,,97,,93,,5.4,,7.8,,2.4,,8.9,,4.8,,9.9,,14.4,,1015,,1.3,,0.6,,78,,57,,7.2,,9.9,,10.2,,9.7,
2016-05-03,124,7.2,,8.9,,5.5,,94,,97,,85,,6.3,,7.6,,5.0,,5.1,,4.9,,10.4,,11.8,,1011,,0.8,,0.7,,79,,36,,3.8,,9.8,,10.1,,9.6,
2016-05-04,125,5.9,,7.4,,3.8,,89,,95,,77,,4.2,,5.7,,2.9,,2.3,,3.5,,7.9,,-2.5,,1009,,1.7,,1.5,,76,,32,,9.7,,9.7,,10.0,,9.5,
2016-05-05,126,6.1,,8.7,,3.7,,91,,95,,82,,4.7,,6.2,,2.8,,2.5,,5.7,,12.0,,18.6,,1007,,1.8,,1.4,,50,,34,,8.5,,9.4,,9.7,,9.2,
2016-05-06,127,9.6,,16.6,,6.0,,85,,96,,60,,7.1,,10.8,,5.2,,7.6,,15.5,,32.8,,92.4,,1008,,2.1,,1.7,,82,,34,,9.4,,10.1,,11.1,,9.3,
2016-05-07,128,8.3,,11.0,,5.7,,94,,97,,87,,7.4,,9.2,,5.2,,0.3,,7.6,,15.9,,43.8,,1009,,1.6,,1.3,,87,,34,,6.2,,10.6,,11.0,,10.3,
2016-05-08,129,9.3,,14.8,,4.3,,75,,97,,30,,4.4,,9.7,,-3.9,,1.5,,11.5,,23.6,,50.3,,1004,,2.4,,1.7,,252,,41,,17.4,,10.8,,11.3,,10.6,
2016-05-09,130,8.9,,15.1,,3.0,,50,,80,,26,,-2.0,,2.8,,-6.0,,0.0,,25.0,,51.4,,127.7,,1014,,2.2,,1.8,,278,,35,,12.8,,10.6,,11.4,,9.8,
2016-05-10,131,11.2,,20.5,,1.6,,44,,70,,24,,-1.4,,4.9,,-5.5,,0.0,,28.1,,59.0,,150.8,,1019,,1.3,,0.8,,288,,45,,8.2,,10.7,,12.0,,9.4,
2016-05-11,132,15.6,,23.8,,6.6,,34,,65,,13,,-1.7,,5.3,,-7.3,,0.0,,29.1,,60.0,,156.7,,1020,,1.1,,0.8,,329,,46,,8.0,,11.6,,12.9,,10.4,
2016-05-12,133,17.4,,25.2,,7.8,,32,,59,,16,,-0.4,,6.1,,-6.2,,0.0,,27.8,,57.1,,145.2,,1019,,1.4,,0.6,,181,,59,,8.3,,12.4,,13.8,,11.2,
2016-05-13,134,15.4,,21.1,,10.8,,79,,97,,50,,11.5,,15.4,,3.9,,11.4,,9.8,,21.3,,44.9,,1011,,1.6,,1.2,,201,,39,,8.2,,12.9,,13.5,,12.3,
2016-05-14,135,15.3,,21.6,,9.4,,72,,97,,36,,9.7,,12.7,,5.6,,2.3,,24.1,,50.4,,134.1,,1005,,1.6,,1.1,,218,,43,,11.5,,13.6,,14.7,,12.4,
2016-05-15,136,6.7,,11.6,,2.5,,62,,93,,35,,-0.5,,9.2,,-5.3,,0.0,,18.2,,36.1,,98.8,,1004,,2.6,,2.2,,272,,33,,13.1,,13.6,,14.3,,13.1,
2016-05-16,137,6.5,,12.5,,1.3,,50,,69,,30,,-3.4,,0.1,,-5.6,,0.0,,16.5,,32.9,,72.9,,1012,,2.8,,2.3,,272,,32,,14.3,,12.1,,13.1,,11.6,
2016-05-17,138,12.4,,18.2,,5.9,,51,,67,,31,,2.2,,6.7,,-0.5,,0.0,,18.9,,39.2,,99.0,,1018,,1.6,,1.2,,272,,36,,10.6,,11.9,,13.0,,11.0,
2016-05-18,139,12.8,,19.9,,4.8,,51,,79,,25,,2.1,,6.9,,-1.5,,0.0,,28.4,,59.1,,161.7,,1018,,1.2,,0.1,,314,,76,,7.2,,12.6,,13.8,,11.4,
2016-05-19,140,12.1,,18.7,,7.1,,69,,96,,38,,6.1,,10.5,,3.1,,2.5,,18.6,,35.0,,103.8,,1019,,0.9,,0.2,,86,,68,,6.5,,13.3,,14.1,,12.5,
2016-05-20,141,13.9,,21.8,,6.9,,64,,97,,27,,6.0,,10.6,,1.6,,0.0,,26.5,,53.0,,142.1,,1023,,1.0,,0.5,,319,,52,,7.9,,13.5,,14.7,,12.3,
2016-05-21,142,15.2,,19.8,,9.3,,53,,78,,31,,5.2,,8.6,,2.2,,0.0,,14.7,,29.9,,66.4,,1019,,1.1,,0.8,,203,,39,,6.9,,13.6,,14.1,,12.9,
2016-05-22,143,14.9,,21.5,,9.7,,63,,84,,36,,7.5,,11.5,,3.1,,0.0,,17.7,,35.9,,95.5,,1011,,0.9,,0.5,,53,,52,,5.5,,13.8,,14.8,,13.1,
2016-05-23,144,17.7,,25.4,,10.1,,56,,91,,22,,7.6,,12.6,,1.0,,0.0,,23.4,,47.3,,139.0,,1013,,1.2,,0.7,,72,,48,,7.5,,14.2,,15.4,,13.1,
2016-05-24,145,13.8,,16.4,,10.7,,85,,96,,62,,11.4,,13.6,,7.5,,3.6,,9.1,,17.1,,39.7,,1013,,1.3,,1.0,,57,,38,,6.9,,14.7,,15.1,,14.2,
2016-05-25,146,19.1,,29.4,,10.3,,65,,97,,18,,10.5,,15.1,,1.8,,0.0,,25.9,,51.9,,155.3,,1016,,1.0,,0.6,,274,,52,,9.0,,15.0,,16.4,,13.8,
2016-05-26,147,22.4,,29.5,,14.5,,57,,84,,32,,13.0,,17.4,,10.6,,0.0,,24.7,,50.5,,147.1,,1019,,1.1,,0.3,,205,,66,,5.6,,16.1,,17.4,,14.9,
2016-05-27,148,22.7,,29.0,,17.1,,64,,82,,43,,15.3,,19.8,,10.4,,0.0,,24.4,,49.6,,149.2,,1018,,1.6,,1.0,,173,,50,,8.5,,17.1,,18.3,,16.1,
2016-05-28,149,24.2,,32.1,,16.7,,68,,91,,36,,17.2,,20.8,,14.2,,0.0,,27.0,,55.1,,170.5,,1020,,0.9,,0.7,,219,,42,,6.4,,18.0,,19.4,,16.8,
2016-05-29,150,17.0,,21.1,,12.2,,89,,96,,72,,15.1,,18.6,,11.5,,0.0,,15.5,,29.2,,96.6,,1021,,1.6,,1.3,,87,,33,,6.6,,18.1,,18.8,,17.5,
2016-05-30,151,18.1,,24.1,,12.3,,90,,97,,70,,16.2,,19.8,,11.7,,11.9,,14.9,,30.4,,82.5,,1016,,1.2,,0.7,,178,,53,,7.1,,17.5,,18.5,,16.7,
2016-05-31,152,21.0,,26.9,,15.8,,62,,97,,29,,12.4,,18.2,,5.5,,0.0,,29.1,,60.5,,173.6,,1015,,1.1,,0.7,,264,,48,,8.1,,18.5,,19.7,,17.4,
2016-06-01,153,18.7,,24.6,,12.7,,63,,86,,42,,11.2,,14.6,,6.8,,0.0,,27.6,,57.1,,161.8,,1021,,1.6,,1.2,,100,,37,,7.4,,18.2,,19.2,,17.0,
2016-06-02,154,16.5,,23.1,,10.7,,76,,95,,51,,12.0,,14.9,,9.5,,0.0,,28.1,,59.0,,174.7,,1021,,1.9,,1.4,,114,,41,,8.0,,18.1,,19.1,,16.9,
2016-06-03,155,16.3,,21.0,,13.1,,90,,96,,76,,14.6,,17.2,,12.1,,1.8,,12.5,,24.6,,72.9,,1017,,1.1,,0.8,,196,,44,,5.8,,17.9,,18.5,,17.4,
2016-06-04,156,20.6,,26.5,,15.9,,68,,97,,31,,13.7,,16.7,,7.7,,0.0,,25.9,,53.2,,159.0,,1016,,0.9,,0.3,,308,,65,,4.2,,18.4,,19.5,,17.6,
2016-06-05,157,16.9,,19.3,,15.4,,93,,97,,82,,15.7,,17.3,,14.0,,25.4,,5.7,,11.5,,8.5,,1009,,1.8,,1.5,,153,,36,,10.0,,18.0,,18.8,,17.5,
2016-06-06,158,19.5,,25.4,,15.6,,74,,98,,34,,14.2,,17.5,,8.0,,0.0,,25.7,,52.8,,171.4,,1005,,1.2,,0.7,,248,,51,,7.7,,18.3,,19.6,,17.2,
2016-06-07,159,18.4,,25.0,,13.2,,74,,95,,44,,13.5,,17.4,,9.1,,0.3,,24.3,,49.7,,152.8,,1001,,1.2,,0.5,,262,,62,,7.9,,18.9,,20.0,,17.9,
2016-06-08,160,13.4,,19.0,,9.0,,72,,89,,48,,8.3,,11.9,,5.0,,0.8,,19.9,,40.9,,97.8,,1001,,1.6,,1.1,,275,,45,,9.6,,18.3,,19.3,,17.6,
2016-06-09,161,12.0,,16.4,,8.4,,63,,82,,42,,4.8,,7.4,,2.3,,0.0,,21.3,,41.2,,133.6,,1006,,1.9,,1.3,,280,,43,,11.5,,17.4,,18.0,,16.8,
2016-06-10,162,13.7,,20.7,,7.7,,64,,82,,41,,6.6,,11.0,,3.2,,0.0,,26.1,,51.9,,157.2,,1014,,1.3,,0.8,,331,,49,,9.5,,17.0,,18.1,,16.0,
2016-06-11,163,13.0,,16.8,,8.9,,86,,96,,53,,10.7,,15.0,,6.9,,4.1,,9.5,,19.2,,25.3,,1012,,1.0,,0.4,,190,,58,,8.6,,16.5,,17.3,,16.0,
2016-06-12,164,14.9,,21.3,,8.3,,72,,97,,48,,9.6,,16.4,,3.6,,0.3,,16.3,,32.0,,94.0,,1004,,1.8,,1.3,,275,,44,,12.9,,16.5,,17.2,,15.9,
2016-06-13,165,13.5,,20.0,,8.4,,70,,85,,48,,8.0,,11.1,,4.8,,0.0,,20.1,,38.6,,121.6,,1008,,1.9,,1.4,,303,,42,,12.1,,16.4,,17.3,,15.5,
2016-06-14,166,15.4,,23.0,,7.9,,60,,90,,32,,6.9,,11.4,,4.0,,0.0,,29.5,,60.8,,176.1,,1012,,1.4,,0.8,,323,,50,,8.7,,16.7,,18.2,,15.3,
2016-06-15,167,19.1,,25.9,,12.2,,56,,83,,28,,9.3,,13.4,,4.7,,0.0,,29.2,,60.2,,181.9,,1012,,1.1,,0.5,,335,,59,,8.1,,17.3,,18.8,,15.9,
2016-06-16,168,20.5,,27.6,,14.2,,55,,77,,27,,10.4,,15.9,,6.1,,0.0,,26.5,,53.0,,164.3,,1009,,1.0,,0.3,,58,,66,,6.1,,18.2,,19.5,,17.0,
2016-06-17,169,18.6,,25.3,,12.2,,53,,76,,25,,8.1,,12.5,,2.0,,0.0,,26.4,,52.9,,147.2,,1015,,1.1,,0.4,,86,,61,,7.0,,18.3,,19.2,,17.2,
2016-06-18,170,19.4,,27.0,,10.9,,53,,88,,25,,8.3,,14.0,,4.1,,0.0,,28.6,,57.5,,166.1,,1023,,1.1,,0.6,,115,,54,,5.9,,18.1,,19.4,,16.7,
2016-06-19,171,20.4,,28.4,,13.5,,56,,72,,34,,10.9,,16.1,,6.5,,0.0,,28.7,,58.6,,171.7,,1025,,1.3,,1.1,,200,,36,,6.3,,18.4,,19.8,,17.0,
2016-06-20,172,20.8,,29.1,,13.4,,68,,90,,38,,14.2,,18.8,,10.3,,0.0,,27.9,,56.6,,171.0,,1019,,1.4,,1.2,,205,,35,,8.3,,18.9,,20.4,,17.6,
2016-06-21,173,19.9,,26.0,,12.5,,59,,96,,29,,10.5,,18.8,,4.2,,1.3,,28.4,,57.0,,169.8,,1009,,1.2,,0.7,,265,,50,,8.5,,19.6,,20.8,,18.5,
2016-06-22,174,16.1,,22.4,,10.9,,58,,80,,33,,7.6,,11.8,,3.8,,0.0,,18.4,,36.3,,96.5,,1012,,1.1,,0.3,,289,,65,,8.9,,18.3,,19.5,,17.5,
2016-06-23,175,18.1,,26.5,,10.0,,55,,80,,31,,8.3,,13.0,,4.5,,0.0,,27.8,,56.3,,164.5,,1013,,1.0,,0.0,,191,,76,,6.1,,18.0,,19.4,,16.6,
2016-06-24,176,19.6,,26.5,,11.9,,52,,81,,27,,8.5,,12.2,,3.8,,0.0,,29.8,,59.1,,170.1,,1019,,0.9,,0.2,,118,,68,,5.3,,18.3,,19.6,,16.9,
2016-06-25,177,20.1,,28.9,,11.6,,60,,91,,31,,11.3,,16.2,,8.7,,0.0,,27.8,,54.9,,161.2,,1023,,0.9,,0.3,,143,,64,,4.5,,18.5,,19.8,,17.2,
2016-06-26,178,21.8,,29.6,,13.3,,57,,76,,30,,12.2,,16.2,,8.6,,0.0,,28.8,,57.5,,171.5,,1023,,1.0,,0.7,,210,,45,,5.9,,19.0,,20.4,,17.6,
2016-06-27,179,20.9,,26.5,,15.6,,62,,85,,34,,12.9,,17.1,,8.5,,0.0,,22.0,,43.4,,127.6,,1018,,1.9,,1.5,,197,,34,,9.2,,19.3,,20.1,,18.3,
2016-06-28,180,19.4,,23.5,,17.7,,90,,97,,69,,17.7,,19.5,,16.5,,3.6,,7.0,,13.3,,27.0,,1016,,1.7,,1.5,,184,,31,,8.1,,19.2,,19.7,,18.9,
2016-06-29,181,21.6,,27.3,,17.1,,73,,97,,38,,15.9,,19.7,,11.2,,1.0,,23.5,,48.7,,152.9,,1013,,1.0,,0.5,,228,,56,,6.3,,19.9,,21.3,,18.8,
2016-06-30,182,20.6,,27.9,,14.4,,60,,92,,28,,11.6,,15.7,,6.5,,0.0,,27.7,,57.5,,167.2,,1016,,0.9,,0.3,,328,,64,,6.6,,19.8,,20.9,,18.6,
2016-07-01,183,20.5,,26.8,,15.4,,78,,96,,45,,16.3,,20.9,,11.4,,8.9,,20.1,,41.3,,114.6,,1015,,1.4,,1.1,,182,,40,,14.8,,19.6,,20.6,,18.5,
2016-07-02,184,17.5,,22.7,,11.4,,65,,96,,34,,10.0,,17.9,,5.5,,0.3,,24.9,,50.5,,145.4,,1013,,1.5,,0.9,,278,,50,,10.9,,19.8,,20.8,,18.9,
2016-07-03,185,18.6,,25.8,,10.5,,60,,91,,26,,9.4,,13.0,,4.3,,0.0,,29.3,,60.7,,179.5,,1017,,1.0,,0.4,,279,,59,,7.7,,19.0,,20.4,,17.5,
2016-07-04,186,21.1,,28.5,,12.6,,57,,91,,24,,10.9,,14.4,,5.3,,0.0,,29.4,,61.2,,179.3,,1017,,1.2,,0.7,,230,,50,,7.8,,19.3,,20.7,,17.8,
2016-07-05,187,21.7,,29.1,,17.4,,77,,95,,46,,17.2,,20.6,,14.2,,3.6,,20.4,,41.1,,129.5,,1009,,0.7,,0.1,,300,,72,,5.7,,20.1,,21.6,,19.0,
2016-07-06,188,24.1,,31.5,,16.9,,64,,87,,35,,16.2,,18.9,,13.9,,0.0,,27.5,,57.0,,178.0,,1011,,1.0,,0.3,,233,,66,,7.1,,20.5,,21.9,,19.1,
2016-07-07,189,23.3,,31.6,,19.2,,80,,96,,44,,19.4,,22.5,,17.5,,0.0,,19.9,,40.1,,122.4,,1010,,1.1,,0.5,,151,,54,,8.6,,20.9,,22.0,,19.9,
2016-07-08,190,19.0,,23.5,,13.9,,84,,96,,65,,16.2,,20.4,,11.9,,0.0,,22.4,,44.5,,157.0,,1012,,1.7,,1.4,,94,,34,,8.3,,21.1,,22.0,,20.2,
2016-07-09,191,14.2,,16.5,,12.8,,92,,96,,84,,12.9,,14.6,,11.1,,2.8,,5.2,,9.6,,19.3,,1013,,1.7,,1.4,,104,,33,,7.5,,19.8,,21.1,,19.0,
2016-07-10,192,15.5,,20.4,,12.9,,94,,97,,81,,14.5,,17.5,,12.3,,2.8,,9.1,,18.1,,35.8,,1013,,1.0,,0.7,,99,,40,,4.8,,18.9,,19.5,,18.3,
2016-07-11,193,17.9,,25.0,,12.7,,74,,97,,34,,12.6,,15.2,,7.5,,0.3,,23.4,,47.6,,132.3,,1018,,0.9,,0.5,,2,,53,,5.3,,19.2,,20.6,,18.1,
2016-07-12,194,20.9,,27.9,,13.3,,66,,97,,33,,13.5,,16.6,,8.4,,0.0,,27.3,,57.3,,169.6,,1019,,1.0,,0.5,,209,,56,,7.1,,19.5,,21.0,,18.0,
2016-07-13,195,23.2,,30.7,,17.0,,69,,95,,47,,16.9,,20.8,,13.6,,0.0,,26.2,,55.2,,171.1,,1018,,1.6,,1.3,,203,,34,,10.1,,20.5,,21.9,,19.1,
2016-07-14,196,22.6,,28.6,,19.1,,87,,97,,65,,20.2,,22.3,,15.4,,18.0,,12.0,,23.5,,68.3,,1013,,1.7,,1.4,,200,,36,,8.4,,20.8,,21.7,,20.1,
2016-07-15,197,24.2,,30.7,,19.0,,76,,97,,36,,19.1,,22.6,,13.8,,2.3,,24.3,,50.2,,167.5,,1013,,1.0,,0.5,,234,,53,,7.2,,21.9,,23.3,,20.7,
2016-07-16,198,21.9,,28.6,,16.9,,76,,97,,48,,17.1,,20.8,,15.4,,0.3,,21.4,,44.2,,132.6,,1018,,0.8,,0.3,,340,,64,,6.3,,21.9,,22.9,,20.8,
2016-07-17,199,22.9,,29.3,,18.2,,70,,88,,43,,16.7,,20.7,,14.7,,0.0,,23.9,,48.5,,159.6,,1020,,1.0,,0.3,,81,,65,,5.5,,22.2,,23.4,,21.0,
2016-07-18,200,23.0,,30.6,,17.7,,75,,92,,46,,18.0,,20.8,,15.7,,0.0,,18.2,,37.7,,105.6,,1018,,1.1,,0.7,,218,,50,,9.0,,21.9,,22.6,,20.9,
2016-07-19,201,19.1,,24.3,,12.7,,64,,93,,35,,11.8,,18.4,,7.0,,0.0,,23.0,,46.5,,134.3,,1020,,1.2,,0.6,,318,,55,,7.7,,21.2,,21.9,,20.3,
2016-07-20,202,18.4,,25.5,,11.3,,60,,85,,32,,9.8,,12.3,,6.6,,0.0,,26.5,,53.2,,158.1,,1023,,1.0,,0.4,,336,,61,,6.5,,20.2,,21.4,,18.9,
2016-07-21,203,21.9,,29.3,,13.7,,60,,90,,31,,12.8,,16.9,,8.7,,0.0,,27.7,,56.7,,172.6,,1019,,1.1,,0.5,,270,,59,,7.4,,20.3,,21.7,,18.9,
2016-07-22,204,25.1,,33.4,,19.1,,65,,87,,36,,17.6,,20.4,,15.8,,0.0,,24.9,,50.4,,158.9,,1012,,1.5,,1.0,,234,,43,,11.6,,21.1,,22.5,,19.9,
2016-07-23,205,23.5,,31.9,,15.8,,65,,94,,29,,15.4,,18.8,,9.8,,1.0,,24.3,,49.6,,149.5,,1012,,1.3,,0.6,,299,,54,,10.1,,21.5,,22.5,,20.4,
2016-07-24,206,22.0,,30.1,,14.9,,61,,96,,23,,12.9,,17.8,,6.3,,0.3,,26.7,,53.3,,163.7,,1016,,1.0,,0.5,,340,,58,,6.6,,21.2,,22.3,,20.0,
2016-07-25,207,24.5,,32.2,,17.2,,67,,88,,46,,17.7,,20.9,,9.5,,0.0,,20.1,,40.2,,123.7,,1013,,1.2,,0.6,,209,,54,,7.9,,21.3,,22.4,,20.1,
2016-07-26,208,24.2,,31.1,,18.7,,64,,95,,32,,16.0,,19.6,,11.8,,0.0,,24.3,,47.6,,147.8,,1013,,1.2,,0.7,,284,,49,,8.5,,21.6,,22.6,,20.6,
2016-07-27,209,24.1,,32.1,,16.5,,58,,88,,30,,14.3,,17.4,,11.2,,0.0,,23.8,,46.8,,142.8,,1015,,0.9,,0.3,,334,,64,,7.7,,21.4,,22.4,,20.2,
2016-07-28,210,24.7,,31.3,,17.5,,62,,91,,39,,16.5,,18.9,,13.9,,0.0,,19.8,,38.9,,114.3,,1014,,0.9,,0.1,,189,,72,,5.4,,21.3,,22.3,,20.2,
2016-07-29,211,21.7,,28.6,,17.9,,85,,97,,47,,18.8,,21.2,,15.6,,2.5,,14.6,,28.2,,81.5,,1014,,0.7,,0.4,,52,,46,,6.4,,21.7,,22.6,,21.1,
2016-07-30,212,21.5,,28.4,,14.9,,73,,97,,38,,15.7,,19.4,,10.6,,0.3,,19.9,,39.0,,117.0,,1018,,0.6,,0.2,,8,,64,,6.8,,21.3,,22.1,,20.3,
2016-07-31,213,18.5,,21.1,,16.8,,93,,96,,83,,17.3,,19.3,,16.1,,19.3,,8.2,,15.7,,40.9,,1021,,1.2,,1.0,,78,,32,,6.1,,21.1,,21.7,,20.6,
2016-08-01,214,18.3,,20.5,,16.7,,92,,96,,82,,16.9,,18.1,,16.0,,0.0,,5.3,,10.2,,21.4,,1021,,1.2,,1.0,,83,,27,,5.5,,20.7,,21.2,,20.4,
2016-08-02,215,17.6,,23.1,,14.5,,88,,97,,57,,15.5,,17.7,,13.5,,23.9,,10.9,,21.6,,55.3,,1022,,0.8,,0.5,,58,,48,,6.5,,20.1,,20.6,,19.4,
2016-08-03,216,19.6,,26.9,,13.1,,68,,97,,32,,12.6,,15.9,,8.1,,0.3,,25.9,,53.0,,157.0,,1023,,1.0,,0.4,,109,,59,,6.8,,20.1,,21.5,,18.9,
2016-08-04,217,20.6,,27.3,,13.5,,64,,96,,31,,12.6,,16.6,,7.6,,0.0,,26.7,,56.1,,160.6,,1020,,1.0,,0.5,,195,,55,,6.3,,20.5,,21.8,,19.3,
2016-08-05,218,22.0,,28.4,,15.6,,72,,95,,47,,16.3,,18.4,,14.7,,0.0,,25.8,,54.6,,156.4,,1015,,1.4,,1.1,,205,,36,,7.5,,21.1,,22.4,,19.7,
2016-08-06,219,22.2,,28.5,,18.2,,77,,90,,44,,17.8,,22.1,,14.3,,0.0,,16.7,,34.5,,99.5,,1008,,1.1,,0.6,,225,,51,,6.2,,21.6,,22.5,,20.7,
2016-08-07,220,20.9,,27.4,,15.2,,68,,94,,38,,14.3,,17.1,,10.9,,0.0,,20.4,,42.6,,118.0,,1012,,1.0,,0.4,,304,,62,,6.8,,21.2,,22.1,,20.2,
2016-08-08,221,20.6,,27.3,,14.5,,59,,86,,31,,11.5,,14.8,,7.1,,0.0,,26.4,,54.8,,158.4,,1019,,0.9,,0.4,,340,,62,,5.6,,20.9,,22.2,,19.7,
2016-08-09,222,22.1,,29.0,,14.7,,56,,84,,27,,11.9,,15.3,,6.9,,0.0,,25.5,,52.6,,147.4,,1024,,1.0,,0.2,,192,,70,,5.5,,20.9,,22.1,,19.6,
2016-08-10,223,22.1,,25.8,,19.4,,88,,97,,68,,20.1,,22.9,,13.6,,20.1,,6.5,,12.9,,34.0,,1023,,1.4,,1.1,,199,,35,,8.3,,20.9,,21.7,,20.4,
2016-08-11,224,25.9,,31.8,,21.5,,80,,97,,51,,21.8,,23.6,,19.4,,0.0,,22.7,,47.3,,160.2,,1018,,0.9,,0.7,,222,,38,,5.6,,22.6,,24.2,,21.4,
2016-08-12,225,24.9,,31.5,,21.4,,84,,95,,57,,21.9,,24.6,,20.4,,1.5,,16.8,,34.6,,101.7,,1014,,1.0,,0.7,,229,,42,,6.9,,23.5,,24.4,,22.6,
2016-08-13,226,24.1,,30.0,,19.6,,86,,97,,67,,21.4,,24.8,,19.0,,52.6,,20.0,,36.4,,142.3,,1014,,1.4,,1.0,,111,,40,,8.7,,23.7,,24.9,,22.8,
2016-08-14,227,24.3,,31.2,,19.8,,83,,97,,55,,21.1,,24.0,,18.6,,0.0,,17.4,,35.3,,118.4,,1015,,1.0,,0.6,,236,,46,,7.2,,23.6,,24.7,,22.6,
2016-08-15,228,21.6,,28.1,,16.7,,76,,94,,50,,17.0,,19.8,,14.2,,0.0,,20.8,,42.1,,130.0,,1022,,0.8,,0.3,,330,,63,,5.8,,23.6,,24.5,,22.6,
2016-08-16,229,21.6,,25.7,,15.9,,84,,94,,64,,18.8,,23.0,,13.4,,1.3,,11.2,,22.3,,59.5,,1021,,1.5,,0.9,,157,,50,,11.4,,22.9,,23.5,,22.2,
2016-08-17,230,21.7,,24.8,,15.9,,74,,93,,51,,16.7,,22.8,,13.6,,0.0,,19.8,,39.8,,123.2,,1015,,1.7,,0.8,,280,,58,,10.2,,23.2,,23.9,,22.6,
2016-08-18,231,22.0,,29.2,,15.6,,74,,96,,43,,16.7,,18.9,,13.9,,0.0,,21.7,,44.4,,141.1,,1017,,0.9,,0.3,,278,,64,,5.5,,22.8,,23.8,,21.7,
2016-08-19,232,22.1,,28.3,,17.7,,71,,94,,42,,16.1,,18.8,,13.1,,0.0,,22.3,,45.0,,136.3,,1016,,0.8,,0.3,,357,,60,,5.4,,22.9,,23.8,,21.9,
2016-08-20,233,21.2,,28.3,,15.9,,80,,97,,43,,17.2,,20.1,,14.1,,0.0,,20.3,,39.9,,123.5,,1016,,1.4,,0.9,,149,,45,,9.8,,22.6,,23.6,,21.7,
2016-08-21,234,22.1,,27.5,,18.2,,79,,96,,50,,17.9,,20.4,,15.3,,9.9,,19.1,,38.5,,119.4,,1013,,2.4,,2.1,,163,,27,,10.6,,22.7,,23.5,,22.0,
2016-08-22,235,17.4,,21.9,,11.4,,74,,97,,46,,12.4,,19.8,,7.6,,10.9,,24.2,,48.2,,137.1,,1016,,1.3,,0.8,,306,,49,,9.5,,22.6,,23.4,,21.9,
2016-08-23,236,17.0,,24.7,,9.4,,68,,92,,36,,10.4,,14.5,,7.2,,0.0,,24.4,,49.7,,140.3,,1025,,0.9,,0.3,,301,,64,,6.8,,21.4,,22.2,,20.3,
2016-08-24,237,20.8,,28.0,,13.7,,71,,95,,42,,14.9,,18.6,,12.4,,0.0,,23.0,,46.1,,131.3,,1024,,1.0,,0.6,,192,,53,,5.5,,21.2,,22.3,,20.1,
2016-08-25,238,21.7,,26.7,,16.7,,79,,96,,61,,17.7,,20.1,,15.7,,0.0,,16.8,,34.4,,94.0,,1018,,1.5,,1.3,,197,,33,,7.8,,21.6,,22.3,,20.8,
2016-08-26,239,22.9,,29.6,,18.6,,80,,96,,46,,18.8,,22.5,,15.4,,0.0,,15.7,,30.7,,90.1,,1016,,0.9,,0.3,,260,,63,,5.4,,22.0,,22.9,,21.2,
2016-08-27,240,21.6,,28.8,,16.8,,71,,89,,38,,15.8,,19.7,,12.6,,0.0,,20.2,,40.7,,114.8,,1023,,0.8,,0.4,,58,,55,,4.2,,21.8,,22.7,,20.8,
2016-08-28,241,22.0,,28.6,,16.7,,69,,90,,48,,15.8,,18.8,,13.4,,0.0,,22.4,,45.9,,131.0,,1025,,1.6,,1.2,,178,,39,,6.9,,21.9,,22.8,,20.9,
2016-08-29,242,21.4,,27.7,,15.0,,67,,93,,37,,14.4,,20.0,,10.7,,0.0,,21.8,,43.1,,124.1,,1021,,1.2,,0.5,,292,,61,,9.6,,22.0,,23.0,,21.3,
2016-08-30,243,18.9,,26.7,,11.2,,67,,95,,36,,12.0,,14.9,,9.5,,0.0,,22.9,,46.0,,124.1,,1020,,0.9,,0.1,,183,,72,,6.1,,21.1,,22.0,,20.1,
2016-08-31,244,20.2,,24.4,,16.1,,84,,95,,69,,17.3,,19.7,,12.3,,0.0,,10.0,,19.4,,48.2,,1016,,0.8,,0.6,,215,,40,,4.4,,20.9,,21.5,,20.2,
2016-09-01,245,19.4,,25.3,,14.2,,84,,96,,59,,16.4,,20.3,,10.5,,5.6,,9.9,,18.9,,41.3,,1013,,0.5,,0.1,,33,,65,,4.5,,21.1,,21.6,,20.6,
2016-09-02,246,17.6,,24.6,,12.2,,67,,90,,32,,10.9,,14.8,,5.8,,0.0,,22.8,,45.1,,121.3,,1020,,1.1,,0.6,,348,,53,,7.2,,20.4,,21.4,,19.4,
2016-09-03,247,15.9,,21.8,,10.6,,75,,91,,49,,11.1,,14.3,,9.1,,0.0,,17.6,,33.9,,84.1,,1024,,0.9,,0.6,,83,,44,,4.5,,19.8,,20.6,,19.0,
2016-09-04,248,16.8,,23.6,,11.4,,66,,90,,39,,9.7,,12.3,,7.6,,0.0,,21.3,,41.7,,114.2,,1025,,1.3,,1.0,,78,,34,,7.2,,19.5,,20.4,,18.6,
2016-09-05,249,17.4,,24.2,,10.2,,62,,84,,43,,9.7,,13.1,,7.3,,0.0,,16.5,,31.9,,84.6,,1022,,1.4,,1.0,,50,,41,,8.9,,19.0,,19.8,,18.2,
2016-09-06,250,17.8,,21.4,,14.8,,92,,96,,69,,16.4,,18.8,,11.6,,1.0,,6.7,,12.0,,9.9,,1019,,1.3,,1.0,,51,,41,,7.0,,19.3,,19.8,,18.9,
2016-09-07,251,19.9,,23.9,,18.2,,91,,96,,74,,18.3,,20.5,,17.2,,0.3,,10.9,,21.6,,56.2,,1018,,1.2,,1.0,,70,,35,,6.8,,20.0,,20.8,,19.5,
2016-09-08,252,21.7,,27.4,,17.6,,84,,97,,57,,18.7,,21.1,,17.0,,7.4,,12.9,,26.1,,83.7,,1013,,0.9,,0.4,,147,,59,,4.9,,20.5,,21.2,,19.8,
2016-09-09,253,23.5,,29.9,,18.7,,80,,97,,47,,19.4,,23.5,,16.1,,0.0,,17.3,,35.7,,107.8,,1013,,0.9,,0.4,,256,,57,,7.2,,21.5,,22.5,,20.7,
2016-09-10,254,21.9,,26.5,,18.2,,81,,92,,63,,18.5,,20.6,,15.7,,0.5,,10.3,,20.7,,58.2,,1018,,1.5,,1.1,,119,,42,,5.8,,21.3,,21.9,,20.8,
2016-09-11,255,19.6,,24.6,,11.1,,73,,95,,32,,14.1,,21.1,,5.6,,6.1,,13.6,,27.0,,66.5,,1016,,1.7,,0.8,,227,,58,,11.4,,21.4,,22.0,,20.7,
2016-09-12,256,15.0,,23.2,,7.6,,69,,94,,34,,8.6,,13.0,,5.3,,0.0,,21.4,,43.4,,106.4,,1024,,0.9,,0.2,,11,,69,,4.9,,19.6,,20.7,,18.7,
2016-09-13,257,18.3,,25.8,,11.3,,72,,96,,39,,12.7,,15.1,,10.3,,0.0,,21.0,,42.7,,105.3,,1021,,1.1,,0.8,,198,,43,,7.0,,19.2,,20.1,,18.1,
2016-09-14,258,19.2,,27.3,,11.4,,75,,96,,49,,14.3,,18.4,,8.4,,0.0,,14.6,,29.8,,69.5,,1019,,1.3,,0.6,,255,,57,,8.3,,19.6,,20.4,,18.8,
2016-09-15,259,13.6,,20.8,,8.3,,64,,94,,32,,6.3,,9.2,,2.4,,0.0,,21.0,,42.3,,97.5,,1024,,0.9,,0.3,,24,,62,,4.7,,18.7,,19.7,,17.9,
2016-09-16,260,14.9,,22.0,,9.0,,74,,97,,36,,9.6,,13.5,,5.9,,0.0,,20.0,,40.2,,94.3,,1026,,1.1,,0.7,,186,,46,,6.2,,18.0,,18.9,,17.1,
2016-09-17,261,16.7,,23.3,,9.3,,75,,96,,45,,11.7,,15.8,,8.6,,0.0,,19.8,,39.9,,97.8,,1022,,1.6,,1.2,,195,,40,,8.8,,18.0,,18.9,,17.1,
2016-09-18,262,19.7,,23.1,,17.2,,91,,96,,80,,18.3,,20.2,,15.4,,1.5,,4.5,,8.2,,16.5,,1018,,1.4,,1.2,,200,,32,,7.5,,18.7,,19.2,,18.3,
2016-09-19,263,19.2,,21.2,,17.3,,96,,97,,92,,18.6,,20.2,,16.8,,49.0,,4.0,,7.5,,3.2,,1020,,0.8,,0.4,,149,,55,,7.1,,19.4,,19.8,,19.1,
2016-09-20,264,20.2,,26.1,,16.4,,86,,98,,53,,17.5,,19.5,,14.8,,0.3,,15.7,,31.3,,82.3,,1021,,0.6,,0.2,,232,,59,,3.8,,19.9,,20.7,,19.3,
2016-09-21,265,18.2,,24.8,,13.9,,76,,97,,35,,13.3,,16.6,,7.1,,0.3,,17.5,,35.4,,78.1,,1023,,0.8,,0.5,,15,,48,,4.9,,19.8,,20.4,,19.1,
2016-09-22,266,19.8,,27.7,,12.4,,66,,90,,31,,12.4,,17.6,,8.4,,0.0,,18.8,,38.9,,90.1,,1021,,1.0,,0.4,,155,,60,,5.2,,19.5,,20.3,,18.6,
2016-09-23,267,17.4,,24.9,,10.4,,72,,95,,50,,11.9,,16.5,,9.0,,4.6,,11.9,,23.9,,64.8,,1017,,0.8,,0.2,,323,,64,,6.0,,19.4,,20.0,,18.9,
2016-09-24,268,11.3,,17.0,,6.6,,74,,97,,37,,6.2,,10.4,,0.8,,0.0,,17.9,,35.3,,72.1,,1019,,1.0,,0.6,,342,,51,,7.9,,18.9,,19.4,,18.2,
2016-09-25,269,9.2,,16.6,,3.2,,66,,93,,29,,2.3,,5.1,,-2.4,,0.0,,19.3,,38.4,,78.1,,1021,,1.1,,0.6,,349,,55,,9.7,,17.2,,18.2,,16.5,
2016-09-26,270,11.1,,18.0,,3.3,,67,,88,,37,,4.7,,10.1,,0.8,,0.0,,17.9,,35.5,,80.1,,1020,,1.3,,0.7,,187,,54,,7.7,,16.3,,17.0,,15.4,
2016-09-27,271,14.9,,21.0,,11.2,,86,,97,,45,,12.4,,15.1,,8.1,,10.4,,12.1,,23.5,,46.3,,1014,,1.0,,0.1,,112,,74,,5.5,,17.0,,17.8,,16.4,
2016-09-28,272,11.8,,13.3,,10.1,,90,,97,,81,,10.1,,12.9,,7.7,,0.0,,3.9,,7.2,,6.9,,1022,,2.2,,1.8,,78,,31,,9.5,,16.8,,17.2,,16.5,
2016-09-29,273,11.4,,16.8,,8.1,,77,,94,,51,,7.2,,9.3,,4.3,,0.0,,17.4,,35.1,,76.4,,1031,,1.9,,1.5,,75,,36,,10.2,,16.3,,17.0,,15.8,
2016-09-30,274,10.2,,13.3,,8.6,,84,,96,,70,,7.7,,9.0,,6.8,,12.9,,6.2,,11.6,,27.1,,1029,,1.9,,1.5,,70,,35,,10.1,,16.0,,16.4,,15.7,
2016-10-01,275,9.8,,11.4,,9.0,,95,,96,,92,,9.0,,10.6,,8.3,,5.1,,3.9,,7.1,,8.5,,1025,,1.5,,1.2,,58,,38,,8.1,,15.4,,15.8,,15.2,
2016-10-02,276,10.9,,12.5,,9.2,,94,,97,,88,,9.9,,11.6,,8.6,,0.0,,4.6,,8.6,,15.0,,1019,,0.9,,0.5,,90,,49,,5.7,,15.5,,15.8,,15.2,
2016-10-03,277,14.7,,21.9,,11.7,,89,,98,,57,,12.8,,15.2,,11.2,,0.8,,11.3,,21.7,,63.2,,1018,,1.0,,0.3,,64,,63,,7.4,,16.2,,17.0,,15.5,
2016-10-04,278,11.3,,16.3,,6.2,,87,,94,,65,,9.3,,11.5,,5.2,,0.0,,6.6,,12.1,,17.0,,1027,,1.2,,1.1,,72,,30,,5.6,,16.4,,16.7,,16.0,
2016-10-05,279,10.6,,18.6,,4.8,,74,,96,,33,,5.6,,9.5,,0.1,,0.0,,17.2,,34.2,,65.7,,1026,,1.1,,0.9,,79,,31,,5.5,,15.5,,16.1,,14.7,
2016-10-06,280,12.7,,22.2,,5.7,,76,,97,,27,,7.8,,12.7,,1.6,,0.0,,17.1,,33.7,,66.6,,1025,,0.8,,0.3,,28,,62,,3.3,,15.1,,15.9,,14.3,
2016-10-07,281,14.4,,23.2,,7.9,,75,,95,,40,,9.5,,14.4,,6.6,,0.3,,17.2,,33.4,,65.5,,1025,,0.8,,0.2,,87,,67,,3.9,,15.4,,16.3,,14.5,
2016-10-08,282,14.2,,18.3,,8.8,,89,,97,,70,,12.3,,15.6,,8.0,,0.0,,9.4,,18.0,,40.5,,1019,,1.0,,0.5,,194,,53,,6.0,,15.6,,16.1,,15.0,
2016-10-09,283,9.8,,16.1,,4.7,,92,,97,,82,,8.6,,15.6,,2.3,,13.7,,1.5,,2.8,,-20.0,,1016,,1.0,,0.5,,2,,55,,6.7,,15.6,,16.0,,14.8,
2016-10-10,284,6.6,,12.8,,3.3,,62,,85,,37,,-0.5,,2.7,,-3.0,,0.0,,17.2,,32.5,,50.8,,1021,,1.5,,1.0,,322,,47,,11.8,,14.1,,14.8,,13.6,
2016-10-11,285,8.0,,17.1,,0.6,,68,,91,,31,,1.5,,6.2,,-2.9,,0.0,,16.2,,31.5,,59.5,,1030,,0.8,,0.1,,75,,72,,4.0,,13.3,,13.9,,12.5,
2016-10-12,286,13.2,E,18.5,E,9.2,E,NA,M,NA,M,NA,M,NA,M,NA,M,NA,M,0.0,,NA,M,NA,M,NA,M,NA,M,NA,M,NA,M,NA,M,NA,M,NA,M,14.1,E,14.5,E,13.3,E
2016-10-13,287,12.6,,18.4,,8.0,,84,,97,,60,,9.9,,13.2,,2.4,,0.0,,8.5,,17.0,,29.2,,1018,,1.3,,0.9,,220,,44,,8.4,,14.2,,14.8,,13.6,
2016-10-14,288,6.7,,13.2,,1.8,,63,,85,,31,,-0.3,,3.7,,-4.4,,0.0,,15.9,,31.7,,44.4,,1027,,1.1,,0.7,,334,,49,,7.3,,13.7,,14.4,,13.1,
2016-10-15,289,7.7,,14.8,,2.1,,65,,94,,39,,1.2,,6.2,,-3.1,,0.0,,15.1,,30.5,,45.4,,1028,,1.2,,0.4,,110,,64,,5.7,,12.7,,13.4,,11.9,
2016-10-16,290,12.4,,17.8,,6.7,,81,,94,,63,,9.2,,12.2,,5.7,,0.0,,10.6,,22.0,,36.7,,1019,,1.6,,1.4,,208,,32,,8.0,,12.8,,13.6,,12.1,
2016-10-17,291,16.3,,22.3,,12.1,,87,,98,,59,,13.9,,15.8,,11.6,,1.3,,9.1,,19.1,,42.6,,1014,,0.7,,0.2,,283,,67,,4.4,,14.0,,14.8,,13.3,
2016-10-18,292,17.0,,24.5,,11.3,,86,,98,,53,,14.4,,17.7,,10.9,,3.8,,8.5,,17.5,,34.9,,1012,,2.1,,1.0,,148,,57,,9.0,,15.1,,15.7,,14.6,
2016-10-19,293,17.9,,23.3,,11.5,,72,,95,,41,,12.3,,17.2,,8.4,,0.0,,14.1,,29.3,,52.4,,1016,,1.4,,0.8,,267,,54,,10.2,,15.8,,16.5,,15.3,
2016-10-20,294,12.7,,16.8,,9.7,,76,,97,,53,,8.5,,11.4,,5.7,,0.0,,9.6,,19.8,,36.5,,1021,,2.2,,1.9,,94,,30,,9.4,,15.0,,15.7,,14.5,
2016-10-21,295,17.0,,23.1,,11.6,,95,,98,,66,,16.1,,18.5,,11.2,,18.3,,5.5,,11.5,,28.2,,1007,,1.8,,1.3,,136,,40,,9.0,,15.4,,16.3,,14.8,
2016-10-22,296,8.3,,17.0,,1.6,,97,,99,,91,,7.8,,16.8,,1.2,,7.9,,2.3,,4.6,,-1.0,,994,,1.9,,1.5,,284,,37,,9.0,,15.8,,16.3,,14.5,
2016-10-23,297,7.2,,12.0,,2.8,,63,,96,,29,,-0.2,,3.6,,-6.9,,0.3,,13.9,,27.7,,46.1,,1004,,2.8,,2.4,,268,,30,,14.3,,13.8,,14.6,,13.4,
2016-10-24,298,7.4,,12.8,,1.8,,63,,85,,35,,0.4,,4.2,,-3.4,,0.0,,10.9,,22.2,,22.5,,1011,,2.1,,1.8,,270,,31,,11.9,,13.1,,13.4,,12.6,
2016-10-25,299,2.3,,7.0,,-2.0,,63,,89,,37,,-4.5,,-0.8,,-7.4,,0.0,,9.5,,18.6,,19.6,,1020,,1.4,,1.0,,292,,42,,9.4,,11.8,,12.7,,11.3,
2016-10-26,300,0.8,,6.6,,-2.8,,64,,87,,39,,-5.6,,-2.9,,-7.4,,0.0,,12.8,,25.5,,33.4,,1028,,1.1,,0.7,,335,,46,,9.4,,10.6,,11.4,,10.1,
2016-10-27,301,0.4,,4.7,,-3.8,,87,,98,,63,,-1.5,,4.1,,-5.7,,13.5,,3.6,,7.3,,-9.2,,1027,,1.5,,1.2,,100,,36,,11.5,,9.6,,10.4,,9.2,
2016-10-28,302,4.4,,6.4,,3.2,,94,,98,,90,,3.6,,6.0,,2.1,,10.2,,3.2,,6.0,,4.7,,1015,,2.1,,1.3,,318,,51,,10.7,,9.1,,9.5,,8.8,
2016-10-29,303,6.5,,11.0,,2.3,,80,,98,,59,,3.1,,6.6,,1.5,,0.5,,3.6,,7.5,,10.2,,1014,,1.3,,0.9,,225,,44,,8.1,,9.6,,10.1,,9.2,
2016-10-30,304,10.7,,15.7,,3.9,,81,,96,,57,,7.4,,9.3,,2.6,,1.3,,6.9,,14.7,,22.0,,1012,,1.2,,0.8,,287,,42,,5.8,,10.5,,11.2,,10.0,
2016-10-31,305,3.3,,8.1,,-2.2,,75,,95,,50,,-1.0,,2.7,,-3.0,,0.0,,11.2,,22.1,,9.3,,1020,,1.3,,0.9,,330,,44,,8.3,,10.6,,11.2,,10.0,
2016-11-01,306,4.4,,11.0,,-3.3,,78,,98,,50,,0.5,,5.9,,-3.8,,0.0,,11.9,,24.4,,26.3,,1026,,1.5,,0.8,,187,,53,,6.3,,9.3,,10.1,,8.6,
2016-11-02,307,12.0,,17.8,,7.4,,79,,94,,58,,8.4,,11.0,,5.7,,0.0,,8.2,,17.2,,32.6,,1022,,1.1,,0.7,,227,,48,,6.9,,10.1,,11.0,,9.4,
2016-11-03,308,11.9,,15.3,,7.1,,88,,96,,79,,9.9,,13.4,,5.8,,0.3,,1.9,,4.2,,-8.4,,1014,,1.3,,0.2,,256,,72,,9.5,,11.2,,11.6,,10.8,
2016-11-04,309,6.6,,11.0,,0.2,,66,,96,,34,,-0.0,,6.5,,-9.1,,0.0,,11.3,,22.9,,24.6,,1019,,1.1,,0.8,,317,,43,,9.2,,10.9,,11.3,,10.4,
2016-11-05,310,4.3,,9.8,,-2.0,,78,,91,,59,,0.8,,4.2,,-4.7,,0.0,,4.7,,9.7,,3.7,,1019,,0.8,,0.4,,231,,59,,4.9,,9.6,,10.4,,9.0,
2016-11-06,311,5.0,,8.1,,1.2,,75,,98,,47,,0.6,,5.7,,-3.7,,2.5,,8.2,,16.7,,19.3,,1023,,1.2,,0.8,,339,,44,,9.7,,9.6,,10.0,,9.3,
2016-11-07,312,3.0,,9.8,,-2.0,,62,,87,,33,,-4.0,,-1.6,,-7.0,,0.0,,11.3,,22.9,,15.6,,1028,,0.9,,0.5,,3,,51,,5.8,,8.9,,9.6,,8.3,
2016-11-08,313,7.8,,17.9,,0.2,,57,,82,,28,,-0.8,,3.2,,-4.9,,0.0,,11.0,,22.6,,21.1,,1019,,0.8,,0.5,,338,,51,,4.3,,8.4,,9.1,,7.7,
2016-11-09,314,7.7,,10.8,,3.6,,75,,97,,53,,3.4,,8.8,,-1.0,,0.5,,2.6,,5.6,,-11.2,,1011,,0.9,,0.6,,333,,43,,8.9,,8.7,,9.2,,8.3,
2016-11-10,315,4.8,,10.7,,-1.4,,60,,88,,31,,-2.8,,1.2,,-6.2,,0.0,,10.1,,21.1,,10.2,,1011,,1.6,,1.1,,253,,42,,8.0,,8.6,,9.1,,8.1,
2016-11-11,316,5.8,,12.4,,0.2,,54,,76,,27,,-2.9,,4.7,,-10.9,,0.0,,9.7,,19.6,,14.8,,1006,,2.3,,1.8,,294,,39,,13.5,,8.6,,9.1,,8.1,
2016-11-12,317,1.5,,7.5,,-2.4,,52,,69,,32,,-7.4,,-4.4,,-10.4,,0.0,,10.3,,20.8,,3.9,,1020,,1.7,,1.3,,289,,37,,10.6,,7.8,,8.6,,7.3,
2016-11-13,318,6.9,,13.8,,2.2,,50,,69,,28,,-3.0,,0.9,,-6.4,,0.0,,8.7,,18.0,,12.0,,1016,,1.6,,1.4,,272,,27,,8.2,,7.5,,8.1,,7.0,
2016-11-14,319,8.4,,16.2,,1.8,,36,,57,,17,,-6.5,,-2.7,,-9.3,,0.0,,10.7,,21.1,,11.6,,1015,,1.0,,0.6,,261,,45,,6.3,,7.3,,7.8,,6.7,
2016-11-15,320,7.1,,10.4,,3.6,,72,,98,,37,,1.6,,7.5,,-6.2,,21.1,,2.2,,4.9,,1.5,,1012,,2.4,,2.2,,67,,25,,14.2,,7.6,,8.0,,7.3,
2016-11-16,321,7.5,,9.2,,3.6,,95,,99,,87,,6.8,,8.8,,3.3,,1.0,,1.7,,3.0,,-5.8,,1006,,1.3,,0.3,,281,,68,,6.4,,8.4,,8.8,,8.0,
2016-11-17,322,5.9,,11.8,,2.3,,83,,99,,56,,3.0,,5.4,,1.6,,0.0,,7.8,,14.4,,1.9,,1014,,1.3,,1.0,,332,,37,,8.9,,8.3,,8.8,,7.8,
2016-11-18,323,7.6,,16.3,,2.9,,73,,93,,39,,2.6,,5.4,,0.7,,0.0,,9.6,,20.0,,8.5,,1018,,1.5,,1.1,,344,,41,,8.1,,8.1,,8.7,,7.6,
2016-11-19,324,8.9,,17.4,,2.9,,74,,98,,41,,4.1,,6.6,,1.2,,0.0,,9.6,,20.0,,12.5,,1011,,1.4,,1.1,,94,,38,,5.7,,8.2,,8.8,,7.6,
2016-11-20,325,1.2,,5.9,,-3.8,,94,,100,,77,,0.3,,5.6,,-4.6,,13.2,,2.3,,4.4,,-4.2,,993,,2.5,,1.6,,267,,47,,12.2,,8.2,,8.6,,7.6,
2016-11-21,326,-3.0,,-0.3,,-4.5,,74,,97,,54,,-7.2,,-4.2,,-9.3,,0.8,,5.5,,11.5,,-16.2,,997,,3.1,,2.8,,268,,26,,13.2,,7.3,,7.7,,6.9,
2016-11-22,327,-1.7,,2.3,,-4.0,,63,,73,,52,,-7.8,,-5.3,,-9.0,,0.0,,8.2,,16.9,,-2.4,,1011,,2.9,,2.6,,279,,26,,13.1,,6.6,,7.0,,6.3,
2016-11-23,328,-1.1,,4.4,,-4.1,,66,,88,,46,,-6.9,,-4.5,,-8.7,,0.0,,8.9,,18.2,,9.4,,1022,,1.8,,1.5,,299,,33,,8.7,,6.0,,6.3,,5.6,
2016-11-24,329,0.3,,2.9,,-3.9,,82,,98,,71,,-2.5,,1.4,,-5.7,,0.0,,3.0,,6.3,,10.6,,1025,,1.4,,1.2,,93,,30,,6.1,,5.5,,5.8,,5.2,
2016-11-25,330,3.3,,5.4,,1.2,,98,,99,,97,,3.1,,5.1,,1.0,,2.0,,1.5,,2.7,,4.1,,1023,,0.9,,0.4,,114,,54,,4.5,,6.1,,6.5,,5.7,
2016-11-26,331,1.9,,5.6,,-0.9,,98,,100,,87,,1.5,,4.5,,-0.9,,0.3,,4.4,,8.1,,-5.1,,1017,,0.7,,0.5,,312,,46,,5.2,,6.5,,6.8,,6.1,
2016-11-27,332,0.3,,4.3,,-3.0,,86,,99,,63,,-1.9,,0.7,,-4.2,,0.0,,5.8,,11.4,,-6.8,,1016,,1.1,,0.9,,292,,35,,7.2,,6.2,,6.6,,5.9,
2016-11-28,333,-0.5,,6.2,,-4.6,,78,,97,,40,,-4.3,,-2.5,,-7.0,,0.0,,8.7,,17.5,,-3.6,,1020,,0.9,,0.4,,302,,62,,5.2,,5.2,,6.0,,4.7,
2016-11-29,334,6.4,,11.9,,-1.7,,94,,99,,82,,5.5,,11.8,,-3.0,,21.6,,1.0,,2.4,,-1.2,,1015,,2.3,,1.8,,139,,39,,12.2,,5.2,,6.4,,4.7,
2016-11-30,335,7.3,,10.3,,5.5,,98,,99,,96,,7.0,,10.2,,5.1,,21.6,,1.1,,2.3,,-6.3,,1012,,1.7,,1.3,,90,,39,,10.0,,6.6,,6.9,,6.3,
2016-12-01,336,5.9,,10.4,,2.4,,81,,99,,54,,2.8,,7.7,,-2.1,,13.2,,5.4,,11.1,,4.9,,1002,,2.4,,1.2,,279,,58,,13.0,,6.9,,7.3,,6.7,
2016-12-02,337,3.1,,7.3,,-0.4,,72,,91,,53,,-1.6,,0.7,,-3.9,,0.0,,3.5,,7.4,,-10.3,,1008,,1.8,,1.6,,262,,27,,10.2,,6.4,,6.9,,6.1,
2016-12-03,338,1.2,,4.2,,-3.2,,67,,85,,52,,-4.4,,-1.9,,-7.0,,0.0,,4.2,,8.6,,-8.0,,1012,,2.0,,1.8,,288,,30,,11.2,,5.8,,6.1,,5.5,
2016-12-04,339,-1.3,,3.2,,-5.0,,65,,86,,44,,-7.2,,-5.2,,-8.4,,0.0,,7.5,,15.2,,-3.8,,1020,,1.4,,1.0,,326,,42,,8.0,,5.0,,5.6,,4.6,
2016-12-05,340,-1.5,,1.1,,-4.4,,93,,99,,71,,-2.6,,0.9,,-7.4,,3.3,,1.8,,3.3,,-16.2,,1015,,1.3,,0.4,,176,,68,,6.1,,4.1,,4.7,,3.9,
2016-12-06,341,0.0,,5.1,,-4.1,,86,,100,,55,,-2.3,,0.7,,-4.3,,0.0,,7.1,,13.4,,-6.1,,1017,,1.0,,0.5,,55,,57,,4.9,,4.0,,4.1,,3.8,
2016-12-07,342,0.3,,2.1,,-1.1,,98,,100,,85,,-0.1,,1.7,,-2.1,,3.8,,2.3,,4.5,,-15.1,,1014,,0.7,,0.0,,52,,72,,4.1,,4.1,,4.3,,4.0,
2016-12-08,343,-0.8,,2.9,,-3.5,,87,,100,,58,,-2.8,,1.0,,-9.7,,0.0,,3.8,,6.2,,-12.2,,1010,,1.1,,0.9,,260,,35,,10.9,,3.9,,4.2,,3.7,
2016-12-09,344,-3.9,,-0.7,,-7.5,,57,,76,,40,,-11.3,,-7.6,,-15.9,,0.0,,6.8,,13.4,,-16.5,,1014,,2.6,,2.3,,281,,29,,11.4,,3.3,,3.9,,2.9,
2016-12-10,345,-8.1,,-3.4,,-11.5,,59,,82,,35,,-15.0,,-12.8,,-17.0,,0.0,,8.1,,15.8,,-17.6,,1023,,1.3,,1.0,,294,,38,,9.3,,2.5,,3.0,,2.2,
2016-12-11,346,-6.0,,-0.3,,-11.6,,73,,95,,40,,-10.6,,-4.2,,-13.6,,0.5,,7.2,,14.3,,1.3,,1028,,1.3,,0.8,,185,,49,,6.7,,1.9,,2.2,,1.8,
2016-12-12,347,-0.4,,2.3,,-4.0,,97,,100,,77,,-0.8,,2.2,,-4.6,,12.2,,2.2,,3.6,,-12.6,,1011,,2.0,,0.7,,202,,65,,8.4,,1.7,,1.8,,1.7,
2016-12-13,348,-0.1,,3.2,,-4.0,,69,,98,,50,,-5.4,,-1.9,,-6.9,,0.3,,7.1,,13.0,,-19.2,,1016,,2.0,,1.4,,246,,43,,10.2,,1.7,,1.8,,1.7,
2016-12-14,349,-2.9,,1.2,,-8.8,,68,,98,,28,,-8.6,,-1.9,,-17.8,,0.0,,7.5,,14.1,,-24.3,,1011,,1.5,,1.1,,263,,38,,11.8,,1.9,,2.0,,1.7,
2016-12-15,350,-8.7,,-3.8,,-15.7,,52,,91,,20,,-17.4,,-10.2,,-28.0,,0.0,,6.6,,12.9,,-30.4,,1006,,3.5,,3.0,,270,,31,,15.8,,2.0,,2.0,,1.9,
2016-12-16,351,-14.6,,-8.5,,-21.4,,50,,75,,28,,-23.0,,-14.4,,-29.5,,0.0,,7.7,,15.2,,-37.7,,1022,,1.6,,1.2,,262,,41,,9.9,,1.8,,2.0,,1.7,
2016-12-17,352,-5.8,,-0.1,,-9.4,,93,,100,,60,,-6.8,,-0.2,,-15.2,,15.0,,0.9,,2.2,,-5.3,,1015,,1.4,,0.9,,173,,46,,7.2,,1.7,,1.8,,1.6,
2016-12-18,353,2.2,,8.7,,-4.9,,86,,100,,30,,-0.2,,8.6,,-19.8,,13.2,,0.5,,1.2,,-8.4,,1012,,3.3,,2.2,,234,,46,,16.3,,1.6,,1.7,,1.4,
2016-12-19,354,-9.7,,-4.7,,-14.5,,53,,74,,26,,-17.9,,-14.5,,-23.1,,0.0,,6.7,,13.3,,-34.5,,1035,,1.3,,0.8,,344,,47,,6.8,,1.6,,1.7,,1.6,
2016-12-20,355,-8.5,,-2.4,,-15.9,,60,,80,,28,,-15.4,,-7.7,,-19.6,,0.0,,7.9,,15.7,,-29.2,,1028,,1.5,,0.8,,202,,52,,10.1,,1.5,,1.6,,1.3,
2016-12-21,356,-2.8,,3.4,,-7.6,,67,,83,,48,,-8.3,,-5.6,,-12.0,,0.0,,7.7,,15.4,,-23.8,,1018,,1.2,,1.0,,274,,35,,7.5,,1.3,,1.4,,1.3,
2016-12-22,357,-1.3,,2.6,,-3.4,,85,,97,,68,,-3.5,,-1.2,,-7.2,,1.3,,2.7,,5.2,,-19.8,,1015,,1.0,,0.5,,232,,55,,6.1,,1.3,,1.3,,1.2,
2016-12-23,358,0.5,,5.4,,-4.7,,71,,96,,48,,-4.5,,-2.2,,-6.2,,0.0,,7.7,,15.3,,-21.8,,1024,,1.3,,1.0,,251,,35,,8.4,,1.3,,1.4,,1.2,
2016-12-24,359,1.3,,2.9,,-0.5,,84,,99,,59,,-1.3,,2.7,,-5.8,,10.7,,1.3,,2.7,,-20.7,,1019,,2.3,,1.8,,230,,38,,10.0,,1.3,,1.4,,1.3,
2016-12-25,360,-0.8,,5.0,,-7.5,,63,,97,,25,,-7.8,,-1.0,,-16.1,,0.0,,8.1,,16.3,,-29.0,,1030,,1.6,,1.2,,305,,41,,12.1,,1.4,,1.5,,1.3,
2016-12-26,361,-3.6,,4.9,,-11.0,,75,,99,,46,,-7.7,,4.7,,-16.2,,0.5,,6.6,,13.5,,-8.8,,1033,,1.9,,1.4,,174,,40,,11.0,,1.4,,1.5,,1.3,
2016-12-27,362,5.2,,10.7,,-0.3,,83,,99,,52,,2.3,,8.0,,-4.9,,1.0,,4.5,,9.3,,13.8,,1008,,3.2,,2.5,,244,,38,,15.0,,1.3,,1.5,,1.2,
2016-12-28,363,-0.5,,1.4,,-2.5,,68,,83,,52,,-5.8,,-3.1,,-7.9,,0.0,,3.5,,7.1,,6.3,,1015,,1.5,,1.3,,275,,28,,7.9,,1.5,,1.6,,1.4,
2016-12-29,364,-2.0,,-0.1,,-4.0,,88,,100,,69,,-3.7,,-0.2,,-7.0,,9.9,,1.1,,2.5,,-8.1,,1007,,1.8,,1.2,,113,,44,,9.5,,1.5,,1.6,,1.4,
2016-12-30,365,-2.6,,0.3,,-6.6,,81,,100,,56,,-5.6,,-1.7,,-11.8,,0.3,,1.2,,1.8,,-41.1,,1000,,2.4,,2.1,,262,,28,,13.2,,1.5,,1.7,,1.4,
2016-12-31,366,-3.3,,1.7,,-9.3,,76,,100,,60,,-7.0,,0.1,,-12.3,,4.3,,4.2,,8.9,,-15.4,,1013,,2.2,Q,1.8,Q,212,Q,34,Q,11.3,Q,1.7,,1.8,,1.6,
2017-01-01,1,-0.8,,3.2,,-5.7,,87,,100,,49,,-3.0,,0.5,,-7.2,,1.8,,6.1,,11.6,,-32.9,,1019,,0.9,,0.6,,271,,33,,9.9,,1.9,,2.0,,1.7,
2017-01-02,2,-2.1,,2.0,,-6.8,,81,,96,,54,,-5.2,,-1.3,,-7.5,,0.0,,3.9,,8.3,,-12.2,,1031,,1.2,,0.9,,83,,40,,4.8,,2.1,,2.2,,2.0,
2017-01-03,3,1.5,,2.6,,0.0,,95,,98,,88,,0.8,,2.2,,-1.5,,12.7,,1.4,,3.0,,-4.5,,1014,,3.1,,2.8,,77,,27,,15.2,,2.2,,2.3,,2.1,
2017-01-04,4,1.0,,4.1,,-4.3,,92,,100,,56,,-0.4,,3.8,,-10.2,,2.0,,2.0,,3.8,,-14.7,,997,,1.7,,1.3,,271,,38,,9.7,,2.2,,2.3,,2.1,
2017-01-05,5,-5.2,,-2.3,,-7.5,,58,,75,,38,,-12.3,,-8.7,,-15.3,,0.0,,7.4,,14.2,,-21.5,,1008,,2.1,,1.9,,262,,29,,11.8,,1.9,,2.3,,1.7,
2017-01-06,6,-6.3,,-2.3,,-10.9,,67,,95,,38,,-11.7,,-6.7,,-15.5,,0.5,,4.8,,9.6,,-45.4,,1016,,1.0,,0.8,,283,,34,,6.9,,1.5,,1.7,,1.4,
2017-01-07,7,-9.8,,-7.9,,-11.7,,80,,92,,56,,-12.8,,-10.7,,-15.5,,2.5,,1.1,,2.3,,-15.4,,1021,,1.0,,0.7,,5,,40,,6.3,,1.3,,1.5,,1.2,
2017-01-08,8,-12.4,,-7.3,,-16.3,,77,,91,,49,,-15.8,,-11.8,,-18.6,,1.0,,3.2,,6.1,,-34.2,,1021,,1.0,,0.8,,292,,34,,9.0,,1.1,,1.2,,1.1,
2017-01-09,9,-13.3,,-8.7,,-19.2,,71,,87,,50,,-17.6,,-14.2,,-21.4,,1.3,,2.7,,5.5,,-31.1,,1033,,1.2,,0.8,,219,,45,,7.3,,1.1,,1.1,,1.0,
2017-01-10,10,-5.1,,4.5,,-13.5,,82,,97,,62,,-7.8,,3.1,,-15.7,,0.5,,4.6,,10.6,,-22.4,,1031,,2.2,,1.9,,173,,29,,12.0,,1.0,,1.1,,1.0,
2017-01-11,11,5.8,,10.4,,3.4,,74,,96,,46,,1.2,,4.4,,-1.4,,6.3,,7.8,,15.6,,18.7,,1022,,3.0,,2.6,,206,,29,,19.3,,0.9,,1.0,,0.9,
2017-01-12,12,8.4,,10.8,,3.1,,98,,99,,93,,8.1,,10.5,,2.2,,7.4,,2.4,,5.0,,10.3,,1016,,2.7,,2.4,,210,,27,,10.8,,1.6,,2.9,,0.9,
2017-01-13,13,0.9,,10.2,,-7.6,,59,,98,,26,,-7.1,,9.9,,-19.1,,0.3,,8.7,,17.4,,-8.0,,1026,,2.7,,2.3,,285,,32,,14.2,,3.0,,3.2,,2.6,
2017-01-14,14,-6.9,,-3.2,,-12.2,,54,,81,,26,,-14.8,,-8.3,,-20.3,,0.0,,6.7,,13.4,,0.3,,1031,,1.3,,0.8,,237,,47,,7.6,,1.9,,2.6,,1.4,
2017-01-15,15,-4.6,,1.4,,-8.4,,71,,97,,35,,-9.6,,-7.5,,-12.6,,0.0,,9.1,,18.1,,-5.8,,1023,,1.0,,0.6,,300,,51,,9.0,,1.3,,1.5,,1.1,
2017-01-16,16,-3.4,,3.5,,-9.4,,68,,95,,42,,-8.8,,-7.1,,-10.9,,0.0,,9.7,,19.0,,4.4,,1026,,1.2,,0.8,,242,,44,,7.0,,1.0,,1.2,,0.9,
2017-01-17,17,-0.0,,5.1,,-4.6,,68,,99,,34,,-5.9,,0.1,,-11.1,,6.9,,5.4,,11.2,,1.3,,1020,,1.3,,0.8,,97,,50,,7.7,,0.9,,1.0,,0.8,
2017-01-18,18,-0.4,,0.4,,-1.3,,100,,100,,99,,-0.4,,0.4,,-1.3,,2.5,,1.7,,3.9,,-11.7,,1015,,1.7,,1.4,,72,,33,,8.2,,0.9,,0.9,,0.8,
2017-01-19,19,1.1,,5.0,,-1.4,,93,,100,,75,,0.0,,3.0,,-1.4,,0.0,,5.8,,10.8,,2.4,,1015,,0.7,,0.4,,282,,49,,6.2,,0.9,,0.9,,0.8,
2017-01-20,20,0.2,,1.3,,-1.2,,87,,99,,80,,-1.6,,-0.1,,-2.5,,0.0,,2.1,,4.4,,2.5,,1015,,0.8,,0.4,,178,,55,,6.1,,0.9,,0.9,,0.8,
2017-01-21,21,3.8,,9.6,,0.2,,94,,100,,74,,2.8,,6.9,,-0.3,,0.0,,5.2,,10.9,,18.7,,1009,,1.2,,0.9,,242,,38,,6.4,,1.0,,1.3,,0.9,
2017-01-22,22,2.9,,5.7,,0.1,,98,,100,,92,,2.7,,5.0,,-0.1,,0.8,,1.9,,4.0,,7.6,,1010,,1.8,,1.6,,77,,28,,10.5,,1.6,,2.1,,1.2,
2017-01-23,23,-1.5,,0.3,,-2.3,,92,,99,,84,,-2.7,,0.2,,-3.9,,2.8,,2.5,,5.2,,3.5,,1012,,3.3,,2.8,,65,,29,,12.4,,2.0,,2.1,,1.8,
2017-01-24,24,-0.8,,0.5,,-2.4,,94,,100,,89,,-1.7,,0.4,,-3.7,,14.2,,1.8,,4.2,,-5.3,,996,,3.5,,2.7,,51,,39,,18.9,,1.8,,1.9,,1.7,
2017-01-25,25,0.4,,3.5,,-2.1,,84,,99,,60,,-2.1,,0.4,,-4.5,,0.0,,6.8,,13.9,,7.7,,999,,2.2,,1.9,,278,,30,,14.7,,1.8,,1.9,,1.7,
2017-01-26,26,3.0,,7.9,,0.6,,81,,98,,52,,-0.0,,3.7,,-4.3,,1.5,,4.8,,9.9,,9.3,,994,,1.8,,1.4,,247,,40,,11.0,,1.9,,2.0,,1.8,
2017-01-27,27,1.0,,3.7,,-0.7,,59,,82,,40,,-6.3,,-2.5,,-9.8,,0.0,,5.5,,11.3,,13.6,,997,,3.1,,2.8,,267,,25,,13.7,,2.0,,2.2,,1.9,
2017-01-28,28,-0.9,,0.6,,-3.0,,62,,71,,53,,-7.2,,-5.9,,-9.1,,0.0,,2.9,,6.0,,-4.3,,999,,2.2,,2.0,,264,,26,,12.2,,1.8,,2.1,,1.7,
2017-01-29,29,-1.7,,2.3,,-4.1,,64,,80,,43,,-7.7,,-4.8,,-11.6,,0.0,,5.8,,11.6,,-1.9,,1004,,1.5,,1.2,,250,,33,,7.4,,1.5,,1.8,,1.4,
2017-01-30,30,-5.3,,-1.2,,-9.4,,59,,80,,40,,-12.2,,-8.9,,-15.4,,0.0,,7.8,,15.6,,-9.6,,1006,,1.4,,1.1,,284,,38,,9.9,,1.3,,1.5,,1.1,
2017-01-31,31,-7.6,,-4.8,,-12.0,,77,,93,,48,,-11.1,,-6.7,,-15.6,,0.5,,6.2,,12.4,,2.3,,1010,,1.2,,0.4,,207,,64,,6.9,,1.0,,1.2,,0.9,
2017-02-01,32,-2.8,,2.7,,-5.9,,82,,98,,56,,-5.6,,-2.3,,-9.0,,0.3,,4.2,,8.5,,-18.2,,1011,,1.3,,0.9,,237,,42,,7.2,,0.9,,1.0,,0.8,
2017-02-02,33,-3.5,,1.4,,-7.3,,61,,85,,36,,-10.2,,-6.0,,-13.8,,0.0,,7.3,,14.6,,-12.0,,1015,,1.9,,1.7,,271,,29,,12.3,,0.8,,0.9,,0.8,
2017-02-03,34,-6.4,,-1.5,,-10.9,,56,,81,,37,,-13.9,,-11.7,,-15.7,,0.0,,8.9,,17.4,,0.3,,1017,,1.8,,1.5,,273,,30,,8.6,,0.8,,0.9,,0.7,
2017-02-04,35,-7.2,,-0.9,,-12.1,,60,,85,,34,,-14.0,,-11.9,,-16.6,,0.0,,11.7,,22.6,,12.8,,1021,,1.7,,1.5,,273,,31,,9.7,,0.7,,0.7,,0.6,
2017-02-05,36,-2.2,,1.7,,-6.9,,56,,68,,42,,-9.9,,-5.5,,-14.2,,0.0,,7.1,,14.1,,17.1,,1012,,2.5,,2.1,,238,,35,,12.6,,0.6,,0.7,,0.5,
2017-02-06,37,-2.1,,0.5,,-4.4,,48,,63,,32,,-11.9,,-5.9,,-15.5,,0.0,,10.5,,21.2,,26.5,,1015,,2.7,,2.2,,279,,32,,14.1,,0.6,,0.6,,0.5,
2017-02-07,38,-3.1,,-1.8,,-4.2,,84,,99,,55,,-5.7,,-2.7,,-10.1,,7.6,,1.4,,3.3,,4.4,,1013,,2.9,,2.6,,82,,25,,13.2,,0.6,,0.6,,0.5,
2017-02-08,39,0.6,,7.1,,-4.9,,83,,100,,47,,-2.3,,4.9,,-5.1,,5.3,,9.3,,17.7,,6.2,,1004,,1.1,,0.8,,294,,38,,11.3,,0.6,,0.6,,0.5,
2017-02-09,40,-7.3,,-0.9,,-15.0,,88,,97,,73,,-8.9,,-4.2,,-17.2,,10.9,,1.1,,2.5,,-12.1,,1003,,2.1,,1.6,,327,,39,,14.7,,0.6,,0.6,,0.5,
2017-02-10,41,-11.3,,-5.3,,-18.2,,65,,89,,32,,-17.3,,-11.4,,-20.1,,2.0,,13.2,,25.8,,-18.2,,1015,,2.2,,1.7,,279,,38,,16.2,,0.6,,0.6,,0.5,
2017-02-11,42,-8.2,,-5.2,,-10.6,,92,,96,,88,,-9.3,,-6.3,,-11.9,,6.3,,3.0,,6.5,,-2.8,,1015,,1.4,,1.0,,81,,43,,7.0,,0.6,,0.6,,0.5,
2017-02-12,43,-6.1,,-2.6,,-10.3,,96,,99,,91,,-6.6,,-2.7,,-11.3,,13.5,,1.8,,4.2,,-0.5,,1013,,1.7,,1.4,,66,,35,,7.2,,0.6,,0.6,,0.6,
2017-02-13,44,-5.4,,-3.0,,-7.3,,85,,98,,65,,-7.7,,-4.5,,-11.4,,3.8,,2.4,,5.0,,-50.6,,1003,,2.6,,2.2,,309,,33,,17.6,,0.6,,0.7,,0.6,
2017-02-14,45,-4.1,,2.3,,-11.4,,63,,91,,37,,-10.5,,-6.1,,-13.1,,0.0,,13.4,,26.6,,-19.8,,1010,,1.6,,0.9,,249,,53,,8.3,,0.6,,0.7,,0.6,
2017-02-15,46,0.2,,5.5,,-2.7,,90,,100,,69,,-1.3,,1.4,,-6.4,,1.0,,4.8,,9.9,,-0.6,,997,,1.8,,0.9,,179,,56,,7.6,,0.6,,0.7,,0.6,
2017-02-16,47,-2.9,,-0.7,,-7.7,,69,,93,,52,,-7.9,,-1.8,,-12.4,,0.0,,7.0,,13.7,,-24.8,,996,,2.7,,2.3,,288,,28,,11.0,,0.7,,0.7,,0.6,
2017-02-17,48,-4.4,,3.2,,-10.8,,58,,82,,29,,-12.1,,-9.8,,-14.1,,0.0,,14.5,,28.2,,-16.5,,1005,,1.7,,1.5,,281,,30,,10.7,,0.7,,0.7,,0.6,
2017-02-18,49,2.3,,9.4,,-6.3,,54,,73,,34,,-6.6,,-0.5,,-10.5,,0.0,,12.5,,25.4,,-3.2,,1005,,1.9,,1.7,,226,,30,,8.7,,0.7,,0.7,,0.6,
2017-02-19,50,7.6,,14.5,,3.3,,59,,82,,31,,-0.4,,1.6,,-3.4,,0.0,,10.6,,21.1,,-1.9,,1007,,1.9,,1.7,,272,,28,,10.1,,0.7,,0.8,,0.7,
2017-02-20,51,1.7,,5.5,,-3.8,,49,,76,,25,,-8.6,,-1.3,,-14.5,,0.0,,15.1,,29.4,,-16.9,,1020,,1.5,,1.2,,334,,37,,10.1,,0.7,,0.8,,0.7,
2017-02-21,52,-0.2,,6.2,,-7.3,,52,,80,,28,,-9.6,,-2.2,,-13.3,,0.0,,12.4,,24.6,,1.1,,1024,,1.4,,0.9,,206,,48,,7.4,,0.8,,0.8,,0.7,
2017-02-22,53,6.0,,14.0,,0.2,,71,,95,,45,,0.7,,2.8,,-2.4,,0.0,,13.0,,26.5,,8.3,,1014,,1.2,,0.9,,228,,38,,6.4,,0.8,,0.9,,0.8,
2017-02-23,54,9.8,,18.1,,3.4,,74,,97,,44,,5.1,,9.0,,1.1,,0.0,,14.4,,29.0,,22.5,,1010,,1.8,,1.6,,210,,30,,9.8,,0.8,,0.9,,0.7,
2017-02-24,55,13.1,,20.3,,6.6,,81,,99,,48,,9.5,,12.3,,6.3,,0.3,,13.2,,27.3,,67.5,,1012,,2.2,,1.8,,202,,34,,12.0,,1.3,,2.7,,0.7,
2017-02-25,56,13.0,,18.8,,2.9,,89,,100,,60,,11.1,,13.7,,2.4,,14.2,,6.7,,14.3,,33.4,,1006,,3.1,,2.4,,191,,40,,12.1,,4.2,,5.7,,2.6,
2017-02-26,57,-0.5,,3.1,,-4.2,,61,,96,,37,,-7.4,,2.6,,-12.2,,0.0,,11.9,,23.4,,37.1,,1010,,3.1,,2.7,,277,,27,,15.2,,4.7,,5.6,,4.0,
2017-02-27,58,2.2,,10.5,,-4.5,,52,,77,,24,,-7.7,,-3.5,,-9.9,,0.0,,15.0,,29.4,,37.2,,1024,,2.2,,1.9,,237,,30,,11.6,,3.4,,4.1,,2.8,
2017-02-28,59,6.4,,13.9,,-1.7,,70,,99,,33,,0.7,,8.3,,-4.2,,0.0,,12.1,,24.2,,56.3,,1025,,1.7,,1.3,,149,,36,,8.3,,3.7,,4.9,,2.9,
2017-03-01,60,11.3,,14.0,,8.2,,97,,100,,84,,10.9,,13.2,,8.0,,0.0,,2.6,,5.6,,4.3,,1002,,3.2,,2.8,,205,,27,,13.1,,5.4,,6.2,,4.8,
2017-03-02,61,1.5,,12.5,,-5.8,,56,,89,,36,,-6.6,,10.0,,-16.2,,0.0,,13.5,,26.7,,41.0,,1002,,3.7,,3.2,,273,,29,,18.6,,5.9,,6.2,,5.0,
2017-03-03,62,-5.4,,0.1,,-10.7,,48,,86,,21,,-15.5,,-7.7,,-20.0,,0.0,,15.9,,30.8,,43.0,,1020,,2.4,,2.1,,279,,30,,12.5,,3.9,,5.0,,3.3,
2017-03-04,63,-12.2,,-8.4,,-15.6,,39,,59,,22,,-23.7,,-17.1,,-27.1,,0.0,,14.6,,27.8,,27.9,,1027,,2.9,,2.4,,304,,32,,13.1,,2.6,,3.5,,2.0,
2017-03-05,64,-10.0,,-2.8,,-16.7,,30,,49,,17,,-24.9,,-22.1,,-27.1,,0.0,,17.8,,33.9,,43.9,,1030,,2.4,,2.0,,313,,33,,11.6,,1.6,,2.1,,1.3,
2017-03-06,65,-3.1,,6.4,,-12.4,,26,,48,,10,,-21.1,,-13.2,,-25.8,,0.0,,16.6,,32.4,,59.3,,1030,,1.4,,0.4,,271,,66,,7.2,,1.2,,1.4,,1.1,
2017-03-07,66,3.2,,7.0,,-0.5,,82,,100,,34,,0.1,,6.9,,-13.9,,0.8,,2.8,,6.1,,10.8,,1023,,2.3,,2.1,,175,,24,,7.7,,1.1,,1.3,,1.0,
2017-03-08,67,7.9,,12.7,,2.8,,67,,100,,21,,0.8,,9.2,,-9.9,,1.3,,12.9,,25.4,,56.5,,1011,,2.5,,1.8,,244,,43,,12.3,,2.6,,3.9,,1.2,
2017-03-09,68,3.6,,6.5,,-1.5,,39,,60,,25,,-9.4,,-3.1,,-13.1,,0.0,,17.4,,33.9,,57.2,,1012,,3.5,,3.1,,275,,27,,16.9,,3.4,,4.1,,2.8,
2017-03-10,69,-3.2,,-0.2,,-9.8,,62,,94,,34,,-9.8,,-3.6,,-20.3,,0.5,,3.7,,7.6,,-31.8,,1009,,1.9,,1.5,,275,,37,,12.5,,3.0,,3.6,,2.6,
2017-03-11,70,-12.4,,-8.8,,-16.4,,43,,90,,28,,-22.7,,-12.5,,-29.2,,0.3,,16.2,,30.9,,32.8,,1014,,3.6,,3.2,,286,,28,,18.7,,2.0,,2.7,,1.6,
2017-03-12,71,-11.3,,-5.2,,-16.6,,40,,52,,25,,-22.4,,-18.9,,-26.1,,0.0,,18.5,,35.3,,54.0,,1021,,2.8,,2.5,,280,,28,,10.9,,1.3,,1.6,,1.1,
2017-03-13,72,-7.5,,-0.2,,-14.4,,40,,64,,19,,-19.6,,-14.0,,-21.9,,0.0,,17.4,,33.8,,59.4,,1026,,1.5,,0.7,,284,,57,,7.2,,1.0,,1.1,,0.9,
2017-03-14,73,-5.3,,-3.1,,-8.2,,89,,98,,41,,-7.2,,-3.4,,-16.1,,20.1,,1.5,,3.9,,-2.3,,1002,,3.4,,2.0,,49,,52,,17.8,,0.9,,0.9,,0.8,
2017-03-15,74,-9.2,,-5.2,,-12.8,,74,,94,,51,,-13.1,,-8.9,,-14.8,,1.0,,13.6,,26.8,,-12.1,,996,,2.6,,2.4,,266,,25,,10.6,,0.8,,0.9,,0.8,
2017-03-16,75,-6.1,,-0.7,,-11.8,,53,,88,,27,,-14.8,,-12.5,,-18.1,,0.0,,18.7,,36.5,,-3.3,,1009,,2.6,,2.3,,276,,27,,11.8,,0.8,,0.8,,0.8,
2017-03-17,76,-2.8,,4.6,,-9.2,,43,,72,,20,,-14.6,,-10.2,,-18.2,,1.0,,20.4,,39.4,,-1.8,,1019,,1.7,,1.3,,280,,42,,9.6,,0.8,,0.8,,0.8,
2017-03-18,77,-2.3,,4.4,,-7.9,,52,,76,,30,,-11.2,,-6.7,,-14.7,,0.0,,18.2,,35.5,,5.1,,1024,,2.4,,2.0,,84,,31,,9.2,,0.8,,0.8,,0.8,
2017-03-19,78,-0.8,,4.4,,-3.9,,64,,81,,35,,-7.2,,-5.0,,-10.1,,0.0,,12.6,,25.2,,4.2,,1021,,1.6,,1.3,,41,,37,,8.3,,0.8,,0.9,,0.8,
2017-03-20,79,2.4,,10.3,,-4.3,,39,,63,,14,,-11.2,,-6.2,,-17.0,,0.0,,19.4,,37.7,,14.2,,1017,,1.3,,1.0,,331,,38,,7.6,,0.8,,0.9,,0.8,
2017-03-21,80,4.1,,11.2,,-1.0,,49,,80,,33,,-6.0,,-1.9,,-11.9,,0.0,,14.7,,29.5,,15.6,,1010,,1.3,,1.0,,281,,37,,9.4,,0.9,,0.9,,0.8,
2017-03-22,81,-4.8,,1.4,,-11.2,,47,,95,,23,,-15.1,,-3.1,,-23.5,,0.3,,19.6,,37.5,,4.5,,1015,,3.0,,2.5,,300,,33,,15.2,,0.9,,1.0,,0.8,
2017-03-23,82,-5.4,,1.5,,-11.6,,34,,63,,19,,-19.2,,-10.6,,-22.6,,0.0,,21.6,,41.4,,12.9,,1029,,1.9,,1.5,,295,,37,,10.0,,1.0,,1.0,,0.9,
2017-03-24,83,0.3,,4.4,,-4.9,,62,,98,,29,,-6.6,,-0.5,,-18.0,,1.0,,3.3,,7.4,,1.6,,1023,,2.1,,1.6,,212,,37,,11.7,,0.9,,1.0,,0.9,
2017-03-25,84,1.7,,4.4,,-2.2,,89,,99,,72,,0.1,,2.3,,-3.2,,3.0,,3.1,,6.8,,-14.6,,1023,,0.8,,0.5,,358,,50,,4.6,,0.9,,1.0,,0.9,
2017-03-26,85,-0.4,,2.6,,-4.6,,74,,98,,51,,-4.8,,-2.4,,-7.8,,0.0,,8.4,,17.4,,6.5,,1030,,1.6,,1.3,,100,,34,,7.1,,1.0,,1.1,,0.9,
2017-03-27,86,1.2,,4.3,,-1.1,,98,,100,,85,,0.8,,3.6,,-2.7,,15.2,,4.7,,10.2,,8.0,,1019,,1.2,,0.9,,86,,40,,5.6,,1.1,,1.2,,1.1,
2017-03-28,87,2.4,,6.3,,0.6,,98,,100,,86,,2.1,,4.3,,0.6,,12.9,,5.9,,12.6,,25.6,,1015,,1.2,,0.9,,90,,38,,4.8,,1.2,,1.2,,1.1,
2017-03-29,88,2.5,,7.3,,-2.2,,74,,100,,45,,-1.9,,2.7,,-7.0,,0.0,,13.2,,25.6,,46.9,,1018,,1.8,,1.4,,326,,37,,10.0,,1.3,,1.3,,1.1,
2017-03-30,89,2.4,,8.1,,-2.9,,51,,83,,27,,-7.2,,-2.4,,-10.9,,0.0,,20.3,,39.4,,91.5,,1021,,1.2,,0.7,,346,,54,,7.2,,1.4,,1.7,,1.1,
2017-03-31,90,-0.1,,2.7,,-2.0,,90,,100,,43,,-1.8,,0.0,,-8.8,,20.8,,3.1,,6.5,,-7.5,,1018,,2.1,,1.8,,86,,30,,10.9,,1.7,,1.7,,1.6,
2017-04-01,91,-0.4,,0.3,,-1.4,,100,,100,,100,,-0.4,,0.3,,-1.4,,14.0,,5.4,,11.4,,-23.5,,1012,,1.8,,1.3,,44,,41,,12.3,,1.7,,1.7,,1.6,
2017-04-02,92,4.1,,12.5,,-0.7,,72,,100,,29,,-1.5,,2.6,,-5.9,,0.0,,20.6,,38.2,,39.4,,1016,,1.4,,1.0,,308,,44,,9.2,,1.7,,1.7,,1.6,
2017-04-03,93,6.9,,14.3,,-1.0,,53,,81,,32,,-2.6,,1.3,,-6.1,,0.0,,19.3,,38.3,,77.6,,1017,,1.2,,0.3,,194,,70,,6.6,,1.7,,1.9,,1.5,
2017-04-04,94,2.9,,6.9,,1.4,,95,,100,,56,,2.1,,4.5,,-1.6,,18.5,,3.3,,7.1,,7.4,,1008,,2.9,,2.4,,95,,34,,13.6,,2.2,,2.5,,1.8,
2017-04-05,95,3.9,,9.1,,0.3,,89,,100,,67,,2.1,,4.7,,0.3,,0.0,,9.4,,19.1,,56.0,,1013,,1.3,,0.8,,71,,48,,6.7,,3.0,,4.1,,2.3,
2017-04-06,96,2.0,,6.9,,0.6,,98,,100,,94,,1.8,,6.9,,0.5,,16.3,,2.4,,5.5,,5.6,,1004,,3.2,,2.6,,89,,37,,13.6,,3.5,,4.0,,3.2,
2017-04-07,97,5.0,,7.5,,0.3,,86,,99,,64,,2.7,,6.2,,-1.4,,0.5,,7.9,,16.2,,20.6,,993,,2.7,,2.1,,227,,38,,10.3,,3.9,,4.5,,3.2,
2017-04-08,98,3.0,,7.8,,-0.5,,60,,88,,39,,-4.3,,-1.2,,-6.7,,0.0,,15.1,,29.6,,75.3,,1006,,2.5,,2.1,,284,,31,,12.4,,4.2,,4.9,,3.5,
2017-04-09,99,8.4,,18.6,,-2.0,,44,,83,,12,,-5.2,,-1.4,,-11.7,,0.0,,24.2,,47.1,,114.6,,1019,,1.3,,0.8,,257,,48,,7.3,,4.9,,6.5,,3.4,
2017-04-10,100,15.6,,24.6,,7.8,,36,,54,,18,,-0.3,,5.2,,-4.2,,0.0,,20.6,,40.7,,94.5,,1019,,2.5,,2.2,,213,,28,,11.3,,6.5,,8.0,,5.2,
2017-04-11,101,19.8,,28.6,,12.2,,43,,67,,21,,5.9,,9.6,,3.4,,0.0,,21.7,,42.9,,110.4,,1018,,1.6,,1.3,,216,,35,,8.8,,8.5,,10.2,,7.0,
2017-04-12,102,12.7,,19.2,,5.1,,74,,98,,52,,8.1,,12.9,,-0.6,,5.3,,7.2,,14.7,,6.2,,1021,,1.5,,1.0,,278,,45,,10.4,,9.4,,9.9,,9.0,
2017-04-13,103,6.6,,13.0,,2.7,,57,,82,,32,,-1.7,,0.5,,-5.2,,0.0,,18.7,,36.4,,87.6,,1024,,2.0,,1.3,,304,,45,,9.7,,8.6,,9.5,,7.8,
2017-04-14,104,8.2,,16.1,,0.9,,38,,70,,15,,-6.7,,-1.6,,-12.5,,0.0,,25.2,,48.0,,114.9,,1028,,1.3,,0.6,,346,,57,,8.5,,8.5,,9.8,,7.2,
2017-04-15,105,10.5,,18.2,,1.8,,53,,96,,25,,0.0,,9.9,,-6.6,,0.0,,21.9,,42.7,,109.0,,1023,,2.5,,2.0,,208,,37,,12.3,,8.7,,9.9,,7.5,
2017-04-16,106,18.4,,28.0,,10.3,,68,,99,,27,,10.6,,15.3,,6.0,,0.3,,19.6,,39.1,,100.8,,1010,,2.5,,2.1,,241,,32,,13.5,,10.3,,11.7,,9.0,
2017-04-17,107,14.5,,19.5,,5.4,,56,,98,,27,,4.6,,13.3,,-2.2,,0.0,,20.6,,40.3,,98.7,,1013,,2.2,,1.8,,275,,32,,12.2,,11.3,,12.2,,10.5,
2017-04-18,108,6.9,,14.5,,1.7,,55,,77,,24,,-2.5,,0.1,,-6.6,,0.0,,25.9,,49.9,,130.9,,1028,,1.8,,0.6,,64,,67,,10.1,,10.7,,11.7,,9.6,
2017-04-19,109,5.1,,10.7,,0.8,,74,,99,,46,,0.4,,4.5,,-2.2,,1.5,,15.2,,30.5,,71.8,,1029,,2.6,,2.1,,183,,36,,11.0,,10.2,,10.8,,9.5,
2017-04-20,110,9.6,,16.9,,4.4,,82,,100,,50,,6.2,,10.2,,4.3,,1.0,,14.6,,29.2,,86.7,,1019,,2.0,,0.8,,97,,64,,9.7,,10.2,,11.3,,9.3,
2017-04-21,111,5.8,,7.4,,4.2,,98,,99,,96,,5.5,,7.0,,4.1,,10.4,,4.3,,8.8,,13.8,,1017,,2.3,,2.0,,89,,30,,8.5,,10.0,,10.9,,9.6,
2017-04-22,112,6.0,,10.3,,3.4,,92,,100,,74,,4.6,,6.7,,3.3,,0.0,,7.4,,14.8,,25.9,,1014,,1.3,,0.7,,38,,51,,6.7,,9.4,,9.9,,9.0,
2017-04-23,113,10.2,,19.5,,0.5,,59,,100,,21,,0.9,,4.7,,-4.2,,0.0,,26.7,,50.9,,133.6,,1017,,1.3,,0.5,,253,,60,,7.2,,9.9,,11.4,,8.5,
2017-04-24,114,13.3,,22.2,,2.7,,52,,97,,14,,1.6,,6.7,,-6.7,,0.0,,21.9,,42.1,,102.0,,1021,,1.1,,0.6,,194,,53,,6.8,,10.7,,11.9,,9.4,
2017-04-25,115,7.8,,10.5,,6.0,,86,,99,,53,,5.5,,7.4,,0.6,,6.9,,6.3,,13.5,,22.8,,1021,,3.1,,2.8,,74,,25,,11.8,,10.7,,11.4,,10.2,
2017-04-26,116,10.4,,14.2,,6.1,,98,,100,,92,,10.1,,13.2,,6.0,,5.6,,9.0,,18.5,,49.0,,1011,,2.5,,2.2,,64,,27,,10.0,,10.4,,11.1,,9.7,
2017-04-27,117,14.4,,18.9,,10.7,,90,,100,,69,,12.7,,14.5,,10.7,,0.3,,10.9,,22.3,,63.8,,1013,,1.2,,0.7,,182,,49,,5.6,,11.5,,12.5,,10.8,
2017-04-28,118,18.3,,26.8,,13.5,,73,,100,,21,,12.0,,17.7,,2.6,,0.5,,18.8,,37.9,,113.3,,1015,,1.3,,0.7,,233,,54,,7.1,,13.1,,14.5,,12.1,
2017-04-29,119,18.5,,25.4,,11.2,,58,,88,,39,,9.7,,14.2,,1.9,,0.0,,15.0,,30.4,,85.9,,1016,,1.9,,1.4,,260,,40,,11.4,,13.9,,14.7,,13.1,
2017-04-30,120,9.2,,13.6,,5.2,,65,,97,,32,,2.4,,9.3,,-4.9,,5.8,,12.8,,26.0,,57.6,,1024,,1.2,,0.0,,32,,78,,7.6,,13.1,,14.1,,12.6,
2017-05-01,121,7.9,,10.7,,5.1,,93,,100,,73,,6.8,,9.9,,1.8,,4.6,,5.9,,12.5,,31.6,,1014,,2.1,,1.6,,113,,42,,8.5,,12.3,,12.8,,11.9,
2017-05-02,122,11.2,,19.0,,6.2,,85,,100,,40,,8.3,,14.1,,2.3,,11.9,,10.2,,20.8,,46.8,,1003,,2.0,,0.4,,282,,71,,11.9,,11.9,,12.6,,11.3,
2017-05-03,123,8.8,,13.5,,2.0,,63,,92,,37,,1.9,,6.6,,-1.9,,0.0,,16.2,,32.2,,76.0,,1012,,2.3,,1.9,,276,,36,,15.4,,11.9,,12.5,,11.3,
2017-05-04,124,10.3,,18.0,,0.6,,44,,88,,14,,-3.5,,2.0,,-10.3,,0.0,,25.0,,48.2,,137.3,,1023,,1.6,,0.9,,168,,54,,8.1,,11.5,,12.6,,10.3,
2017-05-05,125,7.1,,8.2,,5.1,,89,,100,,50,,5.2,,8.1,,-2.5,,19.6,,3.0,,7.0,,3.6,,1013,,2.9,,2.4,,88,,32,,13.8,,11.4,,12.3,,10.8,
2017-05-06,126,13.6,,18.9,,8.0,,83,,100,,42,,10.3,,15.8,,5.0,,7.1,,13.2,,26.5,,66.2,,1000,,3.5,,2.8,,147,,37,,14.9,,11.4,,12.3,,10.7,
2017-05-07,127,10.0,,15.8,,2.5,,77,,97,,38,,5.6,,10.4,,0.8,,0.8,,17.0,,33.6,,94.1,,1003,,2.3,,1.9,,214,,35,,10.9,,12.3,,13.1,,11.6,
2017-05-08,128,4.9,,8.5,,2.1,,72,,98,,43,,-0.1,,2.6,,-3.7,,0.0,,11.3,,22.1,,52.2,,1010,,1.6,,1.4,,269,,31,,9.8,,11.8,,12.7,,11.3,
2017-05-09,129,6.1,,10.2,,0.1,,61,,94,,37,,-1.5,,1.4,,-4.6,,0.0,,13.5,,26.4,,67.8,,1015,,1.0,,0.6,,289,,46,,6.1,,10.9,,11.4,,10.4,
2017-05-10,130,7.6,,12.2,,2.9,,60,,81,,34,,-0.1,,2.3,,-4.2,,0.0,,12.6,,25.1,,65.1,,1016,,1.0,,0.7,,312,,43,,7.2,,10.7,,11.2,,10.1,
2017-05-11,131,9.5,,16.6,,3.9,,63,,95,,32,,2.3,,5.6,,-0.7,,0.0,,15.6,,30.8,,78.2,,1016,,1.3,,0.6,,71,,57,,6.3,,10.9,,11.7,,10.2,
2017-05-12,132,9.9,,15.8,,3.8,,75,,97,,48,,5.4,,8.8,,3.3,,0.0,,18.2,,35.8,,102.0,,1017,,1.3,,0.7,,83,,51,,7.5,,11.4,,12.4,,10.7,
2017-05-13,133,7.9,,11.4,,3.5,,88,,98,,69,,6.0,,7.9,,3.2,,17.0,,10.2,,20.9,,54.6,,1014,,1.4,,0.9,,99,,47,,7.7,,11.7,,12.1,,11.2,
2017-05-14,134,5.8,,9.6,,1.7,,97,,100,,89,,5.3,,8.5,,1.6,,27.4,,8.5,,17.1,,30.2,,1004,,1.4,,1.0,,338,,45,,9.1,,10.3,,11.6,,9.6,
2017-05-15,135,9.9,,15.2,,5.9,,83,,100,,54,,6.9,,9.9,,5.0,,10.4,,8.6,,17.5,,37.2,,1003,,1.6,,1.2,,309,,39,,12.0,,10.6,,11.2,,10.2,
2017-05-16,136,16.0,,24.6,,7.0,,58,,97,,23,,6.5,,11.1,,1.1,,0.0,,25.5,,50.2,,149.6,,1014,,1.2,,0.7,,302,,50,,8.3,,11.5,,13.2,,10.2,
2017-05-17,137,22.4,,32.3,,10.8,,51,,89,,20,,10.5,,16.2,,5.7,,0.0,,27.3,,53.8,,169.6,,1015,,1.4,,0.8,,234,,51,,9.9,,13.5,,15.2,,12.2,
2017-05-18,138,25.2,,33.0,,17.0,,56,,99,,20,,13.8,,18.6,,6.5,,13.7,,26.9,,52.5,,165.1,,1012,,1.6,,1.0,,237,,45,,11.2,,15.4,,16.8,,14.2,
2017-05-19,139,20.1,,28.1,,9.7,,68,,99,,36,,13.3,,19.9,,4.5,,0.0,,24.6,,48.9,,143.5,,1013,,1.6,,1.0,,289,,48,,11.6,,16.7,,17.7,,15.7,
2017-05-20,140,14.2,,21.0,,8.3,,41,,77,,17,,0.1,,6.3,,-5.6,,0.0,,29.4,,55.9,,165.8,,1024,,1.2,,0.6,,350,,56,,7.6,,16.3,,17.1,,15.4,
2017-05-21,141,13.7,,20.0,,5.7,,47,,79,,33,,2.4,,9.0,,-1.8,,0.3,,23.2,,45.1,,128.1,,1026,,1.6,,0.6,,145,,63,,7.5,,15.4,,16.2,,14.5,
2017-05-22,142,9.0,,10.5,,6.6,,90,,100,,53,,7.3,,10.1,,1.2,,9.1,,4.6,,9.5,,-1.6,,1019,,1.3,,1.1,,155,,34,,6.3,,14.7,,15.7,,14.2,
2017-05-23,143,13.5,,18.7,,8.8,,79,,100,,50,,9.5,,12.8,,6.1,,0.3,,18.5,,35.1,,93.4,,1012,,0.8,,0.4,,329,,58,,5.4,,14.4,,15.2,,13.7,
2017-05-24,144,15.0,,21.0,,10.4,,70,,96,,42,,9.2,,11.8,,7.2,,0.0,,17.1,,33.3,,91.9,,1010,,1.5,,1.2,,87,,37,,6.0,,14.8,,15.6,,14.2,
2017-05-25,145,10.1,,11.8,,8.2,,94,,99,,86,,9.2,,10.5,,7.9,,5.1,,7.2,,14.7,,17.0,,1008,,3.3,,2.9,,76,,27,,13.6,,14.3,,15.1,,13.7,
2017-05-26,146,10.2,,13.2,,7.8,,98,,100,,93,,10.0,,13.1,,7.6,,38.4,,5.7,,11.4,,17.5,,1003,,1.2,,0.4,,360,,64,,11.9,,13.0,,13.8,,12.5,
2017-05-27,147,14.4,,21.0,,9.1,,78,,100,,45,,10.1,,13.5,,7.0,,0.0,,18.3,,36.3,,120.1,,1012,,0.7,,0.3,,302,,54,,5.6,,13.9,,15.2,,12.9,
2017-05-28,148,15.4,,20.5,,10.4,,84,,99,,54,,12.5,,15.0,,8.3,,0.5,,11.7,,22.6,,60.9,,1015,,1.0,,0.7,,171,,38,,5.3,,15.1,,15.8,,14.4,
2017-05-29,149,9.6,,12.4,,7.7,,95,,100,,84,,8.8,,10.5,,7.7,,4.6,,7.4,,15.1,,25.8,,1017,,1.6,,1.3,,95,,31,,7.0,,14.7,,15.5,,14.4,
2017-05-30,150,11.5,,15.2,,7.6,,95,,100,,81,,10.7,,13.2,,7.6,,0.0,,7.4,,14.4,,36.6,,1021,,1.5,,1.2,,164,,38,,5.6,,14.3,,14.7,,13.8,
2017-05-31,151,14.2,,22.3,,11.0,,94,,100,,64,,13.3,,17.9,,11.0,,12.7,,14.0,,26.7,,65.1,,1017,,1.3,,0.8,,197,,47,,9.0,,14.8,,16.0,,14.1,
2017-06-01,152,16.1,,22.3,,9.7,,68,,100,,30,,9.2,,15.3,,2.3,,0.3,,27.4,,53.4,,161.9,,1013,,1.3,,0.8,,262,,46,,7.9,,15.7,,17.2,,14.3,
2017-06-02,153,13.4,,19.0,,7.2,,53,,79,,31,,3.5,,7.9,,0.1,,0.0,,21.7,,42.0,,111.3,,1014,,1.4,,1.0,,265,,44,,10.9,,15.8,,16.4,,14.8,
2017-06-03,154,12.6,,19.1,,5.5,,65,,95,,37,,5.6,,9.6,,3.4,,0.0,,18.5,,35.8,,95.9,,1013,,1.1,,0.5,,314,,57,,8.1,,15.2,,15.9,,14.2,
2017-06-04,155,13.5,,20.2,,7.4,,81,,100,,40,,9.7,,13.5,,5.8,,3.3,,16.2,,31.5,,78.7,,1015,,1.0,,0.3,,192,,65,,5.1,,15.2,,15.9,,14.2,
2017-06-05,156,11.3,,13.1,,9.2,,99,,100,,93,,11.2,,12.6,,9.2,,38.6,,6.1,,11.9,,23.1,,1010,,2.4,,2.1,,81,,30,,11.5,,15.0,,15.5,,14.4,
2017-06-06,157,7.8,,9.5,,7.2,,99,,100,,96,,7.7,,9.5,,6.9,,39.4,,3.8,,8.0,,9.2,,1011,,2.0,,1.5,,62,,41,,14.1,,13.6,,14.5,,13.1,
2017-06-07,158,13.8,,23.3,,7.5,,76,,100,,31,,8.4,,12.8,,3.7,,0.3,,26.9,,52.8,,166.4,,1015,,1.2,,0.7,,14,,54,,6.8,,14.1,,15.9,,12.8,
2017-06-08,159,16.9,,25.0,,9.3,,61,,98,,27,,7.9,,15.3,,2.2,,0.0,,22.4,,43.1,,125.0,,1015,,1.0,,0.5,,112,,54,,5.8,,15.5,,16.7,,14.3,
2017-06-09,160,16.5,,23.1,,7.9,,61,,82,,42,,8.8,,15.3,,3.2,,0.0,,20.3,,39.6,,103.3,,1007,,0.9,,0.3,,281,,63,,7.2,,16.0,,16.9,,15.0,
2017-06-10,161,20.7,,27.1,,11.9,,58,,84,,36,,11.7,,15.6,,8.0,,0.0,,25.5,,50.6,,156.7,,1015,,1.3,,0.8,,219,,50,,7.5,,16.7,,18.3,,15.3,
2017-06-11,162,23.9,,31.6,,16.9,,61,,86,,27,,15.2,,19.6,,10.2,,0.0,,26.1,,51.4,,159.3,,1017,,1.2,,0.9,,239,,39,,9.9,,18.2,,19.8,,16.9,
2017-06-12,163,26.0,,33.0,,19.4,,57,,82,,27,,15.9,,19.1,,11.3,,0.0,,28.7,,57.2,,190.6,,1016,,0.8,,0.4,,258,,49,,7.7,,19.6,,21.3,,18.1,
2017-06-13,164,25.0,,31.5,,19.2,,65,,88,,36,,17.4,,22.1,,10.4,,0.0,,25.2,,51.0,,165.9,,1014,,0.9,,0.5,,274,,51,,8.2,,20.6,,22.0,,19.3,
2017-06-14,165,19.5,,25.8,,12.7,,44,,75,,18,,6.1,,11.9,,-1.5,,0.0,,29.7,,57.6,,175.4,,1016,,1.2,,0.6,,346,,53,,7.2,,20.7,,21.8,,19.6,
2017-06-15,166,17.0,,23.3,,9.2,,55,,87,,37,,7.5,,12.7,,3.3,,0.0,,25.5,,50.7,,161.0,,1018,,1.6,,1.1,,189,,45,,8.0,,19.7,,20.7,,18.5,
2017-06-16,167,15.4,,19.7,,13.4,,84,,100,,49,,12.5,,15.4,,4.1,,3.3,,9.4,,18.7,,42.0,,1017,,1.9,,1.5,,148,,38,,8.6,,19.2,,20.0,,18.8,
2017-06-17,168,17.8,,23.0,,13.4,,96,,100,,80,,17.1,,20.2,,13.5,,0.0,,9.9,,19.9,,53.1,,1016,,1.3,,0.5,,148,,63,,6.4,,18.7,,19.4,,18.2,
2017-06-18,169,22.6,,27.7,,19.1,,88,,100,,63,,20.4,,22.9,,19.2,,0.3,,18.1,,37.3,,125.6,,1012,,2.1,,1.7,,200,,32,,10.3,,19.9,,21.2,,18.9,
2017-06-19,170,22.3,,28.9,,18.5,,93,,100,,59,,21.0,,23.7,,18.3,,12.4,,10.3,,21.0,,71.2,,1011,,2.3,,2.0,,200,,32,,12.0,,20.8,,21.5,,20.2,
2017-06-20,171,20.7,,26.4,,15.0,,79,,100,,39,,16.4,,20.3,,10.6,,1.8,,20.9,,41.9,,137.9,,1013,,1.6,,1.1,,235,,45,,11.9,,21.1,,22.1,,20.2,
2017-06-21,172,19.1,,24.7,,13.8,,65,,95,,38,,11.6,,15.6,,8.2,,0.0,,25.7,,50.9,,159.4,,1014,,1.3,,0.7,,266,,50,,8.4,,20.8,,21.8,,19.7,
2017-06-22,173,19.8,,26.5,,11.4,,62,,92,,34,,11.8,,15.8,,7.1,,0.0,,27.9,,55.5,,182.6,,1016,,1.1,,0.4,,259,,60,,6.5,,20.4,,21.6,,19.0,
2017-06-23,174,23.1,,29.6,,18.4,,77,,96,,40,,18.4,,21.8,,14.0,,0.0,,18.9,,38.2,,129.6,,1008,,1.7,,1.4,,205,,33,,9.3,,21.1,,22.2,,20.1,
2017-06-24,175,22.2,,26.6,,17.7,,77,,100,,45,,17.4,,22.1,,10.9,,2.5,,19.6,,39.2,,124.2,,1006,,1.4,,1.1,,253,,41,,8.8,,21.8,,22.9,,21.1,
2017-06-25,176,19.0,,24.8,,12.9,,69,,100,,35,,12.6,,16.0,,7.8,,1.5,,22.6,,45.0,,134.6,,1015,,1.0,,0.5,,248,,57,,7.2,,21.3,,22.0,,20.3,
2017-06-26,177,16.2,,23.1,,10.1,,77,,100,,40,,11.6,,14.4,,7.4,,2.3,,22.5,,44.2,,133.7,,1016,,1.0,,0.4,,266,,60,,7.0,,20.6,,21.5,,19.4,
2017-06-27,178,14.6,,21.6,,9.1,,86,,100,,52,,11.9,,16.0,,9.1,,1.3,,17.9,,35.7,,92.2,,1016,,1.2,,0.4,,203,,65,,11.6,,20.1,,20.9,,19.2,
2017-06-28,179,15.7,,22.9,,8.8,,71,,100,,35,,9.6,,13.4,,5.9,,0.3,,24.8,,48.8,,150.4,,1018,,1.1,,0.5,,281,,57,,8.9,,19.4,,20.6,,18.2,
2017-06-29,180,18.8,,22.8,,12.7,,72,,88,,54,,13.5,,16.4,,9.8,,0.0,,12.9,,25.1,,67.4,,1019,,1.5,,1.2,,199,,35,,8.6,,19.4,,20.0,,18.6,
2017-06-30,181,21.4,,27.6,,18.1,,86,,100,,60,,18.8,,21.9,,16.1,,20.1,,15.5,,31.4,,98.0,,1016,,1.6,,1.3,,210,,37,,9.6,,20.0,,21.2,,19.0,
2017-07-01,182,22.8,,28.1,,19.4,,90,,100,,62,,20.8,,22.9,,19.3,,0.5,,17.3,,35.4,,121.2,,1015,,1.8,,1.5,,200,,32,,10.9,,21.3,,22.4,,20.3,
2017-07-02,183,22.8,,28.3,,18.4,,75,,100,,39,,17.4,,21.1,,11.4,,0.3,,26.5,,53.2,,180.9,,1015,,1.1,,0.7,,257,,50,,9.0,,22.2,,23.4,,21.2,
2017-07-03,184,21.0,,26.3,,15.9,,69,,100,,33,,14.1,,19.2,,8.8,,0.0,,28.3,,56.4,,181.4,,1016,,1.2,,0.7,,273,,52,,8.3,,22.3,,23.4,,21.2,
2017-07-04,185,19.8,,26.4,,13.4,,61,,94,,29,,11.4,,15.5,,6.5,,0.0,,25.6,,51.0,,160.3,,1020,,1.0,,0.5,,12,,55,,5.2,,21.6,,22.6,,20.6,
2017-07-05,186,21.0,,27.1,,14.2,,55,,76,,29,,10.8,,14.6,,5.8,,0.0,,28.3,,56.0,,178.5,,1024,,1.2,,0.7,,128,,53,,5.7,,21.3,,22.4,,20.1,
2017-07-06,187,20.0,,26.1,,15.1,,62,,84,,40,,12.2,,15.8,,9.1,,0.0,,21.8,,43.6,,135.9,,1020,,1.5,,1.2,,206,,35,,7.2,,21.3,,22.2,,20.3,
2017-07-07,188,17.3,,20.3,,15.2,,90,,100,,68,,15.6,,18.8,,10.7,,9.6,,6.8,,14.0,,22.4,,1011,,0.9,,0.5,,81,,50,,5.7,,20.7,,21.5,,20.3,
2017-07-08,189,19.8,,26.6,,15.8,,92,,100,,62,,18.2,,21.7,,15.8,,19.3,,18.9,,38.6,,122.4,,1008,,0.9,,0.5,,222,,49,,7.9,,20.9,,22.0,,19.9,
2017-07-09,190,19.2,,25.2,,13.0,,71,,100,,34,,13.0,,16.6,,6.6,,0.3,,26.7,,53.0,,159.8,,1015,,0.9,,0.5,,264,,51,,6.8,,21.1,,22.2,,20.0,
2017-07-10,191,21.4,,27.7,,14.2,,63,,94,,33,,13.5,,17.1,,8.7,,0.0,,23.8,,47.4,,152.1,,1017,,1.4,,1.0,,209,,43,,8.5,,21.2,,22.2,,20.1,
2017-07-11,192,21.3,,26.8,,18.1,,89,,100,,60,,19.3,,21.7,,16.6,,6.3,,14.3,,28.6,,82.6,,1016,,1.0,,0.5,,208,,55,,6.3,,21.6,,22.4,,21.0,
2017-07-12,193,22.2,,29.2,,18.1,,92,,100,,56,,20.6,,24.0,,18.1,,2.0,,14.6,,29.6,,78.4,,1016,,0.5,,0.1,,172,,65,,4.7,,21.9,,23.0,,20.9,
2017-07-13,194,16.3,,20.2,,12.3,,99,,100,,92,,16.2,,20.2,,12.3,,2.3,,6.9,,14.3,,42.5,,1018,,1.6,,1.4,,81,,32,,7.5,,21.6,,22.5,,20.7,
2017-07-14,195,14.6,,16.7,,12.3,,98,,100,,93,,14.2,,15.8,,12.3,,2.3,,5.1,,10.5,,24.4,,1019,,1.0,,0.7,,117,,42,,4.6,,20.0,,20.7,,19.7,
2017-07-15,196,19.8,,26.6,,15.1,,86,,100,,48,,17.0,,20.7,,14.1,,0.3,,16.5,,33.2,,107.7,,1015,,0.8,,0.4,,242,,53,,5.3,,20.4,,21.8,,19.3,
2017-07-16,197,19.0,,19.4,,18.5,,88,,91,,82,,17.0,,17.7,,15.9,,0.0,,0.0,,0.0,,-33.9,,1018,,0.8,,0.7,,63,,22,,1.5,,22.5,,22.8,,22.2,
2017-07-17,198,22.8,,28.6,,17.3,,77,,100,,41,,18.2,,20.7,,13.3,,0.0,,20.4,,41.6,,131.7,,1020,,1.0,,0.6,,176,,46,,6.3,,22.3,,23.6,,21.0,
2017-07-18,199,23.2,,29.2,,18.6,,85,,100,,55,,20.3,,22.2,,18.1,,0.0,,19.4,,39.1,,133.9,,1019,,1.0,,0.7,,210,,42,,6.3,,22.8,,24.2,,21.7,
2017-07-19,200,23.7,,30.0,,19.5,,77,,100,,36,,18.8,,23.8,,13.0,,0.0,,20.5,,40.7,,137.3,,1017,,0.8,,0.4,,226,,54,,6.7,,23.3,,24.6,,22.1,
2017-07-20,201,23.5,,29.7,,18.6,,74,,93,,48,,18.3,,22.0,,14.5,,0.0,,18.6,,37.0,,116.3,,1015,,0.7,,0.1,,306,,70,,6.3,,23.2,,24.2,,22.1,
2017-07-21,202,23.0,,29.8,,16.9,,62,,85,,37,,15.1,,19.8,,12.5,,0.0,,26.2,,52.1,,164.5,,1013,,1.0,,0.5,,274,,54,,8.2,,23.1,,24.5,,21.7,
2017-07-22,203,21.3,,25.8,,17.6,,77,,93,,54,,16.9,,20.3,,13.8,,0.0,,11.6,,22.5,,61.2,,1012,,0.5,,0.1,,312,,71,,2.9,,22.5,,23.3,,21.7,
2017-07-23,204,19.4,,23.0,,16.0,,65,,93,,46,,12.6,,17.3,,9.2,,0.0,,21.3,,42.7,,134.0,,1012,,1.8,,1.5,,84,,32,,8.5,,22.2,,23.0,,21.2,
2017-07-24,205,12.9,,16.2,,11.2,,92,,100,,66,,11.6,,13.8,,9.0,,23.6,,3.8,,8.1,,-1.1,,1014,,1.9,,1.5,,69,,34,,10.3,,20.6,,22.2,,19.5,
2017-07-25,206,13.4,,17.8,,11.1,,95,,100,,72,,12.6,,15.6,,11.0,,0.0,,6.9,,13.9,,31.2,,1021,,0.8,,0.6,,53,,36,,5.7,,19.3,,19.7,,18.9,
2017-07-26,207,18.3,,25.2,,12.2,,75,,100,,40,,13.2,,17.1,,8.8,,0.3,,24.5,,49.2,,150.9,,1024,,0.9,,0.3,,235,,62,,7.1,,19.6,,21.1,,18.1,
2017-07-27,208,17.3,,19.8,,15.0,,93,,100,,74,,16.1,,19.8,,12.4,,2.5,,6.9,,14.0,,19.8,,1016,,1.1,,0.9,,218,,38,,6.9,,19.9,,20.4,,19.4,
2017-07-28,209,20.2,,26.0,,15.9,,78,,100,,45,,15.7,,19.6,,10.5,,0.0,,23.0,,45.9,,140.3,,1013,,0.7,,0.4,,332,,49,,5.6,,20.5,,22.0,,19.2,
2017-07-29,210,16.8,,22.3,,12.5,,65,,85,,42,,9.9,,12.5,,8.2,,0.0,,19.7,,38.1,,104.1,,1013,,1.5,,1.2,,60,,35,,9.2,,20.5,,21.2,,19.6,
2017-07-30,211,18.1,,25.3,,10.1,,66,,97,,35,,10.8,,14.3,,7.4,,0.0,,27.2,,54.4,,163.4,,1016,,1.0,,0.6,,351,,48,,6.0,,20.1,,21.7,,18.6,
2017-07-31,212,21.0,,29.0,,12.2,,68,,100,,31,,14.0,,19.4,,7.3,,0.0,,25.7,,51.7,,159.6,,1018,,0.7,,0.2,,12,,60,,5.2,,20.8,,22.3,,19.2,
2017-08-01,213,22.9,,29.4,,16.4,,70,,100,,37,,16.7,,19.6,,12.7,,0.0,,22.3,,45.6,,168.5,,1018,,0.7,,0.3,,13,,53,,4.6,,21.6,,22.8,,20.2,
2017-08-02,214,23.3,E,28.9,E,17.7,E,NA,M,NA,M,NA,M,NA,M,NA,M,NA,M,16.5,E,NA,M,NA,M,NA,M,NA,M,NA,M,NA,M,NA,M,NA,M,NA,M,NA,M,NA,M,NA,M
2017-08-03,215,23.4,E,27.9,E,18.1,E,NA,M,NA,M,NA,M,NA,M,NA,M,NA,M,1.8,E,NA,M,NA,M,NA,M,NA,M,NA,M,NA,M,NA,M,NA,M,NA,M,NA,M,NA,M,NA,M
2017-08-04,216,23.3,,27.4,,19.2,,77,,99,,56,,18.8,,22.4,,16.4,,0.3,,12.9,,26.5,,145.9,,1017,,2.2,,1.8,,179,,32,,7.5,,22.9,,23.6,,21.6,
2017-08-05,217,19.4,,23.9,,14.1,,96,,100,,82,,18.8,,22.0,,13.1,,24.9,,6.9,,14.2,,10.7,,1014,,1.6,,1.1,,159,,46,,8.0,,22.0,,22.8,,21.6,
2017-08-06,218,16.5,,22.3,,10.8,,74,,99,,43,,11.4,,13.9,,7.5,,0.0,,23.3,,45.7,,131.8,,1016,,1.2,,0.6,,268,,55,,8.0,,21.2,,22.3,,20.1,
2017-08-07,219,16.5,,20.7,,11.8,,88,,100,,64,,14.4,,16.4,,11.9,,0.8,,10.4,,20.8,,46.9,,1018,,1.1,,0.6,,182,,55,,7.5,,20.6,,21.4,,20.0,
2017-08-08,220,17.8,,23.9,,14.2,,87,,100,,53,,15.3,,18.0,,12.9,,1.0,,16.2,,31.7,,77.9,,1015,,0.8,,0.3,,349,,60,,4.9,,20.8,,21.7,,20.1,
2017-08-09,221,19.3,,27.0,,11.3,,71,,99,,39,,13.3,,17.3,,10.9,,0.0,,24.1,,48.3,,146.2,,1023,,0.9,,0.2,,298,,67,,6.8,,20.9,,22.2,,19.5,
2017-08-10,222,21.3,,27.7,,15.2,,76,,100,,40,,16.4,,19.5,,12.1,,0.3,,19.6,,38.7,,116.6,,1024,,0.8,,0.4,,152,,55,,4.9,,21.5,,22.6,,20.3,
2017-08-11,223,20.6,,26.5,,15.2,,74,,100,,32,,15.0,,18.5,,7.6,,2.0,,20.7,,41.6,,122.7,,1020,,1.0,,0.5,,154,,54,,4.9,,21.9,,22.9,,20.8,
2017-08-12,224,18.9,,24.1,,14.9,,90,,100,,64,,17.1,,19.6,,15.0,,13.2,,15.1,,30.4,,93.5,,1016,,1.2,,1.0,,201,,38,,6.3,,21.8,,22.6,,21.1,
2017-08-13,225,20.5,,26.4,,15.4,,80,,100,,40,,16.2,,19.9,,11.2,,0.3,,23.0,,46.8,,139.0,,1015,,1.0,,0.4,,307,,62,,8.4,,22.3,,23.5,,21.3,
2017-08-14,226,20.3,,25.1,,16.7,,80,,99,,46,,16.3,,18.8,,12.1,,0.3,,4.6,,9.1,,38.0,,1016,,0.7,,0.2,,104,,68,,3.9,,22.5,,22.8,,22.0,
2017-08-15,227,19.4,,22.7,,16.6,,96,,100,,82,,18.8,,20.7,,16.6,,4.1,,7.9,,15.8,,34.9,,1015,,0.9,,0.7,,212,,41,,5.5,,21.6,,22.1,,21.1,
2017-08-16,228,20.1,,26.0,,13.6,,77,,100,,42,,15.5,,19.7,,10.4,,0.3,,22.2,,44.1,,133.7,,1015,,0.8,,0.5,,336,,49,,6.6,,22.0,,23.2,,20.9,
2017-08-17,229,17.8,,25.4,,10.6,,69,,100,,31,,11.3,,15.6,,6.0,,0.0,,22.3,,44.8,,127.6,,1018,,0.9,,0.1,,17,,74,,4.3,,21.5,,22.4,,20.4,
2017-08-18,230,20.8,,23.3,,16.7,,94,,100,,72,,19.7,,23.3,,12.9,,9.1,,3.9,,8.4,,9.1,,1012,,1.6,,1.3,,175,,35,,8.0,,21.3,,21.7,,20.8,
2017-08-19,231,22.7,,27.8,,18.5,,84,,100,,49,,19.5,,23.0,,15.6,,0.3,,18.0,,36.6,,113.6,,1012,,0.7,,0.4,,260,,50,,5.5,,22.1,,23.3,,21.2,
2017-08-20,232,20.2,,25.7,,15.6,,76,,100,,41,,15.4,,18.9,,10.7,,0.0,,20.5,,41.4,,119.0,,1017,,1.0,,0.4,,302,,58,,7.8,,22.3,,23.1,,21.4,
2017-08-21,233,21.1,,27.8,,15.0,,79,,100,,49,,16.9,,21.0,,14.8,,0.0,,17.6,,35.7,,95.4,,1021,,0.7,,0.3,,223,,58,,5.2,,21.8,,22.8,,20.8,
2017-08-22,234,23.6,,29.4,,18.7,,86,,100,,56,,20.9,,23.9,,17.9,,15.5,,18.0,,37.2,,116.1,,1014,,1.8,,1.5,,205,,34,,10.4,,22.2,,23.4,,21.2,
2017-08-23,235,19.6,,23.5,,13.6,,73,,100,,38,,14.0,,21.5,,7.8,,0.5,,21.0,,42.6,,115.3,,1011,,1.4,,0.9,,262,,46,,9.1,,22.6,,23.4,,22.1,
2017-08-24,236,16.9,,23.2,,11.4,,70,,98,,39,,10.8,,13.6,,7.2,,0.0,,23.0,,46.0,,128.2,,1015,,1.0,,0.4,,322,,62,,6.3,,21.5,,22.5,,20.5,
2017-08-25,237,15.9,,22.1,,10.9,,67,,88,,34,,9.3,,12.7,,4.8,,0.0,,19.9,,39.4,,111.3,,1020,,1.0,,0.6,,343,,52,,7.2,,21.1,,22.0,,20.3,
2017-08-26,238,15.0,,21.7,,9.3,,69,,97,,34,,8.8,,12.3,,4.8,,0.0,,21.3,,40.9,,106.4,,1024,,0.9,,0.4,,14,,58,,4.1,,20.4,,21.3,,19.3,
2017-08-27,239,15.7,,22.5,,8.7,,65,,93,,32,,8.3,,11.6,,4.4,,0.0,,20.2,,39.7,,102.5,,1026,,0.9,,0.6,,50,,48,,4.6,,19.9,,20.8,,18.8,
2017-08-28,240,15.6,,22.2,,9.8,,66,,95,,33,,8.5,,12.5,,4.0,,0.0,,20.6,,40.7,,103.9,,1027,,1.4,,1.2,,75,,31,,6.1,,19.8,,20.8,,18.7,
2017-08-29,241,13.6,,17.0,,10.2,,85,,100,,65,,11.0,,13.4,,6.0,,0.0,,8.1,,15.3,,24.5,,1024,,1.7,,1.5,,75,,24,,5.9,,19.0,,19.9,,18.5,
2017-08-30,242,15.6,,22.6,,12.4,,80,,100,,34,,11.5,,14.2,,5.3,,0.5,,18.4,,35.6,,102.0,,1016,,1.0,,0.6,,26,,50,,5.8,,19.2,,20.3,,18.3,
2017-08-31,243,15.3,,21.5,,9.4,,76,,99,,48,,10.9,,15.4,,4.7,,0.0,,13.1,,26.2,,58.4,,1013,,0.9,,0.4,,316,,61,,7.2,,18.9,,19.6,,18.1,
2017-09-01,244,11.0,,17.3,,5.3,,61,,87,,31,,3.2,,6.5,,-0.2,,0.0,,22.1,,42.9,,107.9,,1019,,1.2,,0.6,,308,,55,,9.8,,18.1,,19.1,,17.1,
2017-09-02,245,12.4,,19.7,,4.9,,66,,92,,29,,5.5,,10.9,,0.5,,0.0,,20.4,,40.0,,105.0,,1024,,0.8,,0.2,,26,,69,,4.3,,17.6,,18.6,,16.4,
2017-09-03,246,11.5,,13.6,,9.8,,98,,100,,80,,11.2,,13.6,,8.4,,25.6,,3.0,,6.7,,-0.2,,1014,,1.7,,0.7,,98,,60,,10.1,,17.3,,18.1,,16.8,
2017-09-04,247,17.4,,23.6,,10.6,,80,,100,,53,,13.6,,17.1,,10.6,,0.3,,18.9,,38.2,,95.1,,1011,,1.7,,1.3,,224,,38,,9.8,,17.4,,18.9,,16.2,
2017-09-05,248,20.9,,27.1,,17.1,,84,,100,,57,,17.9,,20.9,,15.3,,1.0,,15.2,,30.5,,80.8,,1009,,2.1,,1.7,,202,,33,,9.2,,18.9,,20.1,,17.9,
2017-09-06,249,16.0,,18.7,,13.0,,99,,100,,87,,15.8,,18.7,,13.0,,31.5,,3.3,,7.1,,8.4,,1013,,1.0,,0.2,,36,,68,,6.9,,19.0,,19.8,,18.5,
2017-09-07,250,14.9,,21.3,,9.9,,89,,100,,49,,12.7,,15.9,,9.2,,10.4,,13.6,,27.6,,70.6,,1012,,1.1,,0.4,,267,,63,,8.3,,18.6,,19.4,,18.0,
2017-09-08,251,13.1,,18.8,,9.5,,88,,100,,55,,10.9,,14.8,,8.8,,1.3,,15.4,,31.1,,60.1,,1019,,0.7,,0.4,,260,,52,,6.4,,18.1,,18.7,,17.3,
2017-09-09,252,12.9,,19.7,,8.3,,85,,100,,47,,10.0,,12.8,,7.5,,0.3,,18.0,,36.5,,85.8,,1023,,0.9,,0.6,,336,,47,,6.0,,17.7,,18.5,,16.8,
2017-09-10,253,13.9,,21.1,,9.6,,79,,100,,44,,9.9,,13.6,,6.3,,0.0,,16.3,,32.6,,70.2,,1027,,1.0,,0.6,,339,,46,,6.0,,17.5,,18.3,,16.7,
2017-09-11,254,15.1,,23.7,,6.8,,73,,99,,41,,9.8,,14.3,,6.2,,0.0,,19.7,,39.1,,94.9,,1025,,0.8,,0.5,,320,,50,,5.8,,17.3,,18.4,,16.2,
2017-09-12,255,17.9,,26.6,,10.6,,71,,100,,34,,12.0,,15.9,,8.5,,0.0,,20.1,,39.8,,96.5,,1017,,0.8,,0.4,,280,,53,,5.4,,17.8,,19.1,,16.7,
2017-09-13,256,18.6,,25.9,,11.5,,76,,100,,41,,13.7,,17.7,,10.6,,0.0,,17.8,,35.8,,89.9,,1013,,0.7,,0.0,,261,,73,,3.8,,18.3,,19.4,,17.1,
2017-09-14,257,20.4,,24.9,,17.8,,88,,100,,56,,18.1,,20.0,,14.9,,0.0,,11.4,,23.5,,64.1,,1013,,1.2,,0.9,,210,,36,,7.0,,19.1,,19.9,,18.4,
2017-09-15,258,20.8,,26.6,,18.2,,90,,100,,55,,18.9,,21.0,,16.2,,0.0,,10.6,,22.3,,55.8,,1020,,0.8,,0.1,,118,,70,,5.4,,19.7,,20.5,,19.1,
2017-09-16,259,20.9,,27.9,,17.6,,89,,100,,52,,18.8,,21.1,,16.7,,0.3,,15.0,,30.9,,89.1,,1022,,0.8,,0.3,,45,,60,,4.0,,20.3,,21.4,,19.4,
2017-09-17,260,20.9,,28.5,,16.1,,87,,100,,45,,18.2,,22.3,,15.1,,0.0,,15.6,,32.5,,87.0,,1022,,0.7,,0.3,,81,,54,,4.3,,20.5,,21.4,,19.5,
2017-09-18,261,18.4,,21.8,,16.1,,94,,100,,74,,17.4,,19.6,,16.1,,0.0,,10.4,,21.4,,63.5,,1023,,1.2,,0.9,,85,,35,,5.9,,20.4,,20.9,,19.8,
2017-09-19,262,18.1,,21.8,,15.8,,96,,100,,75,,17.3,,18.6,,15.8,,0.3,,9.6,,19.9,,66.1,,1019,,2.1,,1.8,,64,,31,,8.8,,20.2,,20.7,,19.7,
2017-09-20,263,19.2,,21.6,,17.8,,96,,100,,85,,18.6,,20.1,,17.7,,1.0,,6.1,,13.0,,8.4,,1015,,1.4,,1.0,,31,,44,,8.7,,20.2,,20.6,,19.8,
2017-09-21,264,18.7,,22.0,,15.9,,74,,97,,55,,13.8,,18.2,,7.5,,0.3,,10.0,,20.5,,36.5,,1018,,1.5,,1.1,,40,,42,,7.4,,19.9,,20.4,,19.4,
2017-09-22,265,17.4,,21.6,,13.7,,61,,68,,53,,9.8,,14.4,,7.5,,0.0,,14.4,,31.0,,88.3,,1017,,1.8,,1.3,,37,,42,,10.0,,19.3,,19.9,,18.6,
2017-09-23,266,20.6,,28.4,,14.8,,59,,80,,31,,11.9,,15.9,,7.7,,0.0,,17.9,,37.5,,101.5,,1018,,1.0,,0.6,,22,,50,,5.8,,19.5,,20.5,,18.6,
2017-09-24,267,23.4,,31.5,,18.2,,69,,88,,39,,17.1,,20.6,,13.5,,0.0,,17.0,,36.3,,97.5,,1019,,0.6,,0.3,,350,,51,,4.6,,20.0,,21.1,,18.9,
2017-09-25,268,23.9,,30.5,,18.3,,78,,100,,47,,19.6,,21.6,,17.8,,0.0,,16.6,,35.2,,93.7,,1019,,1.1,,0.9,,74,,34,,5.9,,20.7,,21.7,,19.7,
2017-09-26,269,22.3,,30.2,,16.8,,83,,100,,49,,18.9,,21.9,,16.8,,0.0,,16.1,,33.7,,84.0,,1017,,0.6,,0.1,,41,,64,,4.1,,20.8,,21.7,,19.9,
2017-09-27,270,22.8,,29.1,,16.6,,82,,100,,45,,19.2,,22.1,,15.2,,0.0,,16.9,,36.0,,89.8,,1013,,1.0,,0.6,,198,,51,,5.1,,20.8,,21.7,,19.8,
2017-09-28,271,17.4,,21.8,,7.6,,68,,100,,38,,10.8,,21.9,,3.6,,0.0,,16.5,,34.1,,72.2,,1010,,1.3,,0.8,,321,,50,,9.6,,20.6,,21.1,,19.6,
2017-09-29,272,10.4,,17.6,,4.0,,70,,96,,40,,4.6,,7.7,,2.4,,0.0,,16.9,,34.5,,72.3,,1016,,1.1,,0.4,,22,,63,,6.7,,18.4,,19.7,,17.6,
2017-09-30,273,8.2,,10.3,,5.8,,95,,100,,66,,7.4,,9.1,,3.8,,2.0,,3.7,,7.7,,0.5,,1022,,1.6,,1.4,,61,,30,,8.0,,17.2,,18.1,,16.6,
2017-10-01,274,9.5,,17.2,,4.2,,78,,100,,40,,5.3,,8.5,,2.6,,0.0,,17.1,,34.8,,70.0,,1026,,0.9,,0.5,,326,,54,,6.0,,16.1,,16.9,,15.2,
2017-10-02,275,12.2,,20.1,,5.2,,68,,96,,33,,5.7,,9.4,,2.0,,0.0,,16.8,,34.2,,66.4,,1029,,0.9,,0.4,,41,,60,,5.2,,15.7,,16.6,,14.7,
2017-10-03,276,13.2,,19.4,,7.9,,76,,100,,46,,8.6,,10.2,,6.8,,0.0,,16.2,,33.7,,65.2,,1035,,1.4,,0.7,,192,,57,,6.7,,15.9,,16.9,,15.1,
2017-10-04,277,15.0,,22.7,,7.5,,79,,100,,48,,10.8,,14.6,,7.4,,0.0,,16.3,,33.4,,68.2,,1026,,1.5,,1.2,,219,,36,,7.7,,16.0,,16.9,,15.0,
2017-10-05,278,17.6,,23.2,,12.8,,77,,99,,44,,13.1,,15.1,,7.6,,0.0,,12.0,,25.4,,51.8,,1018,,1.1,,0.8,,261,,40,,7.6,,16.7,,17.5,,16.0,
2017-10-06,279,13.9,,18.1,,10.8,,85,,98,,56,,11.3,,13.1,,8.9,,0.3,,5.9,,12.2,,9.2,,1020,,0.7,,0.2,,21,,64,,4.1,,16.4,,16.9,,15.8,
2017-10-07,280,18.2,,23.4,,13.0,,82,,100,,64,,15.0,,18.4,,10.8,,0.3,,9.6,,20.5,,49.8,,1020,,1.7,,1.2,,186,,46,,9.7,,16.9,,17.8,,16.1,
2017-10-08,281,20.3,,21.7,,18.8,,98,,100,,90,,20.1,,21.7,,18.1,,13.2,,2.6,,5.5,,6.1,,1014,,2.2,,1.8,,208,,32,,13.3,,17.9,,18.4,,17.4,
2017-10-09,282,20.6,,21.7,,19.3,,100,,100,,98,,20.5,,21.6,,19.3,,25.4,,2.4,,5.4,,3.6,,1014,,2.2,,1.7,,193,,38,,12.2,,18.5,,19.0,,18.1,
2017-10-10,283,18.2,,24.1,,13.5,,83,,100,,43,,14.9,,19.7,,9.5,,0.0,,14.0,,28.7,,59.8,,1018,,1.0,,0.6,,301,,52,,7.1,,19.0,,19.6,,18.5,
2017-10-11,284,14.5,,19.9,,9.8,,82,,100,,57,,11.3,,14.7,,5.1,,0.0,,7.5,,15.5,,24.8,,1023,,1.0,,0.8,,58,,38,,6.6,,18.1,,18.7,,17.5,
2017-10-12,285,9.0,,14.4,,3.1,,68,,98,,40,,3.0,,5.9,,0.3,,0.3,,15.1,,30.8,,54.9,,1030,,1.8,,1.6,,67,,29,,9.4,,16.9,,17.9,,16.0,
2017-10-13,286,10.0,,16.7,,2.8,,78,,100,,46,,5.9,,11.1,,2.6,,0.0,,14.9,,30.4,,57.3,,1031,,1.4,,1.0,,119,,45,,6.8,,15.3,,16.1,,14.5,
2017-10-14,287,15.0,,20.9,,11.3,,92,,100,,67,,13.6,,16.1,,10.8,,0.0,,8.9,,18.7,,37.6,,1025,,0.7,,0.2,,209,,67,,6.0,,16.0,,16.9,,15.4,
2017-10-15,288,17.1,,20.7,,14.2,,94,,100,,80,,16.1,,17.9,,14.2,,2.8,,5.3,,11.2,,29.8,,1014,,2.5,,2.2,,212,,31,,14.0,,16.6,,17.1,,16.1,
2017-10-16,289,8.9,,16.1,,1.0,,78,,100,,60,,5.2,,16.1,,-0.3,,0.0,,5.3,,10.8,,-1.5,,1015,,1.4,,0.9,,302,,47,,8.5,,16.4,,17.1,,15.2,
2017-10-17,290,5.5,,12.9,,-1.2,,67,,97,,31,,-0.9,,1.6,,-4.6,,0.0,,14.4,,29.1,,39.5,,1024,,1.0,,0.4,,232,,61,,5.3,,14.1,,15.3,,13.3,
2017-10-18,291,11.4,,20.0,,4.6,,69,,91,,37,,5.5,,10.0,,1.5,,0.0,,14.0,,28.5,,44.6,,1024,,1.0,,0.4,,231,,59,,5.4,,13.5,,14.4,,12.7,
2017-10-19,292,14.1,,20.5,,9.5,,68,,97,,30,,7.5,,9.9,,2.2,,0.0,,13.7,,27.6,,37.8,,1020,,1.8,,1.5,,206,,30,,9.7,,13.9,,14.7,,13.2,
2017-10-20,293,13.3,,19.2,,8.7,,57,,87,,27,,4.0,,8.7,,-0.9,,0.0,,13.6,,27.9,,45.4,,1020,,1.3,,0.7,,296,,52,,8.4,,14.0,,14.6,,13.4,
2017-10-21,294,14.3,,22.7,,7.8,,54,,73,,27,,4.6,,9.4,,1.2,,0.0,,12.7,,25.9,,43.2,,1026,,0.9,,0.1,,359,,73,,6.1,,13.8,,14.6,,13.0,
2017-10-22,295,15.5,,25.1,,9.4,,65,,96,,19,,7.7,,12.0,,-1.1,,0.0,,11.7,,23.5,,28.3,,1029,,1.1,,0.6,,97,,57,,4.5,,14.2,,15.0,,13.4,
2017-10-23,296,14.6,,19.7,,9.1,,87,,100,,66,,12.4,,17.1,,6.9,,0.0,,7.5,,15.9,,18.9,,1025,,1.9,,1.6,,152,,33,,7.3,,14.4,,15.0,,13.7,
2017-10-24,297,18.8,,22.1,,16.0,,95,,100,,71,,17.9,,19.4,,16.0,,62.0,,3.4,,7.4,,0.9,,1013,,3.8,,3.4,,168,,26,,14.7,,15.5,,16.7,,14.8,
2017-10-25,298,15.7,,18.7,,12.4,,99,,100,,92,,15.6,,18.5,,12.4,,65.0,,2.9,,6.1,,6.4,,1008,,1.1,,0.6,,184,,54,,7.4,,16.6,,16.9,,16.2,
2017-10-26,299,8.3,,12.6,,4.6,,98,,100,,88,,8.0,,12.6,,4.0,,59.7,,1.8,,4.0,,-7.1,,1005,,1.7,,1.3,,306,,39,,9.7,,15.1,,16.5,,14.1,
2017-10-27,300,8.4,,14.8,,3.2,,72,,96,,38,,3.2,,6.9,,-0.2,,0.0,,12.2,,25.0,,26.7,,1015,,1.3,,0.9,,248,,45,,7.3,,13.6,,14.2,,13.0,
2017-10-28,301,12.0,,17.6,,5.9,,80,,100,,51,,8.5,,13.1,,3.8,,0.0,,10.7,,21.9,,33.1,,1017,,1.9,,1.6,,189,,31,,10.5,,13.1,,13.8,,12.4,
2017-10-29,302,14.3,,16.4,,13.4,,99,,100,,95,,14.2,,16.4,,12.9,,57.9,,1.2,,2.8,,-6.8,,1007,,2.8,,2.2,,113,,38,,17.9,,13.9,,14.3,,13.6,
2017-10-30,303,10.5,,17.6,,6.0,,82,,100,,53,,7.4,,17.3,,-0.4,,11.2,,4.6,,9.5,,-11.1,,995,,3.2,,1.8,,215,,53,,18.4,,14.3,,14.5,,13.6,
2017-10-31,304,6.2,,11.5,,1.5,,66,,92,,38,,-0.0,,2.8,,-2.9,,0.0,,9.6,,19.2,,5.7,,1016,,1.7,,1.2,,245,,41,,9.4,,12.7,,13.6,,12.1,
2017-11-01,305,5.2,,9.6,,-0.2,,80,,97,,47,,1.7,,7.6,,-2.6,,0.0,,4.0,,8.2,,-5.4,,1026,,1.1,,0.7,,109,,48,,4.8,,11.3,,12.1,,10.8,
2017-11-02,306,14.6,,19.1,,8.5,,90,,100,,68,,13.0,,15.4,,7.4,,0.5,,5.0,,10.3,,11.9,,1025,,2.4,,2.0,,184,,35,,9.2,,12.2,,13.0,,11.4,
2017-11-03,307,14.1,,18.9,,4.1,,86,,100,,58,,11.7,,16.3,,0.5,,0.3,,5.3,,11.0,,0.9,,1018,,2.4,,1.6,,234,,46,,11.3,,13.4,,14.1,,12.9,
2017-11-04,308,5.9,,10.6,,0.7,,66,,90,,33,,-0.4,,2.3,,-5.5,,0.0,,9.3,,17.9,,13.9,,1026,,1.2,,0.6,,28,,57,,7.2,,12.3,,13.4,,11.7,
2017-11-05,309,8.9,,14.2,,4.1,,87,,100,,74,,6.8,,14.3,,1.6,,0.0,,3.2,,6.6,,7.9,,1024,,2.1,,1.6,,128,,39,,9.1,,11.7,,12.0,,11.3,
2017-11-06,310,12.8,,15.3,,5.6,,100,,100,,97,,12.8,,15.4,,5.3,,7.1,,1.5,,3.4,,-3.4,,1014,,2.2,,1.7,,220,,38,,10.6,,12.6,,13.2,,12.0,
2017-11-07,311,2.8,,6.3,,-0.3,,80,,100,,56,,-0.5,,5.5,,-2.9,,0.5,,6.5,,13.1,,6.9,,1022,,1.1,,0.8,,348,,43,,6.0,,12.0,,12.9,,11.3,
2017-11-08,312,1.5,,7.5,,-2.1,,77,,97,,45,,-2.4,,-0.0,,-4.6,,0.0,,8.9,,17.8,,12.5,,1024,,1.4,,1.1,,60,,35,,7.3,,10.8,,11.4,,10.3,
2017-11-09,313,3.0,,9.1,,-3.3,,72,,96,,38,,-2.1,,4.2,,-5.3,,0.0,,10.2,,20.1,,20.8,,1020,,1.5,,0.9,,164,,51,,7.5,,9.6,,10.3,,9.0,
2017-11-10,314,-2.0,,6.6,,-8.8,,52,,100,,20,,-11.6,,6.5,,-22.2,,1.0,,10.3,,19.9,,0.4,,1018,,3.0,,2.4,,279,,37,,14.3,,9.2,,9.7,,8.2,
2017-11-11,315,-5.3,,0.5,,-9.8,,49,,68,,25,,-14.7,,-10.8,,-17.5,,0.0,,10.7,,20.6,,3.5,,1031,,1.4,,0.9,,322,,49,,9.1,,7.0,,8.2,,6.4,
2017-11-12,316,-1.1,,5.5,,-6.1,,54,,71,,32,,-9.5,,-5.7,,-14.2,,0.0,,9.4,,18.6,,14.4,,1031,,1.2,,0.4,,128,,65,,6.8,,6.2,,6.5,,5.7,
2017-11-13,317,0.9,,3.4,,-1.1,,82,,100,,53,,-2.1,,0.9,,-8.3,,0.0,,2.5,,5.1,,1.5,,1026,,1.5,,1.2,,57,,32,,7.5,,6.4,,6.8,,6.1,
2017-11-14,318,0.2,,1.4,,-0.8,,93,,100,,80,,-0.8,,0.7,,-2.1,,1.0,,1.7,,3.8,,-3.9,,1025,,0.7,,0.5,,46,,38,,4.7,,6.9,,7.1,,6.7,
2017-11-15,319,1.2,,5.6,,-1.0,,75,,97,,48,,-3.0,,-1.2,,-5.0,,0.0,,7.4,,14.9,,12.0,,1023,,1.4,,1.1,,98,,37,,6.7,,7.0,,7.4,,6.6,
2017-11-16,320,3.8,,8.6,,0.2,,96,,100,,83,,3.2,,8.2,,-2.3,,12.4,,2.3,,4.7,,-8.2,,1010,,1.6,,0.8,,154,,58,,7.2,,7.1,,7.5,,6.7,
2017-11-17,321,0.4,,4.0,,-3.2,,66,,98,,32,,-5.6,,1.1,,-12.7,,0.0,,8.0,,15.4,,-3.1,,1012,,2.1,,1.7,,289,,34,,12.3,,6.9,,7.3,,6.4,
2017-11-18,322,0.9,,7.3,,-5.2,,72,,100,,42,,-4.0,,7.3,,-11.7,,4.3,,3.9,,7.7,,-1.8,,1008,,1.6,,1.0,,181,,49,,10.7,,5.7,,6.4,,5.2,
2017-11-19,323,5.9,,12.3,,-1.4,,82,,100,,56,,2.8,,12.3,,-5.6,,6.1,,4.7,,9.5,,5.6,,995,,3.5,,2.5,,243,,42,,16.0,,6.9,,7.5,,5.9,
2017-11-20,324,-0.0,,2.6,,-3.0,,63,,95,,43,,-6.3,,-1.9,,-10.7,,0.0,,7.5,,14.3,,4.5,,1011,,2.6,,2.3,,266,,26,,13.0,,6.4,,7.1,,6.1,
2017-11-21,325,5.4,,11.8,,-1.4,,61,,84,,36,,-2.1,,3.0,,-5.4,,0.0,,9.0,,17.4,,-5.2,,1017,,2.7,,2.3,,213,,30,,14.0,,6.0,,6.4,,5.5,
2017-11-22,326,4.7,,8.0,,-0.9,,88,,100,,69,,2.8,,8.0,,-5.6,,7.1,,0.7,,1.6,,-22.6,,1014,,1.8,,0.8,,265,,59,,9.5,,6.4,,6.7,,6.1,
2017-11-23,327,-1.4,,3.6,,-4.8,,62,,78,,35,,-8.1,,-5.4,,-10.9,,0.0,,8.7,,16.7,,3.2,,1016,,1.3,,1.1,,290,,36,,6.8,,5.9,,6.5,,5.5,
2017-11-24,328,1.9,,7.3,,-3.7,,64,,89,,41,,-4.6,,-2.1,,-6.7,,0.0,,8.6,,17.0,,1.4,,1014,,1.4,,1.2,,218,,34,,7.3,,5.2,,5.6,,4.7,
2017-11-25,329,6.1,,11.6,,1.8,,57,,71,,36,,-2.0,,0.6,,-3.4,,0.0,,8.3,,16.2,,8.5,,1007,,2.1,,1.8,,208,,30,,11.8,,5.4,,5.9,,4.9,
2017-11-26,330,2.5,,6.2,,-1.2,,63,,78,,41,,-4.0,,1.7,,-8.8,,0.0,,6.7,,12.7,,5.1,,1008,,2.4,,2.1,,272,,29,,14.9,,5.9,,6.2,,5.6,
2017-11-27,331,0.1,,5.9,,-6.2,,60,,78,,37,,-7.2,,-2.4,,-11.9,,0.0,,6.4,,12.3,,-3.0,,1015,,2.1,,1.7,,265,,36,,12.2,,5.5,,5.8,,5.2,
2017-11-28,332,-1.3,,5.7,,-8.7,,64,,98,,34,,-7.7,,5.3,,-12.9,,0.0,,8.1,,16.4,,8.1,,1026,,1.8,,1.3,,203,,42,,8.9,,4.3,,5.2,,3.9,
2017-11-29,333,6.1,,13.2,,-1.0,,69,,99,,31,,-0.0,,6.3,,-6.9,,0.0,,6.8,,12.9,,-9.0,,1019,,2.6,,2.0,,254,,40,,17.4,,5.0,,5.7,,4.2,
2017-11-30,334,1.0,,6.0,,-5.6,,72,,100,,56,,-3.6,,4.6,,-9.6,,2.0,,6.5,,12.4,,-2.3,,1022,,1.8,,1.2,,179,,46,,9.3,,4.6,,5.3,,4.1,
2017-12-01,335,3.9,,5.7,,1.0,,85,,100,,67,,1.6,,5.6,,-3.6,,2.0,,2.5,,4.9,,-9.1,,1020,,1.0,,0.6,,280,,49,,5.8,,5.2,,5.7,,4.7,
2017-12-02,336,-0.2,,3.3,,-2.7,,82,,97,,57,,-3.2,,-1.8,,-5.7,,0.0,,5.4,,10.2,,-6.8,,1024,,0.8,,0.5,,52,,49,,3.4,,5.0,,5.5,,4.6,
2017-12-03,337,0.6,,3.4,,-2.4,,83,,97,,67,,-2.0,,-0.6,,-3.6,,0.0,,3.0,,5.9,,2.0,,1023,,0.7,,0.4,,77,,51,,3.4,,4.7,,5.0,,4.4,
2017-12-04,338,2.2,,8.2,,-2.0,,76,,96,,48,,-1.9,,-0.7,,-3.2,,0.0,,7.8,,14.9,,0.1,,1029,,1.3,,0.7,,96,,55,,5.7,,5.0,,5.3,,4.7,
2017-12-05,339,6.1,,13.3,,-0.3,,96,,100,,89,,5.6,,13.3,,-0.9,,13.2,,0.6,,1.3,,-4.8,,1020,,3.4,,2.7,,157,,37,,12.5,,5.1,,6.0,,4.7,
2017-12-06,340,3.3,,12.1,,-2.8,,72,,100,,38,,-1.6,,12.1,,-9.4,,5.6,,5.1,,9.7,,-16.4,,1012,,2.0,,1.7,,257,,32,,12.3,,6.5,,6.8,,5.7,
2017-12-07,341,0.0,,4.1,,-2.8,,64,,80,,49,,-6.1,,-3.1,,-8.6,,0.0,,5.1,,9.5,,-8.6,,1012,,1.3,,1.1,,259,,33,,6.9,,4.9,,5.8,,4.5,
2017-12-08,342,-1.8,,1.4,,-4.7,,62,,84,,42,,-8.4,,-5.8,,-11.0,,0.0,,5.0,,9.6,,-5.0,,1015,,1.3,,1.0,,241,,37,,6.1,,4.1,,4.8,,3.7,
2017-12-09,343,-2.4,,-0.3,,-3.6,,79,,100,,50,,-6.0,,-2.7,,-9.9,,9.9,,1.0,,1.9,,-2.9,,1010,,0.7,,0.4,,14,,53,,4.9,,3.7,,3.9,,3.6,
2017-12-10,344,-3.1,,0.1,,-6.0,,88,,100,,66,,-5.0,,-2.7,,-7.3,,0.5,,2.1,,2.1,,-37.0,,1008,,1.4,,1.2,,261,,29,,7.6,,4.0,,4.2,,3.8,
2017-12-11,345,-2.4,,1.1,,-4.2,,72,,87,,52,,-6.8,,-5.4,,-9.0,,0.0,,3.2,,2.5,,-20.9,,1014,,1.3,,0.6,,237,,59,,7.2,,4.2,,4.3,,4.1,
2017-12-12,346,-1.3,,1.1,,-4.7,,94,,100,,68,,-2.2,,1.1,,-7.8,,10.4,,1.1,,2.4,,-2.2,,1001,,2.3,,1.2,,100,,56,,8.9,,4.2,,4.3,,4.1,
2017-12-13,347,-9.3,,-4.5,,-11.3,,82,,100,,65,,-11.8,,-4.5,,-14.1,,0.0,,1.3,,3.3,,-25.7,,994,,2.6,,2.4,,266,,25,,13.3,,4.2,,4.2,,4.1,
2017-12-14,348,-9.3,,-4.3,,-13.1,,68,,91,,38,,-14.3,,-11.0,,-17.4,,0.0,,5.3,,11.8,,-56.6,,1005,,1.9,,1.7,,269,,26,,10.5,,4.1,,4.2,,3.9,
2017-12-15,349,-9.7,,-6.5,,-14.0,,80,,98,,65,,-12.6,,-8.2,,-16.1,,0.0,,3.4,,6.8,,-16.9,,1013,,0.8,,0.5,,235,,51,,3.7,,3.6,,4.0,,3.3,
2017-12-16,350,-7.3,,-2.3,,-11.0,,82,,98,,55,,-10.1,,-8.1,,-13.8,,0.0,,4.4,,9.1,,-31.8,,1012,,1.3,,1.1,,255,,31,,7.4,,3.3,,3.4,,3.2,
2017-12-17,351,-8.7,,-3.5,,-13.5,,65,,85,,37,,-14.5,,-10.9,,-16.9,,0.0,,7.0,,13.9,,-26.3,,1022,,0.8,,0.4,,306,,51,,5.9,,3.0,,3.2,,2.9,
2017-12-18,352,-3.8,,0.0,,-9.4,,73,,97,,51,,-8.1,,-0.5,,-15.8,,0.0,,1.4,,3.1,,-0.6,,1016,,1.1,,0.7,,185,,46,,4.6,,2.9,,3.0,,2.8,
2017-12-19,353,3.3,,7.6,,-0.9,,83,,100,,64,,0.5,,2.3,,-1.8,,0.0,,3.2,,6.2,,-10.4,,1006,,2.0,,1.7,,240,,31,,12.2,,3.1,,3.3,,2.9,
2017-12-20,354,0.3,,3.6,,-3.5,,54,,70,,36,,-8.0,,-1.4,,-11.4,,0.3,,7.1,,13.4,,-25.8,,1009,,2.7,,2.4,,276,,27,,15.4,,3.3,,3.4,,3.2,
2017-12-21,355,-4.4,,-0.5,,-7.0,,54,,69,,34,,-12.5,,-9.3,,-15.1,,0.0,,7.5,,14.7,,-22.4,,1020,,1.3,,0.9,,302,,42,,7.5,,2.9,,3.3,,2.6,
2017-12-22,356,-6.4,,-4.9,,-7.8,,84,,100,,54,,-8.8,,-4.9,,-13.7,,3.8,,0.8,,1.8,,-7.3,,1024,,1.1,,0.7,,72,,46,,5.2,,2.5,,2.7,,2.3,
2017-12-23,357,-1.6,,1.1,,-5.5,,100,,100,,100,,-1.6,,1.1,,-5.5,,14.0,,0.6,,1.4,,-10.9,,1012,,1.2,,0.3,,69,,67,,6.8,,2.4,,2.5,,2.3,
2017-12-24,358,-1.9,,0.1,,-3.9,,85,,100,,62,,-4.2,,0.2,,-6.7,,0.0,,4.4,,8.2,,-17.2,,1018,,1.5,,0.6,,10,,62,,8.4,,2.5,,2.6,,2.4,
2017-12-25,359,-5.8,,-2.0,,-10.1,,97,,100,,82,,-6.2,,-2.0,,-11.4,,11.4,,2.8,,5.3,,-26.3,,1008,,2.4,,0.8,,284,,65,,11.7,,2.5,,2.6,,2.5,
2017-12-26,360,-10.4,,-6.5,,-14.7,,65,,92,,34,,-16.1,,-11.1,,-20.1,,0.0,,7.7,,14.6,,-42.3,,1022,,2.1,,2.0,,266,,22,,11.5,,2.6,,2.6,,2.5,
2017-12-27,361,-14.0,,-8.5,,-17.6,,62,,79,,42,,-19.9,,-17.6,,-22.5,,0.0,,7.6,,14.7,,-36.9,,1026,,1.7,,1.5,,273,,27,,9.1,,2.5,,2.6,,2.4,
2017-12-28,362,-17.7,,-14.7,,-20.9,,55,,68,,39,,-24.8,,-22.1,,-27.4,,0.0,,8.0,,15.7,,-40.0,,1025,,2.4,,2.2,,278,,27,,12.2,,2.3,,2.5,,2.2,
2017-12-29,363,-18.6,,-14.6,,-22.7,,68,,81,,52,,-23.1,,-20.2,,-25.4,,0.0,,5.2,,10.2,,-19.1,,1020,,1.4,,1.2,,287,,31,,7.1,,2.1,,2.3,,2.0,
2017-12-30,364,-15.6,,-10.8,,-20.4,,82,,93,,62,,-17.9,,-12.6,,-22.9,,0.0,,3.2,,6.5,,-23.8,,1013,,0.6,,0.3,,241,,50,,4.4,,1.9,,2.0,,1.8,
2017-12-31,365,-17.4,,-14.3,,-20.7,,71,,90,,47,,-21.6,,-17.1,,-24.3,,0.0,,4.4,,9.1,,-37.2,,1017,,1.4,,1.1,,286,,35,,8.0,,1.7,,1.8,,1.6,
2018-01-01,1,-18.9,,-12.8,,-22.9,,61,,75,,37,,-24.9,,-22.7,,-26.8,,0.0,,8.1,,15.7,,-38.7,,1021,,1.5,,1.2,,295,,34,,8.2,,1.6,,1.7,,1.5,
2018-01-02,2,-14.8,,-9.9,,-21.4,,67,,82,,39,,-19.8,,-15.0,,-24.3,,0.0,,7.3,,14.2,,-33.5,,1022,,1.5,,1.3,,260,,29,,9.3,,1.5,,1.5,,1.4,
2018-01-03,3,-10.4,,-4.7,,-14.9,,61,,84,,33,,-17.0,,-15.4,,-19.6,,0.0,,7.3,,14.3,,-31.6,,1020,,1.0,,0.5,,210,,54,,6.3,,1.4,,1.4,,1.3,
2018-01-04,4,-8.9,,-6.8,,-11.8,,89,,99,,48,,-10.5,,-6.9,,-17.6,,9.9,,0.7,,1.8,,-3.7,,997,,2.8,,1.8,,335,,48,,16.0,,1.3,,1.4,,1.2,
2018-01-05,5,-15.3,,-9.6,,-19.1,,66,,93,,49,,-20.4,,-10.7,,-24.8,,0.5,,7.9,,15.3,,-30.0,,999,,4.2,,3.8,,271,,24,,16.9,,1.3,,1.3,,1.2,
2018-01-06,6,-18.0,,-14.7,,-22.0,,50,,65,,39,,-26.0,,-23.8,,-30.0,,0.0,,8.1,,16.0,,-39.6,,1014,,3.6,,3.3,,275,,26,,15.2,,1.3,,1.4,,1.2,
2018-01-07,7,-17.8,,-11.0,,-25.8,,47,,65,,28,,-26.7,,-19.1,,-30.9,,0.5,,8.4,,16.8,,-21.0,,1026,,1.7,,1.2,,244,,44,,8.9,,1.4,,1.4,,1.3,
2018-01-08,8,-6.9,,-2.5,,-12.0,,65,,97,,41,,-12.9,,-5.1,,-19.5,,0.3,,4.2,,8.7,,3.2,,1017,,2.5,,2.2,,219,,27,,10.2,,1.4,,1.5,,1.4,
2018-01-09,9,-2.0,,3.5,,-5.7,,72,,100,,41,,-6.8,,-3.5,,-10.6,,0.0,,6.3,,12.3,,-18.1,,1017,,2.1,,1.9,,272,,27,,11.5,,1.6,,1.7,,1.5,
2018-01-10,10,-3.3,,2.3,,-10.5,,64,,93,,37,,-9.6,,-3.5,,-12.1,,0.0,,8.6,,17.0,,-28.0,,1027,,1.5,,1.0,,217,,43,,8.3,,1.8,,1.9,,1.6,
2018-01-11,11,5.0,,8.9,,-1.3,,98,,100,,84,,4.7,,8.5,,-3.6,,0.0,,2.2,,4.7,,9.5,,1025,,2.6,,2.3,,211,,25,,11.1,,2.0,,2.1,,1.8,
2018-01-12,12,12.5,,15.2,,6.6,,100,,100,,100,,12.6,,15.3,,6.6,,52.8,,0.9,,2.0,,19.6,,1013,,3.6,,3.3,,193,,24,,14.0,,2.2,,3.5,,1.6,
2018-01-13,13,-0.0,,15.2,,-11.8,,87,,100,,65,,-2.0,,15.2,,-15.5,,30.2,,5.7,,10.6,,-12.2,,1009,,2.9,,1.3,,274,,59,,13.5,,5.1,,5.8,,3.4,
2018-01-14,14,-12.5,,-8.0,,-15.3,,59,,76,,32,,-19.2,,-15.4,,-22.6,,0.0,,8.7,,17.1,,-19.7,,1032,,1.8,,1.5,,332,,35,,8.3,,2.9,,4.2,,2.0,
2018-01-15,15,-11.3,,-7.4,,-15.6,,60,,80,,35,,-17.7,,-12.5,,-21.0,,0.0,,5.5,,11.1,,-1.8,,1035,,1.6,,1.2,,49,,37,,7.1,,1.6,,2.1,,1.3,
2018-01-16,16,-5.4,,-2.1,,-8.9,,86,,100,,65,,-7.5,,-2.1,,-14.2,,1.5,,4.5,,9.4,,14.0,,1029,,1.2,,0.7,,185,,52,,7.1,,1.2,,1.4,,1.0,
2018-01-17,17,-2.6,,-0.5,,-8.5,,100,,100,,100,,-2.6,,-0.5,,-8.5,,6.9,,0.5,,1.2,,-8.3,,1021,,1.1,,0.2,,33,,72,,5.2,,1.0,,1.1,,1.0,
2018-01-18,18,-8.7,,-3.1,,-12.8,,86,,100,,64,,-10.7,,-8.0,,-13.4,,0.0,,2.7,,3.6,,-31.1,,1014,,1.1,,0.8,,298,,36,,9.4,,1.0,,1.0,,0.9,
2018-01-19,19,-5.3,,-0.2,,-10.9,,81,,100,,54,,-8.3,,-6.0,,-11.2,,0.0,,2.3,,2.8,,-54.3,,1012,,1.1,,0.9,,257,,38,,8.4,,1.0,,1.0,,0.9,
2018-01-20,20,0.9,,7.5,,-4.1,,65,,83,,44,,-5.0,,-2.6,,-8.6,,0.0,,6.1,,12.0,,-30.6,,1009,,2.1,,1.8,,253,,30,,9.8,,1.0,,1.0,,0.9,
2018-01-21,21,1.9,,7.7,,-1.2,,76,,96,,49,,-2.2,,-0.7,,-3.2,,0.0,,8.5,,16.8,,-8.4,,1020,,1.0,,0.5,,290,,57,,5.7,,1.0,,1.0,,0.9,
2018-01-22,22,0.1,,2.0,,-1.7,,99,,100,,84,,-0.0,,2.0,,-1.7,,3.0,,1.0,,2.2,,5.2,,1022,,1.8,,1.6,,84,,24,,10.2,,1.0,,1.0,,0.9,
2018-01-23,23,1.3,,6.1,,-1.6,,100,,100,,100,,1.3,,6.1,,-1.6,,23.6,,1.0,,2.2,,-3.5,,1006,,1.8,,0.8,,95,,60,,8.7,,0.9,,1.0,,0.8,
2018-01-24,24,-2.5,,1.8,,-8.2,,72,,100,,52,,-7.0,,1.1,,-14.4,,0.0,,7.0,,13.1,,-1.5,,1010,,2.7,,2.4,,277,,27,,14.6,,0.9,,1.0,,0.9,
2018-01-25,25,-8.0,,-3.6,,-11.2,,49,,70,,23,,-17.4,,-13.9,,-22.1,,0.0,,9.3,,18.0,,-5.6,,1024,,2.0,,1.7,,296,,31,,12.2,,0.9,,1.0,,0.8,
2018-01-26,26,-6.9,,-0.4,,-13.2,,49,,76,,26,,-16.5,,-12.0,,-19.3,,0.0,,10.4,,20.1,,-3.8,,1034,,1.3,,0.5,,238,,60,,6.9,,0.7,,0.8,,0.6,
2018-01-27,27,2.2,,7.6,,-4.8,,71,,100,,45,,-3.0,,3.9,,-13.5,,0.0,,8.7,,17.0,,14.4,,1027,,3.1,,2.9,,211,,25,,11.0,,0.6,,0.7,,0.6,
2018-01-28,28,4.2,,7.4,,-0.7,,79,,100,,43,,0.5,,6.4,,-5.2,,0.8,,5.0,,9.0,,3.3,,1023,,1.2,,0.8,,258,,46,,6.9,,0.6,,0.7,,0.6,
2018-01-29,29,-0.6,,3.4,,-4.2,,68,,84,,46,,-5.7,,-3.1,,-14.0,,0.0,,7.8,,14.8,,19.0,,1022,,1.9,,1.7,,70,,31,,7.7,,0.6,,0.7,,0.6,
2018-01-30,30,-4.7,,-1.0,,-9.9,,47,,62,,36,,-14.3,,-9.2,,-18.7,,0.0,,3.6,,6.7,,-2.7,,1014,,1.9,,1.3,,334,,45,,11.0,,0.7,,0.7,,0.6,
2018-01-31,31,-7.2,,-2.4,,-12.3,,53,,77,,27,,-15.8,,-9.2,,-19.6,,0.0,,9.5,,18.7,,7.9,,1018,,2.1,,1.5,,243,,43,,10.6,,0.7,,0.7,,0.6,
2018-02-01,32,-1.3,,2.7,,-5.5,,81,,100,,60,,-4.4,,0.2,,-9.6,,3.3,,3.9,,7.6,,9.2,,1012,,2.3,,2.0,,213,,27,,9.1,,0.6,,0.7,,0.6,
2018-02-02,33,-7.7,,-0.1,,-17.8,,73,,100,,44,,-12.0,,-0.1,,-22.6,,8.4,,5.9,,7.9,,-61.9,,1012,,2.7,,2.2,,279,,32,,14.0,,0.6,,0.7,,0.6,
2018-02-03,34,-11.5,,-4.6,,-19.9,,61,,77,,43,,-17.8,,-12.7,,-23.4,,0.0,,10.8,,22.6,,-30.1,,1023,,1.9,,1.5,,220,,33,,9.1,,0.7,,0.7,,0.6,
2018-02-04,35,-0.1,,5.0,,-7.0,,75,,100,,43,,-4.4,,5.0,,-12.9,,17.0,,4.9,,9.7,,2.2,,1017,,2.8,,2.3,,193,,34,,11.8,,0.7,,0.7,,0.6,
2018-02-05,36,-3.0,,3.5,,-11.1,,75,,100,,42,,-7.3,,3.5,,-16.5,,1.5,,8.5,,16.3,,-6.9,,1011,,2.1,,1.7,,282,,35,,12.1,,0.6,,0.7,,0.5,
2018-02-06,37,-7.2,,-1.5,,-11.8,,75,,95,,59,,-10.9,,-7.0,,-15.9,,0.5,,6.1,,12.2,,-11.6,,1026,,1.1,,0.7,,232,,49,,6.8,,0.6,,0.7,,0.6,
2018-02-07,38,-5.5,,0.1,,-10.6,,91,,100,,69,,-6.7,,0.1,,-12.1,,19.1,,1.6,,3.6,,-4.7,,1021,,1.6,,0.8,,86,,58,,7.9,,0.6,,0.7,,0.6,
2018-02-08,39,-7.7,,-4.1,,-11.7,,91,,100,,61,,-9.0,,-4.5,,-12.4,,0.0,,9.4,,17.7,,-43.4,,1022,,1.1,,0.9,,288,,33,,6.1,,0.6,,0.7,,0.6,
2018-02-09,40,-7.9,,-3.4,,-13.7,,86,,99,,60,,-10.0,,-4.9,,-15.2,,0.0,,6.4,,13.0,,-26.8,,1029,,1.5,,1.1,,215,,40,,8.9,,0.6,,0.7,,0.6,
2018-02-10,41,2.6,,7.2,,-3.6,,100,,100,,89,,2.5,,7.2,,-5.1,,10.2,,2.5,,5.4,,6.0,,1021,,2.0,,1.8,,210,,26,,8.7,,0.6,,0.7,,0.6,
2018-02-11,42,3.2,,7.2,,0.6,,100,,100,,100,,3.2,,7.2,,0.6,,23.1,,1.7,,3.9,,19.1,,1014,,1.6,,1.0,,92,,48,,9.0,,0.5,,0.6,,0.4,
2018-02-12,43,0.9,,8.8,,-5.3,,76,,100,,37,,-3.3,,8.8,,-11.2,,0.3,,7.3,,13.9,,13.2,,1023,,2.1,,1.8,,275,,31,,10.0,,0.4,,0.5,,0.4,
2018-02-13,44,-4.9,,0.1,,-9.7,,60,,85,,34,,-11.9,,-8.4,,-14.4,,0.0,,12.1,,23.1,,18.3,,1037,,1.2,,0.6,,227,,55,,7.5,,0.5,,0.5,,0.4,
2018-02-14,45,0.4,,6.7,,-5.3,,81,,99,,58,,-2.6,,0.7,,-8.5,,0.0,,9.1,,17.7,,32.3,,1022,,2.0,,1.7,,231,,30,,8.8,,0.5,,0.5,,0.5,
2018-02-15,46,4.8,,8.4,,0.5,,99,,100,,86,,4.6,,8.4,,-0.2,,0.0,,3.3,,6.6,,16.2,,1010,,1.3,,1.1,,208,,34,,6.2,,0.5,,0.6,,0.5,
2018-02-16,47,5.0,,8.6,,-2.8,,86,,100,,45,,2.6,,8.6,,-12.9,,1.3,,1.7,,3.3,,-9.6,,1005,,1.5,,1.2,,278,,36,,9.0,,0.6,,0.8,,0.5,
2018-02-17,48,-2.7,,2.5,,-7.4,,57,,100,,26,,-11.0,,-2.5,,-16.6,,4.6,,11.2,,21.1,,26.5,,1023,,1.7,,0.8,,187,,55,,9.6,,0.7,,0.8,,0.7,
2018-02-18,49,-1.2,,4.9,,-5.2,,81,,100,,42,,-4.6,,-0.7,,-7.9,,6.9,,13.6,,25.4,,-20.4,,1022,,1.5,,0.9,,293,,51,,12.3,,0.7,,0.8,,0.7,
2018-02-19,50,1.4,,6.6,,-5.9,,80,,100,,50,,-2.0,,6.0,,-7.8,,4.6,,9.2,,18.0,,0.5,,1029,,2.6,,2.1,,204,,37,,11.9,,0.8,,0.8,,0.7,
2018-02-20,51,10.3,,16.9,,5.7,,91,,100,,66,,8.8,,14.2,,5.7,,0.5,,6.7,,13.6,,28.1,,1024,,2.1,,1.9,,214,,26,,9.0,,1.3,,2.7,,0.7,
2018-02-21,52,14.3,,21.7,,7.3,,84,,100,,57,,11.2,,15.2,,-0.3,,0.0,,9.4,,19.0,,43.9,,1024,,2.5,,1.8,,233,,43,,12.3,,3.9,,5.5,,2.6,
2018-02-22,53,0.8,,7.4,,-4.8,,68,,100,,35,,-5.3,,0.1,,-10.1,,3.6,,2.5,,5.3,,5.2,,1036,,1.1,,0.8,,347,,39,,7.4,,4.8,,5.5,,4.1,
2018-02-23,54,-1.6,,0.9,,-5.0,,97,,100,,76,,-2.1,,0.4,,-5.3,,4.8,,3.7,,7.7,,-8.2,,1031,,1.7,,0.9,,152,,54,,7.0,,3.6,,4.1,,3.2,
2018-02-24,55,3.7,,9.1,,0.2,,82,,100,,53,,0.7,,5.5,,-4.1,,0.0,,8.2,,15.7,,23.0,,1020,,1.7,,1.1,,278,,48,,10.3,,3.6,,4.2,,3.1,
2018-02-25,56,0.5,,1.5,,-1.3,,95,,100,,68,,-0.3,,1.5,,-4.2,,15.2,,1.6,,3.6,,-0.4,,1019,,2.0,,1.6,,87,,32,,10.7,,3.2,,3.9,,2.8,
2018-02-26,57,2.5,,9.3,,-2.1,,75,,100,,31,,-2.4,,3.3,,-9.0,,0.0,,10.6,,20.5,,9.0,,1018,,1.4,,1.2,,269,,33,,8.5,,3.2,,3.9,,2.7,
2018-02-27,58,2.9,,10.4,,-3.7,,54,,91,,22,,-6.6,,-3.8,,-10.8,,0.0,,15.7,,30.4,,43.9,,1024,,1.3,,0.7,,256,,51,,8.3,,3.1,,3.6,,2.4,
2018-02-28,59,6.8,,13.4,,1.1,,49,,66,,23,,-3.6,,0.0,,-7.9,,0.0,,11.9,,23.1,,34.2,,1014,,1.8,,1.5,,213,,29,,7.4,,3.4,,4.3,,2.6,
2018-03-01,60,7.5,,12.9,,2.4,,61,,85,,35,,-0.1,,3.6,,-4.3,,0.0,,11.8,,22.8,,39.6,,1010,,1.6,,0.7,,51,,60,,10.8,,4.3,,5.2,,3.5,
2018-03-02,61,1.3,,3.7,,-0.3,,97,,100,,63,,0.8,,3.1,,-3.9,,34.0,,1.4,,2.8,,-20.6,,1000,,3.2,,2.5,,33,,37,,15.5,,4.1,,5.0,,3.5,
2018-03-03,62,1.6,,4.0,,-0.5,,72,,94,,61,,-3.0,,-0.5,,-5.0,,0.0,,6.1,,11.5,,22.4,,1014,,2.0,,1.6,,350,,38,,11.0,,3.4,,3.6,,3.2,
2018-03-04,63,0.9,,3.9,,-1.6,,70,,100,,46,,-4.2,,-1.3,,-7.2,,0.3,,4.9,,9.1,,19.3,,1017,,1.6,,1.3,,339,,35,,8.6,,3.2,,3.4,,3.0,
2018-03-05,64,0.5,,5.3,,-2.3,,77,,100,,44,,-3.4,,-1.1,,-6.5,,1.0,,8.2,,15.1,,22.8,,1016,,1.5,,1.1,,18,,39,,8.9,,3.2,,3.6,,2.9,
2018-03-06,65,-0.3,,6.2,,-4.5,,65,,88,,37,,-6.4,,-4.2,,-7.9,,0.0,,16.4,,31.9,,47.4,,1016,,1.5,,1.1,,84,,42,,7.0,,3.0,,3.5,,2.5,
2018-03-07,66,-2.2,,-1.0,,-3.0,,95,,100,,74,,-2.9,,-1.2,,-6.6,,14.0,,2.3,,4.3,,-2.5,,1009,,2.2,,1.7,,53,,40,,11.4,,2.6,,3.2,,2.4,
2018-03-08,67,-1.8,,0.3,,-4.6,,100,,100,,100,,-1.8,,0.3,,-4.6,,14.0,,4.1,,7.2,,-21.5,,1001,,1.8,,1.3,,299,,42,,8.1,,2.4,,2.5,,2.4,
2018-03-09,68,-3.6,,-0.9,,-6.2,,99,,100,,89,,-3.7,,-0.9,,-6.3,,0.0,,7.0,,13.2,,-11.5,,1004,,1.5,,1.4,,254,,25,,7.2,,2.4,,2.5,,2.3,
2018-03-10,69,-1.8,,2.1,,-4.8,,77,,100,,50,,-5.6,,-3.5,,-8.1,,0.0,,10.0,,19.5,,-8.5,,1008,,2.3,,2.0,,271,,26,,11.3,,2.3,,2.4,,2.3,
2018-03-11,70,-0.6,,4.3,,-5.5,,67,,88,,44,,-6.4,,-3.4,,-7.9,,0.0,,15.2,,29.7,,10.1,,1015,,1.3,,1.1,,285,,34,,8.0,,2.3,,2.3,,2.2,
2018-03-12,71,-0.4,,3.9,,-4.7,,74,,99,,47,,-4.8,,-0.5,,-7.2,,0.0,,10.7,,21.0,,-3.6,,1014,,2.1,,1.8,,78,,32,,11.6,,2.2,,2.3,,2.1,
2018-03-13,72,-2.5,,-0.2,,-3.6,,99,,100,,84,,-2.6,,-0.9,,-3.6,,21.8,,2.7,,5.5,,-2.0,,1002,,2.2,,1.3,,346,,50,,11.1,,2.2,,2.2,,2.1,
2018-03-14,73,-2.7,,-0.9,,-5.3,,100,,100,,100,,-2.7,,-0.9,,-5.3,,3.8,,4.3,,8.6,,-17.7,,995,,2.2,,2.0,,251,,23,,10.0,,2.1,,2.2,,2.1,
2018-03-15,74,-1.5,,3.0,,-4.2,,80,,100,,50,,-4.8,,-1.1,,-8.3,,0.3,,12.3,,24.0,,-11.1,,996,,2.6,,2.4,,269,,26,,11.6,,2.1,,2.1,,2.0,
2018-03-16,75,-3.4,,1.0,,-6.5,,60,,80,,35,,-10.5,,-7.1,,-14.0,,0.0,,12.5,,24.5,,-14.0,,1002,,3.0,,2.7,,282,,28,,14.6,,2.0,,2.1,,2.0,
2018-03-17,76,-4.6,,3.1,,-11.9,,46,,68,,31,,-14.8,,-9.7,,-22.9,,0.0,,15.6,,30.6,,-13.9,,1005,,2.8,,2.2,,286,,37,,14.5,,2.0,,2.1,,2.0,
2018-03-18,77,-7.8,,-0.9,,-14.8,,35,,57,,17,,-21.5,,-14.7,,-25.9,,0.0,,19.9,,39.1,,0.1,,1009,,1.9,,1.5,,306,,36,,11.9,,2.0,,2.0,,1.9,
2018-03-19,78,-5.1,,1.9,,-11.4,,34,,55,,22,,-19.0,,-13.2,,-23.1,,0.0,,20.2,,39.4,,-1.1,,1013,,1.8,,1.4,,311,,37,,10.9,,1.9,,2.0,,1.8,
2018-03-20,79,-2.2,,5.6,,-9.6,,41,,63,,22,,-14.4,,-8.2,,-16.7,,0.0,,17.0,,32.5,,-1.1,,1012,,1.2,,0.7,,338,,47,,7.2,,1.8,,1.9,,1.7,
2018-03-21,80,-0.4,,3.1,,-3.6,,49,,74,,39,,-9.7,,-4.0,,-13.1,,0.0,,6.8,,13.0,,0.8,,1008,,2.3,,2.0,,44,,30,,11.2,,1.8,,1.8,,1.7,
2018-03-22,81,2.3,,8.5,,-1.2,,58,,99,,24,,-6.3,,-1.1,,-11.7,,0.3,,12.6,,24.8,,7.5,,1006,,2.1,,1.6,,338,,39,,11.1,,1.8,,1.9,,1.8,
2018-03-23,82,1.4,,6.2,,-2.4,,49,,68,,32,,-8.3,,-6.2,,-10.2,,0.0,,13.9,,27.0,,6.8,,1013,,1.4,,1.1,,317,,34,,9.5,,1.8,,1.9,,1.8,
2018-03-24,83,1.7,,6.6,,-2.3,,50,,72,,28,,-8.1,,-4.3,,-10.8,,0.0,,17.6,,33.8,,28.5,,1016,,1.4,,0.9,,330,,45,,7.7,,1.8,,1.9,,1.7,
2018-03-25,84,-0.4,,3.8,,-3.9,,66,,100,,32,,-6.7,,-1.8,,-11.8,,0.3,,16.8,,32.1,,19.9,,1028,,2.0,,1.6,,53,,35,,9.5,,1.8,,1.8,,1.7,
2018-03-26,85,0.5,,6.9,,-4.7,,48,,82,,21,,-10.5,,-6.2,,-14.4,,0.0,,21.6,,41.7,,23.3,,1038,,1.6,,1.3,,68,,36,,7.2,,1.7,,1.8,,1.5,
2018-03-27,86,1.9,,8.6,,-5.5,,40,,72,,17,,-11.8,,-4.4,,-16.9,,0.0,,17.1,,32.5,,38.6,,1030,,1.4,,1.0,,96,,42,,7.0,,1.5,,1.6,,1.4,
2018-03-28,87,5.3,,12.8,,-0.3,,68,,100,,40,,-0.5,,4.3,,-9.6,,0.3,,15.1,,29.8,,65.7,,1016,,1.0,,0.5,,242,,56,,5.0,,1.6,,1.9,,1.4,
2018-03-29,88,6.3,,10.4,,0.7,,87,,100,,55,,4.0,,7.9,,0.7,,2.8,,6.4,,12.8,,28.8,,1016,,1.3,,0.9,,133,,47,,6.2,,2.3,,3.3,,1.6,
2018-03-30,89,7.7,,10.5,,2.5,,96,,100,,61,,7.1,,10.5,,-4.3,,5.1,,2.6,,5.3,,-1.1,,1008,,1.6,,0.8,,251,,56,,9.0,,4.0,,4.7,,3.3,
2018-03-31,90,5.4,,12.6,,-0.5,,38,,68,,16,,-8.8,,-3.6,,-14.0,,0.0,,22.4,,43.1,,95.6,,1019,,2.5,,1.6,,253,,50,,11.7,,4.6,,5.6,,3.6,
2018-04-01,91,4.0,,9.4,,-2.3,,47,,67,,21,,-6.7,,0.6,,-13.3,,0.0,,14.0,,26.8,,49.9,,1014,,3.2,,2.4,,244,,41,,12.4,,4.9,,5.5,,4.4,
2018-04-02,92,-0.4,,5.0,,-3.7,,70,,100,,40,,-5.6,,-1.9,,-13.2,,3.6,,11.4,,19.9,,16.8,,1018,,0.9,,0.5,,272,,52,,5.0,,4.0,,4.8,,3.6,
2018-04-03,93,0.8,,5.6,,-3.3,,88,,100,,49,,-1.3,,1.5,,-5.3,,8.1,,7.1,,13.9,,23.6,,1018,,1.6,,1.1,,133,,48,,8.4,,3.6,,3.9,,3.1,
2018-04-04,94,3.8,,8.3,,-0.9,,90,,100,,45,,2.0,,8.3,,-8.6,,10.9,,3.0,,5.7,,-1.0,,1001,,2.5,,1.2,,240,,59,,18.4,,3.9,,4.4,,3.5,
2018-04-05,95,-2.0,,2.6,,-5.4,,42,,61,,26,,-13.7,,-7.4,,-17.4,,0.0,,23.1,,43.5,,92.4,,1012,,3.7,,3.3,,273,,27,,16.0,,3.7,,4.3,,3.1,
2018-04-06,96,-1.6,,2.0,,-6.5,,82,,100,,45,,-4.5,,2.0,,-13.1,,10.4,,7.5,,14.1,,8.1,,1013,,1.6,,1.2,,196,,40,,8.2,,2.8,,3.7,,2.5,
2018-04-07,97,-0.1,,4.5,,-4.2,,73,,100,,36,,-5.1,,0.8,,-10.9,,4.8,,19.9,,37.3,,52.1,,1009,,1.6,,1.4,,281,,25,,9.9,,2.8,,3.4,,2.5,
2018-04-08,98,-1.5,,4.5,,-5.3,,55,,74,,27,,-9.9,,-5.2,,-14.2,,0.0,,15.6,,29.5,,58.6,,1011,,1.6,,1.2,,302,,40,,9.0,,2.9,,3.4,,2.3,
2018-04-09,99,-1.1,,5.1,,-6.0,,46,,71,,23,,-12.1,,-7.2,,-15.9,,0.0,,22.7,,43.5,,99.8,,1019,,1.9,,1.2,,294,,49,,11.3,,3.0,,3.9,,2.2,
2018-04-10,100,-0.2,,3.5,,-2.6,,79,,100,,40,,-3.9,,0.8,,-12.6,,0.3,,8.0,,14.6,,7.1,,1021,,1.1,,0.6,,82,,53,,4.3,,3.3,,3.8,,2.7,
2018-04-11,101,2.0,,8.3,,-4.4,,62,,100,,25,,-6.0,,-0.3,,-11.0,,0.0,,21.0,,40.3,,94.6,,1019,,1.2,,0.6,,239,,54,,7.5,,3.7,,5.0,,2.7,
2018-04-12,102,5.6,,11.3,,-2.0,,68,,100,,33,,-0.5,,6.5,,-6.0,,3.0,,14.9,,28.7,,51.5,,1014,,1.9,,1.4,,196,,41,,9.2,,4.7,,5.7,,3.6,
2018-04-13,103,12.2,,19.0,,6.7,,69,,94,,39,,6.2,,8.6,,3.6,,0.0,,12.9,,25.1,,52.2,,1012,,1.8,,0.6,,234,,65,,9.2,,5.9,,7.2,,4.9,
2018-04-14,104,7.3,,15.3,,0.0,,66,,93,,39,,1.1,,7.6,,-8.0,,0.0,,13.9,,27.4,,81.0,,1018,,1.8,,1.3,,30,,44,,8.9,,7.3,,8.1,,6.5,
2018-04-15,105,-2.4,,0.2,,-3.6,,87,,100,,57,,-4.5,,-2.1,,-8.3,,5.1,,2.7,,5.3,,4.2,,1028,,2.9,,2.5,,73,,29,,11.1,,5.8,,7.3,,4.7,
2018-04-16,106,1.9,,6.9,,-2.4,,100,,100,,100,,1.9,,6.9,,-2.4,,38.4,,3.9,,7.7,,6.2,,1010,,4.5,,3.9,,80,,29,,20.8,,3.8,,4.7,,3.0,
2018-04-17,107,2.8,,6.6,,-0.0,,76,,100,,49,,-1.4,,6.2,,-6.0,,1.0,,12.6,,24.3,,68.5,,1000,,2.4,,2.1,,270,,29,,11.8,,3.6,,4.5,,3.0,
2018-04-18,108,2.8,,7.6,,-1.4,,63,,74,,50,,-3.5,,-0.2,,-8.0,,0.0,,10.2,,19.2,,55.9,,1005,,2.4,,2.2,,267,,27,,12.0,,4.3,,5.0,,3.6,
2018-04-19,109,1.7,,4.3,,-0.9,,90,,100,,65,,0.0,,3.5,,-3.1,,5.1,,6.4,,11.9,,8.1,,1006,,1.2,,1.0,,280,,32,,6.9,,4.6,,4.9,,4.2,
2018-04-20,110,2.8,,8.2,,-2.0,,64,,98,,41,,-3.9,,-0.8,,-5.4,,0.0,,19.9,,37.9,,108.7,,1018,,2.1,,1.7,,306,,36,,11.2,,5.0,,6.1,,4.1,
2018-04-21,111,5.6,,13.3,,-1.9,,47,,86,,17,,-6.6,,-2.3,,-12.4,,0.0,,25.9,,49.8,,125.1,,1025,,1.5,,1.1,,304,,42,,9.7,,5.8,,7.1,,4.5,
2018-04-22,112,7.1,,14.9,,-1.0,,33,,64,,13,,-9.3,,-4.5,,-13.8,,0.0,,26.5,,50.3,,125.0,,1028,,1.4,,0.8,,340,,52,,9.9,,6.4,,7.8,,5.1,
2018-04-23,113,10.1,,18.5,,0.3,,28,,56,,9,,-8.8,,-2.4,,-15.8,,0.0,,26.7,,50.8,,123.7,,1031,,1.5,,0.6,,224,,61,,7.2,,7.2,,8.8,,5.8,
2018-04-24,114,11.2,,18.7,,3.6,,43,,69,,16,,-2.2,,3.0,,-9.5,,0.0,,24.0,,45.9,,118.6,,1026,,2.2,,1.8,,209,,33,,9.7,,8.2,,9.5,,6.8,
2018-04-25,115,10.6,,13.0,,7.3,,93,,100,,54,,9.4,,13.1,,0.2,,13.7,,6.3,,11.8,,22.9,,1014,,2.2,,2.0,,106,,28,,9.9,,8.8,,9.3,,8.3,
2018-04-26,116,11.1,,15.7,,5.3,,82,,100,,47,,7.7,,12.2,,3.1,,2.8,,15.0,,28.9,,89.2,,1005,,2.1,,1.6,,270,,39,,11.7,,9.8,,10.9,,9.1,
2018-04-27,117,8.6,,14.1,,3.5,,89,,100,,53,,6.6,,10.4,,2.6,,7.4,,7.9,,15.7,,29.2,,1010,,1.2,,0.8,,113,,46,,6.8,,9.6,,10.3,,9.0,
2018-04-28,118,12.7,,20.0,,8.2,,74,,100,,27,,7.1,,11.3,,-0.5,,0.5,,18.9,,37.1,,108.2,,1009,,1.8,,1.2,,218,,46,,8.2,,10.2,,11.6,,9.2,
2018-04-29,119,6.3,,9.7,,0.8,,96,,100,,80,,5.6,,9.2,,0.8,,7.6,,3.9,,7.2,,-2.8,,1012,,1.3,,0.9,,269,,46,,6.6,,10.4,,11.1,,9.7,
2018-04-30,120,4.1,,7.7,,0.5,,97,,100,,74,,3.6,,7.4,,0.5,,6.6,,8.3,,15.6,,15.4,,1013,,1.1,,0.9,,276,,37,,7.1,,9.2,,9.8,,8.7,
2018-05-01,121,11.1,,20.4,,2.3,,68,,100,,27,,4.1,,8.0,,-0.9,,0.0,,19.1,,37.4,,98.5,,1016,,0.9,,0.6,,287,,43,,6.6,,9.3,,10.6,,8.2,
2018-05-02,122,21.3,,29.8,,9.8,,31,,64,,16,,2.5,,8.4,,-0.4,,0.0,,24.9,,48.5,,139.8,,1016,,1.9,,1.6,,241,,29,,11.4,,11.0,,12.7,,9.6,
2018-05-03,123,22.3,,28.6,,16.9,,55,,99,,33,,12.1,,19.2,,3.9,,0.3,,14.4,,28.6,,84.5,,1015,,1.4,,1.1,,240,,39,,8.2,,12.6,,13.7,,11.5,
2018-05-04,124,20.7,,26.0,,16.7,,79,,100,,52,,16.6,,19.1,,9.5,,2.0,,12.7,,25.5,,57.5,,1011,,2.4,,2.0,,226,,34,,13.5,,13.8,,14.7,,13.1,
2018-05-05,125,15.3,,21.4,,8.7,,48,,70,,24,,3.7,,10.3,,-0.5,,0.0,,26.1,,50.1,,152.8,,1015,,2.4,,1.8,,274,,40,,16.1,,14.1,,14.9,,13.2,
2018-05-06,126,12.8,,15.4,,9.8,,87,,100,,47,,10.4,,13.8,,3.9,,5.3,,3.6,,7.0,,-5.2,,1017,,0.9,,0.2,,51,,69,,5.5,,13.5,,14.4,,13.1,
2018-05-07,127,14.2,,20.8,,8.7,,64,,100,,27,,6.1,,10.0,,0.2,,0.0,,23.4,,45.1,,132.0,,1019,,1.2,,0.5,,359,,59,,8.6,,13.2,,14.3,,12.2,
2018-05-08,128,15.3,,22.7,,6.9,,63,,100,,29,,6.9,,13.1,,-0.2,,0.0,,24.0,,45.9,,136.4,,1024,,1.4,,0.9,,205,,47,,7.0,,13.7,,14.8,,12.6,
2018-05-09,129,16.9,,25.1,,8.3,,49,,85,,23,,5.2,,11.2,,1.5,,0.0,,22.9,,43.7,,123.6,,1020,,1.5,,0.7,,135,,59,,8.7,,14.0,,15.0,,12.9,
2018-05-10,130,13.5,,20.6,,5.4,,77,,100,,44,,9.2,,12.8,,5.1,,0.0,,17.8,,34.4,,99.1,,1013,,1.8,,1.0,,196,,53,,10.1,,13.9,,14.6,,13.0,
2018-05-11,131,13.3,,18.3,,8.6,,44,,78,,14,,0.1,,10.3,,-10.5,,0.0,,22.9,,43.2,,124.8,,1015,,1.6,,1.0,,307,,50,,10.9,,13.9,,14.6,,13.2,
2018-05-12,132,7.2,,9.5,,5.9,,76,,100,,37,,2.2,,7.2,,-5.8,,4.8,,3.6,,7.0,,7.8,,1020,,1.3,,1.1,,76,,32,,7.1,,12.8,,13.9,,12.1,
2018-05-13,133,10.7,,17.1,,4.2,,76,,100,,33,,5.7,,10.0,,-0.4,,0.0,,24.1,,46.8,,141.3,,1020,,1.5,,0.8,,159,,53,,7.1,,12.6,,13.8,,11.7,
2018-05-14,134,15.1,,23.3,,8.9,,78,,100,,41,,10.7,,14.1,,8.8,,0.0,,22.3,,42.9,,145.1,,1015,,1.4,,1.1,,226,,40,,6.7,,13.7,,14.9,,12.8,
2018-05-15,135,15.8,,26.9,,11.3,,95,,100,,50,,14.7,,19.8,,11.3,,17.0,,11.4,,21.8,,61.3,,1012,,1.2,,0.5,,219,,60,,9.1,,14.6,,15.5,,13.9,
2018-05-16,136,13.6,,18.6,,9.2,,79,,100,,49,,9.5,,12.3,,6.7,,0.0,,19.1,,35.7,,109.2,,1019,,1.5,,1.0,,118,,45,,9.4,,14.6,,15.3,,13.8,
2018-05-17,137,17.2,,24.8,,12.0,,80,,100,,28,,13.1,,17.0,,5.0,,0.0,,16.4,,30.7,,92.5,,1017,,0.9,,0.6,,236,,46,,5.2,,15.1,,16.1,,14.3,
2018-05-18,138,13.2,,18.4,,5.1,,48,,89,,29,,2.1,,13.6,,-3.6,,0.0,,24.4,,45.4,,133.3,,1028,,1.7,,1.3,,80,,41,,7.8,,15.4,,16.3,,14.6,
2018-05-19,139,9.2,,13.1,,4.4,,81,,100,,45,,5.6,,12.0,,-3.3,,8.4,,8.9,,17.0,,39.4,,1025,,1.7,,1.2,,105,,41,,7.7,,14.1,,15.3,,13.6,
2018-05-20,140,16.7,,22.4,,11.8,,95,,100,,72,,15.8,,21.3,,11.8,,2.5,,9.1,,17.5,,40.6,,1014,,1.5,,0.9,,236,,50,,7.5,,14.3,,15.3,,13.6,
2018-05-21,141,16.1,,24.5,,7.2,,61,,100,,24,,6.8,,12.3,,-0.5,,0.0,,29.0,,55.2,,167.6,,1022,,1.1,,0.4,,321,,62,,6.0,,15.0,,16.4,,13.7,
2018-05-22,142,13.3,,18.9,,10.4,,82,,100,,55,,10.1,,14.9,,5.9,,1.0,,6.6,,12.2,,1.9,,1020,,1.2,,0.6,,170,,58,,6.3,,14.9,,15.7,,14.5,
2018-05-23,143,18.3,,26.5,,10.8,,65,,100,,23,,10.1,,15.9,,2.8,,0.3,,26.1,,49.4,,171.0,,1013,,1.3,,0.7,,298,,53,,8.4,,15.5,,17.1,,14.3,
2018-05-24,144,17.6,,24.4,,10.9,,41,,75,,16,,2.7,,9.4,,-6.0,,0.0,,28.3,,54.4,,164.6,,1018,,1.2,,0.5,,314,,62,,8.9,,16.1,,17.1,,14.9,
2018-05-25,145,20.5,,29.0,,10.5,,52,,92,,21,,8.9,,13.4,,4.1,,0.0,,26.6,,49.8,,165.2,,1013,,1.3,,0.9,,248,,42,,10.9,,16.4,,17.7,,15.1,
2018-05-26,146,22.9,,29.9,,17.0,,57,,100,,28,,13.3,,18.7,,8.9,,1.0,,20.1,,38.2,,119.3,,1012,,1.4,,0.1,,205,,75,,9.9,,17.3,,18.3,,16.3,
2018-05-27,147,10.8,,17.2,,7.5,,98,,100,,85,,10.5,,17.2,,7.5,,1.8,,6.1,,12.5,,6.6,,1021,,2.6,,2.2,,76,,29,,11.4,,16.8,,17.9,,15.8,
2018-05-28,148,12.6,,19.1,,7.4,,96,,100,,81,,12.0,,16.7,,7.4,,1.8,,12.4,,23.9,,64.7,,1018,,1.1,,0.4,,173,,64,,6.0,,15.6,,16.2,,15.0,
2018-05-29,149,20.9,,29.7,,12.9,,68,,100,,23,,13.4,,20.1,,5.2,,0.0,,27.4,,54.6,,183.6,,1016,,1.0,,0.3,,328,,64,,7.0,,16.8,,18.5,,15.4,
2018-05-30,150,19.7,,26.5,,13.6,,58,,100,,37,,10.5,,16.6,,4.9,,0.0,,25.0,,49.9,,154.4,,1022,,1.8,,0.9,,118,,58,,8.5,,17.5,,18.6,,16.4,
2018-05-31,151,19.5,,26.2,,11.8,,71,,100,,31,,13.4,,19.1,,5.5,,0.0,,25.7,,52.5,,169.8,,1018,,1.4,,1.1,,204,,35,,7.9,,17.6,,18.8,,16.3,
2018-06-01,152,20.4,,25.3,,17.7,,98,,100,,82,,20.1,,23.5,,17.7,,1.5,,10.2,,20.8,,44.6,,1011,,1.0,,0.8,,209,,36,,5.6,,18.2,,18.8,,17.7,
2018-06-02,153,22.3,,27.0,,15.4,,77,,100,,52,,17.6,,22.6,,10.3,,0.3,,22.2,,45.2,,146.3,,1011,,1.2,,0.6,,358,,57,,7.7,,18.8,,19.9,,17.9,
2018-06-03,154,13.6,,19.5,,6.7,,60,,87,,40,,5.6,,10.5,,1.0,,0.0,,29.2,,58.0,,173.2,,1017,,2.1,,1.7,,95,,37,,9.0,,18.5,,19.3,,17.6,
2018-06-04,155,8.9,,11.5,,6.3,,98,,100,,85,,8.6,,11.3,,4.6,,16.3,,7.7,,15.4,,28.4,,1010,,1.5,,1.2,,88,,34,,7.2,,16.6,,18.1,,16.0,
2018-06-05,156,11.8,,16.5,,7.7,,88,,100,,61,,9.8,,13.4,,7.7,,0.5,,13.4,,26.8,,58.6,,1006,,0.9,,0.4,,257,,58,,7.4,,15.9,,16.2,,15.5,
2018-06-06,157,13.3,,19.1,,7.0,,80,,100,,48,,9.6,,12.6,,7.0,,0.0,,17.7,,35.3,,88.8,,1012,,0.8,,0.0,,181,,76,,5.5,,15.5,,16.2,,14.8,
2018-06-07,158,14.9,,20.0,,11.1,,83,,100,,54,,11.8,,14.1,,9.1,,0.0,,16.7,,32.9,,97.8,,1020,,1.4,,1.2,,203,,34,,7.6,,15.9,,16.7,,15.3,
2018-06-08,159,17.3,,25.2,,10.4,,75,,100,,43,,12.3,,16.4,,9.4,,0.0,,19.7,,38.8,,106.9,,1021,,0.9,,0.2,,265,,72,,6.2,,16.3,,17.2,,15.4,
2018-06-09,160,18.5,,25.3,,11.4,,53,,83,,26,,8.1,,12.6,,3.6,,0.0,,25.9,,50.6,,144.1,,1019,,0.9,,0.4,,334,,60,,6.1,,16.7,,17.6,,15.8,
2018-06-10,161,17.2,,23.6,,11.8,,51,,81,,19,,5.9,,10.8,,-3.0,,0.0,,27.0,,52.5,,147.0,,1018,,0.9,,0.1,,347,,72,,6.4,,16.8,,17.6,,15.9,
2018-06-11,162,15.4,,22.1,,10.6,,61,,91,,33,,7.4,,11.6,,3.0,,0.0,,24.3,,47.9,,134.7,,1020,,1.4,,0.7,,102,,57,,6.4,,16.8,,17.6,,16.1,
2018-06-12,163,16.6,,24.3,,9.3,,56,,80,,34,,7.3,,11.9,,2.8,,0.0,,28.6,,57.0,,158.8,,1020,,2.0,,1.7,,214,,34,,9.8,,16.7,,17.8,,15.7,
2018-06-13,164,16.6,,20.0,,10.6,,89,,100,,67,,14.6,,19.0,,7.3,,0.3,,9.4,,19.2,,35.1,,1012,,1.6,,1.3,,212,,34,,10.2,,16.6,,17.3,,16.1,
2018-06-14,165,17.7,,23.0,,13.7,,70,,100,,40,,11.7,,19.0,,7.9,,0.0,,20.9,,41.4,,128.1,,1007,,1.8,,1.3,,268,,40,,11.6,,17.0,,17.6,,16.4,
2018-06-15,166,14.5,,20.4,,11.4,,84,,100,,49,,11.6,,15.4,,8.5,,2.3,,15.3,,30.3,,78.0,,1015,,0.9,,0.6,,335,,48,,6.4,,16.9,,17.4,,16.4,
2018-06-16,167,18.6,,26.7,,10.4,,61,,100,,23,,9.4,,13.7,,3.3,,0.0,,27.7,,55.0,,166.5,,1016,,1.0,,0.5,,337,,56,,6.8,,16.7,,17.9,,15.6,
2018-06-17,168,21.8,,29.7,,13.3,,55,,95,,22,,11.3,,15.4,,5.5,,0.0,,28.2,,56.7,,172.7,,1019,,0.9,,0.2,,195,,66,,5.9,,17.5,,18.7,,16.4,
2018-06-18,169,22.9,,31.0,,17.6,,75,,100,,52,,17.9,,23.0,,10.7,,32.8,,20.9,,42.3,,128.0,,1013,,1.7,,1.3,,208,,37,,13.7,,18.5,,20.0,,17.4,
2018-06-19,170,20.6,,25.2,,14.2,,67,,100,,33,,13.3,,21.3,,6.5,,0.5,,28.1,,57.1,,179.6,,1011,,1.3,,0.7,,310,,53,,8.8,,20.1,,21.2,,19.2,
2018-06-20,171,17.6,,23.3,,10.6,,68,,96,,39,,11.3,,15.1,,7.7,,0.0,,20.5,,40.2,,111.1,,1012,,0.9,,0.2,,239,,69,,5.7,,19.3,,20.2,,18.3,
2018-06-21,172,19.3,,26.2,,13.2,,63,,100,,27,,11.1,,16.7,,3.4,,0.0,,24.5,,49.8,,146.5,,1011,,0.9,,0.5,,18,,53,,6.0,,19.1,,20.3,,18.0,
2018-06-22,173,17.8,,24.6,,9.1,,57,,84,,38,,8.9,,14.8,,4.0,,0.0,,26.5,,52.9,,154.3,,1017,,1.3,,0.7,,123,,54,,6.1,,18.9,,20.1,,17.7,
2018-06-23,174,13.1,,15.5,,11.0,,86,,100,,61,,10.6,,13.2,,6.5,,1.3,,6.3,,13.0,,20.1,,1014,,1.1,,0.9,,74,,32,,7.5,,18.4,,19.4,,17.8,
2018-06-24,175,17.3,,24.7,,11.9,,95,,100,,62,,16.4,,20.6,,11.9,,33.3,,11.0,,22.3,,68.5,,1010,,0.8,,0.3,,217,,62,,4.7,,18.1,,19.0,,17.4,
2018-06-25,176,17.0,,22.6,,10.5,,68,,100,,27,,9.9,,17.3,,1.1,,2.0,,25.0,,49.0,,159.2,,1017,,1.4,,0.9,,333,,48,,9.9,,19.0,,20.0,,18.3,
2018-06-26,177,16.8,,23.6,,8.1,,55,,83,,25,,6.7,,12.5,,0.4,,0.0,,29.4,,57.4,,178.0,,1024,,1.1,,0.4,,226,,62,,6.6,,18.6,,19.9,,17.4,
2018-06-27,178,17.3,,22.9,,14.1,,85,,100,,53,,14.4,,16.4,,11.9,,18.8,,13.5,,25.8,,74.0,,1019,,1.7,,1.4,,197,,33,,8.2,,18.8,,19.4,,18.1,
2018-06-28,179,19.7,,24.2,,16.1,,99,,100,,85,,19.6,,22.9,,16.2,,58.9,,6.7,,13.5,,26.3,,1011,,1.7,,1.4,,183,,33,,8.6,,18.8,,19.6,,18.2,
2018-06-29,180,24.9,,29.3,,19.2,,63,,97,,31,,16.1,,19.7,,9.5,,0.0,,17.5,,34.4,,224.0,,1015,E,0.9,,0.3,,297,,62,,7.1,,20.7,,21.4,,18.9,
2018-06-30,181,24.6,,30.7,,17.7,,70,,100,,37,,18.1,,21.0,,13.5,,0.0,,25.8,,50.4,,173.6,,1018,,0.7,,0.3,,211,,58,,5.6,,21.0,,22.3,,19.9,
2018-07-01,182,26.9,,34.6,,19.9,,73,,99,,41,,21.1,,24.9,,18.2,,0.0,,26.2,,51.0,,185.0,,1017,,0.7,,0.4,,78,,45,,5.7,,22.0,,23.5,,20.8,
2018-07-02,183,26.3,,32.5,,20.3,,74,,100,,49,,21.1,,24.8,,19.8,,0.0,,26.9,,52.9,,184.2,,1020,,1.4,,0.8,,152,,53,,8.1,,23.0,,24.4,,21.8,
2018-07-03,184,26.4,,32.8,,21.0,,81,,100,,45,,22.4,,25.1,,19.1,,0.0,,23.7,,48.8,,169.6,,1023,,0.6,,0.3,,228,,43,,5.2,,23.5,,24.8,,22.4,
2018-07-04,185,25.9,,32.0,,19.4,,71,,100,,38,,19.2,,23.3,,14.8,,0.0,,27.7,,57.1,,188.8,,1027,,0.6,,0.4,,102,,42,,4.3,,23.9,,25.0,,22.7,
2018-07-05,186,25.7,,30.5,,21.9,,83,,100,,58,,22.2,,24.7,,20.2,,0.0,,21.8,,45.5,,153.6,,1025,,1.5,,1.2,,206,,36,,8.1,,23.9,,24.9,,23.0,
2018-07-06,187,22.2,,27.4,,12.1,,80,,100,,53,,18.2,,24.7,,6.4,,5.1,,15.3,,31.2,,86.1,,1018,,1.6,,0.9,,249,,55,,10.5,,23.7,,24.3,,23.1,
2018-07-07,188,16.9,,24.3,,8.5,,61,,96,,30,,8.3,,12.8,,4.1,,0.0,,28.9,,58.4,,175.3,,1026,,0.9,,0.4,,1,,57,,5.5,,22.1,,23.1,,20.8,
2018-07-08,189,20.1,,27.7,,11.8,,65,,100,,32,,12.3,,15.9,,6.9,,0.0,,28.3,,58.4,,177.8,,1027,,0.8,,0.0,,147,,75,,4.6,,21.7,,23.1,,20.4,
2018-07-09,190,22.2,,30.1,,14.7,,65,,98,,31,,14.5,,18.1,,10.2,,0.0,,28.1,,58.0,,179.7,,1021,,0.8,,0.5,,226,,43,,7.1,,21.9,,23.3,,20.6,
2018-07-10,191,23.0,,31.0,,16.1,,67,,100,,32,,15.8,,19.3,,11.3,,0.0,,26.0,,53.9,,167.1,,1015,,0.9,,0.4,,259,,58,,8.6,,22.2,,23.5,,20.9,
2018-07-11,192,20.9,,25.5,,15.7,,65,,93,,45,,13.8,,17.6,,6.1,,0.0,,21.8,,44.6,,132.9,,1016,,1.2,,0.9,,56,,40,,6.3,,22.2,,23.0,,21.3,
2018-07-12,193,19.6,,26.6,,13.0,,55,,73,,31,,10.0,,15.1,,6.8,,0.0,,26.3,,53.7,,163.7,,1023,,0.8,,0.2,,89,,68,,5.3,,21.4,,22.5,,20.1,
2018-07-13,194,21.5,,29.2,,14.7,,65,,97,,25,,13.7,,16.7,,7.2,,0.0,,25.4,,52.3,,158.3,,1024,,0.8,,0.3,,104,,62,,4.8,,21.5,,22.7,,20.3,
2018-07-14,195,20.1,,25.8,,14.6,,86,,100,,60,,17.5,,20.1,,14.4,,0.0,,12.4,,25.8,,75.8,,1020,,1.2,,0.8,,146,,43,,4.6,,21.4,,22.1,,20.6,
2018-07-15,196,22.9,,30.2,,19.0,,85,,100,,44,,19.8,,23.2,,16.1,,15.8,,20.2,,42.0,,129.9,,1016,,0.8,,0.1,,85,,69,,8.9,,21.9,,23.1,,20.9,
2018-07-16,197,24.9,,31.6,,18.3,,79,,100,,40,,20.3,,24.0,,16.3,,12.4,,25.9,,53.5,,178.2,,1016,,0.8,,0.4,,166,,54,,7.7,,22.8,,24.5,,21.3,
2018-07-17,198,21.4,,27.4,,19.3,,98,,100,,80,,21.0,,24.7,,19.3,,48.0,,6.6,,14.3,,34.6,,1011,,1.4,,0.9,,192,,47,,7.7,,22.8,,23.8,,22.0,
2018-07-18,199,19.4,,24.3,,13.9,,72,,100,,30,,13.4,,19.8,,5.3,,0.0,,27.9,,55.9,,170.7,,1014,,1.1,,0.6,,341,,52,,7.8,,22.4,,23.6,,21.4,
2018-07-19,200,18.4,,25.9,,11.2,,59,,82,,29,,9.3,,14.7,,3.8,,0.0,,28.4,,56.9,,171.6,,1020,,0.8,,0.3,,343,,60,,4.4,,21.8,,22.9,,20.5,
2018-07-20,201,20.7,,27.4,,13.6,,66,,100,,31,,13.1,,17.4,,8.2,,0.0,,27.7,,56.2,,170.8,,1023,,0.9,,0.4,,125,,55,,4.9,,21.9,,23.1,,20.6,
2018-07-21,202,18.6,,24.3,,13.9,,77,,100,,40,,13.8,,17.2,,8.5,,0.0,,24.5,,49.3,,153.0,,1021,,1.8,,1.4,,98,,35,,8.6,,22.0,,23.1,,21.0,
2018-07-22,203,20.1,,25.3,,15.8,,95,,100,,80,,19.2,,23.5,,14.0,,16.8,,13.3,,27.9,,86.6,,1020,,2.5,,1.9,,102,,39,,10.6,,21.9,,22.7,,21.0,
2018-07-23,204,23.2,,26.6,,21.4,,96,,100,,79,,22.5,,25.1,,21.5,,33.3,,15.4,,32.1,,89.7,,1023,,2.4,,2.2,,160,,27,,10.2,,22.7,,23.7,,21.9,
2018-07-24,205,22.8,,26.9,,21.0,,96,,100,,75,,22.2,,25.1,,21.0,,16.5,,17.5,,35.1,,96.8,,1025,,2.2,,2.0,,168,,27,,9.8,,23.4,,24.4,,22.5,
2018-07-25,206,22.5,,26.1,,20.7,,95,,100,,78,,21.6,,23.5,,20.7,,7.1,,11.4,,22.8,,56.0,,1018,,2.8,,2.5,,171,,25,,11.3,,23.3,,23.9,,22.9,
2018-07-26,207,21.5,,26.1,,18.0,,97,,100,,60,,20.9,,24.6,,16.8,,15.0,,13.7,,26.3,,73.6,,1013,,1.0,,0.5,,205,,53,,7.6,,23.1,,23.9,,22.5,
2018-07-27,208,22.8,,29.7,,17.9,,86,,100,,49,,19.9,,23.3,,16.7,,10.4,,21.3,,41.1,,147.0,,1016,,1.1,,0.7,,187,,51,,7.5,,23.4,,24.6,,22.4,
2018-07-28,209,22.1,,28.4,,17.6,,86,,100,,53,,19.3,,22.6,,16.9,,0.3,,23.7,,45.3,,157.1,,1017,,0.9,,0.4,,192,,57,,6.2,,23.8,,25.0,,22.7,
2018-07-29,210,20.1,,25.4,,15.9,,79,,100,,44,,15.8,,18.4,,11.6,,0.0,,24.1,,44.7,,144.6,,1020,,0.9,,0.4,,306,,56,,7.1,,23.6,,24.4,,22.7,
2018-07-30,211,19.9,,25.8,,14.3,,76,,100,,35,,15.0,,18.2,,8.2,,0.0,,21.0,,38.2,,118.3,,1022,,0.7,,0.0,,132,,75,,4.0,,22.9,,23.7,,22.0,
2018-07-31,212,21.7,,27.7,,15.9,,73,,100,,36,,16.0,,19.9,,10.9,,0.0,,25.0,,47.8,,159.4,,1022,,0.8,,0.3,,188,,58,,4.9,,23.0,,24.2,,21.9,
2018-08-01,213,21.2,,24.2,,16.4,,98,,100,,88,,20.9,,24.3,,16.4,,8.4,,6.6,,12.7,,21.5,,1019,,1.4,,1.1,,170,,41,,8.9,,22.7,,23.4,,22.2,
2018-08-02,214,24.5,,30.3,,21.6,,88,,100,,52,,22.1,,24.4,,18.8,,0.3,,19.2,,37.3,,139.3,,1020,,1.3,,1.0,,219,,37,,7.2,,23.4,,24.6,,22.5,
2018-08-03,215,23.4,,29.5,,19.9,,90,,100,,59,,21.5,,24.7,,19.2,,10.2,,18.6,,36.5,,130.0,,1022,,1.2,,0.8,,207,,45,,9.0,,24.2,,25.2,,23.4,
2018-08-04,216,22.2,,26.7,,19.8,,97,,100,,73,,21.8,,24.4,,19.9,,22.4,,11.8,,22.7,,59.0,,1020,,1.1,,0.8,,197,,43,,6.7,,23.9,,24.4,,23.4,
2018-08-05,217,23.4,,30.2,,18.0,,85,,100,,48,,20.2,,23.7,,17.3,,0.0,,24.2,,45.1,,154.7,,1022,,0.5,,0.2,,344,,54,,4.0,,23.8,,24.9,,22.7,
2018-08-06,218,25.2,,31.6,,19.0,,79,,100,,43,,20.8,,24.0,,17.3,,0.3,,24.3,,45.2,,158.3,,1019,,0.5,,0.1,,234,,58,,4.5,,24.2,,25.4,,23.1,
2018-08-07,219,23.9,,31.0,,20.2,,90,,100,,55,,22.0,,26.4,,19.7,,19.1,,17.9,,33.2,,104.1,,1016,,0.7,,0.3,,196,,52,,9.6,,24.6,,25.5,,23.7,
2018-08-08,220,22.8,,29.8,,19.6,,91,,100,,55,,21.0,,24.5,,19.3,,38.4,,19.4,,36.7,,130.6,,1013,,0.7,,0.2,,196,,61,,10.0,,24.6,,26.3,,23.7,
2018-08-09,221,22.8,,28.7,,17.6,,83,,100,,50,,19.5,,23.6,,15.8,,1.3,,19.4,,36.3,,122.6,,1009,,0.8,,0.5,,262,,48,,7.4,,24.6,,25.6,,23.8,
2018-08-10,222,21.4,,27.5,,16.3,,75,,100,,45,,16.4,,19.8,,11.1,,0.0,,21.8,,40.2,,136.0,,1014,,0.9,,0.5,,23,,51,,4.9,,24.2,,25.1,,23.3,
2018-08-11,223,18.9,,21.2,,17.5,,88,,100,,60,,16.6,,19.8,,11.1,,94.5,,5.9,,11.2,,27.2,,1016,,1.7,,1.5,,74,,28,,6.4,,23.3,,24.4,,21.5,
2018-08-12,224,19.2,,22.0,,17.4,,100,,100,,94,,19.2,,21.7,,17.4,,1.0,,8.8,,16.0,,58.4,,1020,,1.9,,1.7,,70,,24,,5.9,,21.8,,22.5,,21.1,
2018-08-13,225,19.4,,20.7,,18.3,,100,,100,,99,,19.4,,20.6,,18.4,,14.0,,5.6,,10.1,,24.5,,1018,,1.9,,1.7,,72,,26,,7.1,,22.2,,22.4,,21.9,
2018-08-14,226,20.7,,25.9,,17.4,,97,,100,,76,,20.3,,23.1,,17.4,,19.3,,12.7,,22.9,,69.3,,1013,,1.2,,0.9,,113,,42,,15.8,,22.4,,23.0,,21.8,
2018-08-15,227,22.6,,29.3,,18.7,,88,,100,,52,,20.1,,22.8,,17.6,,0.3,,19.1,,33.9,,125.5,,1013,,0.6,,0.3,,278,,52,,5.7,,23.1,,24.2,,22.2,
2018-08-16,228,23.4,,29.1,,19.2,,85,,100,,54,,20.4,,23.5,,18.2,,0.0,,16.9,,29.1,,100.0,,1018,,0.7,,0.2,,292,,60,,6.2,,23.6,,24.3,,22.7,
2018-08-17,229,22.9,,28.8,,17.9,,87,,100,,59,,20.3,,25.0,,15.9,,17.5,,17.1,,30.4,,98.5,,1018,,1.5,,0.7,,145,,57,,8.1,,23.7,,24.5,,22.9,
2018-08-18,230,20.8,,25.9,,16.8,,99,,100,,79,,20.6,,24.4,,16.8,,8.4,,8.4,,14.7,,34.1,,1013,,1.1,,0.3,,258,,67,,9.0,,23.9,,24.2,,23.5,
2018-08-19,231,18.2,,22.8,,14.2,,82,,100,,49,,14.6,,17.1,,10.9,,0.0,,20.3,,35.0,,115.9,,1019,,1.5,,1.3,,67,,31,,8.4,,23.3,,23.9,,22.7,
2018-08-20,232,18.0,,23.2,,13.1,,84,,100,,54,,15.0,,17.7,,12.7,,0.0,,16.9,,29.2,,94.9,,1023,,1.4,,1.1,,77,,36,,7.2,,22.8,,23.4,,22.2,
2018-08-21,233,17.6,,23.3,,12.4,,87,,100,,57,,15.2,,18.2,,12.4,,0.0,,16.9,,28.9,,99.6,,1019,,1.4,,1.0,,118,,45,,7.2,,22.2,,22.9,,21.4,
2018-08-22,234,19.3,,25.2,,15.7,,94,,100,,60,,18.2,,22.8,,15.7,,18.0,,13.7,,24.5,,63.2,,1008,,1.1,,0.3,,170,,66,,6.8,,22.2,,22.9,,21.5,
2018-08-23,235,17.1,,23.3,,12.8,,75,,100,,35,,11.9,,16.5,,6.7,,0.0,,21.1,,37.0,,117.1,,1015,,1.0,,0.5,,320,,57,,7.7,,22.0,,22.7,,21.3,
2018-08-24,236,19.3,,26.8,,12.3,,77,,100,,46,,14.6,,19.5,,12.3,,0.0,,21.9,,38.7,,119.6,,1023,,0.9,,0.2,,192,,69,,5.9,,21.7,,22.8,,20.6,
2018-08-25,237,19.8,,25.4,,15.0,,75,,100,,46,,14.9,,17.5,,12.3,,0.0,,18.7,,32.5,,92.7,,1025,,0.8,,0.5,,194,,46,,4.6,,22.0,,22.8,,21.1,
2018-08-26,238,20.0,,26.4,,13.5,,85,,100,,57,,17.1,,20.2,,13.5,,0.0,,18.4,,32.2,,104.7,,1020,,1.1,,0.8,,199,,42,,5.8,,21.9,,22.8,,20.9,
2018-08-27,239,22.9,,28.4,,17.6,,84,,100,,52,,19.5,,21.9,,16.3,,0.0,,18.7,,32.7,,109.0,,1019,,0.6,,0.2,,267,,54,,4.8,,22.4,,23.3,,21.4,
2018-08-28,240,25.9,,31.6,,20.2,,80,,100,,52,,21.9,,25.2,,20.0,,0.0,,19.7,,36.0,,125.7,,1017,,0.9,,0.6,,240,,41,,8.1,,23.1,,24.3,,22.1,
2018-08-29,241,26.7,,32.1,,21.6,,77,,100,,48,,21.8,,23.8,,19.4,,0.0,,21.1,,39.5,,136.1,,1016,,0.9,,0.6,,221,,40,,6.9,,23.9,,25.0,,22.9,
2018-08-30,242,22.5,,27.6,,15.0,,77,,100,,46,,17.9,,22.4,,12.5,,0.0,,18.1,,34.2,,106.1,,1019,,0.8,,0.4,,355,,56,,6.8,,24.0,,24.6,,23.4,
2018-08-31,243,17.0,,21.7,,13.7,,77,,95,,58,,12.8,,15.0,,10.2,,0.0,,14.1,,26.5,,85.5,,1027,,1.7,,1.4,,83,,31,,7.5,,22.9,,23.7,,22.4,
2018-09-01,244,17.5,,24.3,,12.4,,77,,100,,42,,13.1,,16.6,,6.9,,0.0,,16.1,,31.1,,98.6,,1027,,0.9,,0.5,,112,,55,,4.3,,22.1,,22.8,,21.4,
2018-09-02,245,20.6,,26.4,,15.1,,85,,100,,58,,17.7,,20.9,,13.3,,0.0,,18.0,,35.7,,110.9,,1025,,1.1,,0.8,,204,,35,,5.4,,22.1,,23.0,,21.2,
2018-09-03,246,24.8,,31.3,,20.2,,86,,100,,55,,22.0,,24.8,,20.2,,0.0,,18.4,,37.3,,126.2,,1024,,0.9,,0.6,,227,,39,,5.1,,23.0,,24.1,,22.1,
2018-09-04,247,24.0,,30.1,,19.4,,80,,100,,43,,19.8,,23.4,,15.5,,0.0,,17.0,,34.4,,98.6,,1024,,0.6,,0.4,,44,,41,,3.8,,23.3,,24.1,,22.6,
2018-09-05,248,23.8,,29.9,,19.0,,85,,100,,52,,20.7,,23.7,,17.8,,0.0,,18.6,,38.7,,121.2,,1025,,1.1,,0.8,,196,,42,,6.4,,23.4,,24.3,,22.6,
2018-09-06,249,23.0,,30.4,,19.3,,93,,100,,58,,21.6,,25.8,,19.3,,3.6,,12.2,,25.3,,74.8,,1022,,0.9,,0.5,,232,,50,,6.4,,23.8,,24.4,,23.2,
2018-09-07,250,17.2,,20.4,,14.7,,85,,100,,61,,14.5,,19.5,,9.9,,0.0,,7.8,,15.6,,36.0,,1023,,0.8,,0.5,,70,,50,,5.8,,22.7,,23.6,,22.0,
2018-09-08,251,14.3,,18.6,,9.7,,75,,100,,49,,9.6,,16.1,,4.9,,0.3,,9.9,,18.4,,33.9,,1022,,0.8,,0.5,,2,,49,,4.9,,21.4,,22.1,,20.6,
2018-09-09,252,10.8,,14.3,,8.6,,75,,96,,58,,6.4,,8.5,,3.7,,0.0,,10.1,,18.4,,35.3,,1025,,1.3,,1.1,,70,,30,,8.3,,19.8,,20.7,,19.3,
2018-09-10,253,12.0,,14.2,,8.6,,90,,100,,74,,10.3,,14.2,,6.1,,34.8,,5.1,,10.0,,4.6,,1026,,2.1,,1.8,,80,,30,,9.0,,18.7,,19.4,,18.0,
2018-09-11,254,18.2,,23.9,,13.8,,97,,100,,75,,17.7,,21.6,,13.8,,4.3,,10.2,,19.9,,54.5,,1022,,1.0,,0.4,,77,,59,,8.2,,18.6,,19.8,,17.8,
2018-09-12,255,18.0,,19.8,,16.0,,100,,100,,100,,18.0,,19.8,,16.0,,5.3,,2.7,,5.8,,2.4,,1026,,1.5,,1.4,,75,,26,,6.5,,19.8,,20.0,,19.7,
2018-09-13,256,17.7,,21.9,,15.2,,98,,100,,82,,17.4,,19.8,,15.2,,1.3,,8.0,,15.3,,36.8,,1027,,1.0,,0.8,,65,,31,,4.4,,19.9,,20.5,,19.4,
2018-09-14,257,18.9,,25.3,,14.3,,88,,100,,52,,16.6,,20.0,,14.3,,0.3,,15.4,,29.0,,88.2,,1025,,0.6,,0.3,,78,,51,,3.8,,20.2,,21.1,,19.5,
2018-09-15,258,20.0,,26.7,,15.9,,88,,100,,43,,17.5,,20.5,,12.6,,0.0,,17.4,,33.4,,103.3,,1024,,0.6,,0.1,,354,,62,,3.5,,20.9,,21.8,,20.1,
2018-09-16,259,21.3,,29.9,,15.5,,89,,100,,49,,19.0,,23.0,,15.5,,22.1,,16.6,,32.5,,93.7,,1024,,0.6,,0.1,,142,,61,,5.9,,21.1,,22.2,,20.2,
2018-09-17,260,21.1,,25.5,,18.4,,89,,100,,53,,18.8,,21.1,,14.5,,1.0,,14.6,,27.8,,78.2,,1020,,1.1,,0.9,,206,,35,,7.5,,21.5,,22.1,,20.9,
2018-09-18,261,20.0,,25.6,,18.4,,98,,100,,78,,19.8,,23.1,,18.4,,97.3,,5.2,,10.1,,12.5,,1009,,0.9,,0.3,,66,,58,,8.3,,21.0,,21.7,,20.4,
2018-09-19,262,17.2,,21.8,,13.2,,95,,100,,73,,16.4,,19.7,,13.2,,0.3,,13.1,,24.1,,71.2,,1015,,1.4,,1.0,,72,,41,,6.1,,20.7,,21.2,,20.1,
2018-09-20,263,14.4,,18.1,,12.4,,90,,100,,64,,12.6,,14.0,,10.6,,0.0,,9.0,,15.9,,51.5,,1023,,1.3,,1.1,,91,,36,,5.8,,20.2,,20.7,,19.9,
2018-09-21,264,15.4,,18.4,,12.8,,95,,100,,84,,14.6,,18.4,,11.7,,0.0,,4.4,,8.0,,24.1,,1021,,2.5,,1.9,,176,,38,,11.3,,19.6,,20.1,,19.3,
2018-09-22,265,14.8,,18.6,,7.6,,75,,100,,45,,10.1,,18.6,,4.4,,1.5,,13.3,,23.4,,53.7,,1019,,1.5,,0.6,,281,,62,,10.1,,19.5,,20.0,,19.1,
2018-09-23,266,10.5,,15.1,,5.8,,84,,100,,53,,7.7,,11.1,,4.2,,0.0,,11.5,,20.0,,30.0,,1024,,0.8,,0.1,,97,,73,,3.9,,18.3,,19.2,,17.8,
2018-09-24,267,9.4,,12.7,,6.5,,79,,100,,60,,5.9,,10.1,,4.2,,0.0,,7.7,,13.6,,30.4,,1033,,1.7,,1.4,,82,,33,,8.4,,17.5,,18.1,,17.1,
2018-09-25,268,12.1,,18.6,,6.2,,96,,100,,81,,11.4,,18.6,,4.2,,34.0,,2.6,,5.2,,0.9,,1029,,2.3,,1.7,,101,,41,,11.4,,16.5,,17.3,,16.2,
2018-09-26,269,20.5,,24.5,,16.7,,98,,100,,86,,20.2,,23.2,,16.7,,54.4,,5.8,,10.5,,32.7,,1016,,2.0,,1.6,,210,,35,,10.8,,17.6,,18.9,,16.5,
2018-09-27,270,15.1,,21.0,,11.2,,78,,100,,44,,10.9,,16.9,,4.7,,0.3,,16.1,,28.3,,76.6,,1020,,1.2,,0.7,,73,,51,,5.8,,18.6,,19.2,,18.0,
2018-09-28,271,11.6,,15.7,,9.6,,94,,100,,67,,10.6,,12.3,,7.4,,6.6,,7.7,,14.0,,25.3,,1019,,0.9,,0.6,,57,,46,,7.0,,18.1,,18.8,,17.8,
2018-09-29,272,13.1,,19.4,,8.9,,84,,100,,50,,10.1,,14.3,,7.3,,0.3,,16.1,,28.4,,73.2,,1022,,0.9,,0.4,,284,,57,,6.7,,17.6,,18.3,,17.0,
2018-09-30,273,11.4,,17.8,,6.0,,80,,100,,40,,7.6,,11.6,,2.9,,0.0,,15.5,,27.7,,68.4,,1026,,0.9,,0.2,,326,,72,,5.0,,17.1,,17.7,,16.4,
2018-10-01,274,13.0,,16.4,,10.9,,98,,100,,89,,12.6,,15.5,,10.8,,2.3,,4.2,,7.5,,21.1,,1026,,1.2,,0.4,,95,,63,,6.3,,17.1,,17.4,,16.8,
2018-10-02,275,11.5,,13.3,,10.2,,100,,100,,100,,11.6,,13.3,,10.2,,21.6,,2.2,,4.2,,7.7,,1021,,1.6,,1.3,,87,,35,,6.5,,16.6,,17.1,,16.2,
2018-10-03,276,14.5,,19.0,,11.8,,97,,100,,79,,14.0,,16.9,,11.8,,1.8,,8.1,,14.3,,45.4,,1018,,0.8,,0.3,,33,,57,,5.3,,16.6,,17.4,,16.1,
2018-10-04,277,16.6,,21.2,,11.8,,97,,100,,80,,16.2,,19.5,,11.9,,0.0,,6.6,,11.6,,35.5,,1016,,1.3,,0.9,,214,,40,,7.4,,17.2,,17.7,,16.7,
2018-10-05,278,11.5,,17.6,,7.0,,82,,100,,44,,8.0,,16.7,,3.7,,0.0,,16.6,,28.8,,53.8,,1022,,1.1,,0.5,,54,,58,,5.6,,17.1,,17.6,,16.6,
2018-10-06,279,11.3,,14.1,,6.6,,90,,100,,71,,9.7,,14.1,,6.5,,0.0,,5.1,,8.8,,27.4,,1024,,1.3,,0.9,,182,,44,,8.0,,16.4,,16.9,,16.1,
2018-10-07,280,17.5,,24.3,,13.0,,97,,100,,76,,16.9,,21.0,,13.0,,0.3,,6.3,,11.5,,42.0,,1023,,1.3,,0.2,,231,,74,,7.1,,17.1,,18.0,,16.5,
2018-10-08,281,11.0,,13.3,,9.3,,100,,100,,100,,11.1,,13.4,,9.3,,0.5,,2.7,,5.0,,4.1,,1031,,1.5,,1.0,,121,,43,,6.8,,17.1,,17.8,,16.7,
2018-10-09,282,17.8,,23.2,,12.1,,99,,100,,84,,17.6,,21.4,,12.1,,0.3,,6.2,,11.0,,28.0,,1026,,1.4,,1.2,,221,,31,,7.1,,17.1,,17.9,,16.5,
2018-10-10,283,21.2,,26.3,,18.1,,88,,100,,60,,18.9,,21.2,,17.3,,0.0,,12.4,,22.6,,72.0,,1019,,1.4,,1.2,,227,,34,,7.2,,18.3,,19.2,,17.6,
2018-10-11,284,18.9,,21.0,,15.0,,100,,100,,100,,18.9,,21.0,,15.1,,32.3,,1.7,,3.3,,1.0,,1007,,1.5,,0.9,,184,,50,,7.2,,18.8,,19.2,,18.6,
2018-10-12,285,11.6,,17.1,,5.8,,79,,100,,45,,7.9,,17.1,,2.2,,0.0,,10.1,,17.1,,26.8,,1004,,1.5,,1.1,,290,,41,,9.9,,18.3,,18.9,,17.3,
2018-10-13,286,5.7,,9.8,,2.4,,95,,100,,66,,4.9,,8.1,,2.4,,4.8,,5.6,,9.4,,-6.1,,1012,,0.8,,0.5,,260,,49,,6.0,,16.3,,17.4,,15.5,
2018-10-14,287,6.1,,13.1,,1.0,,86,,100,,51,,3.6,,7.0,,1.0,,0.0,,12.0,,20.8,,30.3,,1022,,1.0,,0.2,,250,,70,,6.1,,14.8,,15.6,,14.2,
2018-10-15,288,10.0,,15.6,,4.0,,100,,100,,95,,10.0,,15.6,,4.0,,8.9,,1.2,,2.2,,-6.2,,1016,,2.4,,1.6,,203,,45,,11.5,,14.1,,14.6,,13.8,
2018-10-16,289,6.5,,11.4,,2.5,,66,,100,,41,,0.3,,9.9,,-3.7,,0.3,,14.7,,24.9,,42.1,,1016,,1.8,,1.4,,279,,40,,13.3,,14.1,,14.5,,13.6,
2018-10-17,290,6.0,,13.2,,1.7,,76,,100,,43,,1.7,,5.4,,-3.2,,0.0,,10.3,,17.3,,20.3,,1013,,1.7,,1.2,,259,,42,,12.3,,13.3,,13.7,,12.7,
2018-10-18,291,1.2,E,5.8,E,-1.6,E,57,E,93,E,30,E,-7.0,E,-0.8,E,-11.1,E,0.0,,NA,M,NA,M,NA,M,1024,,NA,M,NA,M,NA,M,NA,M,NA,M,12.3,,12.5,,11.8,
2018-10-19,292,6.3,,13.7,,-1.7,,66,,90,,41,,0.1,,4.5,,-3.9,,0.0,,14.5,,29.2,,42.3,,1018,,1.9,,1.5,,214,,32,,10.8,,11.4,,12.1,,10.7,
2018-10-20,293,9.6,,15.5,,6.0,,82,,96,,56,,6.5,,9.1,,4.3,,0.0,,5.6,,11.8,,10.0,,1004,,1.9,,1.4,,228,,40,,12.3,,12.2,,12.8,,11.8,
2018-10-21,294,2.8,,7.1,,-3.2,,66,,93,,36,,-3.3,,5.2,,-9.5,,1.5,,7.9,,15.7,,5.2,,1010,,1.5,,1.0,,313,,44,,12.1,,11.9,,12.4,,11.2,
2018-10-22,295,2.3,,8.4,,-3.8,,71,,93,,44,,-2.7,,0.5,,-7.5,,0.0,,10.8,,21.5,,25.0,,1021,,1.1,,0.7,,227,,44,,7.2,,10.4,,11.3,,9.7,
2018-10-23,296,6.2,,11.9,,1.9,,84,,99,,63,,3.6,,8.4,,0.0,,4.3,,6.2,,12.7,,16.0,,1017,,1.4,,0.9,,147,,44,,8.5,,10.7,,11.2,,10.2,
2018-10-24,297,3.4,,7.7,,-1.3,,88,,100,,61,,1.6,,4.8,,-1.7,,0.3,,4.7,,9.2,,-9.2,,1015,,1.3,,1.0,,308,,39,,9.8,,10.8,,11.1,,10.5,
2018-10-25,298,1.9,,6.4,,-1.7,,70,,94,,46,,-3.3,,0.3,,-7.1,,0.0,,9.4,,18.1,,27.8,,1016,,1.6,,1.2,,292,,36,,9.6,,10.1,,10.6,,9.7,
2018-10-26,299,0.9,,6.9,,-4.1,,62,,87,,31,,-6.0,,-1.8,,-10.2,,0.0,,10.9,,21.5,,23.6,,1018,,1.1,,0.4,,335,,61,,8.1,,9.4,,10.1,,8.8,
2018-10-27,300,3.1,,4.7,,1.0,,91,,97,,60,,1.6,,4.1,,-5.3,,14.7,,1.6,,3.5,,-1.0,,1012,,3.4,,3.0,,66,,29,,16.4,,9.1,,9.4,,8.8,
2018-10-28,301,4.5,,7.4,,2.3,,96,,100,,84,,4.0,,6.2,,2.1,,1.5,,4.1,,7.9,,5.3,,1007,,1.2,,0.5,,191,,61,,11.3,,9.3,,9.8,,8.9,
2018-10-29,302,5.5,,8.3,,1.9,,95,,99,,85,,4.7,,7.7,,1.7,,7.4,,2.0,,5.0,,-13.4,,1007,,1.3,,0.4,,220,,66,,7.6,,9.7,,10.0,,9.4,
2018-10-30,303,2.1,,5.6,,-1.4,,82,,99,,61,,-0.8,,2.2,,-2.1,,0.0,,5.8,,11.9,,-3.7,,1015,,1.4,,0.9,,288,,48,,8.0,,9.2,,9.6,,8.8,
2018-10-31,304,6.0,,13.2,,-2.5,,80,,100,,49,,2.5,,9.9,,-2.7,,0.0,,8.8,,18.3,,29.6,,1017,,1.7,,1.2,,193,,45,,9.7,,8.6,,9.4,,7.9,
2018-11-01,305,10.5,,12.2,,8.5,,96,,100,,89,,9.9,,11.7,,8.3,,4.1,,1.2,,3.1,,-0.1,,1011,,1.1,,0.5,,117,,53,,6.8,,9.8,,10.4,,9.3,
2018-11-02,306,15.5,,17.7,,9.5,,98,,100,,92,,15.1,,16.7,,9.5,,28.7,,0.9,,2.4,,-0.7,,1008,,2.8,,2.1,,195,,39,,15.5,,11.1,,12.2,,10.3,
2018-11-03,307,8.8,,12.9,,3.4,,84,,100,,59,,6.0,,12.5,,-2.2,,33.5,,4.1,,9.1,,-0.0,,1009,,3.0,,0.7,,265,,70,,14.6,,12.1,,12.3,,11.5,
2018-11-04,308,4.0,,9.9,,-0.4,,69,,92,,40,,-1.5,,0.8,,-4.1,,0.0,,11.3,,23.5,,11.7,,1030,,1.6,,0.4,,332,,68,,8.0,,10.6,,11.5,,10.1,
2018-11-05,309,3.8,,6.4,,0.8,,91,,98,,75,,2.5,,6.1,,-2.8,,7.6,,2.3,,5.4,,-7.5,,1029,,2.1,,1.9,,81,,29,,9.4,,9.6,,10.2,,9.4,
2018-11-06,310,8.3,,11.2,,5.6,,99,,100,,98,,8.2,,11.2,,5.3,,17.3,,2.0,,5.2,,6.3,,1013,,2.0,,0.8,,136,,63,,8.9,,9.8,,10.3,,9.5,
2018-11-07,311,10.0,,14.5,,5.5,,66,,99,,40,,3.6,,10.8,,-1.7,,0.0,,11.0,,22.9,,15.2,,1012,,1.9,,1.6,,250,,32,,11.2,,10.4,,10.8,,10.0,
2018-11-08,312,4.1,,9.2,,-0.3,,69,,92,,46,,-1.4,,1.0,,-2.7,,0.0,,10.8,,22.5,,8.0,,1022,,1.4,,0.9,,277,,45,,9.0,,9.7,,10.4,,9.3,
2018-11-09,313,2.7,,5.5,,-1.6,,86,,98,,60,,0.4,,4.3,,-2.9,,18.8,,3.7,,8.0,,-5.5,,1023,,1.8,,1.5,,81,,31,,11.9,,8.6,,9.3,,8.2,
2018-11-10,314,2.6,,6.1,,-1.6,,74,,100,,36,,-2.2,,5.7,,-12.3,,5.3,,5.5,,12.0,,2.1,,1010,,2.4,,1.4,,278,,52,,13.9,,8.3,,8.7,,8.0,
2018-11-11,315,-0.5,,4.5,,-3.7,,59,,83,,32,,-7.9,,-5.8,,-11.2,,0.0,,11.0,,22.7,,1.9,,1023,,2.1,,1.9,,272,,28,,10.5,,7.4,,8.0,,6.9,
2018-11-12,316,1.3,,6.4,,-4.2,,69,,92,,44,,-4.0,,0.0,,-7.2,,0.0,,9.3,,19.2,,12.1,,1027,,1.2,,0.8,,184,,46,,6.1,,6.4,,7.0,,5.9,
2018-11-13,317,2.9,,6.1,,-0.4,,93,,100,,53,,1.8,,6.0,,-8.1,,33.0,,1.4,,3.7,,-10.7,,1015,,2.0,,0.7,,296,,63,,12.5,,6.8,,7.1,,6.6,
2018-11-14,318,-3.6,,-0.3,,-8.1,,47,,74,,29,,-13.5,,-5.0,,-18.2,,0.0,,10.0,,20.2,,8.3,,1025,,2.8,,2.3,,292,,33,,15.8,,6.3,,7.0,,5.7,
2018-11-15,319,-6.0,,-3.1,,-9.2,,61,,100,,25,,-13.0,,-3.8,,-20.6,,9.9,,4.0,,8.4,,2.3,,1029,,1.4,,0.8,,83,,52,,9.6,,5.0,,5.7,,4.7,
2018-11-16,320,-1.2,,-0.1,,-3.9,,100,,100,,99,,-1.2,,-0.1,,-3.9,,9.6,,3.9,,8.0,,-12.3,,1005,,2.3,,0.6,,15,,70,,14.0,,4.9,,5.1,,4.7,
2018-11-17,321,2.0,,5.7,,-0.4,,78,,100,,59,,-1.6,,1.0,,-5.3,,0.0,,4.6,,9.8,,-2.0,,1017,,2.2,,2.0,,268,,26,,12.3,,5.2,,5.3,,5.0,
2018-11-18,322,-0.4,,1.6,,-1.5,,68,,82,,53,,-5.7,,-2.8,,-8.0,,0.0,,4.6,,9.8,,-2.2,,1025,,0.9,,0.5,,243,,55,,5.2,,5.3,,5.4,,5.2,
2018-11-19,323,0.3,,2.5,,-1.9,,98,,100,,81,,0.1,,2.0,,-4.3,,9.4,,2.0,,4.7,,-6.2,,1018,,0.6,,0.1,,101,,64,,4.7,,5.3,,5.4,,5.2,
2018-11-20,324,-0.6,,0.7,,-4.1,,100,,100,,93,,-0.6,,0.7,,-4.9,,9.1,,0.6,,1.4,,-17.9,,1013,,1.2,,0.5,,49,,57,,8.5,,5.3,,5.3,,5.2,
2018-11-21,325,-3.6,,2.4,,-10.7,,80,,98,,46,,-6.8,,-1.1,,-16.9,,0.3,,3.1,,6.2,,-37.8,,1013,,2.4,,1.9,,259,,36,,14.9,,5.2,,5.3,,5.1,
2018-11-22,326,-13.0,E,-10.3,E,-15.8,E,57,E,74,E,40,E,-19.9,E,-15.9,E,-21.7,E,0.0,,8.9,E,17.8,E,-45.3,E,1025,E,2.0,E,NA,M,NA,M,NA,M,10.3,E,5.0,E,5.2,E,4.7,E
2018-11-23,327,-9.6,,-2.8,,-17.6,,54,,88,,25,,-18.0,,-15.1,,-20.6,,0.0,,10.0,,19.8,,-36.1,,1029,,1.2,,0.7,,238,,53,,6.4,,4.2,,4.7,,3.9,
2018-11-24,328,-1.1,,3.5,,-7.3,,72,,98,,42,,-5.7,,3.2,,-17.0,,0.0,,7.2,,15.1,,-7.0,,1018,,1.9,,0.9,,192,,59,,8.4,,3.8,,4.0,,3.7,
2018-11-25,329,2.7,,4.8,,0.3,,99,,100,,94,,2.5,,4.2,,0.3,,1.3,,2.6,,6.0,,4.2,,1011,,1.2,,0.7,,45,,44,,6.7,,4.0,,4.1,,3.8,
2018-11-26,330,1.9,,3.4,,0.4,,99,,100,,95,,1.8,,3.3,,0.2,,18.8,,1.4,,3.4,,0.6,,1009,,2.1,,1.9,,85,,27,,10.9,,4.1,,4.2,,3.9,
2018-11-27,331,0.5,,3.3,,-0.5,,95,,100,,82,,-0.2,,2.0,,-1.8,,7.6,,2.9,,7.1,,-21.3,,993,,2.8,,0.4,,346,,76,,14.1,,3.9,,4.0,,3.9,
2018-11-28,332,-0.0,,2.4,,-1.5,,87,,98,,71,,-2.0,,0.1,,-3.5,,0.0,,3.8,,8.4,,-5.9,,994,,1.7,,1.5,,269,,26,,9.5,,4.0,,4.0,,3.9,
2018-11-29,333,1.0,,4.0,,-1.3,,75,,92,,56,,-3.0,,-1.9,,-4.3,,0.0,,4.7,,9.8,,6.7,,1008,,2.2,,1.9,,298,,33,,11.9,,4.0,,4.1,,3.9,
2018-11-30,334,-0.9,,0.4,,-2.3,,83,,98,,72,,-3.5,,-2.1,,-4.5,,0.0,,3.1,,6.8,,-3.5,,1015,,1.0,,0.7,,294,,36,,7.3,,3.8,,4.0,,3.7,
2018-12-01,335,-0.4,,4.2,,-3.7,,85,,100,,59,,-2.8,,-1.4,,-3.9,,0.0,,7.8,,16.5,,5.8,,1021,,0.9,,0.3,,27,,64,,5.5,,3.7,,3.9,,3.5,
2018-12-02,336,2.6,,5.5,,-0.0,,98,,100,,86,,2.4,,5.1,,-1.9,,19.3,,1.6,,4.1,,7.1,,1009,,1.4,,1.0,,94,,40,,10.2,,3.9,,4.4,,3.5,
2018-12-03,337,5.1,,9.3,,-0.8,,85,,100,,60,,2.5,,9.2,,-2.3,,0.3,,3.6,,9.2,,4.1,,1001,,1.9,,1.6,,261,,34,,9.7,,4.9,,5.3,,4.4,
2018-12-04,338,-2.8,,0.6,,-7.2,,69,,95,,47,,-7.9,,-1.3,,-11.6,,0.0,,6.6,,13.3,,-10.9,,1011,,1.7,,1.3,,311,,35,,8.8,,4.6,,5.1,,4.0,
2018-12-05,339,-5.1,,-0.7,,-9.6,,70,,91,,45,,-9.9,,-6.8,,-12.4,,0.0,,6.1,,12.5,,-1.5,,1017,,0.6,,0.2,,322,,58,,4.1,,3.2,,4.1,,2.8,
2018-12-06,340,-2.9,,0.5,,-7.2,,75,,92,,56,,-6.9,,-5.0,,-8.7,,0.0,,5.5,,11.4,,-10.2,,1017,,1.3,,1.1,,253,,33,,7.9,,2.6,,2.8,,2.4,
2018-12-07,341,-3.5,,0.0,,-9.4,,61,,97,,28,,-10.7,,-3.1,,-17.4,,0.0,,8.5,,16.7,,-13.4,,1022,,2.1,,1.8,,271,,30,,10.8,,2.3,,2.5,,2.2,
2018-12-08,342,-8.3,,-2.5,,-11.8,,59,,89,,24,,-15.5,,-10.9,,-21.4,,0.0,,8.3,,16.1,,-15.7,,1029,,1.0,,0.7,,290,,37,,7.9,,1.9,,2.2,,1.7,
2018-12-09,343,-5.9,,-0.5,,-10.6,,78,,96,,58,,-9.3,,-6.5,,-11.5,,0.0,,5.9,,11.3,,-21.3,,1024,,1.4,,1.0,,241,,41,,7.5,,1.6,,1.8,,1.5,
2018-12-10,344,-4.3,,0.9,,-9.0,,68,,92,,44,,-9.6,,-6.9,,-11.4,,0.0,,8.5,,15.7,,-15.2,,1018,,1.0,,0.6,,344,,48,,7.0,,1.4,,1.5,,1.3,
2018-12-11,345,-5.5,,0.4,,-11.3,,73,,92,,50,,-9.7,,-6.7,,-12.8,,0.0,,8.3,,15.4,,-4.1,,1017,,0.9,,0.1,,249,,75,,5.7,,1.2,,1.4,,1.1,
2018-12-12,346,-5.1,,0.2,,-10.4,,69,,87,,46,,-10.2,,-6.3,,-14.9,,0.0,,6.8,,12.5,,-14.7,,1017,,1.2,,0.9,,320,,41,,9.4,,1.1,,1.2,,1.1,
2018-12-13,347,-7.0,,-3.5,,-11.5,,75,,90,,59,,-10.7,,-6.1,,-16.6,,0.0,,3.5,,7.1,,1.2,,1030,,1.1,,0.8,,102,,41,,5.8,,1.0,,1.1,,0.9,
2018-12-14,348,1.1,,5.0,,-4.2,,86,,100,,70,,-1.0,,4.6,,-7.0,,0.0,,3.7,,7.6,,18.8,,1029,,1.7,,1.3,,197,,38,,8.7,,1.0,,1.0,,0.9,
2018-12-15,349,5.1,,11.3,,0.4,,82,,100,,45,,2.1,,6.5,,-3.8,,0.0,,5.3,,10.5,,9.1,,1022,,1.4,,0.3,,301,,72,,8.4,,1.0,,1.0,,0.9,
2018-12-16,350,0.7,,1.8,,-0.6,,87,,98,,71,,-1.3,,0.4,,-4.3,,12.7,,1.8,,4.1,,-7.9,,1016,,2.4,,2.0,,63,,30,,8.8,,1.0,,1.0,,0.9,
2018-12-17,351,-0.3,,0.7,,-1.6,,95,,100,,62,,-1.0,,0.5,,-7.8,,1.5,,1.4,,3.3,,-11.7,,1003,,1.7,,1.2,,290,,44,,12.3,,0.9,,1.0,,0.9,
2018-12-18,352,-6.2,,-1.4,,-9.4,,63,,87,,48,,-12.1,,-6.8,,-14.3,,0.0,,7.2,,14.2,,-12.9,,1011,,2.9,,2.4,,296,,32,,15.2,,1.0,,1.1,,0.9,
2018-12-19,353,-4.0,,3.0,,-10.7,,62,,88,,31,,-10.8,,-7.1,,-13.4,,0.0,,8.3,,15.5,,0.8,,1017,,1.0,,0.8,,254,,36,,4.7,,1.1,,1.1,,1.0,
2018-12-20,354,1.3,,6.2,,-3.4,,73,,100,,51,,-3.2,,4.2,,-8.0,,3.3,,6.6,,12.7,,3.8,,1017,,1.1,,0.6,,171,,51,,7.1,,1.0,,1.1,,1.0,
2018-12-21,355,11.3,,16.6,,4.1,,98,,100,,93,,11.0,,15.7,,3.8,,40.4,,0.6,,1.5,,-3.5,,1000,,3.9,,3.1,,141,,37,,15.1,,1.3,,2.9,,0.8,
2018-12-22,356,4.1,,12.3,,-1.6,,85,,100,,65,,1.7,,11.5,,-5.9,,0.5,,2.4,,5.1,,-5.9,,997,,3.2,,2.0,,249,,51,,13.8,,3.8,,4.1,,2.9,
2018-12-23,357,-2.4,,2.0,,-4.5,,70,,86,,45,,-7.4,,-5.0,,-9.4,,0.0,,8.2,,16.1,,-11.4,,1016,,1.8,,1.5,,276,,29,,9.1,,3.0,,3.7,,2.5,
2018-12-24,358,-2.0,,0.1,,-4.4,,87,,96,,73,,-3.9,,-0.8,,-7.3,,0.3,,2.6,,6.2,,-8.0,,1015,,0.9,,0.6,,247,,44,,6.0,,2.3,,2.6,,2.1,
2018-12-25,359,-2.7,,1.0,,-7.2,,65,,93,,36,,-8.6,,-2.8,,-14.4,,0.0,,8.6,,16.6,,-3.3,,1021,,1.4,,1.1,,286,,35,,7.3,,2.1,,2.2,,2.0,
2018-12-26,360,-4.1,,1.6,,-9.6,,71,,86,,45,,-8.8,,-4.3,,-13.4,,0.0,,7.5,,14.6,,-4.1,,1027,,1.3,,1.1,,268,,29,,8.4,,1.7,,2.0,,1.5,
2018-12-27,361,-2.6,,0.7,,-6.0,,55,,83,,29,,-11.0,,-4.0,,-16.2,,0.0,,7.7,,14.9,,1.2,,1033,,1.3,,0.3,,353,,69,,6.7,,1.4,,1.5,,1.3,
2018-12-28,362,4.5,,10.4,,-2.8,,96,,100,,60,,3.9,,10.4,,-9.5,,11.7,,0.9,,2.2,,4.9,,1018,,2.4,,1.8,,181,,42,,10.6,,1.3,,1.4,,1.2,
2018-12-29,363,3.8,,9.7,,-3.9,,81,,100,,62,,0.7,,9.7,,-8.0,,0.3,,5.1,,10.5,,1.9,,1012,,2.6,,2.1,,270,,33,,16.5,,2.3,,2.8,,1.3,
2018-12-30,364,-3.1,,1.0,,-6.6,,71,,84,,50,,-7.8,,-4.0,,-11.2,,0.0,,6.5,,12.1,,3.2,,1021,,1.1,,0.6,,273,,51,,7.5,,2.1,,2.6,,1.9,
2018-12-31,365,-0.4,,2.1,,-3.8,,92,,100,,79,,-1.6,,1.0,,-4.2,,14.0,,2.1,,4.6,,-5.1,,1023,,1.7,,1.3,,170,,36,,8.4,,1.8,,2.0,,1.7,
2019-01-01,1,2.0,E,7.4,E,-3.5,E,NA,M,NA,M,NA,M,NA,M,NA,M,NA,M,3.8,E,NA,M,NA,M,NA,M,NA,M,NA,M,NA,M,NA,M,NA,M,NA,M,2.1,E,2.5,E,1.8,E
2019-01-02,2,-4.0,,-0.0,,-7.2,,58,,85,,25,,-11.5,,-7.0,,-18.7,,0.0,,7.5,,14.5,,-12.3,,1023,,1.1,,0.1,,274,,75,,6.5,,1.9,,2.4,,1.6,
2019-01-03,3,-0.4,,3.4,,-3.1,,76,,100,,57,,-4.2,,1.5,,-10.1,,0.8,,3.9,,7.8,,5.2,,1013,,2.2,,1.2,,243,,53,,10.1,,1.5,,1.6,,1.4,
2019-01-04,4,0.8,,3.6,,-2.7,,74,,89,,59,,-3.5,,-1.7,,-5.9,,0.0,,6.8,,13.9,,1.3,,1010,,1.6,,1.4,,227,,28,,7.7,,1.5,,1.6,,1.4,
2019-01-05,5,0.9,,2.3,,-1.1,,94,,100,,78,,0.1,,1.7,,-2.0,,3.6,,1.9,,4.3,,-6.1,,1002,,1.1,,0.4,,36,,62,,6.0,,1.8,,2.1,,1.5,
2019-01-06,6,-2.2,,3.1,,-8.7,,87,,100,,56,,-4.3,,1.2,,-14.6,,2.0,,2.3,,4.8,,-26.0,,1010,,1.7,,1.3,,299,,41,,12.2,,1.8,,2.1,,1.7,
2019-01-07,7,-8.7,,-5.5,,-12.5,,49,,68,,29,,-17.8,,-14.3,,-21.6,,0.0,,6.5,,12.4,,-17.4,,1026,,1.7,,0.9,,319,,55,,9.4,,1.5,,1.8,,1.3,
2019-01-08,8,-1.6,,2.1,,-7.0,,91,,100,,42,,-3.1,,2.1,,-16.6,,5.3,,1.7,,3.6,,4.5,,1014,,1.8,,1.4,,134,,37,,7.1,,1.3,,1.4,,1.2,
2019-01-09,9,0.8,,2.8,,-2.5,,88,,100,,72,,-1.1,,2.3,,-6.5,,4.6,,2.8,,6.5,,8.7,,996,,2.6,,2.1,,262,,36,,13.3,,1.2,,1.3,,1.1,
2019-01-10,10,-3.9,,-1.1,,-8.5,,71,,87,,49,,-8.4,,-5.3,,-12.7,,0.0,,4.4,,9.0,,-9.3,,1001,,2.7,,2.4,,283,,29,,11.0,,1.3,,1.4,,1.3,
2019-01-11,11,-9.7,,-6.5,,-14.1,,60,,80,,37,,-16.2,,-10.6,,-20.2,,0.0,,8.5,,16.2,,-16.6,,1017,,2.8,,2.5,,278,,27,,11.7,,1.2,,1.3,,1.0,
2019-01-12,12,-10.9,,-4.5,,-15.3,,56,,78,,32,,-18.3,,-15.8,,-20.5,,0.0,,9.1,,17.7,,-10.4,,1029,,1.4,,1.1,,282,,32,,7.4,,0.9,,1.1,,0.8,
2019-01-13,13,-10.5,,-3.4,,-14.6,,64,,90,,36,,-16.2,,-13.4,,-18.8,,0.0,,9.1,,17.6,,-7.3,,1027,,1.2,,0.9,,330,,36,,5.8,,0.7,,0.9,,0.6,
2019-01-14,14,-8.6,,-1.2,,-15.8,,70,,95,,40,,-13.6,,-9.3,,-17.0,,0.0,,9.4,,17.9,,-7.8,,1021,,0.9,,0.6,,323,,40,,4.9,,0.6,,0.7,,0.5,
2019-01-15,15,-6.2,,-0.6,,-10.7,,71,,92,,52,,-10.8,,-7.8,,-15.1,,0.0,,7.0,,13.7,,-9.7,,1017,,1.1,,0.7,,315,,46,,6.3,,0.4,,0.5,,0.4,
2019-01-16,16,-3.4,,1.3,,-7.6,,74,,97,,51,,-7.5,,-5.0,,-12.6,,0.0,,3.5,,6.7,,-8.9,,1014,,2.1,,1.6,,251,,37,,12.5,,0.4,,0.4,,0.3,
2019-01-17,17,-8.2,,-3.8,,-13.8,,43,,72,,16,,-19.6,,-12.0,,-26.2,,0.0,,8.7,,16.5,,-5.1,,1024,,1.2,,0.3,,304,,68,,7.2,,0.3,,0.4,,0.2,
2019-01-18,18,-3.4,,-0.3,,-7.7,,76,,88,,41,,-7.2,,-3.1,,-17.7,,0.0,,2.9,,5.9,,-0.7,,1018,,1.6,,0.8,,183,,59,,12.3,,0.3,,0.3,,0.2,
2019-01-19,19,-5.0,,-2.7,,-7.3,,76,,96,,57,,-8.8,,-6.3,,-10.9,,2.0,,3.6,,7.3,,-1.3,,1021,,1.6,,1.2,,80,,37,,12.3,,0.2,,0.3,,0.2,
2019-01-20,20,-9.7,,-5.6,,-18.6,,89,,96,,65,,-11.2,,-6.2,,-23.3,,20.6,,1.1,,2.6,,-14.8,,1000,,2.9,,1.3,,14,,60,,15.5,,0.2,,0.3,,0.2,
2019-01-21,21,-19.8,E,-18.2,E,-21.3,E,NA,M,NA,M,NA,M,NA,M,NA,M,NA,M,0.0,E,NA,M,NA,M,NA,M,NA,M,NA,M,NA,M,NA,M,NA,M,NA,M,0.2,E,0.2,E,0.2,E
2019-01-22,22,-9.3,,-4.8,,-10.7,,39,,57,,19,,-20.9,,-17.0,,-25.5,,0.0,,0.4,,0.7,,-24.5,,1032,,0.6,,0.2,,234,,55,,5.6,,0.2,,0.2,,0.2,
2019-01-23,23,-2.7,,4.1,,-10.4,,67,,99,,38,,-8.1,,4.0,,-21.7,,1.3,,4.2,,8.4,,2.2,,1021,,3.2,,2.9,,210,,26,,12.8,,0.2,,0.2,,0.2,
2019-01-24,24,6.8,,12.0,,-2.6,,97,,100,,73,,6.4,,12.0,,-6.6,,77.0,,0.7,,1.8,,9.8,,1000,,3.5,,2.6,,220,,40,,17.1,,0.1,,0.2,,-0.1,
2019-01-25,25,-2.8,,1.7,,-8.5,,64,,82,,34,,-8.9,,-5.5,,-14.1,,0.0,,7.1,,13.3,,-5.4,,1010,,2.5,,2.2,,267,,28,,11.4,,0.1,,0.2,,0.1,
2019-01-26,26,-7.3,,-2.3,,-10.9,,62,,83,,35,,-13.7,,-11.2,,-16.4,,0.0,,9.4,,17.8,,-0.8,,1021,,1.3,,0.7,,256,,54,,7.7,,0.1,,0.2,,0.1,
2019-01-27,27,-2.1,,3.9,,-9.2,,71,,88,,56,,-6.7,,-1.5,,-13.5,,0.0,,4.8,,9.5,,-6.4,,1016,,2.9,,1.6,,168,,53,,12.0,,0.2,,0.2,,0.1,
2019-01-28,28,-7.1,,-2.3,,-10.6,,55,,79,,31,,-14.8,,-5.5,,-19.6,,0.0,,10.0,,18.8,,-3.8,,1016,,1.6,,0.9,,338,,55,,11.4,,0.2,,0.2,,0.1,
2019-01-29,29,-7.2,,-3.7,,-11.4,,81,,99,,54,,-9.9,,-3.9,,-18.2,,3.6,,2.6,,5.6,,0.1,,1013,,2.5,,2.2,,93,,28,,9.4,,0.1,,0.2,,0.1,
2019-01-30,30,-8.8,,-3.5,,-20.2,,74,,100,,31,,-13.3,,-3.7,,-26.4,,3.6,,8.7,,15.3,,-17.1,,1008,,2.4,,2.0,,268,,34,,14.1,,0.1,,0.1,,0.1,
2019-01-31,31,-17.5,,-11.2,,-22.7,,47,,64,,26,,-26.5,,-23.9,,-28.6,,0.0,,11.7,,21.1,,-40.6,,1020,,2.2,,2.0,,250,,25,,9.3,,0.1,,0.1,,0.1,
2019-02-01,32,-14.9,,-7.9,,-20.2,,56,,73,,34,,-22.0,,-18.6,,-25.4,,0.0,,9.9,,18.2,,-29.5,,1024,,1.5,,1.3,,264,,27,,8.1,,0.1,,0.1,,0.0,
2019-02-02,33,-8.9,,-1.4,,-17.1,,61,,82,,29,,-15.6,,-4.4,,-20.3,,0.0,,8.9,,17.0,,-6.9,,1019,,1.7,,1.4,,240,,30,,9.1,,0.1,,0.1,,0.0,
2019-02-03,34,0.1,,5.2,,-3.8,,79,,91,,58,,-3.2,,-0.8,,-5.4,,0.0,,4.8,,9.5,,-10.5,,1017,,1.5,,1.1,,196,,40,,8.2,,0.1,,0.1,,0.0,
2019-02-04,35,6.6,,16.1,,0.3,,72,,94,,45,,1.5,,5.9,,-1.6,,0.0,,10.9,,21.6,,9.1,,1016,,1.5,,1.3,,211,,33,,6.6,,0.1,,0.1,,0.0,
2019-02-05,36,7.0,,15.0,,-0.7,,74,,90,,51,,2.5,,6.9,,-2.2,,0.3,,10.4,,20.6,,19.1,,1013,,2.1,,1.6,,245,,40,,10.1,,0.1,,0.1,,0.0,
2019-02-06,37,0.2,,4.0,,-3.8,,74,,99,,48,,-4.3,,-0.7,,-8.1,,9.9,,9.9,,19.7,,34.2,,1021,,1.5,,0.6,,118,,61,,7.1,,0.1,,0.1,,0.0,
2019-02-07,38,-0.0,,0.9,,-1.0,,100,,100,,98,,-0.1,,0.9,,-1.2,,1.3,,3.4,,7.9,,9.4,,1019,,0.9,,0.8,,81,,21,,8.5,,0.1,,0.1,,0.1,
2019-02-08,39,0.7,,7.1,,-5.9,,82,,100,,47,,-2.3,,5.5,,-15.4,,5.8,,4.3,,8.9,,-4.4,,1012,,2.7,,1.8,,260,,46,,16.2,,0.1,,0.2,,0.1,
2019-02-09,40,-6.1,,-2.0,,-8.8,,45,,87,,22,,-16.6,,-10.3,,-21.6,,0.0,,13.2,,24.2,,20.0,,1027,,3.3,,2.8,,283,,29,,15.7,,0.1,,0.2,,0.1,
2019-02-10,41,-6.0,,-1.3,,-10.2,,57,,83,,33,,-13.5,,-11.1,,-16.4,,0.0,,11.9,,23.2,,18.5,,1030,,1.6,,1.4,,270,,30,,7.8,,0.1,,0.2,,0.1,
2019-02-11,42,-4.5,,0.7,,-8.5,,46,,66,,27,,-14.8,,-10.6,,-22.6,,0.0,,11.0,,21.5,,26.5,,1025,,1.3,,1.0,,334,,39,,7.0,,0.1,,0.2,,0.1,
2019-02-12,43,-9.1,,-4.0,,-13.0,,70,,100,,35,,-14.1,,-4.0,,-22.1,,16.5,,2.5,,5.4,,-4.4,,1024,,1.8,,1.3,,68,,44,,11.3,,0.1,,0.2,,0.1,
2019-02-13,44,-1.8,,0.5,,-5.6,,99,,100,,88,,-2.0,,0.5,,-6.9,,11.2,,5.3,,9.9,,-10.8,,1002,,1.7,,0.7,,282,,62,,9.4,,0.1,,0.1,,0.0,
2019-02-14,45,-3.8,,0.4,,-6.2,,76,,93,,54,,-7.5,,-6.1,,-9.6,,0.0,,9.3,,17.3,,-9.3,,1012,,2.3,,1.6,,266,,44,,12.6,,0.1,,0.1,,0.1,
2019-02-15,46,2.8,,8.3,,-3.6,,87,,99,,69,,0.7,,5.3,,-7.4,,1.0,,4.0,,8.5,,-1.3,,1008,,2.6,,1.7,,160,,48,,9.2,,0.1,,0.1,,0.1,
2019-02-16,47,-1.7,,1.8,,-5.8,,61,,79,,45,,-8.4,,-2.5,,-11.8,,0.0,,14.2,,27.1,,-6.9,,1009,,2.2,,1.8,,283,,32,,10.5,,0.1,,0.1,,0.1,
2019-02-17,48,-4.6,,1.7,,-10.8,,55,,84,,26,,-12.9,,-7.8,,-17.9,,0.0,,14.5,,27.2,,0.4,,1017,,1.2,,0.5,,294,,62,,6.2,,0.1,,0.2,,0.1,
2019-02-18,49,-5.2,,-2.3,,-11.1,,90,,98,,67,,-6.5,,-3.0,,-14.8,,3.8,,1.7,,3.4,,-15.6,,1012,,1.4,,0.4,,2,,68,,9.1,,0.1,,0.1,,0.1,
2019-02-19,50,-9.0,,-2.3,,-14.6,,57,,87,,24,,-16.6,,-14.4,,-21.1,,0.0,,11.0,,22.0,,-31.7,,1029,,1.7,,1.4,,286,,34,,8.3,,0.1,,0.2,,0.1,
2019-02-20,51,-8.4,,-4.3,,-14.0,,69,,97,,38,,-13.6,,-7.2,,-17.1,,1.8,,6.1,,12.2,,-6.8,,1029,,1.0,,0.5,,177,,54,,6.8,,0.1,,0.1,,0.1,
2019-02-21,52,-0.7,,5.4,,-7.0,,84,,100,,55,,-3.4,,2.5,,-7.5,,8.9,,7.8,,16.2,,1.7,,1013,,2.2,,1.2,,271,,52,,14.6,,0.1,,0.1,,0.1,
2019-02-22,53,0.4,,4.3,,-3.7,,61,,81,,41,,-6.5,,-3.7,,-8.1,,0.0,,11.4,,22.3,,-2.0,,1024,,1.4,,1.1,,302,,36,,7.5,,0.1,,0.1,,0.1,
2019-02-23,54,-1.9,,2.9,,-7.1,,64,,89,,36,,-8.4,,-5.5,,-11.9,,0.0,,10.4,,20.4,,-8.4,,1028,,0.8,,0.1,,186,,72,,4.5,,0.1,,0.2,,0.1,
2019-02-24,55,0.5,,2.6,,-1.7,,93,,100,,63,,-0.6,,2.5,,-7.2,,8.6,,2.4,,5.7,,-7.4,,1004,,2.4,,1.2,,102,,56,,16.4,,0.1,,0.1,,0.1,
2019-02-25,56,-3.0,,0.5,,-7.0,,67,,100,,37,,-8.7,,-1.1,,-14.3,,1.3,,6.8,,13.5,,-9.8,,1002,,4.7,,4.2,,272,,27,,22.1,,0.1,,0.1,,0.1,
2019-02-26,57,-8.3,,-4.9,,-12.4,,43,,69,,22,,-19.2,,-12.1,,-24.1,,0.0,,16.4,,31.3,,-14.4,,1021,,3.3,,2.9,,283,,28,,14.2,,0.1,,0.2,,0.1,
2019-02-27,58,-11.7,,-6.7,,-16.4,,56,,92,,23,,-19.5,,-11.2,,-27.2,,0.8,,9.7,,19.5,,-2.4,,1023,,1.2,,0.7,,294,,50,,6.3,,0.1,,0.2,,0.1,
2019-02-28,59,-8.2,,-2.7,,-11.2,,69,,93,,34,,-13.4,,-10.3,,-19.0,,1.8,,10.0,,18.5,,-54.5,,1019,,1.1,,0.6,,337,,53,,7.2,,0.1,,0.1,,0.0,
2019-03-01,60,-4.8,,2.8,,-10.7,,61,,85,,42,,-11.3,,-6.3,,-19.8,,0.0,,15.4,,29.1,,-5.9,,1025,,0.9,,0.4,,203,,57,,5.8,,0.1,,0.1,,0.0,
2019-03-02,61,-2.1,,1.1,,-4.6,,72,,92,,54,,-6.5,,-3.3,,-9.4,,0.8,,6.1,,12.5,,3.7,,1017,,1.1,,0.9,,48,,33,,7.4,,0.1,,0.1,,0.0,
2019-03-03,62,-0.4,,4.7,,-4.7,,69,,100,,37,,-6.0,,-1.8,,-9.2,,3.6,,12.5,,24.0,,6.8,,1017,,0.9,,0.4,,249,,58,,5.6,,0.1,,0.1,,0.0,
2019-03-04,63,-3.0,,2.2,,-10.3,,81,,100,,51,,-6.1,,-1.5,,-16.7,,7.4,,2.3,,9.7,,-33.6,,1006,,1.9,,1.1,,309,,51,,9.0,,0.1,,0.1,,0.0,
2019-03-05,64,-8.6,,-2.9,,-15.4,,56,,82,,32,,-16.3,,-13.9,,-18.3,,0.0,,13.6,,31.4,,-17.1,,1012,,1.6,,1.2,,255,,42,,11.1,,0.1,,0.1,,0.0,
2019-03-06,65,-10.8,,-6.5,,-15.9,,50,,81,,24,,-19.8,,-15.5,,-24.6,,0.0,,14.4,,27.1,,-20.7,,1014,,2.5,,2.2,,276,,29,,12.4,,0.1,,0.1,,0.1,
2019-03-07,66,-11.1,,-4.9,,-17.9,,57,,86,,30,,-18.5,,-15.0,,-20.8,,0.0,,14.6,,27.2,,-13.6,,1021,,1.7,,1.5,,272,,30,,10.9,,0.1,,0.1,,0.0,
2019-03-08,67,-6.6,,0.0,,-14.4,,56,,83,,30,,-14.4,,-9.3,,-17.8,,0.0,,16.1,,29.3,,-17.1,,1024,,1.5,,1.2,,228,,34,,8.0,,0.1,,0.1,,0.0,
2019-03-09,68,-1.2,,7.0,,-8.3,,49,,87,,13,,-12.4,,-7.1,,-21.1,,0.0,,18.6,,33.6,,-10.4,,1024,,1.3,,0.4,,5,,66,,7.1,,0.1,,0.1,,0.0,
2019-03-10,69,-1.4,,0.1,,-3.6,,88,,100,,40,,-3.4,,0.1,,-13.8,,9.6,,2.6,,5.7,,-9.2,,1019,,2.2,,1.5,,108,,46,,11.9,,0.1,,0.1,,0.0,
2019-03-11,70,1.9,,7.0,,-1.4,,68,,100,,35,,-4.1,,0.7,,-8.2,,0.0,,12.7,,25.0,,-11.6,,1013,,2.8,,2.5,,273,,26,,12.2,,0.1,,0.1,,0.0,
2019-03-12,71,-0.9,,4.0,,-4.5,,61,,76,,36,,-7.6,,-5.7,,-10.0,,0.0,,11.6,,22.7,,-5.2,,1019,,2.1,,1.7,,286,,33,,11.2,,0.1,,0.1,,0.0,
2019-03-13,72,-0.0,,6.0,,-7.6,,52,,88,,24,,-10.0,,-4.8,,-14.7,,0.0,,14.5,,28.1,,12.5,,1025,,1.1,,0.7,,214,,50,,5.6,,0.1,,0.1,,0.0,
2019-03-14,73,4.8,,10.4,,0.4,,62,,85,,40,,-2.2,,3.7,,-5.5,,0.0,,11.6,,23.8,,34.2,,1021,,1.8,,1.5,,171,,29,,7.6,,0.1,,0.1,,0.0,
2019-03-15,74,10.3,,15.9,,6.8,,90,,100,,71,,8.6,,11.2,,3.1,,0.0,,7.8,,16.3,,49.7,,1009,,2.9,,2.5,,200,,31,,11.9,,0.1,,0.1,,0.1,
2019-03-16,75,2.2,,6.9,,-2.5,,59,,92,,42,,-5.2,,4.8,,-10.3,,0.0,,13.1,,26.1,,53.2,,1011,,3.5,,3.1,,274,,27,,14.9,,0.1,,0.1,,0.1,
2019-03-17,76,-2.4,,1.6,,-6.5,,49,,71,,30,,-11.8,,-7.8,,-15.3,,0.0,,15.3,,30.2,,55.2,,1018,,2.7,,2.3,,277,,29,,12.9,,0.1,,0.1,,0.1,
2019-03-18,77,-2.7,,3.3,,-7.9,,51,,82,,24,,-12.2,,-8.6,,-16.8,,0.0,,20.0,,38.7,,71.4,,1022,,1.4,,1.1,,285,,36,,8.9,,0.1,,0.2,,0.1,
2019-03-19,78,-1.4,,4.6,,-6.0,,58,,89,,28,,-9.3,,-5.8,,-12.8,,0.0,,17.6,,33.3,,62.4,,1026,,1.3,,0.9,,282,,44,,9.5,,0.1,,0.2,,0.1,
2019-03-20,79,2.5,,9.6,,-5.0,,51,,84,,25,,-7.6,,-2.8,,-9.6,,0.0,,19.7,,37.3,,70.4,,1026,,1.9,,1.5,,200,,38,,7.9,,0.1,,0.2,,0.1,
2019-03-21,80,3.3,,6.9,,-0.2,,67,,97,,47,,-2.3,,0.9,,-4.7,,0.0,,6.8,,13.9,,25.9,,1018,,2.2,,1.5,,150,,44,,8.2,,0.1,,0.2,,0.1,
2019-03-22,81,1.0,,2.3,,-1.6,,95,,100,,80,,0.3,,1.9,,-2.4,,13.7,,3.7,,8.3,,-9.6,,993,,2.8,,0.9,,333,,67,,13.2,,0.1,,0.2,,0.1,
2019-03-23,82,-0.9,,4.2,,-3.7,,71,,100,,49,,-6.0,,-1.4,,-11.4,,3.3,,17.5,,34.8,,28.2,,1005,,3.3,,2.9,,278,,28,,13.8,,0.1,,0.2,,0.1,
2019-03-24,83,3.1,,12.1,,-4.9,,46,,84,,16,,-8.4,,-3.9,,-13.4,,0.0,,17.5,,33.9,,66.8,,1016,,2.2,,2.0,,262,,26,,10.9,,0.1,,0.2,,0.1,
2019-03-25,84,2.2,,7.1,,-2.4,,41,,81,,12,,-11.2,,-2.4,,-21.1,,0.0,,20.2,,39.6,,79.0,,1016,,1.7,,1.2,,295,,42,,10.6,,0.1,,0.2,,0.1,
2019-03-26,85,-0.8,,4.5,,-5.0,,30,,52,,14,,-16.7,,-11.8,,-21.4,,0.0,,22.2,,43.9,,78.0,,1023,,1.5,,1.0,,338,,44,,10.1,,0.2,,0.2,,0.1,
2019-03-27,86,0.3,,7.1,,-6.5,,34,,65,,14,,-15.1,,-7.5,,-21.4,,0.0,,21.5,,41.4,,75.9,,1031,,1.3,,0.6,,189,,58,,7.9,,0.2,,0.2,,0.1,
2019-03-28,87,3.1,,10.2,,-3.5,,59,,86,,32,,-4.6,,-0.5,,-7.8,,0.0,,19.8,,39.1,,82.8,,1026,,2.8,,2.5,,210,,26,,11.6,,0.2,,0.3,,0.2,
2019-03-29,88,5.6,,8.5,,2.7,,89,,100,,74,,3.8,,7.0,,-0.7,,3.0,,5.3,,11.0,,19.6,,1018,,1.5,,1.3,,214,,30,,8.5,,0.2,,0.3,,0.2,
2019-03-30,89,10.3,,18.4,,4.5,,75,,100,,37,,5.3,,9.5,,2.9,,0.3,,11.1,,23.3,,42.2,,1017,,2.9,,2.1,,160,,42,,12.5,,0.6,,1.2,,0.3,
2019-03-31,90,8.0,,15.6,,-0.3,,86,,98,,65,,5.6,,10.5,,-3.8,,9.1,,3.9,,8.4,,-1.0,,1007,,3.2,,2.1,,211,,46,,12.4,,2.2,,3.2,,1.1,
2019-04-01,91,-0.3,,3.8,,-4.4,,56,,89,,23,,-9.1,,-3.0,,-16.0,,0.0,,22.2,,44.5,,80.9,,1017,,2.5,,2.1,,279,,33,,13.6,,3.0,,3.7,,2.3,
2019-04-02,92,1.9,,9.2,,-5.7,,47,,80,,19,,-9.4,,-2.3,,-14.4,,0.0,,21.0,,40.2,,74.3,,1026,,1.9,,1.3,,173,,46,,9.7,,3.0,,3.9,,2.1,
2019-04-03,93,5.4,,14.6,,0.1,,59,,99,,24,,-3.5,,2.3,,-12.6,,0.5,,17.8,,36.1,,63.2,,1013,,3.0,,2.3,,285,,40,,17.7,,4.1,,5.2,,3.2,
2019-04-04,94,2.2,,7.2,,-2.1,,33,,54,,15,,-13.2,,-7.8,,-18.0,,0.0,,23.2,,46.5,,73.6,,1025,,3.0,,2.7,,273,,29,,15.0,,4.3,,5.1,,3.4,
2019-04-05,95,0.3,,5.5,,-4.6,,53,,99,,17,,-9.8,,-0.6,,-17.6,,3.0,,11.9,,23.2,,44.8,,1029,,1.3,,0.7,,218,,55,,7.3,,3.8,,4.4,,3.1,
2019-04-06,96,5.3,,14.4,,-1.2,,84,,100,,48,,2.5,,6.9,,-1.2,,1.0,,15.5,,31.1,,67.7,,1022,,1.3,,0.9,,281,,45,,9.3,,4.4,,5.7,,3.5,
2019-04-07,97,10.1,,18.1,,1.8,,68,,98,,43,,3.9,,7.8,,1.4,,0.0,,15.3,,31.8,,70.6,,1022,,1.5,,0.9,,211,,49,,6.6,,5.7,,7.1,,4.6,
2019-04-08,98,3.1,,10.5,,-0.4,,96,,100,,68,,2.4,,7.2,,-0.4,,15.0,,3.2,,7.4,,8.1,,1012,,2.1,,1.7,,79,,37,,12.5,,6.3,,7.0,,5.6,
2019-04-09,99,0.6,,2.5,,-0.9,,100,,100,,96,,0.6,,2.5,,-0.9,,7.1,,4.3,,9.2,,20.2,,1006,,1.4,,0.9,,115,,48,,8.3,,5.2,,5.7,,4.8,
2019-04-10,100,1.0,,5.7,,-3.1,,78,,100,,47,,-2.7,,1.9,,-6.4,,0.5,,11.6,,24.6,,46.3,,1010,,1.7,,1.2,,321,,41,,11.9,,4.8,,5.3,,4.4,
2019-04-11,101,2.8,,9.6,,-4.2,,51,,89,,19,,-7.4,,-1.0,,-14.3,,0.0,,19.9,,41.4,,91.5,,1022,,1.2,,0.7,,317,,51,,7.6,,4.6,,5.7,,3.6,
2019-04-12,102,6.4,,12.6,,-0.1,,77,,100,,53,,2.5,,12.5,,-5.8,,9.9,,4.7,,10.2,,23.1,,1024,,1.9,,1.6,,174,,35,,10.8,,5.1,,5.8,,4.7,
2019-04-13,103,15.2,,20.8,,10.9,,87,,100,,53,,12.7,,15.5,,9.3,,10.7,,12.9,,27.3,,66.2,,1017,,2.4,,2.1,,216,,29,,12.8,,7.4,,9.0,,5.7,
2019-04-14,104,14.7,,20.5,,6.7,,66,,100,,29,,7.3,,15.8,,-2.3,,3.6,,12.4,,26.4,,67.1,,1012,,1.5,,1.0,,154,,47,,7.7,,8.7,,9.6,,7.9,
2019-04-15,105,10.1,,17.1,,2.7,,86,,100,,63,,7.8,,16.5,,-2.5,,25.4,,8.5,,18.4,,33.2,,996,,3.0,,1.8,,250,,51,,13.9,,10.1,,10.7,,9.6,
2019-04-16,106,6.1,,13.1,,0.7,,48,,74,,21,,-4.8,,0.8,,-9.7,,0.0,,25.2,,52.7,,122.1,,1011,,2.9,,2.4,,283,,33,,12.8,,9.0,,9.8,,8.1,
2019-04-17,107,7.3,,15.6,,-1.1,,49,,85,,17,,-4.3,,0.6,,-10.0,,0.0,,25.7,,53.3,,115.7,,1021,,1.4,,0.3,,30,,69,,6.4,,8.8,,9.9,,7.6,
2019-04-18,108,6.8,,11.8,,3.0,,71,,100,,31,,1.3,,11.5,,-8.4,,0.5,,4.3,,9.3,,8.4,,1020,,2.7,,2.4,,166,,28,,11.9,,8.3,,9.4,,8.0,
2019-04-19,109,16.8,,22.6,,11.7,,86,,98,,59,,14.4,,17.5,,11.3,,8.1,,8.9,,19.0,,51.6,,1009,,3.6,,3.2,,206,,27,,12.7,,9.1,,10.5,,8.1,
2019-04-20,110,17.1,,19.8,,13.5,,93,,99,,78,,15.9,,18.0,,11.6,,27.9,,5.0,,11.4,,14.1,,1012,,3.7,,3.2,,182,,28,,17.9,,11.6,,12.4,,10.5,
2019-04-21,111,13.4,,17.9,,9.2,,88,,100,,67,,11.3,,14.3,,9.1,,1.5,,12.5,,27.0,,49.8,,1017,,1.5,,1.1,,184,,43,,7.4,,12.2,,12.9,,11.5,
2019-04-22,112,12.5,,18.3,,8.1,,91,,100,,63,,11.0,,13.7,,8.1,,22.4,,10.3,,22.9,,55.2,,1018,,1.8,,1.5,,58,,35,,8.4,,12.1,,12.6,,11.4,
2019-04-23,113,13.1,,20.5,,9.3,,84,,99,,49,,10.1,,13.1,,8.8,,7.1,,16.3,,35.5,,93.6,,1012,,1.8,,0.5,,86,,68,,7.6,,12.4,,13.4,,11.6,
2019-04-24,114,9.6,,13.8,,2.4,,76,,100,,48,,5.2,,10.4,,1.4,,0.5,,20.8,,45.0,,114.6,,1008,,2.2,,1.5,,274,,47,,12.1,,12.8,,13.5,,12.2,
2019-04-25,115,9.7,,18.0,,1.2,,66,,98,,34,,2.9,,7.3,,0.6,,0.0,,25.4,,54.4,,133.1,,1014,,1.1,,0.3,,243,,64,,5.9,,12.3,,13.4,,11.1,
2019-04-26,116,6.3,,8.8,,3.8,,96,,100,,77,,5.6,,7.8,,3.7,,56.9,,3.7,,8.4,,9.6,,1006,,3.5,,3.1,,87,,28,,13.8,,11.8,,13.0,,10.4,
2019-04-27,117,4.3,,6.7,,2.4,,80,,100,,49,,0.9,,5.1,,-3.7,,5.8,,7.5,,15.5,,32.9,,999,,2.8,,2.1,,271,,41,,12.1,,9.8,,10.4,,9.5,
2019-04-28,118,4.7,,7.6,,0.6,,80,,99,,58,,1.4,,5.3,,-1.4,,0.3,,9.3,,20.4,,22.2,,1016,,1.2,,0.9,,254,,36,,7.0,,9.4,,9.9,,8.9,
2019-04-29,119,6.7,,14.0,,-1.4,,56,,100,,16,,-3.5,,4.5,,-11.9,,0.8,,24.4,,51.9,,129.0,,1026,,1.3,,0.5,,306,,62,,7.8,,9.6,,10.8,,8.4,
2019-04-30,120,5.1,,9.1,,1.4,,92,,100,,72,,3.8,,6.6,,1.1,,3.8,,6.5,,14.2,,5.6,,1025,,1.1,,0.3,,36,,69,,7.1,,10.1,,10.6,,9.7,
2019-05-01,121,7.2,,11.4,,1.7,,72,,100,,44,,2.0,,6.1,,-2.5,,0.3,,7.1,,15.4,,40.0,,1028,,1.1,,0.4,,177,,61,,6.0,,9.6,,10.1,,9.2,
2019-05-02,122,6.4,,8.1,,4.5,,99,,100,,95,,6.2,,8.0,,4.5,,4.6,,4.4,,10.1,,17.4,,1022,,1.5,,1.1,,96,,43,,6.7,,9.8,,10.0,,9.6,
2019-05-03,123,8.0,,11.0,,4.3,,99,,100,,94,,7.9,,11.0,,4.3,,8.9,,5.1,,11.5,,22.8,,1019,,1.2,,0.8,,169,,49,,5.3,,9.8,,10.3,,9.4,
2019-05-04,124,12.9,,17.2,,9.7,,98,,100,,85,,12.5,,15.7,,9.7,,2.0,,6.0,,13.7,,25.6,,1012,,0.7,,0.3,,123,,62,,4.1,,10.6,,11.4,,10.1,
2019-05-05,125,10.7,,12.8,,8.1,,93,,100,,79,,9.6,,12.8,,7.5,,1.5,,5.8,,13.8,,28.9,,1013,,1.4,,1.2,,82,,31,,6.8,,11.2,,11.5,,11.0,
2019-05-06,126,11.9,,18.7,,6.6,,67,,97,,39,,5.5,,10.7,,1.9,,0.0,,24.7,,54.8,,142.6,,1016,,1.7,,1.1,,81,,46,,7.2,,11.6,,12.8,,10.7,
2019-05-07,127,12.5,,20.8,,7.6,,80,,100,,51,,8.8,,13.6,,3.6,,5.1,,14.8,,33.4,,77.2,,1021,,1.6,,1.1,,213,,41,,7.7,,12.1,,13.0,,11.3,
2019-05-08,128,11.5,,18.0,,4.6,,56,,100,,16,,1.2,,9.8,,-11.4,,0.0,,26.8,,58.5,,143.2,,1024,,1.4,,0.9,,338,,48,,9.0,,12.6,,13.6,,11.7,
2019-05-09,129,10.1,,17.4,,1.8,,45,,77,,26,,-1.9,,3.4,,-7.1,,0.0,,18.4,,40.3,,109.0,,1026,,1.6,,1.0,,154,,52,,6.8,,12.2,,12.9,,11.4,
2019-05-10,130,11.1,,15.8,,6.9,,85,,100,,48,,8.4,,15.5,,-2.0,,1.3,,3.3,,7.7,,6.9,,1018,,2.2,,1.8,,180,,36,,10.7,,12.0,,12.6,,11.8,
2019-05-11,131,11.8,,17.2,,8.0,,57,,89,,28,,2.9,,10.0,,-1.8,,0.0,,25.6,,57.1,,149.9,,1016,,1.8,,1.1,,312,,51,,10.1,,12.5,,13.7,,11.6,
2019-05-12,132,4.9,,8.2,,3.2,,85,,100,,50,,2.3,,4.5,,-1.8,,9.4,,4.1,,9.5,,1.8,,1017,,0.9,,0.6,,79,,41,,7.0,,11.9,,13.1,,11.2,
2019-05-13,133,5.6,,11.3,,1.4,,82,,100,,47,,2.4,,4.5,,-0.0,,11.7,,9.9,,22.1,,51.0,,1013,,1.9,,1.6,,84,,33,,12.1,,11.0,,11.3,,10.6,
2019-05-14,134,4.0,,7.4,,0.7,,93,,100,,73,,2.9,,4.9,,0.7,,1.8,,6.9,,15.4,,31.6,,1009,,0.8,,0.5,,38,,40,,6.1,,10.3,,10.7,,9.9,
2019-05-15,135,8.4,,15.3,,3.5,,79,,100,,39,,4.3,,8.3,,0.8,,1.3,,17.7,,34.6,,103.8,,1008,,1.2,,0.7,,322,,50,,8.0,,10.6,,11.5,,9.8,
2019-05-16,136,11.1,,17.9,,4.6,,72,,100,,35,,5.5,,11.4,,1.4,,0.3,,18.1,,39.1,,92.0,,1011,,1.0,,0.4,,344,,59,,7.2,,11.5,,12.5,,10.5,
2019-05-17,137,12.1,,17.9,,6.9,,82,,99,,49,,9.0,,14.8,,0.2,,2.5,,4.8,,11.8,,2.6,,1009,,1.2,,0.6,,209,,56,,9.8,,11.6,,12.1,,11.2,
2019-05-18,138,14.5,,22.1,,6.7,,52,,96,,19,,3.6,,8.6,,-2.7,,0.0,,25.8,,64.1,,159.7,,1014,,1.5,,0.6,,336,,62,,8.4,,12.3,,13.9,,10.9,
2019-05-19,139,15.9,,24.1,,8.8,,80,,99,,56,,12.2,,17.9,,5.2,,11.2,,15.5,,35.3,,88.2,,1017,,2.5,,1.9,,189,,41,,11.9,,13.3,,14.4,,12.5,
2019-05-20,140,20.0,,27.1,,13.2,,79,,99,,39,,15.8,,20.1,,6.2,,2.3,,15.6,,34.4,,91.8,,1009,,2.1,,1.5,,232,,44,,11.3,,14.9,,16.1,,14.0,
2019-05-21,141,12.8,,17.5,,8.4,,51,,77,,32,,2.5,,7.4,,-1.3,,0.0,,26.4,,60.4,,140.2,,1012,,2.4,,1.8,,290,,41,,12.6,,15.2,,16.1,,14.3,
2019-05-22,142,13.3,,21.1,,6.1,,49,,79,,19,,1.6,,5.8,,-4.0,,0.0,,28.4,,63.8,,150.2,,1022,,1.4,,0.7,,354,,58,,9.7,,14.7,,15.9,,13.5,
2019-05-23,143,13.4,,18.9,,8.9,,82,,100,,60,,10.2,,14.1,,5.4,,9.1,,15.9,,35.6,,85.6,,1017,,2.0,,1.6,,191,,37,,10.5,,15.0,,15.6,,14.2,
2019-05-24,144,14.5,,19.7,,9.3,,77,,100,,50,,10.2,,13.5,,7.5,,0.3,,16.8,,37.6,,95.6,,1013,,1.6,,1.0,,308,,47,,13.0,,15.1,,16.0,,14.2,
2019-05-25,145,14.5,,21.4,,6.9,,67,,100,,30,,7.4,,11.2,,1.1,,2.8,,24.9,,55.9,,141.6,,1021,,1.6,,1.0,,209,,48,,9.3,,15.3,,16.5,,14.0,
2019-05-26,146,19.1,,27.2,,9.9,,67,,96,,32,,11.9,,18.6,,6.6,,0.0,,21.5,,48.8,,134.9,,1012,,1.6,,1.0,,249,,49,,11.8,,16.2,,17.5,,15.0,
2019-05-27,147,18.1,,24.3,,11.3,,56,,83,,28,,8.4,,13.2,,3.9,,0.0,,26.9,,61.2,,155.6,,1014,,1.2,,0.6,,350,,54,,8.9,,16.9,,18.2,,15.7,
2019-05-28,148,8.8,,12.5,,5.3,,83,,99,,49,,5.7,,7.7,,1.7,,9.6,,5.5,,12.6,,8.9,,1012,,2.2,,1.9,,84,,32,,9.6,,15.9,,17.4,,14.7,
2019-05-29,149,9.4,,14.8,,5.0,,90,,100,,67,,7.7,,11.2,,4.9,,0.0,,13.6,,30.2,,74.5,,1008,,1.2,,0.6,,93,,55,,5.7,,14.7,,15.4,,14.0,
2019-05-30,150,13.2,,18.3,,8.7,,92,,100,,70,,11.9,,14.6,,8.6,,2.0,,13.5,,29.0,,84.0,,1009,,1.4,,1.1,,196,,37,,7.2,,15.1,,15.9,,14.4,
2019-05-31,151,17.1,,23.2,,13.0,,74,,100,,35,,11.8,,16.1,,6.2,,0.8,,21.0,,45.5,,120.6,,1007,,0.8,,0.4,,298,,51,,6.4,,16.2,,17.5,,15.3,
2019-06-01,152,17.1,,24.2,,10.2,,65,,96,,35,,9.9,,14.7,,5.5,,0.0,,21.9,,48.9,,123.8,,1010,,1.4,,0.8,,131,,53,,8.3,,16.7,,17.9,,15.5,
2019-06-02,153,15.9,,23.4,,11.2,,89,,100,,57,,13.9,,17.1,,10.6,,13.5,,14.7,,32.5,,83.0,,1007,,1.2,,0.5,,155,,62,,6.8,,17.1,,18.0,,16.3,
2019-06-03,154,11.6,,17.0,,6.0,,61,,97,,27,,3.4,,10.9,,-2.4,,0.0,,24.7,,55.5,,128.6,,1011,,1.7,,1.2,,260,,41,,12.0,,17.0,,17.7,,16.0,
2019-06-04,155,12.4,,18.6,,5.0,,56,,85,,27,,3.1,,7.8,,-1.6,,0.0,,26.2,,58.9,,155.2,,1017,,1.3,,0.8,,270,,47,,9.4,,16.3,,17.5,,15.0,
2019-06-05,156,19.1,,25.9,,11.7,,66,,100,,47,,12.3,,17.9,,4.9,,12.9,,22.0,,50.1,,140.3,,1011,,1.8,,1.5,,202,,37,,8.2,,17.3,,18.7,,16.0,
2019-06-06,157,19.7,,25.1,,14.4,,80,,100,,48,,15.8,,20.2,,8.3,,2.8,,21.5,,49.2,,140.0,,1008,,1.2,,0.5,,296,,62,,7.7,,18.8,,20.1,,17.8,
2019-06-07,158,18.8,,26.8,,10.9,,60,,97,,24,,9.4,,14.7,,1.9,,0.0,,27.8,,64.1,,166.7,,1015,,0.9,,0.2,,347,,67,,6.1,,19.0,,20.4,,17.7,
2019-06-08,159,18.9,,26.3,,12.3,,49,,97,,15,,6.4,,14.1,,-3.5,,0.0,,29.9,,68.1,,170.7,,1023,,1.0,,0.4,,31,,60,,6.1,,19.1,,20.5,,17.8,
2019-06-09,160,18.2,,25.8,,9.9,,55,,88,,26,,8.1,,14.3,,4.1,,0.0,,28.5,,65.2,,167.7,,1026,,1.0,,0.4,,196,,58,,6.7,,19.1,,20.5,,17.7,
2019-06-10,161,18.7,,25.4,,9.9,,61,,99,,30,,10.0,,18.4,,2.9,,1.5,,24.9,,56.8,,150.2,,1021,,1.6,,1.2,,149,,38,,7.4,,19.2,,20.4,,17.9,
2019-06-11,162,17.6,,22.4,,11.1,,78,,100,,43,,13.2,,19.3,,6.9,,7.9,,19.4,,42.7,,109.0,,1013,,1.7,,0.4,,276,,70,,10.9,,19.8,,20.6,,19.2,
2019-06-12,163,16.4,,23.0,,8.4,,60,,93,,25,,7.6,,12.2,,1.5,,0.0,,29.7,,67.0,,167.3,,1022,,1.2,,0.4,,198,,63,,7.1,,19.1,,20.4,,17.7,
2019-06-13,164,10.2,,12.1,,8.2,,91,,100,,66,,8.7,,10.3,,5.7,,8.9,,5.7,,12.9,,9.0,,1013,,1.3,,0.8,,83,,47,,7.5,,17.9,,19.6,,17.1,
2019-06-14,165,13.4,,19.4,,9.2,,81,,100,,53,,9.9,,13.8,,7.0,,0.5,,14.0,,30.0,,83.7,,1011,,1.6,,1.1,,234,,45,,10.8,,17.1,,17.8,,16.5,
2019-06-15,166,18.0,,24.8,,8.7,,64,,96,,31,,10.3,,13.7,,5.8,,0.0,,26.4,,61.2,,168.7,,1017,,1.8,,1.4,,213,,39,,11.1,,17.4,,19.1,,16.0,
2019-06-16,167,16.4,,17.9,,14.8,,97,,100,,72,,16.0,,17.4,,12.7,,16.3,,4.0,,8.8,,8.1,,1012,,0.9,,0.7,,204,,35,,6.6,,18.0,,18.6,,17.7,
2019-06-17,168,18.4,,23.5,,13.7,,79,,100,,44,,14.2,,17.2,,9.2,,0.3,,25.4,,60.0,,156.0,,1015,,0.9,,0.2,,290,,66,,4.9,,18.6,,20.1,,17.4,
2019-06-18,169,16.8,,20.1,,13.4,,89,,100,,63,,14.9,,17.7,,11.2,,2.8,,8.7,,19.6,,36.6,,1016,,0.9,,0.8,,74,,31,,5.1,,18.8,,19.5,,18.4,
2019-06-19,170,19.6,,24.4,,16.1,,86,,100,,60,,17.1,,19.5,,15.5,,0.0,,16.9,,37.4,,121.7,,1011,,1.0,,0.7,,194,,39,,6.6,,19.3,,20.6,,18.3,
2019-06-20,171,19.1,,21.1,,16.9,,99,,100,,96,,18.9,,21.0,,16.8,,4.6,,4.5,,9.8,,15.2,,1004,,1.3,,1.0,,167,,42,,6.6,,19.6,,20.2,,19.3,
2019-06-21,172,17.1,,20.7,,13.8,,86,,100,,58,,14.7,,20.0,,10.1,,1.3,,10.0,,21.7,,44.6,,1003,,1.0,,0.6,,335,,47,,9.3,,19.4,,19.7,,19.1,
2019-06-22,173,18.2,,23.9,,12.4,,60,,91,,32,,9.8,,14.4,,5.8,,0.0,,26.4,,60.3,,157.6,,1012,,1.2,,0.8,,309,,45,,10.4,,19.2,,20.5,,17.9,
2019-06-23,174,19.9,,26.7,,12.5,,58,,84,,29,,10.7,,15.0,,6.1,,0.0,,28.7,,66.6,,177.1,,1013,,1.1,,0.6,,286,,52,,8.4,,19.6,,21.2,,18.1,
2019-06-24,175,20.6,,27.8,,13.7,,61,,86,,33,,12.2,,17.0,,7.9,,0.0,,25.9,,59.5,,162.1,,1013,,0.9,,0.3,,330,,64,,5.9,,20.2,,21.6,,18.8,
2019-06-25,176,18.5,,21.0,,15.8,,92,,100,,75,,17.2,,20.7,,12.7,,24.6,,6.4,,14.9,,18.2,,1013,,1.4,,1.0,,117,,42,,9.0,,20.0,,20.9,,19.6,
2019-06-26,177,21.8,,29.1,,14.9,,78,,100,,36,,17.2,,20.5,,11.1,,1.5,,27.2,,63.8,,182.0,,1016,,0.8,,0.3,,331,,60,,11.3,,20.8,,22.5,,19.6,
2019-06-27,178,21.7,,29.4,,14.6,,72,,100,,30,,15.3,,19.3,,9.5,,0.0,,28.3,,40.9,,178.2,,1021,,1.0,,0.3,,348,,65,,6.5,,21.8,,23.2,,20.4,
2019-06-28,179,23.0,,30.4,,16.1,,60,,89,,26,,13.9,,18.6,,8.5,,0.0,,27.6,,31.9,,177.0,,1022,,0.9,,0.3,,324,,63,,5.7,,22.2,,23.6,,20.9,
2019-06-29,180,21.7,,26.8,,17.2,,83,,100,,56,,18.5,,23.3,,14.5,,3.8,,15.9,,23.9,,91.4,,1014,,0.8,,0.2,,257,,67,,5.9,,22.4,,23.2,,21.5,
2019-06-30,181,17.7,,22.0,,14.4,,87,,100,,63,,15.4,,18.4,,11.7,,4.6,,14.9,,27.4,,58.3,,1009,,0.8,,0.5,,330,,50,,7.6,,21.7,,22.6,,21.1,
2019-07-01,182,19.9,,26.8,,12.8,,75,,100,,42,,14.7,,17.9,,11.9,,0.0,,25.8,,61.0,,160.8,,1013,,1.0,,0.5,,340,,53,,9.6,,21.3,,22.7,,19.9,
2019-07-02,183,20.7,,27.0,,16.3,,77,,96,,49,,16.3,,19.5,,14.2,,0.0,,18.2,,42.5,,111.9,,1010,,0.7,,0.3,,279,,56,,6.5,,21.7,,22.8,,20.8,
2019-07-03,184,23.6,,30.2,,17.0,,67,,99,,29,,16.2,,20.6,,9.2,,0.0,,27.0,,63.1,,170.8,,1013,,0.7,,0.3,,3,,55,,4.5,,22.3,,23.8,,20.9,
2019-07-04,185,23.5,,31.3,,17.7,,70,,90,,36,,17.2,,22.1,,12.1,,0.0,,20.4,,46.3,,122.6,,1020,,0.9,,0.6,,90,,45,,4.5,,22.7,,23.7,,21.5,
2019-07-05,186,24.3,,30.0,,17.7,,67,,95,,35,,17.1,,21.0,,12.4,,0.0,,27.3,,64.1,,179.7,,1020,,1.2,,0.8,,205,,47,,6.4,,23.0,,24.5,,21.7,
2019-07-06,187,23.6,,30.8,,20.5,,90,,100,,58,,21.6,,24.6,,20.4,,21.8,,17.8,,41.0,,124.9,,1015,,1.1,,0.7,,215,,45,,9.2,,23.7,,24.8,,22.7,
2019-07-07,188,20.6,,26.4,,15.5,,72,,100,,32,,14.6,,20.8,,7.2,,0.0,,27.1,,63.1,,165.9,,1015,,1.0,,0.5,,15,,54,,5.5,,23.8,,24.9,,22.8,
2019-07-08,189,19.3,,27.2,,12.1,,61,,89,,19,,10.7,,15.3,,1.0,,0.0,,27.5,,62.6,,159.4,,1016,,0.8,,0.2,,356,,65,,4.1,,22.9,,24.0,,21.7,
2019-07-09,190,21.3,,28.4,,13.2,,60,,91,,28,,12.3,,17.4,,7.2,,0.0,,28.0,,64.4,,171.7,,1017,,0.9,,0.4,,8,,58,,6.7,,22.7,,24.0,,21.3,
2019-07-10,191,22.8,,29.4,,15.8,,66,,93,,34,,15.4,,20.6,,10.2,,0.0,,25.1,,57.3,,148.1,,1018,,0.8,,0.1,,111,,74,,5.2,,23.0,,24.4,,21.7,
2019-07-11,192,22.2,,27.0,,18.2,,83,,98,,58,,19.0,,23.3,,16.1,,1.3,,14.8,,33.3,,79.2,,1014,,1.7,,1.3,,174,,38,,9.5,,23.0,,23.6,,22.2,
2019-07-12,193,22.8,,28.8,,19.0,,81,,100,,54,,19.1,,22.7,,16.8,,1.0,,19.3,,44.5,,129.7,,1008,,0.9,,0.2,,277,,67,,6.1,,23.3,,24.6,,22.2,
2019-07-13,194,22.3,,28.4,,16.6,,74,,99,,43,,16.9,,19.5,,14.2,,0.0,,25.8,,60.2,,164.1,,1014,,0.8,,0.4,,262,,50,,5.5,,23.5,,24.9,,22.1,
2019-07-14,195,23.0,,28.6,,16.4,,70,,97,,40,,16.8,,20.3,,12.9,,0.0,,23.3,,53.4,,144.5,,1014,,1.0,,0.5,,270,,55,,8.4,,23.5,,24.6,,22.4,
2019-07-15,196,19.8,,26.3,,14.2,,69,,95,,40,,13.6,,16.9,,11.3,,0.0,,24.8,,56.6,,146.8,,1017,,1.0,,0.4,,336,,59,,5.6,,23.1,,24.3,,21.8,
2019-07-16,197,22.0,,28.7,,14.2,,72,,96,,45,,16.5,,20.9,,12.7,,0.0,,19.6,,45.6,,114.3,,1018,,1.0,,0.5,,187,,57,,5.8,,22.7,,23.8,,21.5,
2019-07-17,198,23.0,,29.8,,20.5,,87,,100,,61,,20.6,,23.7,,18.8,,38.9,,12.4,,27.7,,72.1,,1015,,0.8,,0.5,,218,,44,,7.6,,23.0,,23.9,,22.2,
2019-07-18,199,19.5,,22.6,,15.9,,85,,100,,64,,16.7,,21.2,,12.1,,0.3,,16.2,,36.8,,114.6,,1016,,1.7,,1.3,,81,,34,,12.0,,22.9,,23.6,,22.3,
2019-07-19,200,23.4,,30.2,,16.2,,80,,97,,64,,19.7,,24.6,,11.6,,0.0,,23.4,,53.6,,174.0,,1012,,0.9,,0.5,,221,,49,,6.8,,23.4,,25.1,,22.0,
2019-07-20,201,27.2,,33.1,,22.0,,78,,98,,52,,22.7,,25.8,,18.1,,0.0,,22.3,,52.2,,155.8,,1011,,0.9,,0.6,,251,,44,,8.8,,24.8,,26.2,,23.5,
2019-07-21,202,25.8,,31.3,,20.4,,71,,93,,45,,19.7,,24.2,,16.5,,0.0,,24.7,,58.5,,170.7,,1010,,1.2,,0.8,,259,,43,,10.6,,25.3,,26.5,,24.1,
2019-07-22,203,19.4,,23.7,,15.4,,88,,99,,68,,17.2,,20.2,,15.3,,48.8,,5.1,,11.8,,11.8,,1012,,1.1,,0.8,,56,,41,,7.2,,23.8,,25.4,,22.2,
2019-07-23,204,16.9,,21.7,,15.2,,93,,100,,62,,15.6,,17.3,,13.5,,26.7,,11.0,,24.4,,56.6,,1012,,0.9,,0.6,,50,,45,,6.5,,21.6,,22.3,,20.9,
2019-07-24,205,19.5,,25.9,,14.5,,73,,100,,32,,13.9,,18.1,,7.1,,0.0,,25.1,,57.9,,155.0,,1016,,1.0,,0.6,,5,,50,,5.4,,22.3,,23.7,,21.1,
2019-07-25,206,19.6,,26.6,,13.4,,73,,99,,35,,14.0,,18.8,,8.8,,0.8,,22.9,,52.8,,136.6,,1021,,0.8,,0.3,,9,,62,,5.4,,22.5,,23.6,,21.3,
2019-07-26,207,21.1,,28.8,,14.4,,73,,99,,28,,15.3,,20.2,,8.1,,0.3,,23.0,,52.2,,134.3,,1025,,0.8,,0.1,,76,,71,,5.0,,22.7,,23.9,,21.5,
2019-07-27,208,22.3,,28.3,,17.5,,78,,98,,39,,17.8,,20.9,,11.5,,0.0,,22.6,,49.7,,144.7,,1025,,1.1,,0.8,,199,,39,,5.9,,23.3,,24.5,,22.2,
2019-07-28,209,22.5,,30.1,,17.1,,80,,100,,38,,18.4,,22.0,,13.9,,6.9,,24.0,,55.1,,159.5,,1019,,1.0,,0.5,,209,,55,,8.5,,23.7,,25.0,,22.4,
2019-07-29,210,23.4,,30.6,,18.1,,81,,100,,45,,19.4,,23.7,,16.1,,0.0,,23.4,,53.5,,150.4,,1016,,0.8,,0.1,,268,,72,,7.0,,24.1,,25.3,,22.9,
2019-07-30,211,25.5,,31.9,,19.9,,75,,99,,46,,20.3,,23.7,,17.5,,0.0,,23.4,,53.1,,156.8,,1017,,1.0,,0.6,,199,,47,,6.6,,24.6,,25.9,,23.3,
2019-07-31,212,22.8,,28.4,,18.8,,84,,99,,52,,19.7,,22.2,,17.1,,1.0,,17.2,,39.3,,92.4,,1018,,0.8,,0.3,,238,,58,,7.0,,24.6,,25.2,,23.8,
2019-08-01,213,21.5,,27.8,,16.1,,65,,100,,25,,13.4,,19.0,,4.8,,0.0,,25.9,,57.8,,148.7,,1020,,0.9,,0.5,,341,,53,,7.0,,24.0,,25.1,,23.0,
2019-08-02,214,21.0,,28.0,,13.3,,62,,83,,29,,12.9,,17.8,,5.0,,0.0,,25.8,,57.3,,149.9,,1022,,0.9,,0.1,,107,,76,,4.4,,23.4,,24.6,,22.1,
2019-08-03,215,20.6,,26.7,,17.7,,90,,99,,63,,18.8,,22.1,,16.3,,3.6,,12.8,,27.5,,54.7,,1018,,0.8,,0.5,,204,,43,,5.4,,23.2,,23.9,,22.5,
2019-08-04,216,20.6,,26.6,,15.9,,75,,100,,48,,15.7,,19.7,,6.1,,0.3,,20.9,,47.0,,125.6,,1014,,0.8,,0.3,,347,,62,,4.8,,23.1,,24.2,,22.0,
2019-08-05,217,19.3,,26.2,,12.0,,60,,81,,32,,10.9,,15.9,,6.0,,0.0,,26.1,,58.0,,147.7,,1017,,0.9,,0.1,,271,,74,,5.1,,22.7,,23.8,,21.4,
2019-08-06,218,20.7,,26.6,,14.7,,78,,100,,44,,16.4,,19.5,,12.2,,0.0,,20.5,,45.0,,117.2,,1014,,1.1,,0.8,,176,,44,,6.2,,22.6,,23.6,,21.5,
2019-08-07,219,21.0,,27.0,,18.4,,92,,100,,65,,19.5,,22.8,,17.3,,27.9,,11.0,,23.2,,59.9,,1011,,1.5,,1.0,,176,,43,,11.3,,22.7,,23.4,,22.1,
2019-08-08,220,21.1,,28.0,,16.3,,84,,100,,47,,18.0,,21.3,,15.1,,1.5,,18.3,,40.1,,118.2,,1007,,1.2,,0.9,,222,,44,,7.7,,22.9,,24.0,,22.0,
2019-08-09,221,19.4,,25.8,,14.4,,73,,100,,41,,13.9,,17.9,,10.2,,0.0,,22.0,,49.6,,125.6,,1008,,1.0,,0.5,,276,,53,,7.7,,22.8,,23.6,,21.9,
2019-08-10,222,16.9,,22.9,,11.4,,75,,99,,46,,12.2,,15.8,,9.6,,0.3,,20.6,,46.5,,110.7,,1011,,1.0,,0.6,,278,,45,,8.1,,21.9,,22.7,,21.1,
2019-08-11,223,17.1,,24.3,,10.2,,75,,99,,41,,12.1,,16.3,,8.8,,0.3,,21.7,,49.1,,121.5,,1016,,0.9,,0.4,,284,,57,,7.8,,21.3,,22.2,,20.2,
2019-08-12,224,20.7,,27.4,,13.1,,70,,98,,41,,14.6,,18.8,,11.8,,0.0,,21.7,,49.3,,133.6,,1015,,1.0,,0.5,,245,,53,,7.0,,21.4,,22.6,,20.2,
2019-08-13,225,21.2,,25.8,,18.0,,84,,99,,67,,18.5,,21.5,,15.8,,0.0,,12.7,,28.4,,65.4,,1010,,0.9,,0.7,,213,,40,,5.5,,22.0,,22.7,,21.4,
2019-08-14,226,20.2,,25.9,,16.1,,77,,100,,51,,15.7,,18.6,,12.3,,0.0,,17.7,,39.6,,100.7,,1013,,1.2,,0.9,,78,,36,,7.4,,22.1,,23.0,,21.2,
2019-08-15,227,20.2,,27.2,,14.0,,78,,98,,42,,15.8,,19.4,,12.4,,0.0,,18.8,,41.8,,114.7,,1017,,1.0,,0.5,,133,,58,,6.2,,22.1,,23.1,,21.1,
2019-08-16,228,21.5,,28.0,,16.0,,76,,100,,44,,16.5,,18.8,,12.8,,0.0,,22.0,,49.1,,130.4,,1018,,1.2,,0.9,,154,,41,,5.8,,22.5,,23.5,,21.5,
2019-08-17,229,21.0,,27.9,,17.4,,89,,100,,63,,19.0,,22.7,,17.2,,18.8,,14.1,,30.1,,92.4,,1018,,1.3,,0.9,,171,,46,,6.2,,22.6,,23.4,,21.9,
2019-08-18,230,22.3,,29.2,,16.3,,88,,100,,59,,19.9,,23.1,,16.3,,0.5,,18.9,,42.4,,120.6,,1017,,0.9,,0.4,,212,,53,,7.4,,22.8,,24.1,,21.6,
2019-08-19,231,22.8,,29.3,,18.9,,87,,100,,56,,20.3,,23.8,,17.2,,5.6,,19.2,,43.0,,106.1,,1016,,0.9,,0.6,,204,,46,,11.8,,23.5,,24.5,,22.6,
2019-08-20,232,21.1,,28.2,,14.9,,70,,97,,31,,14.7,,18.9,,8.7,,0.3,,18.8,,54.2,,135.5,,1019,,0.9,,0.1,,12,,73,,4.6,,23.4,,24.5,,22.4,
2019-08-21,233,21.2,,25.9,,17.1,,90,,100,,79,,19.6,,23.1,,14.9,,5.1,,8.8,,18.9,,38.1,,1016,,1.3,,0.9,,191,,42,,8.3,,23.0,,23.7,,22.4,
2019-08-22,234,21.9,,28.2,,17.4,,80,,100,,49,,18.0,,22.9,,11.9,,0.0,,15.3,,34.2,,97.2,,1013,,0.9,,0.5,,253,,50,,6.8,,23.0,,24.0,,22.1,
2019-08-23,235,18.2,,23.2,,13.1,,67,,85,,45,,11.9,,15.7,,9.1,,0.0,,15.2,,33.4,,80.7,,1016,,0.7,,0.3,,332,,57,,5.7,,22.8,,23.4,,22.2,
2019-08-24,236,15.9,,22.6,,10.0,,76,,95,,42,,11.2,,15.6,,8.1,,0.0,,18.8,,42.1,,97.5,,1023,,1.1,,0.7,,60,,45,,6.6,,21.6,,22.4,,20.6,
2019-08-25,237,14.7,,20.5,,8.1,,77,,100,,46,,10.1,,13.7,,6.9,,0.0,,21.4,,46.6,,118.9,,1027,,1.3,,1.1,,68,,34,,8.7,,21.2,,22.0,,20.4,
2019-08-26,238,14.8,,21.9,,7.5,,68,,95,,39,,8.3,,12.2,,5.7,,0.0,,23.2,,51.5,,122.1,,1025,,1.4,,1.1,,78,,33,,7.7,,20.3,,21.3,,19.2,
2019-08-27,239,16.4,,22.4,,9.7,,75,,98,,44,,11.6,,14.8,,8.2,,0.0,,17.5,,38.3,,91.9,,1019,,0.9,,0.3,,183,,64,,5.5,,20.2,,21.0,,19.2,
2019-08-28,240,18.7,,25.2,,14.7,,88,,100,,49,,16.5,,20.0,,11.5,,19.8,,14.0,,31.3,,78.4,,1013,,1.1,,0.6,,157,,50,,6.9,,20.7,,21.4,,19.9,
2019-08-29,241,19.6,,26.1,,13.9,,77,,100,,38,,15.0,,18.5,,10.0,,0.0,,22.8,,51.1,,132.5,,1013,,1.0,,0.6,,308,,51,,8.1,,21.5,,22.6,,20.6,
2019-08-30,242,18.8,,25.8,,12.3,,78,,99,,53,,14.7,,19.1,,12.0,,0.0,,18.6,,42.1,,95.6,,1016,,1.0,,0.3,,210,,64,,7.6,,21.1,,21.9,,20.1,
2019-08-31,243,17.0,,23.3,,12.2,,70,,92,,34,,10.9,,14.1,,6.3,,0.0,,20.5,,46.3,,105.7,,1023,,1.0,,0.4,,349,,63,,7.0,,20.9,,21.6,,20.0,
2019-09-01,244,16.4,,22.5,,10.7,,73,,92,,47,,11.3,,14.9,,8.6,,0.0,,16.9,,37.6,,85.9,,1027,,1.1,,0.7,,124,,48,,5.9,,20.3,,21.1,,19.4,
2019-09-02,245,17.0,,19.3,,14.0,,92,,100,,76,,15.7,,18.6,,12.4,,2.0,,6.3,,13.9,,19.2,,1019,,1.5,,1.3,,180,,33,,8.7,,20.1,,20.6,,19.8,
2019-09-03,246,18.7,,25.1,,13.1,,81,,100,,47,,15.0,,18.5,,12.0,,0.3,,19.9,,45.0,,106.6,,1017,,0.9,,0.2,,230,,70,,4.8,,20.3,,21.5,,19.2,
2019-09-04,247,18.3,,24.6,,13.9,,91,,99,,72,,16.7,,20.5,,12.6,,4.6,,7.8,,16.7,,26.9,,1015,,1.6,,1.2,,200,,42,,9.3,,20.4,,20.9,,19.9,
2019-09-05,248,14.6,,21.1,,9.3,,77,,99,,43,,10.3,,13.2,,7.6,,0.3,,19.5,,43.4,,89.6,,1019,,0.9,,0.4,,10,,58,,5.8,,19.8,,20.6,,18.8,
2019-09-06,249,13.9,,17.5,,11.0,,81,,93,,67,,10.6,,13.0,,8.5,,0.5,,10.7,,23.4,,43.0,,1015,,2.0,,1.7,,72,,30,,9.0,,19.2,,19.9,,18.6,
2019-09-07,250,13.9,,20.8,,9.2,,80,,99,,43,,10.1,,12.8,,7.6,,4.8,,15.6,,34.5,,81.8,,1008,,1.3,,0.6,,310,,56,,10.9,,18.8,,19.7,,18.0,
2019-09-08,251,14.9,,21.5,,9.5,,78,,99,,46,,10.6,,13.4,,8.6,,0.0,,17.7,,39.1,,88.8,,1018,,1.0,,0.4,,297,,60,,7.8,,18.7,,19.6,,17.8,
2019-09-09,252,15.2,,21.7,,8.4,,77,,98,,46,,10.7,,14.4,,8.0,,0.0,,18.5,,41.4,,101.2,,1025,,1.0,,0.5,,55,,57,,4.7,,18.8,,19.8,,17.8,
2019-09-10,253,16.4,,20.0,,10.6,,86,,99,,68,,14.0,,17.1,,10.2,,0.0,,10.6,,22.9,,50.6,,1027,,1.6,,0.9,,160,,53,,8.5,,19.1,,19.5,,18.4,
2019-09-11,254,20.6,,27.1,,17.5,,88,,98,,61,,18.4,,21.4,,16.9,,0.0,,10.7,,21.9,,55.4,,1020,,1.3,,0.8,,213,,49,,11.2,,19.6,,20.4,,19.0,
2019-09-12,255,14.3,,18.2,,9.6,,96,,100,,89,,13.7,,17.5,,9.6,,3.3,,4.1,,8.6,,-9.4,,1021,,0.9,,0.8,,62,,31,,6.9,,19.2,,20.0,,18.5,
2019-09-13,256,12.4,,18.7,,8.3,,73,,100,,40,,7.2,,10.7,,4.1,,0.0,,18.7,,40.8,,77.4,,1031,,1.8,,1.4,,102,,38,,7.5,,18.0,,18.7,,17.2,
2019-09-14,257,14.2,,17.6,,8.2,,93,,100,,80,,13.1,,17.6,,5.5,,8.6,,3.3,,7.2,,5.3,,1026,,1.9,,1.5,,181,,34,,8.0,,17.3,,18.0,,16.9,
2019-09-15,258,17.5,,23.2,,13.0,,81,,100,,44,,13.7,,17.1,,9.9,,0.0,,19.4,,43.5,,98.2,,1020,,0.9,,0.6,,256,,41,,7.3,,18.1,,19.2,,17.2,
2019-09-16,259,14.4,,20.6,,8.9,,74,,100,,39,,9.1,,13.1,,5.1,,0.0,,19.6,,43.4,,94.5,,1018,,1.0,,0.5,,358,,58,,7.1,,18.4,,19.2,,17.6,
2019-09-17,260,13.4,,20.5,,8.3,,73,,97,,42,,8.2,,12.1,,6.1,,0.0,,17.7,,39.3,,80.9,,1021,,1.0,,0.5,,28,,52,,7.2,,17.7,,18.5,,16.8,
2019-09-18,261,10.7,,16.8,,4.9,,72,,96,,38,,5.3,,10.6,,1.8,,0.0,,15.4,,33.7,,67.6,,1025,,1.6,,1.4,,65,,29,,8.4,,17.4,,18.0,,16.8,
2019-09-19,262,11.1,,20.2,,3.8,,70,,97,,21,,4.7,,8.9,,-3.0,,0.0,,19.8,,43.3,,80.6,,1026,,0.9,,0.4,,25,,56,,4.4,,16.7,,17.7,,15.7,
2019-09-20,263,15.2,,24.7,,6.4,,69,,96,,32,,8.9,,13.9,,4.5,,0.0,,18.7,,42.6,,87.6,,1023,,0.8,,0.4,,336,,56,,5.7,,16.8,,17.9,,15.7,
2019-09-21,264,19.3,,27.7,,12.4,,71,,93,,42,,13.5,,18.6,,8.1,,0.0,,18.2,,41.6,,90.3,,1024,,0.7,,0.3,,342,,62,,4.5,,17.6,,18.9,,16.5,
2019-09-22,265,20.3,,27.6,,12.9,,73,,98,,39,,14.6,,17.6,,10.6,,0.0,,18.0,,40.6,,83.5,,1019,,1.2,,0.8,,200,,50,,6.4,,18.3,,19.4,,17.3,
2019-09-23,266,22.0,,29.7,,16.7,,80,,100,,46,,18.0,,20.6,,15.3,,14.2,,14.9,,33.5,,77.8,,1011,,1.7,,1.3,,212,,36,,9.2,,19.1,,20.1,,18.3,
2019-09-24,267,15.8,,20.7,,9.5,,86,,100,,56,,13.3,,16.9,,9.4,,0.0,,12.6,,28.4,,50.8,,1008,,0.9,,0.5,,266,,48,,7.7,,19.1,,19.6,,18.5,
2019-09-25,268,13.3,,21.2,,7.7,,80,,100,,43,,9.4,,12.9,,7.5,,0.3,,17.3,,39.0,,73.9,,1012,,0.9,,0.2,,340,,67,,6.2,,18.2,,18.9,,17.3,
2019-09-26,269,15.1,,24.0,,10.5,,87,,100,,52,,12.6,,16.8,,10.0,,6.6,,9.8,,22.2,,30.4,,1011,,1.1,,0.7,,211,,45,,9.4,,17.8,,18.3,,17.2,
2019-09-27,270,13.8,,20.2,,7.4,,80,,100,,45,,9.9,,12.8,,7.1,,0.3,,17.8,,39.8,,70.3,,1020,,0.8,,0.3,,197,,60,,4.8,,17.2,,18.2,,16.2,
2019-09-28,271,18.0,,24.3,,11.6,,80,,100,,54,,14.2,,17.9,,9.8,,0.0,,16.7,,37.9,,82.8,,1018,,1.7,,1.4,,209,,34,,10.3,,17.5,,18.5,,16.6,
2019-09-29,272,15.6,,20.0,,8.8,,66,,100,,35,,8.7,,17.9,,1.3,,0.0,,17.4,,38.8,,74.4,,1024,,1.1,,0.6,,345,,50,,6.9,,18.1,,18.8,,17.6,
2019-09-30,273,12.0,,18.4,,5.8,,71,,89,,47,,6.7,,11.0,,2.6,,0.0,,16.0,,35.5,,80.1,,1027,,1.2,,0.5,,144,,60,,6.6,,17.3,,17.9,,16.5,
2019-10-01,274,15.8,,21.5,,11.1,,93,,99,,71,,14.6,,18.0,,10.2,,0.8,,8.2,,17.1,,42.9,,1017,,1.8,,1.5,,208,,34,,7.4,,17.5,,18.2,,17.0,
2019-10-02,275,16.9,,23.1,,7.9,,92,,98,,76,,15.5,,19.8,,4.6,,3.8,,4.4,,9.6,,7.7,,1012,,0.9,,0.3,,299,,63,,6.5,,18.1,,18.6,,17.8,
2019-10-03,276,7.1,,8.9,,5.1,,89,,100,,70,,5.3,,6.8,,2.7,,4.8,,5.1,,11.5,,11.4,,1020,,1.2,,0.9,,104,,42,,6.3,,17.1,,18.2,,16.4,
2019-10-04,277,8.2,,12.2,,2.9,,81,,100,,50,,4.8,,10.3,,-1.1,,1.8,,11.6,,25.1,,38.3,,1018,,1.2,,0.6,,325,,56,,12.6,,16.0,,16.4,,15.6,
2019-10-05,278,6.0,,14.1,,-0.1,,71,,95,,33,,0.4,,4.4,,-2.6,,0.0,,17.2,,36.9,,56.0,,1030,,0.8,,0.2,,351,,68,,4.7,,14.8,,15.6,,13.9,
2019-10-06,279,11.6,,17.3,,2.9,,86,,99,,74,,9.3,,15.5,,1.7,,0.0,,3.9,,8.5,,8.4,,1026,,2.2,,1.9,,191,,31,,9.7,,14.2,,14.8,,13.6,
2019-10-07,280,16.1,,19.8,,12.1,,93,,100,,77,,14.9,,16.8,,12.2,,12.9,,2.7,,5.8,,3.1,,1022,,2.1,,1.6,,208,,40,,11.9,,15.4,,15.9,,14.8,
2019-10-08,281,11.4,,15.9,,7.4,,89,,100,,60,,9.5,,12.3,,6.7,,3.0,,8.2,,17.4,,19.5,,1024,,0.6,,0.3,,26,,52,,4.9,,15.7,,16.1,,15.2,
2019-10-09,282,9.0,,11.4,,7.5,,81,,92,,67,,5.9,,7.5,,4.2,,4.6,,3.3,,7.4,,-14.5,,1026,,1.6,,1.3,,59,,35,,9.2,,14.7,,15.6,,14.2,
2019-10-10,283,10.4,,13.6,,6.7,,64,,88,,44,,3.6,,6.1,,1.2,,0.0,,8.1,,17.5,,32.9,,1025,,1.7,,1.2,,38,,43,,9.4,,14.1,,14.5,,13.8,
2019-10-11,284,10.4,,14.1,,6.7,,67,,94,,43,,4.3,,8.1,,1.5,,0.0,,7.3,,16.4,,27.4,,1022,,2.0,,1.6,,51,,36,,13.9,,13.9,,14.2,,13.4,
2019-10-12,285,10.1,,14.4,,8.3,,91,,100,,74,,8.7,,10.3,,7.4,,0.0,,5.6,,11.9,,18.6,,1016,,1.0,,0.6,,41,,47,,5.5,,14.1,,14.6,,13.7,
2019-10-13,286,10.7,,16.8,,6.4,,78,,99,,41,,6.6,,10.1,,3.0,,0.0,,12.6,,26.7,,42.8,,1017,,0.9,,0.3,,329,,62,,5.5,,14.2,,14.9,,13.6,
2019-10-14,287,11.2,,19.1,,5.1,,81,,96,,51,,7.8,,12.3,,3.8,,0.0,,12.9,,27.8,,44.3,,1015,,1.2,,0.3,,152,,68,,6.4,,14.1,,14.8,,13.3,
2019-10-15,288,8.0,,14.7,,3.1,,70,,94,,35,,2.1,,5.1,,-2.8,,0.0,,14.8,,32.3,,44.0,,1019,,0.9,,0.2,,3,,67,,5.8,,13.8,,14.4,,13.1,
2019-10-16,289,9.3,,14.0,,3.4,,83,,99,,60,,6.4,,11.1,,1.8,,41.4,,8.6,,18.9,,23.7,,1010,,2.5,,1.8,,102,,41,,14.4,,13.1,,13.6,,12.5,
2019-10-17,290,7.6,,12.4,,4.7,,92,,100,,77,,6.3,,11.9,,3.4,,26.2,,3.6,,7.2,,-6.1,,987,,2.9,,1.3,,260,,60,,23.4,,12.6,,12.9,,12.3,
2019-10-18,291,7.1,,12.1,,2.9,,79,,96,,55,,3.6,,6.2,,0.9,,0.3,,9.4,,19.6,,27.8,,1008,,1.6,,1.3,,279,,35,,9.5,,12.3,,12.9,,11.9,
2019-10-19,292,6.4,,14.3,,1.1,,72,,96,,37,,1.3,,5.2,,-0.7,,0.0,,14.5,,31.1,,39.2,,1016,,1.1,,0.5,,310,,59,,6.6,,11.8,,12.4,,11.2,
2019-10-20,293,8.1,,14.4,,1.9,,80,,99,,46,,4.4,,9.0,,0.4,,1.5,,8.4,,18.1,,25.5,,1018,,1.2,,0.7,,85,,54,,5.1,,11.7,,12.3,,11.0,
2019-10-21,294,10.7,,18.5,,5.7,,81,,100,,43,,7.2,,10.5,,4.4,,0.0,,13.8,,29.6,,39.1,,1020,,1.5,,1.2,,67,,32,,5.9,,12.4,,13.2,,11.7,
2019-10-22,295,9.5,,12.0,,6.5,,88,,99,,70,,7.6,,11.2,,3.4,,6.3,,5.1,,11.4,,19.2,,1018,,2.4,,2.0,,90,,30,,9.7,,12.4,,12.7,,12.0,
2019-10-23,296,11.3,,16.3,,6.2,,77,,100,,35,,6.9,,12.0,,0.1,,11.2,,11.0,,24.2,,27.4,,1013,,1.7,,0.8,,282,,58,,10.8,,12.8,,13.4,,12.5,
2019-10-24,297,10.3,,17.3,,2.3,,61,,95,,33,,2.3,,4.9,,-0.1,,0.0,,13.1,,28.7,,30.6,,1024,,1.7,,1.3,,214,,38,,10.9,,12.1,,12.7,,11.4,
2019-10-25,298,9.6,,13.7,,5.5,,79,,96,,57,,6.1,,8.4,,4.0,,0.5,,5.0,,11.1,,9.4,,1025,,0.7,,0.4,,59,,52,,4.1,,12.1,,12.5,,11.6,
2019-10-26,299,7.9,,12.9,,4.5,,78,,100,,40,,3.9,,7.7,,-1.2,,0.3,,11.0,,24.0,,28.7,,1023,,1.0,,0.4,,30,,58,,5.9,,12.3,,12.7,,11.8,
2019-10-27,300,6.7,,7.5,,5.8,,93,,100,,70,,5.7,,7.0,,2.1,,24.6,,1.0,,2.6,,-13.2,,1017,,2.1,,1.4,,90,,46,,12.1,,11.6,,12.2,,11.1,
2019-10-28,301,8.3,,10.5,,6.5,,94,,100,,86,,7.4,,8.9,,6.4,,0.0,,4.5,,9.7,,13.4,,1022,,1.2,,0.8,,93,,44,,5.4,,11.5,,12.1,,11.1,
2019-10-29,302,9.4,,11.8,,7.1,,95,,100,,80,,8.6,,10.5,,6.8,,0.8,,4.6,,9.7,,23.9,,1026,,1.3,,1.1,,149,,34,,5.3,,12.1,,12.5,,11.7,
2019-10-30,303,12.8,,15.7,,10.0,,96,,100,,84,,12.3,,13.8,,10.0,,1.5,,4.9,,11.0,,23.7,,1025,,0.9,,0.4,,124,,56,,6.2,,12.8,,13.4,,12.3,
2019-10-31,304,17.0,,20.2,,13.5,,97,,100,,85,,16.6,,18.9,,13.5,,20.1,,1.4,,3.2,,-6.3,,1011,,4.1,,3.7,,195,,26,,20.2,,13.8,,14.5,,13.3,
2019-11-01,305,7.4,,20.2,,-0.8,,67,,99,,38,,1.3,,18.7,,-4.8,,6.3,,12.2,,26.4,,19.7,,1013,,3.4,,2.6,,255,,38,,19.8,,14.0,,14.7,,12.7,
2019-11-02,306,1.9,,9.1,,-2.4,,72,,94,,34,,-3.2,,-0.4,,-6.6,,0.0,,12.1,,26.5,,16.9,,1020,,0.9,,0.1,,102,,71,,4.6,,11.6,,12.8,,11.0,
2019-11-03,307,3.0,,9.6,,-1.8,,71,,100,,34,,-2.4,,2.0,,-7.0,,0.0,,10.5,,22.9,,16.9,,1018,,1.2,,0.7,,271,,48,,8.8,,10.4,,11.1,,9.8,
2019-11-04,308,4.1,,9.7,,-2.3,,67,,93,,41,,-1.9,,1.7,,-3.8,,0.0,,10.2,,22.6,,20.7,,1025,,1.7,,1.2,,192,,42,,8.3,,9.6,,10.2,,9.0,
2019-11-05,309,8.3,,11.9,,4.8,,86,,100,,56,,6.1,,9.8,,-2.8,,0.0,,2.7,,6.2,,-14.9,,1022,,1.7,,1.2,,202,,44,,10.0,,9.9,,10.3,,9.5,
2019-11-06,310,3.2,,8.8,,-1.4,,58,,87,,28,,-5.0,,-1.2,,-10.0,,0.0,,11.4,,24.4,,14.2,,1024,,1.5,,1.0,,272,,47,,10.5,,9.5,,10.2,,9.0,
2019-11-07,311,4.5,,8.3,,-0.5,,75,,100,,42,,-0.2,,5.5,,-8.2,,14.0,,1.6,,3.7,,-13.3,,1019,,2.1,,1.5,,223,,44,,9.0,,8.7,,9.1,,8.4,
2019-11-08,312,-3.9,,-0.3,,-8.0,,72,,98,,44,,-8.5,,-0.6,,-12.8,,0.0,,7.5,,16.6,,-9.3,,1018,,1.8,,1.4,,305,,37,,12.2,,7.9,,8.6,,7.2,
2019-11-09,313,-3.7,,1.8,,-9.4,,64,,94,,25,,-10.3,,-4.5,,-17.1,,0.0,,11.2,,24.4,,5.9,,1023,,1.4,,1.1,,206,,36,,8.8,,6.3,,7.3,,5.8,
2019-11-10,314,2.1,,8.0,,-2.2,,63,,80,,38,,-4.4,,-0.8,,-8.2,,0.0,,6.3,,14.6,,11.9,,1016,,1.8,,1.5,,221,,31,,8.9,,6.0,,6.5,,5.5,
2019-11-11,315,4.8,,8.4,,1.8,,78,,100,,58,,1.0,,3.3,,-1.7,,0.0,,2.7,,6.4,,9.2,,1017,,1.2,,0.5,,76,,56,,6.9,,6.9,,7.5,,6.4,
2019-11-12,316,-1.7,,5.7,,-9.5,,85,,100,,47,,-4.0,,5.7,,-17.2,,2.3,,1.0,,2.5,,-26.5,,1010,,2.5,,1.0,,285,,62,,11.6,,7.2,,7.5,,6.5,
2019-11-13,317,-8.6,,-3.3,,-12.2,,55,,80,,32,,-16.4,,-12.7,,-18.9,,0.0,,10.7,,24.1,,-1.1,,1022,,2.0,,1.6,,289,,35,,10.3,,5.3,,6.5,,4.6,
2019-11-14,318,-4.2,,1.7,,-10.3,,74,,86,,50,,-8.2,,-2.5,,-13.6,,0.0,,3.9,,9.5,,-2.5,,1027,,1.3,,0.9,,170,,47,,6.5,,4.1,,4.6,,3.9,
2019-11-15,319,1.7,,8.2,,-3.8,,64,,90,,36,,-4.8,,-2.4,,-7.2,,0.0,,10.1,,22.1,,8.3,,1020,,1.9,,1.5,,252,,35,,12.3,,4.2,,4.7,,3.8,
2019-11-16,320,-4.3,,0.9,,-8.7,,38,,68,,23,,-17.1,,-5.0,,-21.8,,0.0,,10.5,,22.8,,-5.7,,1030,,1.6,,1.2,,348,,40,,12.1,,4.2,,4.6,,4.0,
2019-11-17,321,-3.3,,0.7,,-9.4,,67,,93,,36,,-8.9,,-2.1,,-19.6,,0.0,,5.6,,13.0,,4.6,,1027,,1.6,,1.4,,58,,30,,7.8,,3.5,,4.0,,3.2,
2019-11-18,322,0.5,,3.8,,-1.8,,91,,100,,78,,-0.9,,1.3,,-3.5,,0.0,,3.1,,7.4,,15.6,,1011,,1.5,,1.1,,25,,41,,7.2,,3.9,,4.6,,3.3,
2019-11-19,323,1.5,,3.1,,-0.2,,100,,100,,97,,1.5,,3.1,,-0.2,,14.7,,2.4,,5.5,,8.1,,1007,,0.6,,0.2,,330,,60,,3.2,,4.8,,5.3,,4.4,
2019-11-20,324,0.7,,1.8,,-0.7,,100,,100,,97,,0.7,,1.8,,-0.9,,2.0,,1.9,,4.2,,2.6,,1013,,1.1,,1.0,,322,,30,,6.7,,5.4,,5.6,,5.2,
2019-11-21,325,1.4,,7.0,,-2.4,,85,,100,,51,,-1.1,,0.9,,-2.6,,0.0,,9.0,,19.7,,9.9,,1018,,1.2,,0.6,,303,,56,,6.2,,5.2,,5.6,,4.9,
2019-11-22,326,3.6,,6.8,,-1.9,,77,,99,,56,,-0.1,,5.1,,-8.9,,2.8,,1.1,,2.7,,-20.1,,1007,,3.1,,2.2,,243,,42,,12.8,,5.5,,5.8,,5.3,
2019-11-23,327,-0.0,,5.6,,-4.0,,59,,79,,36,,-7.4,,-3.7,,-11.4,,0.0,,9.1,,20.4,,5.7,,1011,,1.6,,1.3,,262,,34,,8.7,,4.9,,5.5,,4.4,
2019-11-24,328,1.0,,2.6,,-0.4,,96,,100,,60,,0.3,,2.5,,-5.2,,35.3,,0.9,,2.3,,-9.8,,997,,2.4,,1.0,,45,,61,,15.0,,4.4,,4.8,,4.1,
2019-11-25,329,3.1,,9.2,,-0.7,,85,,100,,52,,0.6,,2.4,,-1.2,,0.0,,7.5,,16.4,,10.0,,1007,,1.3,,0.9,,272,,43,,8.4,,4.4,,4.9,,4.1,
2019-11-26,330,6.1,,13.3,,-0.1,,78,,100,,48,,2.2,,3.9,,-0.2,,0.0,,8.4,,18.7,,1.2,,1015,,1.4,,1.0,,212,,37,,10.2,,4.8,,5.4,,4.3,
2019-11-27,331,6.0,,9.9,,0.8,,88,,100,,66,,4.1,,7.9,,0.8,,4.3,,4.2,,9.9,,5.8,,1010,,2.1,,1.3,,102,,49,,10.4,,5.2,,5.9,,4.7,
2019-11-28,332,1.8,,5.7,,-2.5,,78,,93,,66,,-1.6,,4.6,,-5.9,,0.3,,3.2,,7.4,,-17.5,,1008,,2.9,,2.2,,308,,40,,13.8,,5.8,,6.0,,5.3,
2019-11-29,333,-1.9,,1.6,,-4.8,,73,,83,,57,,-6.2,,-4.6,,-9.4,,0.0,,7.6,,16.9,,-1.2,,1019,,2.2,,1.8,,323,,33,,11.3,,4.7,,5.4,,4.4,
2019-11-30,334,-4.9,,0.2,,-9.5,,54,,74,,27,,-13.2,,-9.0,,-17.7,,0.0,,8.7,,19.2,,-17.5,,1015,,2.0,,1.7,,298,,33,,9.1,,3.7,,4.5,,3.3,
2019-12-01,335,-6.3,,-2.5,,-11.5,,84,,100,,61,,-8.6,,-2.5,,-13.6,,16.5,,3.1,,7.7,,-6.9,,1012,,1.7,,0.9,,60,,53,,10.9,,2.9,,3.3,,2.5,
2019-12-02,336,-3.2,,-1.7,,-5.0,,100,,100,,100,,-3.2,,-1.7,,-5.0,,21.1,,1.9,,5.0,,-2.8,,1001,,2.6,,2.1,,41,,36,,11.4,,2.6,,2.8,,2.5,
2019-12-03,337,-4.5,,-1.5,,-7.7,,99,,100,,94,,-4.6,,-1.5,,-8.1,,14.7,,4.1,,10.1,,-13.9,,997,,2.0,,1.6,,312,,37,,11.8,,3.0,,3.2,,2.7,
2019-12-04,338,-3.1,,-0.2,,-7.9,,98,,100,,94,,-3.4,,-0.7,,-8.3,,0.0,,3.2,,7.7,,-5.9,,998,,0.8,,0.6,,232,,36,,4.3,,3.3,,3.4,,3.1,
2019-12-05,339,-1.8,,2.1,,-6.1,,80,,100,,53,,-5.1,,-0.4,,-10.0,,0.0,,5.9,,13.3,,-24.1,,1004,,2.0,,1.7,,276,,27,,12.1,,3.4,,3.4,,3.3,
2019-12-06,340,-4.0,,-0.9,,-7.8,,88,,100,,69,,-5.7,,-0.9,,-10.5,,3.0,,1.9,,4.8,,-12.2,,1015,,1.3,,0.9,,236,,46,,7.1,,3.4,,3.4,,3.4,
2019-12-07,341,-7.1,,-2.2,,-12.2,,83,,100,,52,,-9.8,,-6.1,,-13.1,,0.0,,5.5,,10.7,,-40.9,,1025,,1.0,,0.5,,281,,51,,7.3,,3.4,,3.4,,3.3,
2019-12-08,342,-6.7,,0.3,,-14.9,,74,,98,,40,,-11.1,,-0.6,,-16.1,,0.0,,7.1,,16.6,,-21.9,,1028,,1.8,,1.3,,192,,43,,11.3,,3.4,,3.4,,3.3,
2019-12-09,343,6.1,,10.2,,0.1,,99,,100,,93,,6.0,,10.2,,-0.9,,24.1,,1.1,,2.8,,15.1,,1016,,3.0,,2.5,,194,,33,,13.2,,3.3,,3.4,,3.2,
2019-12-10,344,7.2,,10.0,,-0.6,,100,,100,,94,,7.1,,10.0,,-0.6,,4.1,,0.7,,1.8,,11.4,,1009,,2.9,,2.4,,224,,36,,12.0,,3.3,,3.6,,3.1,
2019-12-11,345,-3.4,,-0.4,,-6.0,,88,,100,,50,,-5.2,,-0.4,,-11.7,,4.3,,2.1,,6.2,,-35.8,,1021,,1.5,,1.3,,270,,30,,10.3,,3.5,,3.6,,3.3,
2019-12-12,346,-6.1,,-2.2,,-11.0,,69,,91,,45,,-11.0,,-7.5,,-14.5,,0.0,,5.3,,17.5,,-32.2,,1035,,1.5,,0.8,,252,,53,,10.5,,3.1,,3.4,,2.8,
2019-12-13,347,-0.4,,4.9,,-6.7,,90,,100,,75,,-1.8,,4.9,,-9.7,,3.8,,1.6,,4.1,,-2.9,,1028,,2.3,,1.9,,123,,32,,8.9,,2.7,,2.9,,2.6,
2019-12-14,348,7.4,,13.0,,3.0,,99,,100,,91,,7.3,,13.0,,3.0,,35.8,,2.0,,4.8,,10.1,,997,,2.9,,1.1,,107,,62,,12.9,,3.7,,5.0,,2.7,
2019-12-15,349,1.3,,4.9,,-4.4,,67,,94,,48,,-4.4,,3.7,,-13.0,,0.0,,2.9,,6.1,,-16.0,,1004,,3.4,,3.1,,269,,27,,18.7,,4.6,,5.0,,4.0,
2019-12-16,350,-4.4,,-0.6,,-5.9,,61,,81,,48,,-10.9,,-8.5,,-13.6,,0.0,,3.9,,9.4,,-15.8,,1021,,1.7,,1.4,,278,,30,,13.0,,3.1,,4.1,,2.5,
2019-12-17,351,-4.6,,-3.0,,-6.1,,92,,100,,58,,-5.8,,-3.0,,-11.7,,11.7,,1.0,,3.1,,-9.0,,1011,,1.2,,0.8,,42,,45,,4.9,,2.3,,2.6,,2.1,
2019-12-18,352,-4.8,,-0.9,,-10.7,,89,,100,,46,,-6.4,,-1.5,,-19.6,,0.8,,3.3,,7.4,,-37.2,,1006,,1.7,,1.4,,276,,32,,12.8,,2.2,,2.3,,2.1,
2019-12-19,353,-12.7,,-8.2,,-16.2,,58,,78,,38,,-19.5,,-16.9,,-21.6,,0.0,,8.3,,19.1,,-45.2,,1019,,2.7,,2.4,,276,,27,,12.5,,2.2,,2.3,,2.0,
2019-12-20,354,-10.4,,-4.3,,-15.0,,66,,78,,52,,-15.5,,-12.2,,-19.3,,0.0,,8.0,,18.6,,-33.1,,1029,,1.7,,1.4,,312,,37,,9.1,,1.9,,2.1,,1.8,
2019-12-21,355,-7.3,,-1.9,,-13.9,,81,,95,,58,,-10.0,,-5.5,,-15.0,,0.0,,4.8,,11.8,,-20.2,,1033,,0.9,,0.6,,203,,43,,5.2,,1.7,,1.8,,1.6,
2019-12-22,356,-1.9,,3.4,,-6.2,,81,,100,,54,,-5.0,,-2.4,,-6.6,,0.0,,4.8,,11.6,,-24.8,,1022,,1.1,,1.0,,242,,30,,4.4,,1.6,,1.7,,1.6,
2019-12-23,357,4.1,,10.1,,-1.6,,72,,95,,51,,-0.8,,0.7,,-3.1,,0.0,,8.0,,17.9,,-30.1,,1014,,1.6,,1.3,,251,,33,,11.7,,1.6,,1.6,,1.6,
2019-12-24,358,0.9,,6.0,,-3.5,,61,,82,,34,,-6.0,,-0.5,,-10.2,,0.0,,7.9,,17.4,,-37.2,,1019,,1.5,,1.1,,329,,40,,10.1,,1.7,,1.7,,1.6,
2019-12-25,359,-1.8,,3.4,,-5.7,,72,,92,,44,,-6.3,,-3.9,,-10.5,,0.0,,7.1,,15.9,,-21.3,,1022,,0.9,,0.3,,121,,64,,5.9,,1.6,,1.7,,1.5,
2019-12-26,360,-0.4,,2.5,,-3.1,,78,,90,,56,,-3.9,,-2.0,,-6.8,,0.0,,3.8,,9.2,,4.3,,1027,,1.7,,1.4,,94,,34,,6.5,,1.5,,1.6,,1.5,
2019-12-27,361,2.3,,5.7,,-1.8,,97,,100,,88,,1.9,,5.3,,-3.3,,0.5,,1.0,,2.4,,-6.5,,1021,,2.0,,1.6,,220,,36,,10.4,,1.6,,1.7,,1.5,
2019-12-28,362,2.0,,6.9,,-3.1,,80,,100,,50,,-1.3,,3.6,,-4.1,,0.0,,7.3,,16.3,,-17.0,,1020,,1.6,,1.4,,278,,31,,12.2,,1.9,,2.1,,1.7,
2019-12-29,363,-0.4,,3.3,,-3.5,,80,,99,,52,,-3.7,,-0.2,,-6.3,,7.1,,6.0,,14.1,,3.5,,1020,,0.7,,0.2,,9,,61,,4.5,,1.7,,2.0,,1.5,
2019-12-30,364,-1.2,,-0.0,,-2.9,,100,,100,,97,,-1.2,,-0.0,,-2.9,,24.9,,1.0,,2.5,,-2.8,,1014,,1.9,,1.6,,78,,29,,8.6,,1.6,,1.8,,1.5,
2019-12-31,365,-0.8,,-0.1,,-2.8,,100,,100,,100,,-0.8,,-0.1,,-2.8,,6.9,,2.6,,7.1,,0.7,,1003,,0.4,,0.3,,34,,31,,5.6,,1.9,,2.1,,1.8,
2020-01-01,1,-2.4,,-0.3,,-3.7,,100,,100,,98,,-2.4,,-0.3,,-3.7,,0.0,,4.9,,12.6,,-34.0,,1004,,0.8,,0.7,,263,,20,,8.8,,2.0,,2.1,,1.9,
2020-01-02,2,-0.8,,3.3,,-4.8,,88,,100,,65,,-2.6,,1.6,,-4.9,,0.0,,7.2,,19.9,,-27.1,,1010,,1.5,,1.3,,236,,35,,9.9,,1.8,,2.0,,1.7,
2020-01-03,3,3.0,,5.1,,1.2,,83,,98,,71,,0.4,,2.7,,-1.0,,0.0,,2.1,,5.2,,3.3,,1008,,0.7,,0.6,,246,,37,,5.2,,1.8,,1.9,,1.7,
2020-01-04,4,2.4,,4.6,,0.4,,100,,100,,94,,2.4,,4.6,,0.4,,5.1,,1.2,,3.1,,8.6,,1004,,0.9,,0.5,,63,,49,,8.5,,2.0,,2.1,,1.9,
2020-01-05,5,-1.8,,0.6,,-6.3,,80,,100,,52,,-5.1,,0.6,,-8.6,,0.5,,5.2,,11.9,,-30.1,,1005,,2.2,,1.9,,290,,33,,12.2,,2.1,,2.2,,2.0,
2020-01-06,6,-3.3,,-0.5,,-6.5,,89,,99,,70,,-4.9,,-1.7,,-8.4,,0.3,,1.9,,4.7,,-25.6,,1012,,1.2,,0.7,,222,,52,,8.1,,1.7,,2.1,,1.5,
2020-01-07,7,-1.3,,1.9,,-4.9,,67,,86,,49,,-6.7,,-3.5,,-8.8,,0.0,,6.2,,14.3,,-24.6,,1014,,1.5,,0.5,,248,,64,,7.6,,1.5,,1.6,,1.4,
2020-01-08,8,-2.7,,2.3,,-7.8,,72,,100,,36,,-7.4,,-2.6,,-17.5,,0.3,,5.5,,12.2,,-26.2,,1011,,2.2,,1.8,,273,,34,,15.1,,1.4,,1.5,,1.4,
2020-01-09,9,-7.9,,-4.2,,-12.2,,54,,74,,35,,-15.8,,-11.5,,-18.4,,0.0,,8.7,,19.7,,-32.8,,1034,,1.7,,1.0,,277,,49,,11.5,,1.3,,1.4,,1.2,
2020-01-10,10,0.9,,6.2,,-6.1,,80,,92,,43,,-2.2,,4.8,,-16.3,,0.0,,3.0,,7.4,,-4.4,,1031,,2.9,,2.5,,214,,27,,11.6,,1.1,,1.2,,1.0,
2020-01-11,11,11.2,,15.2,,5.9,,85,,95,,72,,8.7,,12.3,,4.4,,0.0,,4.1,,10.0,,25.9,,1021,,3.9,,3.5,,212,,25,,15.1,,1.3,,2.5,,1.0,
2020-01-12,12,9.9,,18.6,,-2.1,,81,,100,,44,,6.5,,14.4,,-3.3,,2.5,,7.3,,16.8,,7.0,,1016,,3.3,,2.4,,233,,41,,21.0,,4.3,,5.4,,2.5,
2020-01-13,13,-1.4,,0.4,,-3.6,,95,,100,,84,,-2.1,,0.4,,-5.9,,0.0,,1.6,,3.9,,-5.5,,1028,,1.2,,0.8,,108,,43,,7.2,,3.5,,4.7,,3.1,
2020-01-14,14,1.3,,4.8,,-0.6,,92,,100,,64,,-0.0,,3.4,,-2.2,,0.0,,4.6,,10.7,,10.1,,1024,,1.1,,0.7,,142,,47,,5.7,,3.3,,3.7,,3.0,
2020-01-15,15,1.7,,6.9,,-2.1,,85,,100,,50,,-0.8,,2.2,,-3.7,,0.0,,4.9,,11.4,,-6.1,,1018,,1.3,,0.8,,260,,49,,6.3,,3.5,,3.8,,3.3,
2020-01-16,16,-1.1,,1.9,,-7.2,,87,,100,,61,,-3.1,,0.8,,-12.9,,7.4,,2.5,,6.1,,-17.0,,1011,,2.2,,0.9,,302,,62,,11.3,,3.0,,3.4,,2.8,
2020-01-17,17,-11.4,,-7.0,,-14.2,,49,,66,,27,,-20.4,,-12.6,,-24.6,,0.0,,9.6,,22.0,,-43.4,,1029,,2.6,,2.1,,319,,34,,14.5,,2.5,,2.9,,2.0,
2020-01-18,18,-11.7,,-6.2,,-15.8,,75,,99,,49,,-15.5,,-6.4,,-20.6,,9.9,,2.9,,7.6,,-6.1,,1024,,1.7,,0.0,,152,,79,,8.7,,1.8,,2.1,,1.5,
2020-01-19,19,-3.6,,1.4,,-10.0,,85,,100,,57,,-6.0,,0.2,,-13.0,,1.8,,7.3,,16.7,,-15.1,,1005,,1.9,,1.5,,277,,38,,11.0,,1.5,,1.6,,1.4,
2020-01-20,20,-10.2,,-4.4,,-13.8,,57,,82,,25,,-17.6,,-12.6,,-22.0,,0.0,,9.9,,22.2,,-36.7,,1020,,1.8,,1.4,,318,,37,,9.7,,1.4,,1.5,,1.4,
2020-01-21,21,-10.6,,-4.3,,-15.3,,57,,76,,32,,-17.8,,-15.7,,-20.1,,0.0,,9.4,,21.4,,-27.4,,1026,,0.9,,0.6,,321,,44,,5.8,,1.3,,1.4,,1.3,
2020-01-22,22,-6.2,,1.9,,-13.5,,67,,88,,44,,-11.4,,-8.0,,-17.1,,0.0,,9.8,,22.4,,-26.1,,1027,,0.7,,0.3,,270,,59,,4.3,,1.3,,1.3,,1.2,
2020-01-23,23,-1.2,,5.5,,-7.0,,56,,80,,28,,-9.3,,-7.0,,-12.3,,0.0,,8.3,,18.5,,-23.1,,1026,,0.6,,0.4,,234,,44,,4.3,,1.2,,1.3,,1.2,
2020-01-24,24,1.1,,6.9,,-4.2,,62,,96,,26,,-6.2,,-0.3,,-12.9,,0.0,,8.7,,19.6,,-23.2,,1027,,1.6,,1.4,,82,,29,,7.7,,1.2,,1.2,,1.1,
2020-01-25,25,1.6,,4.1,,-0.3,,96,,100,,90,,1.1,,4.1,,-1.3,,17.0,,1.7,,4.3,,-3.9,,1018,,2.9,,2.6,,82,,29,,15.4,,1.2,,1.3,,1.0,
2020-01-26,26,1.7,,5.2,,-0.8,,88,,100,,62,,-0.3,,3.3,,-3.2,,0.3,,6.8,,15.7,,-9.9,,1006,,1.6,,1.4,,265,,25,,9.2,,1.2,,1.4,,1.0,
2020-01-27,27,0.9,,4.2,,-1.0,,81,,92,,61,,-2.1,,-0.4,,-3.1,,0.0,,4.1,,9.7,,3.1,,1002,,1.6,,1.4,,256,,26,,7.4,,1.5,,1.6,,1.3,
2020-01-28,28,-0.7,,1.1,,-3.1,,76,,88,,65,,-4.4,,-2.2,,-8.1,,0.0,,3.8,,9.2,,4.7,,1007,,1.5,,1.2,,304,,36,,9.3,,1.6,,1.8,,1.5,
2020-01-29,29,-3.2,,1.6,,-8.0,,56,,76,,28,,-11.3,,-7.4,,-16.6,,0.0,,11.1,,24.4,,-2.0,,1015,,1.9,,1.6,,323,,34,,8.5,,1.6,,1.8,,1.4,
2020-01-30,30,-6.4,,0.1,,-12.2,,54,,78,,24,,-14.7,,-9.6,,-18.3,,0.0,,11.0,,24.7,,-6.2,,1023,,0.9,,0.4,,307,,56,,6.3,,1.3,,1.6,,1.1,
2020-01-31,31,-2.1,,1.9,,-7.0,,72,,85,,50,,-6.6,,-2.6,,-14.7,,0.0,,6.9,,16.0,,8.8,,1024,,1.0,,0.9,,216,,30,,4.9,,1.0,,1.1,,0.9,
2020-02-01,32,-0.1,,1.2,,-1.0,,98,,100,,84,,-0.4,,1.2,,-2.7,,0.0,,1.6,,4.0,,5.9,,1012,,0.5,,0.3,,233,,46,,4.3,,0.9,,1.0,,0.9,
2020-02-02,33,-0.6,,3.4,,-3.6,,79,,100,,48,,-4.0,,-0.6,,-7.0,,0.0,,6.2,,13.9,,16.4,,999,,0.9,,0.7,,285,,35,,6.9,,1.0,,1.3,,0.9,
2020-02-03,34,-0.1,,4.0,,-4.3,,84,,97,,68,,-2.5,,-0.3,,-5.2,,0.0,,4.3,,10.2,,-6.8,,1007,,1.1,,0.7,,272,,43,,6.5,,1.2,,1.3,,1.1,
2020-02-04,35,2.6,,7.0,,-1.8,,75,,93,,59,,-1.5,,0.5,,-3.3,,0.0,,4.9,,11.6,,19.7,,1009,,1.2,,0.2,,132,,72,,6.5,,1.3,,1.9,,1.1,
2020-02-05,36,-0.0,,3.8,,-2.9,,63,,94,,36,,-6.5,,0.4,,-13.0,,1.0,,5.0,,12.0,,0.0,,1014,,1.2,,0.6,,11,,57,,7.0,,2.0,,2.3,,1.8,
2020-02-06,37,-1.8,,-0.1,,-5.1,,93,,100,,46,,-3.0,,-0.1,,-12.7,,9.6,,1.6,,4.4,,7.4,,1005,,1.9,,1.6,,77,,31,,8.6,,1.6,,2.0,,1.4,
2020-02-07,38,-1.9,,0.6,,-7.7,,95,,100,,75,,-2.7,,0.6,,-10.6,,11.7,,1.8,,5.0,,-5.4,,988,,1.8,,1.0,,275,,41,,15.3,,1.4,,1.5,,1.3,
2020-02-08,39,-7.2,,-4.0,,-11.0,,73,,89,,53,,-11.3,,-8.7,,-13.5,,0.0,,7.6,,18.4,,-34.5,,1016,,2.7,,2.4,,272,,28,,12.6,,1.2,,1.4,,1.0,
2020-02-09,40,-6.3,,-0.2,,-12.2,,86,,99,,54,,-8.3,,-1.5,,-13.6,,0.5,,5.9,,14.8,,-3.6,,1030,,0.9,,0.4,,133,,60,,5.5,,0.9,,1.1,,0.8,
2020-02-10,41,0.8,,2.3,,-1.0,,99,,100,,88,,0.7,,2.3,,-1.8,,14.0,,1.1,,2.9,,-16.2,,1018,,2.4,,1.9,,215,,33,,12.9,,0.8,,0.9,,0.8,
2020-02-11,42,0.7,,1.9,,-0.5,,100,,100,,100,,0.7,,1.9,,-0.5,,1.5,,1.9,,4.7,,1.3,,1013,,1.0,,0.2,,65,,68,,9.1,,0.8,,0.8,,0.8,
2020-02-12,43,0.3,,3.6,,-2.7,,66,,100,,41,,-5.7,,-0.2,,-9.2,,0.0,,10.7,,24.8,,-4.6,,1017,,2.3,,1.7,,255,,40,,13.0,,0.8,,0.9,,0.8,
2020-02-13,44,-0.2,,0.9,,-1.4,,100,,100,,69,,-0.2,,0.8,,-4.3,,18.3,,1.9,,4.8,,-15.1,,1006,,1.2,,0.8,,231,,44,,6.2,,0.8,,0.9,,0.8,
2020-02-14,45,-8.4,,-1.2,,-16.4,,65,,100,,33,,-14.3,,-1.3,,-22.9,,0.0,,11.9,,28.2,,-19.0,,1022,,2.0,,1.5,,310,,40,,10.1,,0.9,,0.9,,0.8,
2020-02-15,46,-11.1,,-4.8,,-18.5,,58,,89,,32,,-18.2,,-8.8,,-22.5,,0.0,,13.5,,32.0,,-21.6,,1030,,1.7,,1.2,,221,,46,,9.1,,0.8,,0.9,,0.8,
2020-02-16,47,-2.2,,3.9,,-7.4,,69,,90,,47,,-7.2,,-3.2,,-10.5,,0.0,,7.7,,19.2,,-3.6,,1018,,1.6,,1.4,,223,,30,,9.3,,0.8,,0.8,,0.7,
2020-02-17,48,-1.3,,3.7,,-5.1,,67,,96,,37,,-7.2,,-4.5,,-10.4,,0.0,,13.6,,31.0,,-13.9,,1023,,1.5,,0.9,,291,,50,,11.4,,0.7,,0.8,,0.7,
2020-02-18,49,-2.1,,0.1,,-5.1,,84,,100,,57,,-4.6,,0.1,,-12.1,,9.1,,2.3,,6.4,,-2.2,,1023,,2.0,,1.6,,106,,36,,9.8,,0.7,,0.7,,0.6,
2020-02-19,50,-1.1,,2.2,,-6.9,,64,,100,,31,,-7.8,,0.5,,-15.3,,0.0,,12.8,,29.5,,-13.8,,1019,,2.9,,2.5,,275,,27,,16.1,,0.7,,0.7,,0.6,
2020-02-20,51,-7.2,,-2.2,,-11.2,,61,,87,,38,,-13.7,,-11.2,,-16.5,,0.0,,10.7,,25.3,,-20.0,,1026,,1.6,,1.4,,274,,32,,8.8,,0.7,,0.7,,0.6,
2020-02-21,52,-8.1,,-1.2,,-15.1,,49,,77,,21,,-17.6,,-14.2,,-22.8,,0.0,,14.8,,34.0,,-16.9,,1027,,1.3,,0.8,,277,,50,,6.3,,0.6,,0.7,,0.6,
2020-02-22,53,-1.9,,4.6,,-7.8,,52,,71,,34,,-10.7,,-6.1,,-15.4,,0.0,,14.7,,33.3,,-8.8,,1020,,1.9,,1.7,,268,,29,,9.1,,0.6,,0.7,,0.5,
2020-02-23,54,2.4,,9.6,,-3.0,,52,,75,,30,,-6.9,,-3.6,,-8.6,,0.0,,14.7,,33.3,,3.8,,1018,,1.2,,1.0,,242,,36,,8.1,,0.6,,0.6,,0.5,
2020-02-24,55,5.8,,13.5,,-0.9,,45,,68,,22,,-6.3,,-1.6,,-10.1,,0.0,,14.6,,33.6,,28.5,,1016,,1.5,,1.3,,199,,30,,8.0,,0.5,,0.6,,0.4,
2020-02-25,56,5.6,,11.7,,1.5,,65,,100,,35,,-0.8,,3.4,,-3.6,,1.8,,6.9,,17.0,,41.6,,1013,,0.9,,0.5,,82,,51,,4.7,,0.5,,0.6,,0.5,
2020-02-26,57,4.2,,8.1,,1.9,,87,,100,,60,,2.1,,3.5,,0.4,,0.5,,6.0,,15.1,,35.2,,1013,,1.9,,1.7,,80,,28,,9.6,,0.6,,0.8,,0.5,
2020-02-27,58,0.7,,6.9,,-4.8,,79,,100,,46,,-2.8,,6.9,,-14.1,,17.8,,5.4,,12.7,,21.6,,997,,4.1,,0.7,,260,,73,,16.7,,1.2,,1.7,,0.7,
2020-02-28,59,-3.8,,-0.0,,-6.7,,49,,72,,32,,-13.1,,-10.1,,-15.2,,0.0,,11.0,,26.0,,31.7,,1005,,2.8,,2.5,,254,,27,,13.3,,1.2,,1.6,,1.0,
2020-02-29,60,-6.0,,-0.5,,-10.3,,60,,78,,33,,-12.9,,-9.6,,-16.9,,0.0,,12.8,,29.5,,27.3,,1009,,2.2,,1.9,,272,,28,,11.3,,0.9,,1.1,,0.8,
2020-03-01,61,-6.7,,-0.5,,-12.3,,60,,85,,32,,-13.6,,-9.9,,-15.9,,0.0,,14.1,,33.1,,35.8,,1015,,1.3,,1.0,,294,,33,,9.9,,0.7,,0.8,,0.6,
2020-03-02,62,3.6,,12.9,,-6.4,,60,,86,,39,,-3.9,,3.7,,-11.6,,0.0,,12.1,,28.6,,48.4,,1013,,2.5,,2.1,,187,,32,,10.5,,0.6,,0.7,,0.6,
2020-03-03,63,9.1,,16.1,,4.5,,76,,100,,45,,4.7,,7.5,,2.3,,4.8,,12.4,,29.6,,55.5,,1003,,2.1,,1.8,,202,,32,,8.9,,1.5,,3.3,,0.6,
2020-03-04,64,3.8,,7.4,,0.8,,65,,100,,36,,-2.6,,7.1,,-8.1,,1.5,,6.3,,14.6,,10.7,,1003,,3.1,,2.8,,271,,27,,14.5,,3.3,,3.5,,3.0,
2020-03-05,65,2.4,,8.3,,-2.1,,58,,80,,30,,-5.6,,-2.6,,-8.7,,0.0,,17.3,,40.0,,56.6,,1015,,1.9,,1.3,,287,,48,,10.0,,3.0,,4.0,,2.2,
2020-03-06,66,1.9,,8.2,,-2.2,,61,,87,,30,,-5.5,,-0.6,,-10.4,,0.0,,11.9,,27.9,,38.2,,1014,,2.4,,1.9,,79,,37,,11.4,,3.1,,3.6,,2.4,
2020-03-07,67,-0.8,,4.4,,-4.7,,39,,73,,17,,-14.3,,-5.1,,-21.9,,0.0,,17.3,,39.4,,55.1,,1019,,2.1,,1.6,,340,,39,,12.5,,3.0,,3.6,,2.5,
2020-03-08,68,2.9,,11.7,,-5.6,,40,,67,,20,,-10.1,,-4.6,,-18.5,,0.0,,17.0,,39.9,,58.3,,1025,,1.4,,1.1,,258,,34,,8.8,,2.7,,3.5,,2.0,
2020-03-09,69,12.3,,20.8,,4.9,,29,,49,,13,,-6.2,,-2.5,,-9.2,,0.0,,17.1,,39.7,,59.0,,1023,,2.1,,1.9,,221,,28,,8.8,,3.8,,5.3,,2.6,
2020-03-10,70,12.7,,17.3,,8.2,,52,,95,,28,,2.0,,10.2,,-4.1,,1.0,,7.9,,19.5,,19.2,,1015,,2.3,,1.9,,226,,34,,12.5,,5.2,,6.0,,4.5,
2020-03-11,71,4.6,,9.0,,-1.4,,60,,94,,32,,-3.4,,6.5,,-8.9,,0.0,,13.8,,32.6,,40.8,,1017,,1.3,,0.9,,313,,47,,9.0,,5.7,,6.3,,5.0,
2020-03-12,72,2.0,,5.5,,-2.1,,67,,94,,55,,-3.5,,1.8,,-8.0,,0.0,,4.7,,11.8,,17.4,,1022,,1.7,,1.4,,100,,33,,7.5,,4.9,,5.8,,4.5,
2020-03-13,73,5.8,,12.8,,1.6,,84,,100,,48,,3.0,,12.6,,-5.4,,17.3,,3.4,,8.5,,-6.8,,1013,,3.1,,0.8,,196,,70,,16.0,,5.0,,5.6,,4.5,
2020-03-14,74,3.3,,8.6,,-0.6,,56,,71,,35,,-4.8,,-1.3,,-6.6,,0.0,,16.7,,39.7,,64.5,,1021,,2.6,,2.3,,273,,27,,11.0,,4.8,,5.6,,3.9,
2020-03-15,75,1.2,,6.8,,-4.8,,34,,71,,14,,-13.6,,-3.7,,-23.2,,0.0,,19.4,,45.0,,68.1,,1029,,1.7,,1.2,,336,,41,,9.0,,5.1,,5.9,,4.3,
2020-03-16,76,-2.4,,4.2,,-9.0,,44,,79,,23,,-13.8,,-5.4,,-21.9,,0.0,,18.6,,44.1,,59.5,,1034,,1.7,,1.1,,146,,48,,7.2,,4.2,,5.1,,3.4,
2020-03-17,77,1.2,,7.0,,-2.6,,89,,98,,66,,-0.5,,3.7,,-5.7,,0.0,,4.8,,12.0,,11.2,,1021,,2.1,,1.2,,202,,54,,10.6,,4.0,,4.5,,3.6,
2020-03-18,78,4.7,,11.1,,-3.1,,40,,73,,15,,-9.2,,-2.8,,-15.1,,0.0,,18.4,,42.8,,70.7,,1029,,1.5,,0.7,,233,,58,,10.1,,4.3,,5.5,,3.2,
2020-03-19,79,2.3,,5.0,,-0.5,,93,,100,,48,,1.1,,4.3,,-6.3,,14.0,,6.6,,16.6,,18.7,,1026,,2.0,,1.6,,82,,38,,10.4,,4.7,,5.3,,4.3,
2020-03-20,80,7.9,,14.6,,1.6,,94,,100,,62,,6.8,,13.4,,0.4,,2.3,,4.6,,11.4,,16.3,,1012,,2.4,,1.8,,219,,40,,14.6,,5.0,,6.1,,4.5,
2020-03-21,81,2.2,,7.1,,-3.8,,44,,75,,16,,-10.0,,1.1,,-18.7,,0.0,,19.8,,45.3,,72.8,,1024,,2.1,,1.4,,322,,45,,10.6,,5.9,,6.7,,5.2,
2020-03-22,82,-2.2,,4.3,,-8.3,,38,,63,,12,,-15.7,,-9.3,,-23.9,,0.0,,21.0,,48.0,,70.5,,1036,,1.3,,0.4,,61,,66,,5.8,,4.8,,5.8,,3.9,
2020-03-23,83,-2.0,,0.5,,-4.2,,80,,100,,53,,-5.3,,-0.1,,-12.1,,31.5,,4.4,,11.4,,17.6,,1027,,2.2,,1.5,,102,,44,,8.9,,4.1,,5.0,,3.8,
2020-03-24,84,0.8,,5.1,,-2.3,,89,,100,,65,,-1.0,,3.7,,-3.5,,1.5,,12.8,,31.1,,11.4,,1019,,0.9,,0.6,,330,,34,,8.2,,3.6,,3.9,,3.3,
2020-03-25,85,1.0,,3.6,,-2.3,,79,,96,,68,,-2.2,,-0.5,,-3.7,,0.0,,8.7,,21.9,,13.3,,1019,,2.0,,1.8,,76,,28,,8.2,,3.1,,3.4,,2.9,
2020-03-26,86,4.8,,11.8,,-2.9,,65,,99,,33,,-2.1,,2.0,,-7.1,,0.0,,20.2,,47.7,,83.3,,1013,,1.4,,0.3,,223,,71,,7.9,,3.3,,4.6,,2.4,
2020-03-27,87,8.3,,14.6,,1.1,,50,,91,,17,,-2.8,,3.9,,-10.8,,0.0,,21.8,,50.6,,97.2,,1011,,1.6,,1.0,,312,,50,,10.2,,5.3,,6.8,,4.2,
2020-03-28,88,4.8,,10.3,,-1.6,,60,,99,,23,,-3.4,,4.2,,-11.7,,4.1,,9.6,,23.6,,27.1,,1021,,1.3,,0.4,,116,,66,,6.8,,5.4,,6.1,,4.6,
2020-03-29,89,3.9,,6.0,,1.3,,98,,100,,96,,3.6,,5.6,,1.1,,11.4,,1.7,,5.0,,2.3,,1018,,2.6,,2.1,,89,,34,,11.2,,5.6,,5.8,,5.3,
2020-03-30,90,1.5,,3.0,,-0.1,,98,,100,,91,,1.2,,2.6,,-0.4,,3.0,,4.1,,10.1,,12.6,,1015,,2.0,,1.7,,64,,30,,9.1,,5.1,,5.3,,4.8,
2020-03-31,91,1.4,,7.3,,-1.8,,82,,98,,50,,-1.5,,1.0,,-3.3,,0.0,,13.2,,31.0,,50.8,,1016,,1.5,,1.0,,48,,48,,5.8,,5.2,,6.2,,4.5,
2020-04-01,92,2.7,,7.9,,-3.1,,68,,99,,45,,-3.1,,-0.9,,-5.3,,0.0,,14.9,,36.0,,57.2,,1010,,1.5,,1.1,,29,,40,,8.1,,5.3,,6.1,,4.3,
2020-04-02,93,3.3,,8.7,,0.5,,78,,100,,54,,-0.4,,1.8,,-2.4,,5.6,,13.0,,32.8,,66.7,,1002,,2.7,,2.2,,327,,33,,15.7,,5.6,,6.4,,4.9,
2020-04-03,94,4.9,,7.6,,1.5,,96,,100,,88,,4.3,,6.7,,1.2,,14.0,,6.1,,15.7,,19.2,,1006,,2.3,,1.7,,16,,41,,11.2,,5.8,,6.5,,5.2,
2020-04-04,95,6.6,,11.1,,2.8,,83,,99,,56,,3.7,,6.3,,2.0,,0.3,,10.6,,26.0,,54.6,,1016,,1.3,,0.8,,45,,46,,8.5,,6.7,,7.7,,5.9,
2020-04-05,96,8.4,,12.8,,4.9,,82,,97,,64,,5.4,,7.6,,3.5,,0.0,,8.6,,21.2,,42.0,,1016,,1.0,,0.7,,210,,46,,5.3,,7.7,,8.4,,7.0,
2020-04-06,97,7.8,,15.0,,1.5,,53,,98,,14,,-3.4,,4.6,,-13.7,,0.0,,23.3,,54.5,,100.3,,1015,,1.4,,0.9,,304,,46,,8.1,,7.8,,9.1,,6.6,
2020-04-07,98,8.7,,15.7,,1.1,,41,,68,,17,,-4.8,,1.1,,-10.6,,0.0,,22.0,,51.9,,105.4,,1011,,1.3,,0.9,,280,,40,,8.8,,8.1,,9.4,,6.9,
2020-04-08,99,7.5,,13.0,,2.4,,64,,86,,38,,0.9,,3.9,,-2.4,,0.0,,9.8,,24.4,,30.1,,1001,,1.0,,0.3,,50,,65,,6.7,,8.5,,9.2,,7.9,
2020-04-09,100,4.6,,6.8,,1.5,,87,,100,,58,,2.6,,6.6,,-5.7,,16.5,,2.3,,6.2,,-19.9,,994,,2.5,,1.3,,222,,55,,13.6,,7.6,,8.6,,7.1,
2020-04-10,101,2.1,,6.6,,-0.6,,76,,100,,47,,-2.1,,2.6,,-6.1,,1.5,,9.4,,23.1,,31.9,,992,,2.6,,2.2,,272,,31,,14.4,,6.5,,7.1,,5.9,
2020-04-11,102,2.4,,8.7,,-1.9,,61,,100,,27,,-5.3,,-0.7,,-9.6,,0.0,,20.4,,47.4,,88.7,,1009,,2.4,,2.1,,271,,28,,13.3,,6.6,,7.6,,5.6,
2020-04-12,103,6.7,,14.8,,-2.7,,52,,82,,28,,-3.1,,6.1,,-8.2,,0.0,,16.1,,38.7,,64.5,,1020,,2.2,,1.8,,192,,35,,9.5,,6.6,,7.6,,5.5,
2020-04-13,104,12.2,,14.6,,6.9,,93,,100,,71,,11.1,,14.1,,2.6,,48.8,,1.6,,4.8,,-16.5,,1008,,4.3,,3.4,,192,,38,,19.2,,8.0,,9.1,,7.1,
2020-04-14,105,6.6,,11.5,,2.9,,47,,80,,20,,-4.7,,3.1,,-12.2,,0.0,,20.3,,48.6,,100.0,,1015,,2.3,,1.9,,279,,32,,11.7,,8.8,,9.7,,7.9,
2020-04-15,106,3.4,,7.9,,-2.1,,49,,86,,21,,-7.1,,-0.6,,-14.0,,0.0,,21.7,,50.6,,104.6,,1013,,1.8,,1.2,,286,,43,,11.9,,8.9,,9.8,,8.1,
2020-04-16,107,0.4,,5.2,,-3.1,,62,,100,,27,,-6.9,,-0.8,,-13.0,,1.5,,13.2,,31.1,,49.5,,1015,,1.8,,1.5,,280,,33,,11.7,,8.1,,8.9,,7.5,
2020-04-17,108,2.2,,7.6,,-3.9,,54,,99,,25,,-7.1,,0.0,,-11.9,,1.0,,19.6,,46.3,,92.7,,1018,,2.2,,2.0,,259,,28,,14.1,,7.2,,8.1,,6.0,
2020-04-18,109,0.8,,3.7,,-1.3,,96,,100,,82,,0.2,,1.5,,-1.3,,9.4,,5.4,,13.9,,-32.4,,1009,,0.7,,0.5,,35,,34,,7.2,,6.9,,7.8,,6.1,
2020-04-19,110,6.4,,15.3,,-2.5,,65,,100,,30,,-0.5,,3.7,,-4.0,,0.0,,24.2,,57.2,,117.4,,1008,,2.2,,1.9,,226,,31,,12.1,,6.6,,8.3,,5.3,
2020-04-20,111,5.9,,10.9,,1.1,,54,,92,,22,,-3.6,,3.5,,-10.8,,0.0,,17.1,,40.4,,67.2,,1005,,1.4,,0.4,,19,,67,,7.2,,7.9,,8.8,,7.1,
2020-04-21,112,3.4,,8.6,,-1.1,,84,,98,,52,,0.8,,6.8,,-9.1,,13.2,,5.2,,13.0,,-7.4,,1000,,2.8,,1.9,,206,,46,,13.9,,7.5,,8.3,,7.0,
2020-04-22,113,0.2,,4.9,,-3.1,,49,,72,,30,,-9.5,,-4.8,,-13.0,,0.0,,19.3,,45.5,,84.6,,1006,,3.6,,3.2,,271,,27,,16.8,,6.5,,7.2,,5.8,
2020-04-23,114,3.5,,11.4,,-4.7,,40,,70,,13,,-10.1,,-3.3,,-18.6,,0.0,,24.5,,57.6,,120.8,,1015,,1.9,,1.5,,244,,40,,9.2,,6.6,,8.1,,5.2,
2020-04-24,115,4.2,,7.7,,1.4,,83,,98,,57,,1.4,,4.0,,-4.2,,3.3,,6.8,,17.2,,2.6,,1009,,1.3,,1.1,,66,,32,,7.5,,7.4,,7.8,,7.0,
2020-04-25,116,9.3,,17.3,,1.2,,57,,99,,24,,-0.2,,3.4,,-7.6,,0.0,,20.0,,47.2,,110.3,,1015,,1.2,,0.3,,199,,66,,6.7,,8.1,,9.9,,6.8,
2020-04-26,117,5.6,,9.5,,1.7,,57,,97,,23,,-3.5,,2.4,,-11.1,,4.6,,5.7,,14.7,,8.0,,1014,,2.6,,1.9,,75,,40,,16.5,,8.6,,9.5,,8.0,
2020-04-27,118,1.8,,3.3,,0.4,,96,,100,,91,,1.3,,2.5,,0.2,,11.7,,4.8,,12.2,,8.9,,1013,,1.8,,1.4,,14,,37,,9.4,,7.4,,8.0,,7.1,
2020-04-28,119,6.2,,13.5,,0.8,,71,,100,,34,,0.5,,3.8,,-2.4,,0.0,,21.3,,50.6,,111.9,,1018,,1.5,,0.8,,339,,54,,8.8,,7.8,,9.4,,6.6,
2020-04-29,120,7.7,,15.9,,-0.5,,61,,100,,27,,-0.5,,4.4,,-4.1,,0.0,,19.3,,46.7,,101.3,,1024,,1.9,,1.5,,109,,39,,8.2,,8.9,,10.1,,7.7,
2020-04-30,121,6.0,,9.5,,3.2,,88,,100,,54,,4.0,,9.4,,-2.8,,11.2,,2.4,,6.9,,2.6,,1021,,3.0,,2.5,,110,,30,,12.7,,8.8,,9.6,,8.4,
2020-05-01,122,12.0,,17.5,,8.9,,94,,100,,65,,11.0,,13.8,,6.8,,25.4,,8.0,,20.3,,42.5,,1008,,1.6,,0.3,,104,,72,,11.8,,9.2,,10.4,,8.4,
2020-05-02,123,11.8,,18.9,,3.4,,55,,87,,25,,2.2,,7.0,,-2.8,,0.0,,25.9,,61.7,,141.1,,1012,,1.8,,1.4,,308,,37,,10.4,,10.5,,11.9,,9.2,
2020-05-03,124,16.7,,24.4,,10.3,,49,,82,,19,,5.0,,12.7,,-1.5,,0.0,,25.5,,61.0,,145.5,,1008,,2.0,,1.1,,232,,52,,10.1,,12.0,,13.5,,10.8,
2020-05-04,125,11.8,,18.5,,4.6,,53,,74,,28,,2.1,,5.8,,-1.6,,0.0,,16.8,,41.6,,86.3,,1005,,2.1,,1.7,,290,,35,,10.7,,12.3,,12.9,,11.7,
2020-05-05,126,7.1,,13.8,,2.4,,53,,78,,29,,-2.5,,2.1,,-5.1,,0.0,,26.7,,65.0,,137.1,,1011,,2.0,,1.2,,312,,51,,10.1,,11.7,,12.8,,10.6,
2020-05-06,127,6.8,,12.8,,-0.2,,61,,86,,33,,-0.8,,3.6,,-3.6,,0.0,,15.2,,37.5,,63.5,,1011,,1.1,,0.6,,105,,52,,8.3,,11.2,,12.1,,10.3,
2020-05-07,128,9.3,,15.8,,1.3,,51,,100,,14,,-2.7,,4.7,,-12.3,,0.5,,23.5,,56.5,,118.6,,1006,,1.5,,1.0,,305,,45,,9.2,,11.1,,12.1,,10.1,
2020-05-08,129,6.4,,12.1,,1.5,,64,,99,,24,,-1.4,,4.8,,-8.7,,4.1,,19.7,,47.7,,96.7,,1006,,2.0,,1.6,,242,,38,,10.4,,11.2,,11.9,,10.4,
2020-05-09,130,0.3,,4.4,,-2.5,,77,,100,,32,,-3.9,,3.0,,-12.4,,5.8,,18.4,,42.3,,86.3,,1004,,3.1,,2.6,,279,,30,,16.0,,10.4,,11.4,,9.9,
2020-05-10,131,5.7,,13.3,,-1.8,,56,,83,,29,,-2.9,,0.9,,-6.4,,0.0,,18.3,,43.2,,90.6,,1013,,2.4,,2.0,,267,,31,,12.7,,9.6,,10.4,,8.9,
2020-05-11,132,7.0,,15.1,,0.7,,81,,100,,39,,3.6,,8.7,,-0.4,,7.6,,13.6,,33.0,,49.1,,1010,,1.4,,0.8,,226,,55,,7.9,,9.8,,10.5,,9.0,
2020-05-12,133,5.0,,10.5,,0.0,,60,,98,,29,,-3.3,,2.2,,-10.9,,0.0,,20.3,,48.2,,94.8,,1013,,2.5,,2.1,,273,,30,,12.2,,10.0,,10.7,,9.2,
2020-05-13,134,5.9,,14.1,,-2.5,,51,,94,,20,,-5.2,,-0.3,,-10.9,,0.0,,27.7,,65.0,,140.5,,1022,,1.7,,1.2,,286,,38,,11.5,,9.9,,11.3,,8.6,
2020-05-14,135,11.8,,20.4,,1.3,,38,,82,,12,,-3.8,,7.9,,-10.4,,0.3,,28.5,,66.5,,152.8,,1022,,1.5,,1.1,,234,,43,,9.8,,10.7,,12.4,,9.1,
2020-05-15,136,16.3,,25.4,,9.6,,83,,100,,48,,12.8,,16.6,,7.6,,18.3,,19.9,,47.9,,126.2,,1013,,1.9,,1.4,,217,,40,,13.9,,12.7,,14.6,,11.3,
2020-05-16,137,15.0,,20.2,,9.1,,70,,100,,39,,8.9,,15.6,,5.4,,0.3,,26.9,,64.7,,155.1,,1018,,1.9,,0.9,,339,,59,,11.1,,14.5,,15.9,,13.4,
2020-05-17,138,13.2,,19.1,,9.2,,69,,87,,50,,7.6,,11.2,,4.7,,0.0,,13.4,,32.9,,79.0,,1025,,1.2,,0.8,,206,,47,,6.8,,14.4,,15.1,,13.8,
2020-05-18,139,12.9,,19.1,,7.7,,68,,98,,38,,6.7,,11.1,,1.7,,0.5,,8.1,,20.8,,26.9,,1023,,1.2,,0.8,,86,,45,,5.3,,14.0,,14.6,,13.7,
2020-05-19,140,11.2,,15.9,,6.0,,49,,75,,29,,0.4,,4.2,,-3.5,,0.0,,27.3,,65.6,,146.7,,1028,,2.5,,2.2,,74,,30,,11.6,,13.6,,14.7,,12.5,
2020-05-20,141,12.3,,19.7,,3.3,,46,,81,,22,,-0.1,,8.6,,-3.8,,0.0,,29.5,,70.2,,153.4,,1031,,1.7,,1.0,,115,,50,,8.3,,13.9,,15.4,,12.5,
2020-05-21,142,14.3,,23.3,,3.5,,46,,83,,11,,0.9,,7.5,,-9.3,,0.0,,29.7,,70.5,,153.0,,1027,,1.5,,1.2,,213,,39,,8.7,,14.4,,15.9,,12.8,
2020-05-22,143,18.4,,26.9,,9.0,,65,,96,,31,,10.8,,15.1,,7.4,,0.0,,28.5,,69.6,,162.8,,1019,,1.7,,1.3,,224,,36,,8.9,,15.3,,17.0,,13.7,
2020-05-23,144,15.2,,21.9,,5.8,,59,,99,,22,,5.5,,17.2,,-4.2,,0.3,,20.4,,49.8,,114.7,,1020,,2.2,,1.6,,84,,42,,11.1,,16.1,,16.6,,15.6,
2020-05-24,145,11.8,,20.4,,3.7,,57,,98,,25,,2.2,,7.5,,-2.6,,0.0,,28.5,,69.0,,154.5,,1025,,1.8,,1.3,,93,,40,,7.5,,15.2,,16.6,,13.9,
2020-05-25,146,14.6,,21.7,,7.7,,88,,100,,61,,12.4,,16.2,,7.3,,0.0,,12.9,,31.0,,70.6,,1024,,1.4,,1.0,,144,,42,,6.0,,15.3,,16.1,,14.6,
2020-05-26,147,20.6,,28.3,,14.6,,78,,100,,47,,16.1,,19.7,,14.6,,0.0,,24.9,,60.0,,161.5,,1023,,1.2,,0.9,,213,,38,,6.0,,16.7,,18.5,,15.3,
2020-05-27,148,20.7,,27.6,,15.2,,78,,100,,45,,16.1,,19.6,,12.6,,0.0,,26.5,,64.1,,159.7,,1024,,1.7,,1.4,,206,,33,,7.7,,18.0,,19.6,,16.6,
2020-05-28,149,19.7,,23.7,,16.5,,89,,99,,70,,17.8,,19.5,,16.1,,0.3,,11.7,,28.0,,73.5,,1022,,2.1,,1.8,,200,,31,,8.8,,18.2,,18.7,,17.6,
2020-05-29,150,21.0,,25.9,,18.6,,91,,100,,70,,19.4,,21.5,,18.0,,0.3,,15.5,,34.9,,101.2,,1016,,2.5,,2.1,,202,,31,,11.5,,18.4,,19.4,,17.7,
2020-05-30,151,19.0,,24.4,,14.0,,70,,100,,34,,12.6,,18.3,,5.7,,3.0,,25.9,,59.9,,161.7,,1012,,1.7,,1.1,,257,,47,,8.4,,19.1,,20.3,,18.1,
2020-05-31,152,11.1,,16.2,,2.5,,59,,90,,31,,2.7,,10.2,,-2.1,,0.0,,25.4,,59.4,,131.6,,1017,,1.6,,1.1,,310,,47,,10.4,,18.1,,19.2,,17.2,
2020-06-01,153,8.9,,15.5,,2.0,,65,,98,,29,,1.9,,6.3,,-3.0,,0.0,,21.5,,48.4,,110.8,,1020,,1.0,,0.5,,311,,58,,8.4,,16.4,,17.4,,15.3,
2020-06-02,154,12.7,,19.3,,4.1,,68,,97,,39,,6.5,,10.4,,3.1,,0.0,,20.6,,48.5,,115.3,,1014,,1.1,,0.3,,232,,68,,7.6,,15.9,,17.1,,14.7,
2020-06-03,155,18.2,,24.1,,12.7,,73,,92,,57,,13.1,,17.9,,7.4,,0.0,,17.0,,39.6,,94.9,,1005,,1.0,,0.7,,245,,47,,7.7,,16.8,,17.9,,15.8,
2020-06-04,156,21.4,,28.9,,13.3,,65,,99,,31,,13.7,,17.8,,9.1,,0.0,,25.5,,60.4,,146.1,,1012,,1.2,,0.8,,210,,47,,8.2,,17.5,,19.1,,15.9,
2020-06-05,157,21.2,,25.9,,17.3,,86,,99,,67,,18.5,,21.1,,15.4,,6.3,,17.7,,41.1,,103.3,,1013,,1.4,,1.1,,205,,36,,8.3,,18.6,,19.9,,17.6,
2020-06-06,158,20.8,,27.2,,12.0,,80,,99,,43,,17.0,,22.0,,9.7,,3.0,,16.3,,37.3,,93.2,,1009,,1.1,,0.6,,240,,55,,7.8,,19.5,,20.5,,18.6,
2020-06-07,159,14.1,,19.1,,10.1,,68,,93,,42,,7.9,,11.3,,4.3,,0.0,,22.9,,50.7,,125.9,,1013,,1.4,,0.8,,337,,49,,12.3,,18.6,,19.6,,17.5,
2020-06-08,160,16.2,,23.6,,8.4,,56,,86,,28,,6.5,,11.4,,3.6,,0.0,,29.4,,67.6,,172.6,,1016,,1.2,,0.6,,341,,55,,10.5,,18.0,,19.6,,16.4,
2020-06-09,161,18.6,,26.1,,12.8,,62,,82,,35,,10.8,,17.5,,6.2,,0.0,,19.8,,44.3,,128.7,,1015,,1.3,,0.5,,87,,60,,7.3,,18.5,,19.8,,17.3,
2020-06-10,162,19.1,,24.6,,14.2,,67,,93,,40,,12.4,,17.1,,8.0,,0.0,,24.5,,55.1,,153.5,,1018,,2.4,,2.0,,98,,33,,7.9,,19.0,,20.2,,17.7,
2020-06-11,163,19.9,,22.3,,18.1,,96,,100,,89,,19.3,,21.0,,16.9,,6.1,,5.3,,11.6,,22.0,,1016,,2.1,,1.8,,189,,32,,11.7,,19.0,,19.5,,18.6,
2020-06-12,164,20.1,,26.0,,13.0,,63,,100,,34,,12.0,,19.2,,3.6,,0.3,,26.9,,62.5,,157.1,,1018,,1.1,,0.7,,272,,45,,8.3,,19.7,,21.3,,18.4,
2020-06-13,165,13.2,,20.5,,6.5,,59,,83,,29,,5.0,,10.0,,0.4,,0.0,,30.1,,70.1,,167.5,,1022,,1.1,,0.6,,316,,54,,7.6,,19.0,,20.5,,17.5,
2020-06-14,166,13.4,,20.9,,5.3,,67,,95,,41,,7.0,,10.8,,3.7,,0.0,,20.1,,45.0,,110.5,,1029,,1.1,,0.8,,91,,44,,6.9,,18.2,,19.2,,17.0,
2020-06-15,167,15.1,,21.6,,9.1,,69,,91,,39,,8.9,,11.9,,6.0,,0.0,,22.5,,51.1,,118.9,,1031,,1.2,,1.0,,67,,35,,6.0,,18.1,,19.2,,16.8,
2020-06-16,168,17.5,,24.3,,9.7,,57,,90,,29,,7.8,,13.4,,4.2,,0.0,,30.1,,68.7,,163.2,,1028,,1.3,,1.0,,91,,41,,7.4,,18.3,,20.2,,16.6,
2020-06-17,169,19.7,,28.4,,10.5,,57,,94,,19,,9.3,,15.5,,1.3,,0.0,,30.1,,68.5,,164.2,,1026,,1.0,,0.3,,123,,65,,5.5,,18.8,,20.6,,17.0,
2020-06-18,170,21.2,,28.4,,14.4,,77,,100,,40,,16.4,,18.9,,12.3,,0.0,,26.9,,62.3,,163.6,,1023,,1.1,,0.8,,215,,38,,6.9,,19.7,,21.6,,18.0,
2020-06-19,171,22.8,,28.9,,18.4,,74,,98,,41,,17.4,,19.9,,13.4,,0.0,,25.8,,60.5,,163.3,,1019,,1.5,,1.1,,220,,38,,6.0,,20.8,,22.4,,19.4,
2020-06-20,172,23.5,,30.2,,16.7,,73,,98,,42,,17.8,,20.7,,15.5,,0.0,,25.7,,60.5,,154.0,,1018,,1.0,,0.7,,221,,42,,6.3,,21.1,,22.7,,19.6,
2020-06-21,173,24.4,,31.0,,17.7,,69,,98,,35,,17.6,,20.5,,13.6,,0.0,,28.3,,67.0,,170.8,,1017,,0.8,,0.4,,196,,57,,5.0,,21.5,,23.2,,19.9,
2020-06-22,174,23.0,,29.4,,18.0,,82,,100,,58,,19.5,,22.1,,17.2,,0.0,,25.4,,57.8,,157.3,,1016,,1.4,,1.0,,112,,45,,5.5,,21.9,,23.5,,20.4,
2020-06-23,175,23.9,,29.6,,18.1,,75,,98,,50,,18.9,,21.7,,17.0,,0.0,,24.8,,57.5,,145.3,,1010,,1.6,,1.3,,189,,33,,7.9,,22.1,,23.4,,20.7,
2020-06-24,176,21.8,,28.2,,16.5,,76,,99,,39,,16.9,,21.3,,11.5,,0.0,,16.9,,38.4,,98.5,,1007,,1.3,,0.6,,210,,58,,7.6,,21.8,,22.8,,21.0,
2020-06-25,177,20.6,,27.8,,13.2,,59,,88,,29,,11.4,,14.8,,7.5,,0.0,,27.0,,62.0,,152.6,,1015,,1.1,,0.4,,215,,65,,8.8,,21.1,,22.6,,19.6,
2020-06-26,178,20.9,,27.9,,14.0,,60,,96,,24,,11.8,,15.7,,4.6,,0.0,,26.0,,59.3,,144.7,,1015,,1.1,,0.3,,267,,66,,9.3,,20.9,,22.3,,19.5,
2020-06-27,179,18.8,,24.2,,14.9,,80,,99,,52,,15.1,,18.9,,10.4,,1.0,,10.1,,22.7,,32.6,,1011,,0.7,,0.2,,121,,63,,4.8,,20.1,,21.3,,19.3,
2020-06-28,180,20.0,,26.9,,14.9,,88,,100,,58,,17.7,,21.2,,14.9,,1.0,,16.0,,36.0,,89.7,,1008,,0.8,,0.2,,190,,66,,7.2,,20.1,,21.3,,18.8,
2020-06-29,181,18.5,,21.6,,16.2,,95,,100,,77,,17.6,,19.9,,15.9,,3.8,,9.4,,21.2,,42.1,,1012,,0.8,,0.4,,16,,57,,5.0,,20.3,,20.8,,19.7,
2020-06-30,182,17.7,,22.5,,15.8,,93,,100,,67,,16.6,,18.9,,15.3,,9.9,,10.4,,23.0,,53.9,,1014,,0.8,,0.6,,62,,42,,5.1,,20.2,,21.0,,19.4,
2020-07-01,183,18.3,,24.3,,15.3,,92,,100,,67,,16.9,,19.7,,15.2,,7.1,,14.7,,31.0,,76.3,,1013,,0.6,,0.2,,328,,57,,4.9,,20.4,,21.9,,19.2,
2020-07-02,184,21.6,,30.9,,15.1,,85,,100,,43,,18.5,,22.7,,15.0,,8.6,,26.8,,61.5,,179.7,,1010,,0.8,,0.3,,309,,58,,9.6,,21.7,,24.0,,19.6,
2020-07-03,185,19.9,,25.6,,16.3,,88,,98,,67,,17.9,,21.1,,15.0,,0.0,,10.8,,24.1,,68.2,,1013,,1.3,,1.0,,76,,36,,7.6,,22.3,,23.1,,21.7,
2020-07-04,186,21.1,,28.6,,14.7,,78,,99,,41,,16.5,,19.9,,13.3,,0.0,,25.6,,57.0,,172.1,,1015,,0.9,,0.1,,66,,70,,5.1,,22.2,,24.2,,20.5,
2020-07-05,187,22.7,,29.9,,17.3,,72,,99,,32,,16.4,,19.8,,10.9,,0.0,,24.8,,56.2,,166.1,,1016,,0.9,,0.2,,272,,68,,6.1,,23.1,,24.8,,21.6,
2020-07-06,188,21.6,,28.7,,16.3,,70,,96,,29,,15.2,,18.4,,7.8,,0.0,,27.3,,62.2,,175.2,,1020,,1.1,,0.5,,84,,59,,6.0,,22.9,,24.5,,21.3,
2020-07-07,189,19.9,,24.9,,15.5,,83,,99,,63,,16.9,,19.1,,14.6,,0.0,,24.1,,54.7,,163.7,,1021,,1.4,,1.1,,197,,37,,6.4,,22.8,,24.2,,21.3,
2020-07-08,190,21.4,,27.5,,17.9,,94,,100,,70,,20.3,,23.0,,17.8,,2.0,,11.7,,25.4,,69.5,,1017,,1.3,,1.0,,203,,36,,9.2,,22.7,,23.6,,22.0,
2020-07-09,191,24.9,,32.1,,20.2,,80,,99,,41,,20.7,,23.5,,16.7,,0.0,,25.4,,58.1,,182.2,,1017,,1.0,,0.7,,222,,45,,5.2,,23.6,,25.6,,22.0,
2020-07-10,192,22.9,,27.2,,20.3,,89,,99,,66,,20.8,,23.1,,19.3,,12.9,,16.3,,37.0,,95.9,,1016,,1.5,,1.1,,121,,43,,9.8,,23.8,,24.5,,22.8,
2020-07-11,193,24.1,,29.5,,20.7,,84,,98,,61,,21.1,,23.8,,20.1,,4.3,,19.2,,44.5,,131.6,,1008,,2.7,,2.3,,181,,34,,11.7,,23.9,,25.4,,22.6,
2020-07-12,194,23.1,,29.1,,19.0,,80,,97,,47,,19.0,,21.1,,16.0,,0.5,,19.5,,44.8,,126.4,,1007,,1.5,,1.0,,230,,48,,8.2,,24.1,,25.4,,23.0,
2020-07-13,195,22.8,,28.5,,18.3,,78,,98,,49,,18.4,,21.0,,15.6,,0.0,,22.1,,51.2,,139.3,,1010,,0.8,,0.2,,234,,68,,5.8,,24.2,,25.8,,22.8,
2020-07-14,196,19.6,,24.9,,16.2,,84,,98,,49,,16.5,,18.6,,13.2,,9.1,,18.3,,42.1,,98.3,,1016,,0.9,,0.4,,2,,58,,6.9,,23.4,,24.5,,22.4,
2020-07-15,197,18.9,,23.4,,15.1,,83,,100,,61,,15.8,,18.1,,13.3,,0.0,,17.3,,38.4,,110.1,,1023,,1.2,,0.9,,96,,38,,6.2,,22.8,,23.9,,21.7,
2020-07-16,198,19.1,,24.4,,15.4,,72,,88,,50,,13.8,,16.8,,10.9,,0.0,,20.9,,46.9,,142.5,,1026,,1.5,,1.2,,154,,34,,6.9,,22.8,,24.2,,21.5,
2020-07-17,199,17.1,,20.8,,12.0,,97,,99,,85,,16.6,,20.1,,10.6,,12.4,,4.8,,9.8,,7.2,,1020,,1.4,,1.1,,183,,37,,6.7,,21.5,,23.1,,20.8,
2020-07-18,200,23.0,,30.6,,17.3,,76,,100,,32,,17.7,,21.3,,9.6,,0.3,,25.8,,58.1,,176.3,,1018,,0.8,,0.2,,242,,62,,5.4,,22.5,,24.9,,20.6,
2020-07-19,201,26.0,,33.9,,18.3,,66,,92,,33,,18.5,,22.4,,14.9,,0.0,,26.5,,61.0,,179.6,,1014,,1.4,,1.0,,207,,42,,8.5,,23.8,,25.8,,22.0,
2020-07-20,202,25.2,,31.5,,19.5,,72,,94,,39,,19.4,,23.8,,15.1,,0.0,,17.8,,39.8,,108.2,,1013,,1.2,,0.7,,232,,47,,7.0,,24.3,,25.5,,23.3,
2020-07-21,203,23.0,,29.1,,17.4,,64,,88,,40,,15.4,,19.1,,12.4,,0.0,,27.2,,62.4,,176.6,,1016,,1.1,,0.3,,300,,66,,7.0,,23.8,,25.4,,22.3,
2020-07-22,204,21.4,,27.1,,17.8,,82,,99,,65,,18.1,,22.2,,12.7,,40.1,,12.4,,26.8,,81.2,,1018,,1.3,,1.0,,93,,41,,6.3,,23.4,,24.2,,22.6,
2020-07-23,205,22.6,,28.7,,19.3,,93,,100,,65,,21.4,,24.7,,19.0,,22.4,,14.9,,32.2,,94.9,,1016,,0.9,,0.3,,201,,60,,6.2,,23.6,,24.8,,22.6,
2020-07-24,206,21.6,,27.1,,18.0,,82,,99,,48,,18.1,,21.2,,13.5,,0.0,,20.6,,44.6,,120.7,,1020,,0.7,,0.3,,27,,54,,3.9,,23.8,,24.8,,22.8,
2020-07-25,207,22.9,,29.7,,17.5,,74,,100,,34,,17.3,,20.5,,11.7,,0.0,,25.3,,54.1,,161.2,,1019,,0.8,,0.2,,296,,67,,6.0,,24.0,,25.3,,22.7,
2020-07-26,208,23.8,,30.1,,17.6,,69,,93,,43,,17.3,,19.9,,15.0,,0.0,,24.7,,54.2,,160.4,,1016,,1.1,,0.8,,259,,38,,8.0,,24.1,,25.4,,22.8,
2020-07-27,209,26.2,,31.9,,19.8,,68,,92,,46,,19.6,,23.5,,18.0,,0.0,,25.7,,55.7,,171.1,,1010,,1.1,,0.8,,238,,40,,6.8,,24.6,,26.1,,23.2,
2020-07-28,210,24.4,,28.7,,17.7,,73,,93,,43,,19.0,,22.9,,12.2,,0.0,,21.7,,47.7,,142.1,,1011,,0.9,,0.6,,274,,47,,8.2,,25.1,,26.2,,24.1,
2020-07-29,211,23.4,,30.2,,15.5,,64,,91,,34,,15.7,,19.5,,12.4,,0.0,,25.9,,56.7,,162.2,,1015,,1.1,,0.3,,215,,66,,7.1,,24.4,,25.6,,23.0,
2020-07-30,212,21.8,,28.9,,18.0,,85,,99,,48,,18.9,,21.5,,16.4,,9.6,,20.9,,44.0,,126.5,,1013,,0.8,,0.2,,253,,68,,5.7,,24.6,,25.7,,23.4,
2020-07-31,213,21.7,,28.6,,15.8,,74,,100,,37,,16.4,,19.8,,12.4,,0.0,,25.1,,54.4,,152.9,,1013,,0.8,,0.4,,42,,58,,4.4,,24.4,,25.8,,23.1,
2020-08-01,214,22.9,,30.1,,16.8,,67,,92,,31,,15.7,,19.2,,10.4,,0.0,,26.5,,58.6,,162.1,,1015,,0.9,,0.3,,22,,64,,6.1,,24.3,,25.7,,22.9,
2020-08-02,215,22.8,,26.3,,20.6,,84,,97,,59,,19.8,,23.4,,16.4,,7.6,,10.6,,22.4,,53.0,,1016,,1.8,,1.6,,171,,29,,8.3,,24.0,,24.7,,23.4,
2020-08-03,216,24.1,,28.7,,19.7,,75,,99,,46,,18.9,,23.4,,15.4,,0.0,,24.2,,54.6,,155.7,,1016,,1.6,,0.8,,236,,56,,9.4,,24.4,,25.6,,23.4,
2020-08-04,217,21.4,,24.8,,18.2,,89,,96,,73,,19.4,,22.1,,16.5,,6.6,,7.1,,15.8,,15.7,,1014,,2.7,,1.5,,154,,53,,20.8,,23.9,,24.7,,23.2,
2020-08-05,218,22.1,,28.6,,16.6,,73,,99,,46,,16.8,,21.0,,11.6,,0.0,,22.6,,49.3,,141.8,,1016,,1.1,,0.7,,234,,51,,6.9,,23.4,,24.8,,22.2,
2020-08-06,219,19.6,,25.9,,13.6,,68,,88,,45,,13.2,,16.7,,10.8,,0.0,,22.8,,50.1,,132.9,,1021,,1.0,,0.1,,303,,74,,5.8,,23.2,,24.2,,22.1,
2020-08-07,220,19.9,,25.9,,15.6,,70,,85,,47,,14.1,,17.8,,10.7,,0.0,,16.7,,36.2,,102.9,,1023,,1.4,,1.2,,81,,32,,4.9,,22.8,,23.7,,21.9,
2020-08-08,221,21.7,,28.6,,15.9,,71,,93,,39,,15.8,,18.6,,12.3,,0.0,,22.6,,49.1,,142.0,,1023,,1.0,,0.3,,132,,67,,4.7,,23.1,,24.3,,22.0,
2020-08-09,222,23.5,,29.5,,19.2,,78,,99,,44,,19.1,,21.5,,15.3,,0.0,,19.7,,41.9,,123.7,,1019,,1.0,,0.8,,213,,40,,7.0,,23.6,,24.6,,22.6,
2020-08-10,223,24.3,,31.3,,19.2,,77,,99,,47,,19.6,,22.2,,17.8,,0.0,,22.8,,49.5,,146.3,,1017,,0.9,,0.5,,228,,49,,6.1,,23.8,,25.0,,22.6,
2020-08-11,224,25.3,,31.9,,19.5,,73,,94,,44,,19.7,,22.7,,17.5,,0.0,,21.8,,47.6,,134.9,,1016,,1.4,,1.0,,206,,40,,8.8,,24.1,,25.2,,22.9,
2020-08-12,225,24.7,,30.7,,20.3,,73,,99,,40,,18.9,,21.8,,15.0,,0.0,,22.8,,47.0,,140.8,,1018,,1.0,,0.5,,272,,54,,6.0,,24.4,,25.5,,23.4,
2020-08-13,226,22.6,,28.6,,18.0,,65,,84,,34,,15.4,,20.2,,10.3,,0.0,,17.2,,34.3,,85.3,,1021,,0.9,,0.7,,59,,37,,4.2,,23.8,,24.6,,22.8,
2020-08-14,227,22.1,,28.8,,16.1,,63,,96,,35,,14.3,,16.9,,11.2,,0.0,,21.5,,43.3,,117.0,,1019,,1.3,,1.1,,75,,30,,6.5,,23.2,,24.3,,22.1,
2020-08-15,228,18.3,,21.7,,13.5,,79,,99,,66,,14.6,,17.2,,12.2,,0.0,,11.9,,22.4,,58.3,,1020,,1.8,,1.6,,72,,27,,10.3,,22.3,,23.4,,21.7,
2020-08-16,229,16.4,,19.3,,13.3,,91,,99,,78,,15.0,,16.1,,13.2,,0.0,,5.2,,10.1,,17.1,,1018,,1.4,,1.2,,67,,29,,7.2,,21.2,,22.0,,20.9,
2020-08-17,230,19.7,,27.5,,14.9,,78,,99,,43,,15.2,,18.3,,12.7,,1.5,,22.6,,45.9,,140.6,,1013,,1.1,,0.4,,216,,61,,5.9,,21.6,,23.1,,20.4,
2020-08-18,231,20.1,,26.8,,14.6,,71,,100,,30,,13.6,,18.0,,7.2,,0.3,,23.0,,47.0,,136.0,,1012,,1.1,,0.6,,263,,53,,8.0,,22.3,,23.5,,21.2,
2020-08-19,232,17.0,,24.9,,12.0,,80,,100,,41,,13.1,,17.5,,10.4,,5.1,,17.0,,35.7,,79.0,,1015,,0.8,,0.1,,38,,74,,6.0,,21.4,,22.3,,20.4,
2020-08-20,233,17.1,,24.4,,10.7,,72,,100,,34,,11.1,,14.0,,7.1,,0.3,,23.7,,50.4,,129.8,,1018,,1.0,,0.3,,300,,66,,6.8,,20.9,,22.3,,19.4,
2020-08-21,234,20.8,,29.6,,12.4,,69,,98,,28,,13.9,,17.7,,8.5,,0.0,,23.5,,50.0,,135.9,,1015,,1.1,,0.5,,224,,56,,7.5,,21.1,,22.7,,19.6,
2020-08-22,235,22.1,,29.7,,15.9,,72,,97,,37,,16.3,,22.6,,13.0,,1.8,,19.1,,39.4,,109.1,,1015,,0.9,,0.2,,314,,67,,6.1,,21.7,,23.0,,20.5,
2020-08-23,236,20.9,,30.5,,15.5,,82,,98,,46,,17.3,,20.7,,14.9,,22.9,,18.3,,38.1,,105.9,,1018,,1.3,,0.4,,132,,66,,8.0,,21.8,,23.0,,20.5,
2020-08-24,237,22.6,,30.0,,17.4,,84,,99,,48,,19.5,,22.6,,17.0,,0.0,,17.9,,36.9,,113.5,,1017,,0.7,,0.3,,213,,51,,4.2,,22.6,,24.2,,21.3,
2020-08-25,238,21.6,,28.3,,16.2,,79,,99,,45,,17.4,,20.7,,10.3,,0.3,,16.5,,34.8,,84.4,,1009,,1.2,,0.8,,270,,45,,10.4,,22.8,,23.7,,21.9,
2020-08-26,239,15.8,,21.8,,12.0,,56,,75,,29,,6.7,,10.7,,2.1,,0.0,,22.4,,48.2,,108.8,,1013,,1.5,,1.0,,290,,46,,8.5,,21.5,,22.6,,20.4,
2020-08-27,240,14.2,,18.4,,10.3,,89,,100,,64,,12.3,,16.9,,7.3,,11.9,,5.3,,11.5,,12.9,,1009,,0.6,,0.1,,240,,67,,5.3,,20.1,,21.1,,19.7,
2020-08-28,241,17.7,,24.6,,13.3,,86,,100,,53,,15.1,,17.6,,13.3,,0.3,,17.4,,36.5,,97.4,,1010,,0.9,,0.3,,319,,63,,7.2,,20.3,,21.7,,19.1,
2020-08-29,242,19.1,,23.5,,14.6,,94,,99,,80,,18.1,,21.7,,13.6,,24.1,,4.4,,9.2,,2.8,,1004,,1.7,,0.7,,176,,61,,12.7,,20.3,,20.9,,19.8,
2020-08-30,243,16.5,,21.2,,10.2,,70,,97,,41,,10.5,,15.2,,6.5,,0.0,,21.6,,46.7,,107.5,,1007,,1.7,,0.9,,290,,54,,9.4,,20.3,,21.2,,19.4,
2020-08-31,244,15.5,,22.6,,8.6,,74,,98,,40,,10.3,,13.3,,6.9,,0.0,,20.4,,43.9,,102.1,,1020,,1.0,,0.3,,167,,65,,5.2,,19.7,,20.8,,18.4,
2020-09-01,245,17.7,,23.7,,12.5,,77,,98,,44,,13.2,,16.0,,8.6,,0.0,,19.0,,40.8,,104.0,,1023,,1.4,,1.2,,140,,36,,7.8,,20.0,,21.2,,18.9,
2020-09-02,246,17.1,,20.8,,13.9,,97,,100,,88,,16.6,,20.7,,12.2,,6.3,,4.5,,9.8,,12.9,,1014,,1.8,,1.3,,152,,43,,7.0,,19.9,,20.6,,19.5,
2020-09-03,247,20.5,,26.4,,15.5,,80,,100,,34,,16.4,,21.1,,8.9,,4.1,,17.3,,38.1,,106.8,,1010,,0.9,,0.3,,263,,63,,5.8,,21.0,,22.4,,20.1,
2020-09-04,248,19.3,,25.0,,12.2,,68,,99,,29,,12.5,,18.8,,5.3,,0.0,,22.2,,50.0,,119.9,,1013,,1.0,,0.6,,274,,51,,9.2,,21.2,,22.2,,20.2,
2020-09-05,249,15.9,,23.2,,9.1,,68,,94,,32,,9.3,,12.4,,4.9,,0.0,,20.7,,46.3,,107.5,,1022,,1.0,,0.2,,297,,70,,9.0,,20.2,,21.1,,19.1,
2020-09-06,250,17.7,,24.3,,13.4,,72,,93,,40,,12.2,,15.1,,8.7,,0.0,,19.1,,41.2,,104.0,,1023,,0.9,,0.1,,99,,71,,5.8,,20.3,,21.4,,19.4,
2020-09-07,251,19.5,,25.4,,15.7,,75,,98,,44,,14.5,,16.7,,11.6,,0.0,,19.0,,41.4,,98.1,,1021,,2.1,,1.9,,178,,27,,11.1,,20.5,,21.5,,19.7,
2020-09-08,252,20.7,,27.1,,16.1,,81,,99,,39,,16.9,,20.0,,11.5,,0.0,,19.2,,42.6,,110.9,,1023,,1.0,,0.6,,205,,52,,5.4,,21.0,,22.2,,19.9,
2020-09-09,253,20.6,,26.7,,17.5,,86,,100,,51,,17.9,,20.2,,14.8,,0.0,,13.1,,28.3,,70.7,,1027,,0.8,,0.5,,197,,51,,4.2,,21.4,,22.2,,20.6,
2020-09-10,254,21.1,,25.9,,18.4,,93,,99,,78,,19.9,,22.8,,16.1,,11.7,,5.8,,12.8,,27.7,,1025,,0.7,,0.5,,219,,39,,5.1,,21.4,,21.9,,20.8,
2020-09-11,255,16.4,,21.0,,8.7,,79,,100,,46,,12.4,,20.3,,7.5,,0.0,,19.5,,41.7,,98.3,,1023,,1.1,,0.6,,346,,53,,7.1,,21.6,,22.4,,20.9,
2020-09-12,256,12.8,,19.0,,7.8,,78,,98,,53,,8.8,,11.8,,6.4,,0.0,,17.1,,37.1,,71.0,,1027,,1.5,,1.2,,86,,33,,5.6,,20.0,,21.1,,19.0,
2020-09-13,257,16.0,,21.7,,7.6,,84,,98,,59,,13.0,,16.8,,7.2,,0.0,,14.2,,30.2,,80.4,,1020,,1.6,,1.3,,182,,37,,8.5,,19.4,,20.3,,18.5,
2020-09-14,258,15.9,,21.7,,8.0,,71,,100,,41,,10.2,,16.9,,2.5,,0.0,,14.9,,31.5,,57.7,,1020,,1.1,,0.6,,314,,53,,7.4,,19.7,,20.5,,19.1,
2020-09-15,259,10.1,,16.4,,3.8,,72,,94,,37,,4.8,,8.8,,0.2,,0.0,,16.8,,33.8,,60.3,,1026,,0.8,,0.1,,271,,69,,5.4,,18.4,,19.4,,17.4,
2020-09-16,260,14.3,,20.3,,8.4,,77,,94,,52,,10.1,,12.7,,6.8,,0.0,,17.1,,35.2,,60.9,,1021,,2.1,,1.7,,209,,34,,11.8,,17.8,,18.7,,16.9,
2020-09-17,261,16.0,,22.1,,11.9,,83,,99,,57,,12.9,,15.6,,10.6,,0.0,,15.2,,32.2,,63.3,,1017,,0.9,,0.6,,228,,49,,6.2,,18.2,,19.2,,17.3,
2020-09-18,262,12.2,,17.3,,5.1,,72,,92,,36,,7.0,,11.5,,-1.3,,0.0,,9.0,,18.8,,30.3,,1017,,1.0,,0.6,,356,,52,,6.6,,18.1,,18.7,,17.5,
2020-09-19,263,8.1,,14.9,,1.8,,54,,81,,23,,-1.6,,2.1,,-6.4,,0.0,,20.3,,43.9,,78.5,,1027,,1.0,,0.5,,357,,56,,7.0,,16.7,,17.6,,15.8,
2020-09-20,264,8.2,,15.5,,2.9,,56,,87,,29,,-0.7,,3.0,,-4.3,,0.0,,17.0,,36.1,,51.3,,1032,,1.1,,0.8,,47,,44,,9.9,,15.8,,16.6,,15.0,
2020-09-21,265,8.4,,16.7,,2.6,,61,,90,,25,,0.2,,4.0,,-4.8,,0.0,,18.9,,38.7,,50.3,,1034,,1.3,,1.1,,64,,30,,8.2,,15.4,,16.3,,14.4,
2020-09-22,266,10.5,,16.9,,3.5,,49,,80,,24,,-0.7,,3.6,,-6.4,,0.0,,13.9,,28.4,,25.0,,1017,,1.1,,0.8,,332,,46,,6.6,,15.0,,15.8,,14.2,
2020-09-23,267,14.9,,23.3,,7.0,,69,,92,,44,,8.8,,13.0,,1.0,,0.0,,16.1,,34.4,,52.2,,1010,,1.1,,0.5,,287,,55,,8.6,,15.3,,16.5,,14.2,
2020-09-24,268,16.3,,22.5,,11.2,,78,,98,,52,,12.2,,15.1,,10.6,,0.0,,13.5,,28.7,,45.8,,1015,,0.8,,0.2,,226,,69,,4.9,,16.1,,17.1,,15.1,
2020-09-25,269,17.9,,25.5,,11.6,,78,,99,,45,,13.4,,16.5,,11.2,,0.0,,16.2,,34.4,,65.7,,1020,,0.9,,0.2,,139,,66,,4.9,,16.7,,18.0,,15.6,
2020-09-26,270,17.4,,23.6,,14.0,,88,,100,,55,,15.0,,17.0,,13.8,,0.0,,11.5,,24.1,,53.1,,1020,,1.3,,1.1,,190,,32,,7.1,,17.4,,18.2,,16.8,
2020-09-27,271,19.6,,23.3,,16.5,,90,,100,,71,,17.7,,19.5,,16.4,,0.3,,8.1,,16.5,,36.6,,1017,,1.4,,1.2,,182,,33,,6.6,,18.0,,18.7,,17.5,
2020-09-28,272,20.3,,25.1,,16.9,,83,,97,,54,,17.2,,19.9,,14.9,,0.0,,11.8,,25.2,,42.8,,1015,,2.1,,1.8,,181,,31,,8.8,,18.7,,19.4,,18.1,
2020-09-29,273,19.5,,24.7,,16.6,,89,,99,,61,,17.5,,19.7,,15.4,,7.4,,10.4,,23.3,,49.0,,1012,,2.0,,1.6,,180,,33,,8.4,,18.8,,19.5,,18.2,
2020-09-30,274,16.3,,21.0,,12.0,,82,,99,,48,,13.0,,20.1,,6.5,,23.9,,11.1,,24.1,,37.1,,1004,,2.4,,1.7,,206,,43,,16.6,,19.2,,19.6,,18.5,
2020-10-01,275,14.4,,21.7,,9.9,,76,,91,,39,,9.9,,13.4,,6.4,,0.0,,15.4,,34.9,,62.2,,1013,,1.5,,0.7,,206,,60,,8.6,,18.0,,18.8,,17.2,
2020-10-02,276,10.0,,14.1,,5.8,,94,,100,,72,,9.1,,11.6,,5.8,,4.8,,4.2,,9.2,,-6.8,,1016,,0.7,,0.2,,3,,63,,4.2,,17.1,,18.1,,16.2,
2020-10-03,277,9.3,,16.5,,5.0,,83,,100,,41,,6.2,,9.5,,3.1,,0.3,,15.7,,33.9,,60.2,,1022,,0.9,,0.3,,334,,67,,5.1,,15.8,,16.6,,14.9,
2020-10-04,278,9.5,,16.5,,3.9,,74,,100,,31,,4.4,,8.0,,-1.4,,0.0,,12.9,,28.6,,46.6,,1025,,0.9,,0.4,,69,,61,,4.0,,15.2,,15.9,,14.3,
2020-10-05,279,11.6,,18.1,,7.4,,82,,98,,51,,8.5,,11.2,,5.0,,0.0,,11.2,,24.2,,44.4,,1021,,1.3,,0.9,,90,,45,,6.3,,15.3,,16.1,,14.6,
2020-10-06,280,13.1,,18.2,,10.4,,88,,99,,64,,11.1,,13.4,,8.8,,2.3,,8.3,,17.9,,25.8,,1019,,1.6,,1.4,,193,,29,,7.6,,15.6,,16.2,,15.2,
2020-10-07,281,12.5,,18.0,,8.7,,82,,96,,62,,9.4,,12.9,,5.7,,4.1,,8.0,,17.8,,12.7,,1004,,1.8,,1.3,,232,,40,,19.0,,15.4,,15.9,,15.0,
2020-10-08,282,8.7,,13.3,,1.9,,63,,88,,38,,1.5,,6.3,,-2.1,,0.0,,16.3,,36.2,,50.6,,1012,,1.6,,1.2,,276,,43,,11.4,,14.6,,15.2,,14.0,
2020-10-09,283,8.1,,14.7,,0.2,,66,,93,,31,,1.4,,9.2,,-6.6,,0.0,,16.2,,34.6,,56.9,,1020,,1.1,,0.6,,224,,54,,8.1,,13.6,,14.3,,12.8,
2020-10-10,284,15.9,,22.3,,11.1,,75,,90,,59,,11.3,,15.1,,7.1,,0.0,,14.5,,31.2,,52.0,,1012,,2.6,,2.2,,212,,33,,11.6,,14.2,,15.3,,13.4,
2020-10-11,285,11.4,,16.2,,6.1,,66,,92,,32,,4.8,,14.1,,-1.3,,0.0,,15.3,,32.6,,48.7,,1021,,1.4,,0.5,,16,,63,,7.1,,15.0,,15.5,,14.4,
2020-10-12,286,7.2,,10.7,,5.1,,81,,94,,66,,4.0,,6.2,,1.7,,0.3,,5.8,,12.9,,21.2,,1025,,2.2,,1.9,,79,,29,,9.5,,14.0,,14.8,,13.6,
2020-10-13,287,8.4,,10.2,,7.1,,98,,100,,87,,8.1,,9.9,,5.7,,34.5,,2.0,,4.7,,3.0,,1014,,1.7,,1.1,,56,,47,,12.0,,13.2,,13.8,,13.0,
2020-10-14,288,10.8,,19.0,,6.0,,80,,100,,33,,6.7,,9.9,,2.2,,0.0,,15.4,,31.6,,44.7,,1013,,1.1,,0.5,,292,,61,,7.6,,13.3,,14.1,,12.5,
2020-10-15,289,14.4,,21.9,,6.3,,71,,93,,43,,8.8,,14.2,,4.0,,0.0,,14.6,,31.6,,51.1,,1016,,2.6,,2.1,,186,,36,,11.9,,13.5,,14.3,,12.7,
2020-10-16,290,11.7,,16.6,,6.6,,96,,99,,88,,11.0,,15.8,,6.3,,41.4,,1.3,,3.2,,-3.0,,1019,,1.3,,0.5,,250,,63,,8.5,,14.1,,14.4,,13.3,
2020-10-17,291,5.9,,13.0,,0.9,,80,,100,,32,,2.0,,6.7,,-4.3,,24.9,,14.0,,28.9,,50.9,,1024,,1.5,,0.8,,322,,56,,10.2,,12.4,,13.4,,11.6,
2020-10-18,292,7.4,,14.6,,0.9,,69,,93,,32,,1.3,,4.6,,-2.9,,0.0,,12.6,,27.1,,28.6,,1032,,1.6,,1.1,,134,,45,,7.6,,11.9,,12.5,,11.2,
2020-10-19,293,9.8,,14.5,,4.1,,87,,98,,70,,7.6,,10.0,,3.6,,0.0,,6.0,,13.3,,20.5,,1027,,1.1,,0.7,,157,,47,,4.2,,11.9,,12.6,,11.3,
2020-10-20,294,13.7,,19.3,,10.0,,93,,100,,75,,12.6,,15.4,,8.2,,0.0,,4.9,,10.6,,21.1,,1024,,1.3,,0.8,,191,,51,,6.0,,12.9,,13.6,,12.3,
2020-10-21,295,16.5,,20.7,,13.1,,91,,100,,71,,14.9,,16.5,,13.0,,0.0,,7.7,,16.4,,36.8,,1025,,2.0,,1.2,,187,,51,,9.1,,13.9,,14.6,,13.3,
2020-10-22,296,16.9,,22.8,,12.1,,84,,100,,54,,13.9,,16.1,,12.0,,0.0,,10.6,,23.9,,47.5,,1024,,1.0,,0.1,,149,,73,,5.1,,14.8,,15.4,,14.1,
2020-10-23,297,15.1,,18.0,,12.9,,92,,100,,80,,13.8,,15.3,,12.3,,0.0,,3.4,,7.4,,12.2,,1021,,1.6,,1.1,,148,,44,,5.7,,15.2,,15.5,,14.9,
2020-10-24,298,12.3,,16.6,,3.1,,86,,98,,66,,9.9,,15.1,,-0.1,,0.0,,2.5,,5.5,,-8.8,,1014,,1.7,,0.8,,239,,58,,7.6,,15.1,,15.4,,14.5,
2020-10-25,299,4.2,,8.8,,0.1,,74,,92,,52,,-0.1,,2.4,,-1.8,,0.0,,8.2,,18.1,,7.4,,1023,,1.1,,0.6,,55,,54,,5.2,,13.2,,14.5,,12.5,
2020-10-26,300,5.8,,8.0,,2.9,,95,,100,,76,,5.1,,8.0,,0.8,,4.6,,2.1,,5.0,,3.3,,1022,,1.3,,0.9,,95,,41,,5.9,,12.1,,12.6,,11.9,
2020-10-27,301,7.0,,9.3,,4.3,,89,,100,,64,,5.3,,9.3,,1.9,,0.8,,4.9,,11.1,,19.6,,1021,,0.8,,0.4,,338,,53,,5.7,,12.3,,12.6,,12.0,
2020-10-28,302,5.2,,6.9,,3.8,,99,,100,,98,,5.1,,6.6,,3.7,,7.6,,1.7,,4.0,,2.0,,1017,,0.9,,0.2,,146,,68,,4.9,,11.8,,12.3,,11.6,
2020-10-29,303,4.7,,6.5,,1.9,,99,,100,,96,,4.6,,6.5,,1.7,,19.8,,1.6,,3.8,,-4.5,,1011,,1.1,,0.7,,64,,43,,7.0,,11.3,,11.7,,10.7,
2020-10-30,304,-1.7,,2.2,,-4.6,,100,,100,,98,,-1.7,,1.9,,-4.6,,2.8,,1.1,,2.6,,-35.3,,1014,,1.2,,0.9,,38,,42,,9.4,,9.9,,10.8,,9.3,
2020-10-31,305,-1.6,,4.6,,-6.7,,89,,100,,28,,-3.4,,1.8,,-13.4,,8.1,,10.6,,22.3,,-11.7,,1030,,1.0,,0.3,,206,,67,,6.3,,9.0,,9.4,,8.6,
2020-11-01,306,4.6,,8.4,,0.2,,85,,99,,65,,2.2,,8.2,,-2.3,,7.9,,6.5,,14.5,,18.5,,1014,,2.4,,1.9,,190,,38,,14.0,,8.6,,8.9,,8.3,
2020-11-02,307,-0.1,,3.0,,-2.1,,70,,93,,42,,-5.1,,1.2,,-11.2,,0.0,,8.4,,18.2,,13.9,,1004,,2.8,,2.4,,272,,30,,15.3,,8.4,,8.9,,7.8,
2020-11-03,308,-0.0,,3.3,,-2.9,,70,,100,,37,,-5.3,,-0.1,,-10.5,,0.8,,10.1,,21.7,,23.9,,1014,,1.8,,1.0,,286,,51,,9.3,,7.6,,8.1,,7.3,
2020-11-04,309,5.2,,12.0,,-2.4,,67,,92,,44,,-0.7,,8.0,,-8.3,,0.0,,11.1,,24.8,,27.9,,1030,,2.0,,1.4,,193,,43,,8.7,,7.5,,8.2,,6.9,
2020-11-05,310,12.5,,18.4,,7.5,,70,,90,,36,,6.7,,9.9,,2.7,,0.0,,11.1,,24.6,,18.7,,1027,,2.7,,2.4,,210,,25,,9.9,,8.6,,9.6,,7.9,
2020-11-06,311,13.9,,20.0,,10.5,,65,,87,,38,,7.0,,9.4,,3.0,,0.0,,10.3,,22.8,,20.9,,1023,,1.5,,1.2,,218,,32,,7.1,,9.9,,10.7,,9.3,
2020-11-07,312,15.0,,22.9,,8.8,,60,,84,,32,,6.9,,8.9,,5.1,,0.0,,10.6,,23.7,,20.8,,1024,,0.9,,0.6,,264,,44,,5.1,,10.3,,11.2,,9.6,
2020-11-08,313,14.7,,22.7,,8.4,,58,,84,,26,,5.7,,10.3,,1.4,,0.0,,11.0,,24.2,,17.8,,1027,,0.7,,0.1,,295,,71,,4.1,,10.6,,11.3,,9.9,
2020-11-09,314,14.6,,23.1,,7.7,,56,,82,,29,,5.3,,8.1,,3.1,,0.0,,10.9,,23.7,,17.8,,1026,,0.7,,0.1,,301,,67,,3.9,,10.6,,11.3,,9.9,
2020-11-10,315,15.5,,22.0,,9.4,,73,,93,,53,,10.6,,13.7,,4.7,,0.0,,10.6,,23.5,,13.1,,1021,,1.6,,1.3,,216,,30,,6.6,,10.9,,11.8,,10.2,
2020-11-11,316,16.5,,19.0,,13.8,,94,,100,,83,,15.6,,17.6,,13.0,,1.0,,3.2,,7.7,,7.7,,1017,,2.8,,2.5,,215,,25,,10.9,,12.0,,12.8,,11.4,
2020-11-12,317,10.1,,16.4,,2.8,,85,,100,,58,,7.6,,16.4,,-1.6,,2.3,,1.1,,2.9,,-20.6,,1015,,1.0,,0.6,,316,,53,,6.2,,12.7,,13.0,,11.9,
2020-11-13,318,3.3,,4.8,,-0.2,,94,,100,,70,,2.3,,4.1,,-0.3,,5.1,,1.4,,3.4,,-8.2,,1016,,0.9,,0.5,,55,,49,,6.8,,11.1,,12.0,,10.4,
2020-11-14,319,1.5,,6.9,,-3.0,,84,,100,,52,,-1.2,,3.4,,-4.4,,0.0,,5.3,,11.3,,-8.4,,1019,,1.1,,0.6,,286,,52,,8.3,,9.6,,10.5,,9.0,
2020-11-15,320,2.6,,13.8,,-4.4,,83,,99,,56,,-0.2,,13.1,,-5.7,,16.0,,4.2,,9.6,,-0.6,,1017,,2.3,,1.5,,139,,48,,16.4,,8.1,,9.0,,7.6,
2020-11-16,321,4.9,,7.8,,1.5,,72,,99,,48,,0.1,,7.0,,-3.2,,0.3,,4.5,,9.8,,-4.5,,1011,,2.2,,2.0,,261,,24,,10.6,,8.5,,8.7,,8.3,
2020-11-17,322,1.2,,5.4,,-2.4,,75,,97,,51,,-3.0,,-0.5,,-8.3,,0.0,,6.1,,13.5,,-3.0,,1013,,1.5,,1.4,,270,,28,,7.0,,7.8,,8.4,,7.4,
2020-11-18,323,-4.9,,-1.7,,-9.3,,61,,83,,39,,-11.4,,-5.8,,-14.2,,0.0,,8.8,,19.0,,-5.8,,1027,,1.6,,1.2,,312,,39,,11.6,,6.6,,7.6,,5.8,
2020-11-19,324,-1.6,,3.7,,-9.7,,68,,84,,48,,-6.9,,-2.2,,-12.6,,0.0,,8.6,,18.9,,14.3,,1029,,2.5,,2.0,,212,,34,,11.9,,5.2,,5.8,,4.7,
2020-11-20,325,7.9,,13.0,,3.4,,59,,71,,42,,0.3,,2.0,,-2.5,,0.0,,6.9,,14.7,,9.3,,1024,,2.3,,2.0,,221,,28,,8.8,,6.0,,6.8,,5.2,
2020-11-21,326,7.9,,13.8,,-0.1,,62,,84,,36,,0.7,,5.2,,-2.7,,0.0,,7.1,,15.5,,3.6,,1026,,1.5,,1.2,,276,,39,,7.3,,6.9,,7.5,,6.3,
2020-11-22,327,1.1,,4.5,,-1.9,,82,,98,,64,,-1.7,,4.1,,-5.3,,0.0,,4.6,,10.5,,1.1,,1029,,2.6,,2.4,,87,,24,,10.1,,6.4,,7.2,,5.9,
2020-11-23,328,4.1,,11.0,,-2.3,,91,,100,,75,,2.8,,11.0,,-4.8,,18.0,,1.7,,3.8,,-15.2,,1014,,2.6,,0.5,,248,,73,,12.4,,6.8,,7.3,,6.3,
2020-11-24,329,-0.7,,5.0,,-3.9,,70,,96,,36,,-6.1,,-2.9,,-11.1,,0.0,,8.7,,18.4,,-2.8,,1024,,1.2,,0.5,,303,,60,,7.1,,5.8,,6.7,,5.3,
2020-11-25,330,2.0,,6.7,,-4.7,,73,,93,,59,,-2.5,,4.4,,-11.0,,0.5,,3.5,,7.5,,6.9,,1026,,1.9,,1.1,,157,,52,,8.4,,5.1,,5.7,,4.6,
2020-11-26,331,10.1,,13.5,,6.0,,98,,100,,84,,9.7,,13.3,,4.1,,26.9,,1.2,,2.7,,-1.3,,1017,,1.8,,1.3,,188,,40,,10.5,,6.7,,7.8,,5.6,
2020-11-27,332,7.3,,9.8,,4.8,,96,,100,,82,,6.7,,8.7,,4.6,,0.3,,2.6,,5.9,,-5.0,,1017,,0.5,,0.2,,302,,57,,3.4,,7.5,,7.9,,7.0,
2020-11-28,333,3.8,,9.1,,-0.9,,88,,100,,62,,1.8,,5.8,,-2.2,,0.0,,4.9,,10.4,,-4.5,,1014,,0.9,,0.6,,260,,43,,8.7,,7.5,,7.8,,7.0,
2020-11-29,334,3.2,,9.4,,-2.0,,68,,95,,39,,-2.6,,-0.2,,-5.1,,0.0,,8.7,,18.6,,-0.8,,1018,,1.0,,0.7,,213,,42,,6.2,,6.3,,7.1,,5.7,
2020-11-30,335,8.5,,16.5,,0.2,,90,,99,,72,,7.0,,15.1,,-1.3,,29.7,,1.2,,2.9,,-11.9,,1009,,3.4,,2.6,,134,,39,,15.1,,6.2,,7.8,,5.5,
2020-12-01,336,10.6,,16.0,,2.0,,72,,95,,42,,5.6,,14.2,,-5.1,,0.0,,3.6,,8.0,,-7.4,,1001,,3.3,,2.8,,194,,32,,13.3,,8.4,,8.8,,7.7,
2020-12-02,337,0.6,,2.4,,-1.4,,73,,83,,58,,-3.8,,-2.1,,-5.6,,0.0,,3.6,,8.2,,-1.4,,1011,,2.5,,2.0,,230,,37,,8.7,,7.2,,8.2,,6.7,
2020-12-03,338,2.0,,7.4,,-2.8,,65,,90,,45,,-4.2,,-2.3,,-6.9,,0.0,,8.3,,17.7,,-7.8,,1017,,2.0,,1.7,,234,,31,,7.6,,6.0,,6.7,,5.5,
2020-12-04,339,6.2,,10.6,,2.5,,54,,91,,36,,-2.8,,3.8,,-8.2,,0.0,,4.2,,9.5,,-4.8,,1015,,2.4,,2.2,,215,,26,,10.3,,5.7,,6.2,,5.2,
2020-12-05,340,1.1,,5.2,,-2.1,,97,,100,,86,,0.7,,3.5,,-2.1,,12.7,,0.1,,0.4,,-8.4,,1004,,0.8,,0.5,,28,,39,,7.9,,5.8,,6.1,,5.4,
2020-12-06,341,-3.5,,0.2,,-7.4,,91,,100,,71,,-4.9,,-1.9,,-7.8,,1.3,,1.2,,9.5,,-21.0,,1004,,0.7,,0.6,,266,,20,,11.9,,5.2,,5.4,,4.9,
2020-12-07,342,-5.1,,0.5,,-8.9,,86,,98,,60,,-7.2,,-4.0,,-9.6,,0.8,,1.4,,12.3,,-12.0,,1006,,1.1,,0.6,,311,,49,,6.7,,4.9,,5.0,,4.7,
2020-12-08,343,-5.8,,-4.2,,-8.6,,86,,96,,75,,-7.8,,-6.9,,-9.2,,0.0,,0.4,,2.2,,-13.6,,1005,,1.4,,1.1,,324,,37,,8.3,,4.7,,4.8,,4.6,
2020-12-09,344,-4.5,,-1.1,,-9.7,,94,,98,,86,,-5.3,,-2.1,,-10.2,,0.0,,0.6,,2.6,,-13.2,,1007,,0.7,,0.4,,236,,45,,3.8,,4.6,,4.6,,4.5,
2020-12-10,345,-0.1,,5.3,,-3.1,,87,,100,,56,,-2.3,,-0.5,,-3.5,,8.4,,3.0,,14.6,,-26.9,,1015,,1.0,,0.7,,277,,35,,8.4,,4.4,,4.5,,4.3,
2020-12-11,346,2.4,,7.2,,-3.5,,87,,100,,66,,0.3,,4.6,,-3.6,,0.0,,6.8,,15.1,,-27.2,,1020,,1.6,,1.3,,203,,33,,8.4,,4.3,,4.4,,4.2,
2020-12-12,347,2.7,,4.2,,0.0,,99,,100,,87,,2.5,,4.1,,0.0,,0.0,,2.0,,4.7,,1.9,,1019,,1.9,,1.7,,79,,27,,9.6,,4.2,,4.3,,3.9,
2020-12-13,348,4.8,,9.8,,-2.2,,94,,100,,76,,3.9,,9.8,,-2.9,,0.0,,3.2,,6.9,,-0.2,,1013,,1.7,,1.0,,233,,53,,8.0,,3.8,,4.0,,3.6,
2020-12-14,349,-1.2,,0.0,,-3.2,,95,,100,,83,,-1.9,,-0.3,,-4.7,,0.0,,1.2,,3.2,,-21.8,,1011,,0.8,,0.5,,270,,50,,8.8,,3.4,,3.9,,3.3,
2020-12-15,350,-4.2,,-1.0,,-8.9,,50,,87,,27,,-13.5,,-4.5,,-18.4,,0.0,,7.1,,13.0,,-64.9,,1020,,2.2,,1.8,,284,,34,,12.7,,3.2,,3.5,,2.9,
2020-12-16,351,-9.1,,-5.6,,-12.8,,57,,95,,27,,-16.4,,-9.7,,-22.0,,0.0,,4.3,,9.9,,-8.7,,1027,,1.7,,1.1,,55,,44,,10.4,,2.5,,2.9,,2.2,
2020-12-17,352,-8.1,,-6.0,,-9.4,,94,,97,,90,,-8.9,,-6.8,,-10.1,,20.0,E,3.4,,8.1,,-3.5,,1014,,2.4,,1.8,,25,,39,,13.1,,2.2,,2.3,,2.1,
2020-12-18,353,-7.9,,-3.1,,-11.3,,75,,93,,44,,-11.8,,-9.4,,-14.7,,3.0,E,5.6,,13.0,,-21.1,,1022,,1.6,,1.4,,328,,29,,6.5,,2.2,,2.4,,2.1,
2020-12-19,354,-7.6,,-1.2,,-14.2,,73,,93,,47,,-11.9,,-8.8,,-15.5,,0.0,,7.3,,16.1,,-23.8,,1025,,0.7,,0.2,,281,,59,,4.6,,2.5,,2.6,,2.3,
2020-12-20,355,-2.7,,-0.5,,-5.9,,81,,100,,58,,-5.8,,-0.5,,-11.4,,1.0,,1.8,,4.4,,-3.1,,1019,,1.8,,1.6,,194,,26,,7.5,,2.7,,2.9,,2.6,
2020-12-21,356,-0.3,,4.6,,-2.3,,97,,100,,72,,-0.7,,2.2,,-2.3,,0.0,,4.8,,11.0,,-7.3,,1009,,0.8,,0.5,,258,,45,,6.9,,2.9,,3.0,,2.8,
2020-12-22,357,-0.1,,4.2,,-3.3,,82,,100,,60,,-3.2,,0.8,,-7.0,,0.0,,5.8,,12.7,,-20.7,,1007,,1.6,,1.4,,278,,27,,11.7,,3.0,,3.1,,2.9,
2020-12-23,358,-1.7,,2.4,,-5.2,,65,,82,,44,,-7.5,,-2.5,,-9.8,,0.0,,6.3,,14.1,,-29.1,,1024,,1.7,,0.8,,240,,58,,8.9,,3.0,,3.1,,3.0,
2020-12-24,359,7.8,,12.9,,-0.2,,85,,98,,60,,5.4,,12.2,,-3.0,,0.8,,4.7,,10.9,,7.0,,1020,,3.6,,3.3,,165,,25,,14.4,,3.1,,3.1,,3.0,
2020-12-25,360,10.6,,15.7,,0.4,,90,,97,,64,,9.0,,14.8,,-2.9,,57.4,,0.7,,1.8,,-19.0,,1002,,4.3,,3.8,,170,,29,,15.8,,5.7,,7.0,,3.0,
2020-12-26,361,-3.3,,0.5,,-6.4,,73,,86,,52,,-7.5,,-2.3,,-10.1,,0.0,,5.8,,12.2,,0.1,,1007,,2.5,,2.2,,240,,28,,11.9,,5.3,,6.4,,4.3,
2020-12-27,362,-3.6,,1.9,,-7.7,,74,,95,,49,,-7.8,,-5.6,,-9.6,,0.0,,7.9,,17.1,,-12.9,,1021,,1.2,,0.7,,214,,48,,5.8,,3.3,,4.4,,2.7,
2020-12-28,363,1.6,,5.7,,-3.5,,80,,91,,63,,-1.4,,1.8,,-7.6,,0.0,,2.2,,5.2,,-1.7,,1019,,2.6,,2.0,,202,,40,,10.7,,2.5,,2.8,,2.4,
2020-12-29,364,-3.4,,1.7,,-9.8,,53,,72,,30,,-12.0,,-4.1,,-17.6,,0.0,,6.9,,14.8,,-19.9,,1025,,2.3,,2.0,,286,,30,,14.4,,2.5,,2.8,,2.2,
2020-12-30,365,-3.9,,0.8,,-9.8,,65,,89,,35,,-9.8,,-1.3,,-14.7,,0.8,,4.3,,9.8,,-7.2,,1024,,2.2,,1.8,,214,,32,,13.4,,1.9,,2.2,,1.6,
2020-12-31,366,0.4,,2.3,,-3.8,,88,,100,,66,,-1.5,,2.2,,-5.6,,5.6,,2.7,,6.1,,-13.9,,1017,,2.0,,1.5,,240,,41,,11.7,,1.6,,1.7,,1.5,
2021-01-01,1,-2.6,,0.8,,-6.0,,84,,99,,63,,-5.1,,-2.3,,-6.9,,5.1,,6.0,,13.2,,-2.3,,1028,,0.9,,0.1,,102,,69,,6.7,,1.5,,1.6,,1.4,
2021-01-02,2,0.1,,3.3,,-3.1,,96,,100,,84,,-0.5,,3.3,,-4.9,,12.7,,2.8,,6.5,,-11.6,,1011,,1.8,,0.5,,339,,68,,9.5,,1.4,,1.5,,1.4,
2021-01-03,3,-3.1,,-1.8,,-5.8,,94,,99,,86,,-4.0,,-2.5,,-5.9,,0.8,,1.7,,4.2,,-11.3,,1018,,1.4,,1.1,,74,,39,,6.9,,1.4,,1.5,,1.3,
2021-01-04,4,-1.2,,3.5,,-3.8,,89,,99,,60,,-2.9,,-1.5,,-4.0,,0.0,,5.4,,12.4,,-8.3,,1014,,1.0,,0.8,,29,,37,,5.6,,1.4,,1.4,,1.3,
2021-01-05,5,-1.1,,1.4,,-2.3,,86,,95,,74,,-3.2,,-2.2,,-4.3,,0.0,,4.3,,9.9,,10.7,,1012,,1.2,,0.9,,39,,36,,5.0,,1.4,,1.5,,1.4,
2021-01-06,6,-2.0,,1.1,,-3.8,,77,,96,,59,,-5.6,,-2.1,,-8.5,,0.0,,6.4,,14.2,,13.8,,1013,,2.2,,1.9,,323,,32,,9.8,,1.6,,1.8,,1.4,
2021-01-07,7,-3.1,,1.1,,-5.7,,71,,85,,50,,-7.8,,-6.9,,-8.8,,0.0,,8.0,,17.5,,-2.8,,1016,,2.4,,2.1,,325,,31,,10.9,,1.5,,1.7,,1.4,
2021-01-08,8,-3.9,,2.5,,-7.9,,65,,92,,29,,-10.1,,-7.6,,-14.4,,0.0,,8.8,,18.8,,-13.5,,1012,,2.0,,1.6,,326,,34,,8.7,,1.3,,1.4,,1.2,
2021-01-09,9,-4.9,,-0.4,,-8.9,,66,,77,,51,,-10.4,,-7.4,,-12.7,,0.0,,7.7,,17.4,,4.0,,1010,,1.7,,1.4,,337,,34,,9.2,,1.1,,1.2,,1.0,
2021-01-10,10,-3.3,,2.5,,-7.0,,70,,90,,40,,-8.3,,-6.1,,-10.5,,0.0,,9.0,,18.8,,-8.1,,1020,,1.7,,1.4,,329,,32,,7.9,,1.0,,1.1,,0.9,
2021-01-11,11,-5.1,,-2.5,,-7.5,,83,,94,,68,,-7.6,,-6.0,,-9.2,,0.0,,3.0,,7.0,,-16.0,,1022,,0.7,,0.4,,294,,49,,3.7,,0.9,,1.0,,0.9,
2021-01-12,12,-2.5,,1.3,,-6.7,,82,,98,,62,,-5.3,,-3.5,,-7.1,,0.0,,3.9,,8.8,,4.6,,1017,,0.6,,0.4,,269,,34,,5.3,,0.9,,0.9,,0.8,
2021-01-13,13,-1.6,,2.6,,-6.2,,79,,98,,49,,-4.9,,-2.7,,-7.9,,0.0,,7.2,,15.7,,8.7,,1013,,1.1,,0.8,,223,,37,,5.8,,0.8,,0.9,,0.8,
2021-01-14,14,-0.5,,1.3,,-2.4,,93,,100,,80,,-1.5,,0.9,,-4.7,,1.5,,2.3,,5.3,,-0.6,,1009,,0.5,,0.2,,155,,57,,3.3,,0.8,,0.9,,0.8,
2021-01-15,15,0.5,,3.1,,-2.1,,89,,100,,70,,-1.3,,-0.0,,-2.6,,0.0,,4.0,,9.3,,5.7,,1015,,1.7,,1.4,,94,,29,,9.1,,0.8,,0.9,,0.8,
2021-01-16,16,1.6,,5.2,,-0.6,,99,,100,,93,,1.5,,5.1,,-1.5,,39.9,,1.5,,3.5,,-3.2,,998,,2.4,,0.6,,82,,70,,13.1,,0.7,,0.9,,0.6,
2021-01-17,17,0.6,,2.0,,-1.2,,74,,94,,62,,-3.5,,-1.3,,-5.5,,0.0,,2.6,,5.9,,-2.6,,997,,3.2,,3.0,,256,,22,,12.4,,0.8,,0.8,,0.7,
2021-01-18,18,-0.1,,4.2,,-5.2,,73,,91,,56,,-4.4,,-1.8,,-8.9,,0.0,,5.7,,12.6,,2.2,,1004,,2.6,,2.3,,263,,27,,12.0,,0.9,,1.0,,0.8,
2021-01-19,19,-2.8,,1.9,,-7.5,,74,,86,,56,,-6.8,,-4.2,,-10.3,,0.0,,6.3,,14.0,,0.8,,1014,,1.5,,1.3,,268,,25,,8.5,,0.9,,1.0,,0.8,
2021-01-20,20,-3.7,,0.9,,-9.3,,74,,90,,50,,-7.6,,-3.7,,-15.2,,0.0,,5.2,,11.4,,-3.1,,1012,,1.6,,1.4,,278,,32,,9.3,,0.9,,0.9,,0.8,
2021-01-21,21,-6.5,,-1.9,,-10.2,,78,,96,,64,,-9.7,,-6.2,,-14.3,,0.3,,2.5,,5.9,,-9.8,,1006,,1.3,,1.1,,219,,33,,9.4,,0.8,,0.9,,0.8,
2021-01-22,22,-1.3,,2.3,,-4.8,,79,,92,,64,,-4.6,,-2.1,,-7.2,,0.0,,4.2,,9.4,,-6.5,,1004,,1.2,,1.0,,260,,31,,7.2,,0.8,,0.8,,0.8,
2021-01-23,23,-7.0,,-3.5,,-12.5,,62,,81,,44,,-13.2,,-7.1,,-18.1,,0.0,,7.8,,17.0,,-8.5,,1012,,2.9,,2.5,,286,,29,,12.2,,0.8,,0.8,,0.7,
2021-01-24,24,-9.5,,-3.6,,-14.2,,55,,77,,29,,-17.5,,-15.8,,-20.1,,0.0,,10.6,,22.6,,-2.8,,1014,,2.3,,2.0,,284,,30,,13.0,,0.7,,0.8,,0.6,
2021-01-25,25,-7.0,,-0.4,,-11.9,,56,,77,,30,,-14.6,,-10.5,,-18.4,,0.0,,10.5,,22.9,,5.0,,1016,,1.6,,1.3,,305,,33,,7.3,,0.6,,0.6,,0.5,
2021-01-26,26,-5.0,,-0.2,,-9.1,,80,,99,,38,,-8.3,,-4.2,,-13.8,,6.6,,5.0,,11.3,,9.7,,1014,,1.1,,0.4,,80,,62,,6.8,,0.5,,0.6,,0.4,
2021-01-27,27,-3.0,,-1.2,,-4.8,,95,,98,,89,,-3.8,,-2.0,,-5.1,,1.3,,0.7,,1.8,,-15.8,,1014,,0.9,,0.5,,334,,50,,5.1,,0.5,,0.5,,0.4,
2021-01-28,28,-5.9,,-2.5,,-13.3,,77,,93,,56,,-9.5,,-4.6,,-18.8,,0.0,,1.1,,2.8,,-45.0,,1015,,2.0,,1.6,,313,,33,,12.5,,0.5,,0.5,,0.4,
2021-01-29,29,-14.6,,-10.0,,-18.0,,61,,78,,43,,-20.5,,-18.6,,-24.1,,0.0,,9.7,,20.5,,-67.7,,1014,,2.3,,1.9,,309,,34,,12.1,,0.5,,0.5,,0.4,
2021-01-30,30,-13.5,,-6.9,,-18.2,,64,,82,,37,,-19.4,,-17.5,,-20.7,,0.0,,11.5,,25.1,,-51.1,,1021,,1.7,,1.4,,308,,33,,7.5,,0.5,,0.5,,0.4,
2021-01-31,31,-12.3,,-4.5,,-19.1,,65,,86,,33,,-18.0,,-14.0,,-21.3,,0.0,,8.8,,19.6,,-22.2,,1024,,1.1,,0.4,,6,,63,,6.7,,0.4,,0.5,,0.4,
2021-02-01,32,-6.2,,-2.3,,-10.6,,86,,100,,69,,-8.2,,-2.3,,-14.9,,9.4,,2.2,,5.8,,0.8,,1016,,3.1,,2.8,,57,,27,,14.9,,0.4,,0.5,,0.4,
2021-02-02,33,-2.5,,-1.2,,-4.2,,98,,100,,95,,-2.7,,-1.6,,-4.8,,3.0,,2.5,,6.5,,-9.2,,998,,2.9,,2.3,,39,,36,,17.1,,0.4,,0.5,,0.4,
2021-02-03,34,-3.7,,-2.2,,-5.1,,89,,97,,80,,-5.3,,-4.4,,-5.9,,0.0,,2.7,,6.8,,-11.1,,997,,1.7,,1.5,,308,,32,,8.0,,0.4,,0.5,,0.4,
2021-02-04,35,-2.6,,2.4,,-7.3,,80,,96,,57,,-5.7,,-4.5,,-8.1,,0.0,,6.4,,14.6,,-14.6,,1006,,1.3,,0.9,,315,,43,,8.4,,0.4,,0.5,,0.4,
2021-02-05,36,-1.1,,1.8,,-6.3,,90,,100,,61,,-2.6,,1.0,,-7.6,,0.5,,2.3,,5.7,,-13.1,,1005,,1.6,,1.3,,186,,38,,9.8,,0.4,,0.5,,0.4,
2021-02-06,37,-2.2,,3.1,,-6.5,,63,,100,,29,,-9.2,,-1.1,,-14.3,,0.0,,11.2,,24.0,,-24.3,,1012,,1.7,,1.4,,248,,33,,13.1,,0.4,,0.5,,0.4,
2021-02-07,38,-4.6,,-1.7,,-7.5,,79,,99,,48,,-8.0,,-3.0,,-14.5,,4.6,,1.1,,3.0,,-10.9,,1014,,1.5,,0.7,,53,,61,,8.0,,0.5,,0.5,,0.4,
2021-02-08,39,-8.5,,-3.0,,-13.4,,64,,91,,31,,-14.7,,-8.9,,-18.5,,0.3,,4.4,,10.4,,-52.6,,1022,,1.4,,1.0,,280,,42,,8.6,,0.5,,0.5,,0.4,
2021-02-09,40,-6.7,,-4.1,,-9.6,,87,,98,,57,,-8.6,,-4.9,,-15.1,,4.6,,1.7,,4.0,,-17.5,,1023,,1.0,,0.6,,100,,50,,6.2,,0.5,,0.5,,0.4,
2021-02-10,41,-7.3,,-2.6,,-11.6,,78,,98,,45,,-10.8,,-7.4,,-13.7,,0.0,,6.2,,14.6,,-34.8,,1023,,1.1,,0.8,,281,,41,,7.8,,0.5,,0.5,,0.4,
2021-02-11,42,-7.6,,-2.5,,-12.2,,64,,82,,38,,-13.4,,-10.8,,-17.8,,0.0,,9.3,,21.3,,-13.8,,1022,,1.1,,0.8,,305,,39,,9.0,,0.5,,0.5,,0.5,
2021-02-12,43,-10.8,,-6.7,,-16.2,,49,,77,,28,,-20.0,,-15.8,,-23.6,,0.0,,8.8,,20.6,,-6.5,,1024,,1.2,,0.9,,311,,35,,6.9,,0.5,,0.6,,0.5,
2021-02-13,44,-7.6,,-1.9,,-13.3,,43,,73,,23,,-18.5,,-9.7,,-21.6,,0.0,,9.4,,22.1,,-4.0,,1024,,1.2,,0.6,,4,,59,,6.7,,0.5,,0.6,,0.5,
2021-02-14,45,-3.4,,1.2,,-5.9,,72,,81,,56,,-7.7,,-4.9,,-10.2,,0.0,,5.4,,13.3,,2.2,,1023,,0.8,,0.3,,342,,60,,4.2,,0.5,,0.6,,0.5,
2021-02-15,46,-3.7,,-2.3,,-5.0,,86,,99,,75,,-5.8,,-3.3,,-8.6,,0.5,,2.6,,6.7,,-2.7,,1021,,1.3,,1.0,,71,,33,,6.6,,0.5,,0.6,,0.5,
2021-02-16,47,-0.1,,3.6,,-5.1,,95,,100,,68,,-0.9,,3.3,,-9.3,,25.9,,3.9,,9.8,,-9.4,,1005,,2.3,,0.1,,78,,78,,11.7,,0.5,,0.6,,0.5,
2021-02-17,48,-6.5,,-2.1,,-9.5,,53,,80,,24,,-15.3,,-7.9,,-20.7,,0.0,,13.9,,31.6,,-14.9,,1023,,2.2,,1.7,,294,,36,,12.9,,0.5,,0.6,,0.5,
2021-02-18,49,-6.2,,-4.1,,-8.0,,64,,95,,42,,-12.1,,-6.9,,-16.1,,0.0,,4.2,,10.8,,4.2,,1028,,1.1,,0.8,,72,,41,,6.4,,0.5,,0.6,,0.5,
2021-02-19,50,-5.2,,-2.8,,-7.3,,95,,98,,92,,-5.8,,-3.7,,-8.0,,4.1,,4.0,,10.4,,1.4,,1019,,1.4,,1.1,,50,,34,,7.2,,0.6,,0.6,,0.5,
2021-02-20,51,-4.9,,-1.6,,-9.6,,74,,99,,46,,-9.2,,-5.0,,-13.0,,0.0,,8.7,,20.7,,-7.6,,1015,,1.6,,1.3,,300,,33,,9.1,,0.6,,0.6,,0.5,
2021-02-21,52,-6.6,,-0.1,,-12.2,,60,,90,,30,,-13.8,,-11.8,,-15.9,,0.0,,15.2,,33.8,,-23.6,,1027,,1.2,,0.7,,330,,50,,8.9,,0.6,,0.6,,0.5,
2021-02-22,53,-2.8,,0.3,,-10.6,,80,,100,,53,,-6.0,,0.3,,-14.6,,7.4,,4.1,,10.0,,-2.6,,1014,,2.0,,1.7,,183,,30,,10.6,,0.6,,0.6,,0.5,
2021-02-23,54,0.2,,3.0,,-1.6,,93,,100,,68,,-0.9,,0.8,,-2.7,,0.3,,7.4,,16.5,,-10.9,,1002,,1.2,,1.1,,249,,22,,8.1,,0.6,,0.6,,0.6,
2021-02-24,55,3.9,,8.2,,-1.7,,63,,89,,36,,-2.9,,0.4,,-6.2,,0.0,,13.4,,30.3,,-4.0,,1010,,2.7,,2.1,,231,,38,,13.8,,0.6,,0.7,,0.6,
2021-02-25,56,1.6,,5.4,,-4.4,,53,,75,,35,,-7.2,,0.4,,-12.7,,0.0,,14.3,,31.8,,-1.0,,1014,,2.9,,2.5,,272,,31,,18.3,,0.6,,0.7,,0.6,
2021-02-26,57,-1.8,,4.1,,-7.8,,58,,82,,33,,-9.4,,-5.6,,-12.8,,0.0,,15.7,,34.6,,-9.0,,1028,,1.5,,0.8,,252,,54,,8.1,,0.7,,0.7,,0.6,
2021-02-27,58,0.5,,4.6,,-3.3,,93,,100,,61,,-0.6,,4.5,,-8.3,,5.6,,2.8,,7.2,,-17.7,,1021,,1.8,,1.2,,170,,46,,9.2,,0.7,,0.7,,0.6,
2021-02-28,59,1.5,,4.8,,-1.7,,82,,100,,60,,-1.3,,0.4,,-2.9,,0.3,,5.9,,14.3,,-9.3,,1021,,1.1,,0.5,,144,,59,,6.6,,0.7,,0.8,,0.7,
2021-03-01,60,0.2,,3.4,,-8.3,,83,,100,,32,,-2.8,,3.3,,-21.5,,4.1,,3.5,,8.6,,-11.4,,1003,,2.7,,1.6,,274,,52,,20.4,,0.8,,0.8,,0.7,
2021-03-02,61,-9.7,,-4.8,,-15.1,,43,,93,,24,,-20.4,,-11.7,,-25.8,,0.3,,17.2,,38.4,,-6.8,,1012,,4.3,,3.9,,282,,27,,16.9,,0.8,,0.8,,0.7,
2021-03-03,62,-1.5,,5.0,,-9.6,,58,,75,,38,,-8.8,,-3.0,,-15.4,,0.0,,12.9,,29.6,,20.1,,1009,,2.0,,1.8,,268,,26,,10.5,,0.8,,0.8,,0.7,
2021-03-04,63,-1.7,,0.9,,-8.1,,57,,85,,27,,-9.9,,-2.9,,-18.3,,0.0,,11.4,,25.9,,-1.2,,1006,,2.4,,2.1,,296,,31,,12.8,,0.7,,0.8,,0.7,
2021-03-05,64,-6.8,,-2.8,,-9.8,,42,,66,,18,,-18.3,,-12.5,,-25.1,,0.0,,14.8,,33.6,,4.7,,1006,,3.1,,2.7,,279,,27,,12.5,,0.7,,0.8,,0.7,
2021-03-06,65,-7.2,,-2.1,,-12.3,,56,,77,,37,,-14.6,,-11.9,,-16.5,,0.0,,17.2,,38.9,,11.1,,1014,,2.0,,1.7,,282,,31,,9.3,,0.7,,0.7,,0.6,
2021-03-07,66,-6.0,,0.7,,-12.2,,56,,82,,31,,-13.9,,-10.2,,-16.3,,0.0,,17.9,,40.2,,6.7,,1023,,1.2,,0.9,,301,,40,,8.1,,0.6,,0.7,,0.6,
2021-03-08,67,-3.8,,2.9,,-10.6,,46,,82,,18,,-14.9,,-9.1,,-20.7,,0.0,,18.4,,40.3,,16.9,,1025,,1.1,,0.7,,293,,45,,7.1,,0.6,,0.6,,0.5,
2021-03-09,68,4.0,,10.8,,-1.0,,47,,75,,32,,-6.6,,-2.1,,-14.1,,0.0,,17.4,,38.4,,33.3,,1025,,1.9,,1.3,,267,,47,,10.9,,0.6,,0.6,,0.5,
2021-03-10,69,4.0,,11.1,,-3.6,,62,,91,,29,,-3.6,,-0.0,,-6.8,,0.0,,18.2,,40.5,,40.9,,1031,,1.6,,1.1,,211,,46,,7.6,,0.5,,0.6,,0.5,
2021-03-11,70,9.4,,18.3,,1.9,,70,,100,,32,,3.0,,7.3,,-0.2,,0.0,,13.4,,30.4,,65.7,,1021,,2.6,,2.3,,210,,25,,9.2,,0.5,,0.6,,0.4,
2021-03-12,71,9.4,,13.6,,1.0,,39,,73,,17,,-4.6,,4.9,,-13.5,,0.0,,18.9,,42.0,,81.7,,1015,,3.0,,2.4,,268,,34,,18.6,,1.2,,2.3,,0.5,
2021-03-13,72,-0.4,,4.7,,-5.1,,38,,59,,20,,-13.2,,-9.4,,-16.9,,0.0,,19.1,,43.2,,66.7,,1018,,3.0,,2.5,,282,,33,,15.0,,2.0,,2.8,,1.3,
2021-03-14,73,-1.8,,4.7,,-9.2,,54,,94,,28,,-10.2,,-1.9,,-17.4,,0.0,,10.8,,24.7,,33.9,,1013,,2.6,,2.0,,294,,38,,15.9,,1.9,,2.3,,1.6,
2021-03-15,74,-8.8,,-3.7,,-12.8,,39,,77,,19,,-20.8,,-14.0,,-25.4,,0.0,,19.6,,46.0,,72.8,,1022,,2.6,,2.1,,318,,34,,13.5,,1.3,,1.8,,1.0,
2021-03-16,75,-4.6,,2.3,,-12.7,,35,,65,,15,,-18.8,,-13.1,,-24.7,,0.0,,16.0,,37.8,,68.1,,1023,,1.4,,0.8,,247,,52,,7.1,,0.9,,1.1,,0.8,
2021-03-17,76,1.5,,9.2,,-4.8,,68,,91,,42,,-4.1,,0.0,,-13.6,,0.0,,15.7,,36.2,,65.2,,1019,,1.4,,1.1,,221,,35,,7.4,,1.4,,2.6,,0.8,
2021-03-18,77,2.4,,4.3,,-0.1,,95,,99,,71,,1.7,,4.1,,-4.6,,14.2,,2.3,,6.1,,2.5,,1014,,1.4,,0.4,,284,,66,,10.0,,2.2,,2.7,,1.8,
2021-03-19,78,-2.2,,3.2,,-7.4,,38,,73,,19,,-15.3,,-4.2,,-20.0,,0.0,,20.4,,45.6,,80.3,,1021,,2.1,,1.7,,334,,37,,13.0,,2.6,,3.3,,1.9,
2021-03-20,79,2.8,,12.5,,-5.3,,38,,62,,18,,-10.9,,-5.4,,-18.6,,0.0,,20.4,,45.2,,78.5,,1031,,1.3,,0.8,,278,,47,,10.5,,2.6,,3.8,,1.7,
2021-03-21,80,8.2,,17.8,,-0.6,,36,,68,,12,,-7.7,,-2.8,,-13.1,,0.0,,20.8,,45.8,,77.2,,1033,,1.0,,0.2,,335,,70,,5.2,,3.6,,5.3,,2.3,
2021-03-22,81,8.7,,17.5,,-1.1,,39,,73,,15,,-5.9,,-1.1,,-11.5,,0.0,,21.0,,46.7,,77.1,,1028,,1.0,,0.6,,210,,49,,5.6,,4.8,,6.4,,3.3,
2021-03-23,82,9.4,,18.5,,-1.3,,51,,99,,9,,-3.5,,3.4,,-16.2,,0.0,,21.1,,46.8,,76.6,,1025,,1.2,,0.6,,202,,54,,7.0,,5.5,,7.1,,4.1,
2021-03-24,83,10.0,,16.8,,2.1,,64,,98,,24,,2.3,,8.3,,-4.2,,0.5,,11.3,,26.8,,36.5,,1023,,1.7,,1.3,,157,,40,,7.7,,6.2,,7.1,,5.2,
2021-03-25,84,13.8,,20.9,,8.7,,86,,100,,60,,11.3,,13.6,,8.1,,2.5,,14.7,,34.5,,66.6,,1017,,1.6,,1.1,,186,,44,,7.7,,7.8,,9.4,,6.7,
2021-03-26,85,13.5,,20.6,,6.1,,85,,100,,42,,10.7,,15.6,,1.2,,2.3,,7.0,,16.6,,24.9,,1006,,3.6,,2.7,,230,,41,,16.6,,9.2,,9.9,,8.8,
2021-03-27,86,8.7,,15.7,,3.5,,62,,81,,36,,1.4,,3.6,,-2.3,,0.0,,20.4,,47.2,,92.8,,1019,,2.5,,1.5,,283,,52,,13.8,,9.0,,10.0,,7.8,
2021-03-28,87,5.5,,8.1,,3.7,,96,,100,,80,,4.8,,8.1,,2.0,,20.6,,1.9,,5.4,,4.4,,1009,,2.4,,1.6,,106,,47,,10.9,,8.1,,9.3,,7.6,
2021-03-29,88,3.5,,7.7,,-2.2,,57,,98,,27,,-4.7,,5.4,,-10.9,,0.0,,19.8,,45.1,,91.0,,1011,,3.4,,3.0,,273,,28,,18.5,,7.5,,8.3,,6.9,
2021-03-30,89,5.9,,14.0,,-3.2,,50,,80,,26,,-4.8,,2.3,,-8.6,,0.0,,22.3,,51.6,,90.3,,1026,,2.2,,1.8,,203,,35,,10.6,,7.0,,8.4,,5.5,
2021-03-31,90,10.5,,14.6,,5.3,,88,,100,,76,,8.6,,11.6,,2.1,,2.0,,3.6,,9.3,,10.5,,1018,,2.9,,2.5,,211,,27,,14.8,,7.5,,8.1,,6.9,
2021-04-01,91,2.7,,11.7,,-3.0,,82,,100,,57,,-0.2,,11.6,,-9.3,,3.6,,5.2,,13.0,,6.6,,1009,,2.4,,1.9,,318,,36,,11.2,,7.7,,8.2,,6.7,
2021-04-02,92,-3.8,,-1.9,,-6.5,,58,,70,,44,,-11.0,,-8.4,,-14.5,,0.0,,11.0,,26.3,,46.3,,1019,,1.8,,1.5,,313,,33,,11.1,,5.7,,6.8,,5.1,
2021-04-03,93,0.5,,8.7,,-6.3,,41,,77,,13,,-13.0,,-8.3,,-19.3,,0.0,,23.4,,53.3,,99.2,,1023,,1.2,,0.7,,317,,46,,8.0,,5.4,,6.8,,4.1,
2021-04-04,94,5.4,,13.0,,-2.6,,38,,63,,15,,-8.6,,-3.9,,-15.5,,0.0,,22.3,,48.4,,95.2,,1017,,1.6,,1.1,,316,,43,,9.9,,5.9,,7.4,,4.5,
2021-04-05,95,8.1,,13.8,,3.6,,40,,62,,18,,-5.5,,-2.6,,-10.4,,0.0,,22.7,,49.0,,102.8,,1011,,2.5,,2.1,,321,,35,,15.3,,6.8,,8.2,,5.5,
2021-04-06,96,9.3,,16.2,,3.3,,47,,70,,30,,-1.9,,2.0,,-7.8,,0.0,,21.4,,47.0,,98.6,,1013,,1.8,,1.3,,344,,43,,9.8,,7.6,,9.1,,6.2,
2021-04-07,97,10.9,,18.9,,3.1,,63,,86,,37,,3.7,,6.7,,0.2,,0.0,,21.2,,47.1,,104.1,,1016,,1.4,,0.8,,45,,51,,8.8,,8.4,,10.0,,7.0,
2021-04-08,98,12.9,,20.7,,6.2,,63,,88,,31,,5.3,,8.2,,2.3,,0.0,,20.1,,44.5,,93.0,,1020,,1.3,,0.8,,82,,52,,7.2,,9.6,,11.0,,8.3,
2021-04-09,99,12.6,,20.8,,4.0,,65,,98,,31,,5.3,,8.6,,2.1,,0.0,,23.1,,51.8,,114.3,,1020,,1.4,,0.9,,216,,43,,7.2,,10.3,,11.9,,8.7,
2021-04-10,100,14.9,,22.8,,7.6,,70,,91,,45,,9.2,,12.2,,5.8,,0.3,,22.2,,49.2,,111.5,,1013,,1.7,,1.4,,220,,35,,7.9,,11.6,,13.2,,10.2,
2021-04-11,101,9.0,,14.9,,5.1,,85,,99,,55,,6.6,,10.9,,2.4,,0.0,,11.2,,26.1,,56.2,,1008,,2.1,,1.7,,83,,34,,11.7,,11.6,,12.5,,11.1,
2021-04-12,102,5.6,,8.4,,1.0,,82,,93,,65,,2.7,,7.1,,-0.5,,1.3,,6.6,,16.0,,14.1,,1011,,2.0,,1.8,,67,,28,,10.5,,10.2,,11.1,,9.6,
2021-04-13,103,10.0,,17.5,,1.0,,64,,89,,42,,3.1,,8.5,,-1.2,,0.0,,17.2,,41.1,,97.1,,1016,,1.4,,0.8,,52,,52,,9.2,,9.7,,11.0,,8.5,
2021-04-14,104,11.8,,18.5,,6.9,,66,,86,,40,,5.3,,8.4,,3.8,,0.0,,18.2,,42.7,,101.9,,1016,,1.7,,1.2,,129,,42,,7.7,,11.0,,12.3,,9.8,
2021-04-15,105,4.9,,7.9,,-0.3,,92,,100,,80,,3.6,,6.1,,-0.3,,24.1,,4.1,,10.9,,9.2,,1009,,2.4,,2.1,,104,,29,,12.0,,10.6,,11.8,,9.3,
2021-04-16,106,0.3,,0.8,,-0.2,,100,,100,,97,,0.2,,0.7,,-0.2,,24.4,,2.3,,6.4,,-31.9,,1001,,1.0,,0.8,,332,,27,,9.8,,8.2,,9.3,,7.3,
2021-04-17,107,2.9,,7.7,,0.3,,88,,100,,60,,1.1,,2.8,,-0.0,,0.5,,9.5,,23.4,,11.6,,1007,,1.0,,0.8,,328,,36,,8.1,,6.6,,7.3,,5.9,
2021-04-18,108,6.4,,13.8,,-0.6,,76,,100,,41,,1.9,,5.4,,-0.7,,0.0,,16.7,,40.4,,75.6,,1008,,1.0,,0.6,,319,,47,,7.0,,6.0,,6.9,,5.4,
2021-04-19,109,9.1,,16.2,,2.6,,72,,98,,32,,3.5,,6.6,,-1.1,,0.0,,18.0,,42.9,,85.2,,1010,,1.0,,0.5,,284,,56,,6.5,,7.5,,9.0,,6.2,
2021-04-20,110,11.2,,20.1,,2.8,,64,,98,,27,,3.6,,7.0,,0.2,,0.0,,18.1,,42.7,,81.2,,1013,,1.7,,1.0,,243,,51,,11.8,,8.8,,10.1,,7.6,
2021-04-21,111,6.8,,17.1,,-1.6,,79,,98,,48,,3.1,,12.2,,-5.3,,12.4,,12.0,,29.0,,39.2,,1004,,2.3,,0.6,,240,,69,,12.8,,9.2,,10.1,,8.4,
2021-04-22,112,-0.1,,4.4,,-4.2,,60,,84,,38,,-7.3,,-4.0,,-10.3,,0.0,,16.7,,38.8,,73.2,,1005,,3.3,,3.0,,273,,27,,17.8,,8.2,,9.2,,7.6,
2021-04-23,113,5.7,,12.8,,-1.8,,49,,75,,26,,-5.0,,-1.1,,-7.4,,0.0,,24.3,,56.0,,117.1,,1009,,2.8,,2.4,,271,,29,,13.1,,7.8,,9.1,,6.6,
2021-04-24,114,12.1,,19.8,,2.7,,42,,72,,19,,-1.5,,2.6,,-4.9,,0.0,,25.3,,58.3,,132.8,,1013,,1.8,,1.2,,258,,44,,10.6,,8.8,,10.6,,7.3,
2021-04-25,115,8.8,,10.7,,5.7,,73,,93,,45,,3.9,,7.8,,-1.2,,1.5,,7.1,,17.8,,14.0,,1008,,1.1,,0.0,,222,,75,,9.8,,9.7,,10.1,,9.2,
2021-04-26,116,5.8,,11.1,,1.8,,49,,80,,26,,-4.8,,-0.7,,-8.4,,0.3,,27.2,,62.5,,133.6,,1012,,2.5,,2.1,,298,,34,,12.4,,9.5,,10.7,,8.4,
2021-04-27,117,9.2,,19.3,,-0.1,,43,,70,,25,,-3.4,,3.3,,-9.6,,0.0,,14.8,,36.0,,76.8,,1016,,1.5,,1.1,,264,,42,,9.1,,9.3,,10.2,,8.4,
2021-04-28,118,13.4,,21.3,,7.0,,76,,99,,40,,8.6,,12.6,,-1.8,,6.9,,15.4,,37.2,,88.4,,1011,,1.3,,0.5,,117,,63,,6.1,,10.6,,12.1,,9.4,
2021-04-29,119,10.5,,13.3,,7.6,,97,,99,,88,,10.0,,11.8,,7.4,,53.1,,3.5,,9.7,,11.4,,1005,,1.9,,1.6,,84,,31,,8.6,,11.4,,11.8,,11.0,
2021-04-30,120,8.7,,13.0,,2.6,,81,,100,,62,,5.4,,9.6,,0.8,,1.5,,9.8,,23.4,,52.0,,995,,3.1,,2.6,,272,,31,,18.4,,10.9,,11.3,,10.5,
2021-05-01,121,7.2,,13.2,,2.0,,60,,95,,26,,-0.9,,3.9,,-6.5,,0.0,,26.3,,61.5,,149.7,,1007,,2.1,,1.8,,281,,33,,10.4,,10.9,,12.3,,9.8,
2021-05-02,122,12.6,,21.3,,5.0,,60,,95,,31,,4.4,,9.6,,-6.2,,1.0,,14.4,,34.8,,70.8,,1007,,1.9,,1.5,,250,,40,,12.6,,11.5,,12.3,,10.6,
2021-05-03,123,13.8,,21.1,,7.8,,60,,89,,30,,5.4,,9.9,,2.0,,0.3,,13.3,,33.0,,77.3,,1011,,1.1,,0.4,,121,,59,,6.6,,12.1,,13.0,,11.2,
2021-05-04,124,9.6,,14.6,,6.8,,86,,99,,65,,7.2,,9.5,,4.8,,11.7,,9.8,,25.3,,62.8,,1009,,2.1,,1.7,,79,,34,,10.7,,12.2,,12.7,,11.7,
2021-05-05,125,8.6,,10.3,,6.3,,98,,100,,94,,8.3,,9.7,,5.8,,29.5,,5.0,,13.2,,19.5,,1007,,1.1,,0.4,,99,,62,,6.0,,11.6,,12.4,,11.2,
2021-05-06,126,9.8,,15.8,,4.3,,64,,99,,27,,2.2,,8.3,,-3.9,,0.0,,25.2,,59.4,,140.3,,1012,,1.6,,1.0,,308,,48,,9.5,,11.9,,13.2,,10.9,
2021-05-07,127,9.3,,14.6,,4.5,,53,,80,,30,,-0.2,,4.9,,-4.6,,0.0,,16.9,,40.5,,82.3,,1014,,1.9,,1.4,,102,,40,,8.1,,12.0,,12.6,,11.2,
2021-05-08,128,8.6,,12.9,,4.2,,56,,85,,33,,-0.2,,4.6,,-3.6,,0.0,,13.7,,32.9,,70.1,,1012,,1.2,,0.5,,51,,61,,5.9,,11.7,,12.3,,11.0,
2021-05-09,129,10.0,,16.1,,3.4,,63,,96,,27,,2.3,,6.1,,-3.7,,0.0,,21.6,,51.1,,119.5,,1014,,1.4,,0.9,,265,,41,,10.3,,11.8,,12.9,,10.7,
2021-05-10,130,9.8,,15.1,,6.2,,78,,99,,48,,5.9,,8.3,,3.5,,11.4,,14.1,,34.1,,81.7,,1012,,0.9,,0.4,,317,,56,,5.5,,12.3,,13.1,,11.5,
2021-05-11,131,8.9,,14.2,,4.6,,50,,90,,21,,-1.9,,5.2,,-8.0,,0.0,,25.2,,58.6,,129.0,,1015,,2.1,,1.7,,271,,33,,12.2,,12.4,,13.3,,11.5,
2021-05-12,132,9.4,,16.9,,2.5,,57,,84,,28,,0.8,,6.1,,-2.8,,0.0,,20.9,,49.5,,110.6,,1020,,1.5,,1.0,,304,,45,,11.0,,12.1,,13.1,,11.0,
2021-05-13,133,12.1,,19.4,,4.6,,44,,81,,18,,-1.3,,4.5,,-6.1,,0.0,,22.8,,52.5,,116.2,,1022,,1.1,,0.5,,332,,57,,7.1,,12.3,,13.5,,11.2,
2021-05-14,134,14.5,,22.2,,6.0,,42,,65,,19,,0.8,,9.6,,-3.0,,0.0,,20.7,,48.8,,104.6,,1022,,1.0,,0.4,,328,,60,,9.4,,12.7,,13.9,,11.4,
2021-05-15,135,16.6,,23.7,,9.8,,34,,61,,12,,-0.7,,4.7,,-10.8,,0.0,,27.1,,62.3,,150.7,,1023,,1.1,,0.5,,272,,59,,9.0,,13.6,,15.2,,12.2,
2021-05-16,136,15.4,,24.5,,9.6,,53,,92,,13,,4.4,,12.4,,-6.4,,1.3,,21.0,,48.7,,108.8,,1024,,1.1,,0.0,,324,,78,,9.6,,14.4,,15.6,,13.2,
2021-05-17,137,15.9,,23.9,,7.4,,57,,93,,22,,6.0,,10.6,,-0.6,,0.0,,26.9,,61.8,,152.7,,1024,,1.0,,0.1,,226,,75,,7.6,,14.8,,16.4,,13.3,
2021-05-18,138,17.0,,25.6,,9.8,,61,,95,,25,,7.9,,14.2,,3.5,,1.0,,23.4,,54.5,,125.8,,1024,,1.2,,0.5,,317,,60,,9.1,,15.3,,16.6,,14.1,
2021-05-19,139,19.4,,27.5,,11.6,,50,,84,,21,,7.2,,11.8,,0.7,,0.0,,26.2,,61.0,,151.2,,1026,,1.2,,0.5,,347,,61,,8.9,,16.0,,17.6,,14.6,
2021-05-20,140,18.3,,26.3,,9.8,,47,,74,,26,,5.8,,11.7,,-0.5,,0.0,,27.7,,64.4,,156.5,,1032,,1.3,,0.7,,184,,54,,5.9,,16.6,,18.1,,15.2,
2021-05-21,141,19.1,,28.4,,11.5,,58,,79,,31,,10.0,,15.2,,7.0,,0.0,,23.9,,56.6,,148.7,,1030,,1.3,,1.0,,210,,37,,5.4,,17.2,,18.6,,15.9,
2021-05-22,142,21.4,,29.8,,13.8,,60,,80,,33,,12.8,,17.4,,9.2,,0.0,,20.4,,47.9,,126.6,,1021,,0.8,,0.5,,272,,46,,7.2,,17.8,,19.0,,16.7,
2021-05-23,143,19.0,,27.7,,10.0,,72,,94,,46,,13.8,,19.4,,5.4,,3.8,,22.4,,53.6,,126.2,,1015,,1.3,,0.7,,301,,53,,11.4,,18.2,,19.4,,17.1,
2021-05-24,144,13.3,,19.5,,8.1,,58,,78,,37,,5.0,,10.7,,2.5,,0.0,,22.9,,52.7,,117.3,,1024,,1.7,,0.9,,188,,55,,8.9,,17.2,,18.3,,16.2,
2021-05-25,145,15.4,,22.7,,8.0,,69,,85,,51,,9.6,,14.8,,3.2,,0.0,,26.2,,63.2,,151.4,,1021,,2.1,,1.7,,210,,34,,10.0,,17.0,,18.4,,15.6,
2021-05-26,146,20.3,,29.7,,13.7,,79,,99,,46,,16.0,,20.3,,11.9,,12.2,,25.6,,61.1,,160.9,,1015,,1.7,,1.3,,206,,38,,11.3,,18.1,,19.9,,16.6,
2021-05-27,147,18.0,,23.4,,9.7,,67,,99,,39,,11.2,,17.5,,1.1,,0.8,,26.4,,60.6,,150.9,,1014,,1.2,,0.8,,279,,46,,8.0,,19.1,,20.6,,17.9,
2021-05-28,148,8.7,,13.6,,4.2,,70,,97,,38,,2.9,,8.0,,-1.9,,24.4,,12.6,,29.2,,55.5,,1019,,0.9,,0.5,,27,,51,,6.3,,17.5,,19.3,,15.9,
2021-05-29,149,5.2,,6.5,,3.8,,90,,97,,77,,3.7,,5.0,,1.9,,10.2,,6.0,,14.5,,18.1,,1020,,2.3,,1.9,,61,,32,,10.8,,14.4,,16.0,,13.8,
2021-05-30,150,6.2,,7.4,,5.0,,93,,98,,78,,5.1,,6.8,,2.2,,20.3,,4.5,,11.2,,10.3,,1024,,2.1,,1.7,,63,,33,,9.9,,13.2,,13.8,,12.6,
2021-05-31,151,9.9,,14.7,,6.5,,90,,99,,67,,8.1,,10.4,,6.1,,9.4,,11.1,,25.3,,53.4,,1021,,1.0,,0.6,,332,,51,,7.2,,13.0,,13.9,,12.2,
2021-06-01,152,14.7,,23.0,,7.8,,73,,99,,35,,9.1,,12.8,,5.6,,0.3,,21.3,,49.3,,117.5,,1024,,0.9,,0.3,,230,,64,,5.5,,13.9,,15.9,,12.5,
2021-06-02,153,17.9,,24.6,,9.9,,66,,96,,29,,10.6,,14.1,,4.8,,0.0,,23.8,,55.6,,139.9,,1024,,1.0,,0.6,,202,,48,,7.0,,15.7,,17.5,,14.0,
2021-06-03,154,17.3,,22.4,,12.9,,83,,99,,56,,14.3,,17.7,,11.0,,0.3,,17.9,,41.7,,112.5,,1018,,1.7,,1.4,,201,,34,,8.2,,17.0,,18.2,,15.8,
2021-06-04,155,19.8,,25.1,,16.4,,85,,99,,53,,17.0,,19.0,,14.3,,0.0,,15.4,,35.7,,84.8,,1013,,1.0,,0.8,,226,,38,,5.8,,17.9,,19.0,,17.1,
2021-06-05,156,22.6,,30.6,,14.3,,70,,99,,38,,16.1,,20.2,,13.4,,0.0,,26.4,,63.0,,170.4,,1014,,1.2,,0.7,,225,,48,,8.9,,18.7,,20.6,,16.9,
2021-06-06,157,24.7,,31.1,,17.5,,58,,80,,31,,15.3,,19.2,,11.7,,0.0,,28.7,,68.1,,184.5,,1017,,1.1,,0.6,,243,,50,,8.0,,20.0,,21.9,,18.3,
2021-06-07,158,25.1,,31.8,,17.5,,67,,94,,33,,17.8,,21.0,,12.8,,0.0,,26.4,,62.4,,168.1,,1018,,1.1,,0.7,,225,,45,,7.8,,20.9,,22.6,,19.3,
2021-06-08,159,23.3,,31.2,,19.6,,84,,99,,50,,20.1,,22.9,,17.9,,1.8,,16.1,,39.0,,99.0,,1018,,0.7,,0.4,,222,,45,,5.3,,21.5,,22.5,,20.5,
2021-06-09,160,23.0,,29.4,,17.1,,78,,99,,52,,18.7,,22.6,,10.0,,0.5,,22.9,,54.6,,150.7,,1016,,0.8,,0.4,,346,,54,,8.2,,21.9,,23.6,,20.5,
2021-06-10,161,19.2,,25.5,,11.9,,52,,81,,19,,8.4,,13.1,,-0.1,,0.0,,27.6,,64.1,,155.2,,1018,,1.1,,0.3,,43,,65,,5.1,,21.4,,22.6,,20.1,
2021-06-11,162,13.9,,19.8,,8.7,,72,,97,,37,,8.4,,13.3,,1.9,,2.0,,11.9,,27.4,,63.2,,1018,,1.2,,0.8,,109,,44,,5.7,,19.8,,21.2,,19.1,
2021-06-12,163,16.0,,23.1,,12.2,,82,,99,,35,,12.3,,15.4,,5.7,,12.2,,21.3,,48.0,,127.3,,1013,,0.8,,0.2,,64,,64,,4.9,,19.3,,20.8,,18.1,
2021-06-13,164,19.2,,25.4,,13.4,,70,,99,,41,,12.8,,16.4,,8.9,,0.3,,29.2,,67.9,,183.3,,1014,,1.4,,1.1,,203,,34,,7.6,,20.0,,21.9,,18.2,
2021-06-14,165,14.8,,16.8,,12.9,,93,,99,,82,,13.7,,15.6,,11.1,,17.5,,5.3,,12.3,,5.8,,1012,,1.6,,1.3,,161,,35,,8.9,,19.0,,20.7,,18.4,
2021-06-15,166,18.3,,24.0,,14.2,,80,,99,,48,,14.3,,17.2,,11.8,,0.0,,20.2,,46.3,,131.7,,1008,,0.8,,0.2,,260,,63,,6.7,,19.2,,20.7,,18.0,
2021-06-16,167,15.7,,20.7,,10.3,,62,,94,,30,,7.5,,13.4,,1.9,,0.0,,30.6,,69.9,,180.0,,1012,,1.3,,0.8,,305,,46,,8.9,,19.6,,21.1,,18.2,
2021-06-17,168,15.7,,23.1,,7.7,,57,,84,,25,,6.2,,10.2,,0.8,,0.0,,30.2,,69.0,,172.6,,1015,,1.1,,0.4,,312,,65,,7.3,,19.4,,21.0,,17.8,
2021-06-18,169,18.9,,26.5,,10.0,,56,,84,,29,,9.3,,13.6,,5.3,,0.0,,27.5,,63.9,,165.5,,1015,,1.4,,0.8,,206,,52,,7.8,,19.6,,21.2,,17.9,
2021-06-19,170,22.0,,28.6,,16.9,,61,,85,,28,,13.8,,19.3,,7.3,,0.0,,23.0,,53.0,,145.8,,1008,,1.5,,1.1,,226,,42,,10.5,,20.6,,22.0,,19.3,
2021-06-20,171,22.3,,28.2,,16.4,,66,,91,,32,,15.2,,18.8,,9.5,,0.0,,27.5,,64.2,,170.8,,1009,,1.1,,0.7,,234,,46,,7.2,,21.4,,23.0,,19.9,
2021-06-21,172,23.6,,28.6,,19.4,,80,,95,,57,,19.8,,22.5,,18.2,,0.0,,25.1,,58.7,,159.6,,1008,,2.1,,1.7,,190,,34,,9.0,,22.1,,23.6,,20.7,
2021-06-22,173,17.4,,22.2,,11.0,,93,,98,,75,,16.2,,20.4,,9.4,,6.1,,6.3,,14.3,,23.6,,1008,,1.0,,0.7,,274,,46,,6.6,,21.6,,22.7,,20.5,
2021-06-23,174,14.2,,21.2,,7.3,,69,,99,,33,,7.7,,11.1,,2.7,,0.0,,27.6,,59.6,,154.0,,1021,,1.0,,0.4,,310,,60,,7.2,,20.3,,21.6,,18.8,
2021-06-24,175,16.8,,23.9,,8.7,,62,,89,,31,,8.4,,13.2,,3.8,,0.0,,30.3,,62.8,,174.9,,1029,,1.4,,0.8,,137,,52,,6.6,,20.2,,22.0,,18.5,
2021-06-25,176,16.2,,20.7,,12.5,,91,,98,,73,,14.6,,17.9,,9.4,,1.0,,9.0,,19.0,,28.8,,1026,,1.2,,0.7,,137,,54,,5.9,,20.0,,20.8,,19.5,
2021-06-26,177,20.9,,26.6,,15.7,,86,,99,,62,,18.4,,20.6,,15.3,,0.0,,16.0,,35.9,,108.9,,1025,,2.3,,1.9,,204,,33,,12.0,,20.1,,21.3,,19.1,
2021-06-27,178,23.9,,28.7,,20.4,,83,,95,,62,,20.6,,22.6,,19.5,,0.0,,22.6,,51.4,,152.5,,1022,,2.2,,1.9,,205,,33,,9.8,,21.6,,23.2,,20.3,
2021-06-28,179,26.1,,32.2,,20.4,,77,,97,,51,,21.5,,24.5,,19.8,,0.0,,26.6,,62.3,,177.2,,1023,,1.3,,1.1,,212,,36,,6.8,,22.8,,24.5,,21.3,
2021-06-29,180,26.6,,33.4,,21.1,,74,,97,,41,,21.2,,24.1,,18.4,,0.0,,24.9,,58.3,,170.2,,1023,,0.9,,0.6,,253,,42,,7.0,,23.7,,25.2,,22.3,
2021-06-30,181,24.3,,32.3,,19.8,,80,,99,,45,,20.3,,23.1,,18.8,,37.6,,22.1,,52.2,,149.4,,1016,,1.0,,0.6,,241,,48,,10.9,,23.9,,25.4,,22.8,
2021-07-01,182,20.4,,22.9,,17.0,,94,,99,,79,,19.3,,20.7,,16.6,,15.5,,8.4,,19.5,,31.8,,1011,,0.7,,0.1,,212,,66,,5.5,,23.0,,23.6,,22.5,
2021-07-02,183,14.2,,17.3,,11.6,,97,,99,,94,,13.8,,17.0,,11.2,,16.5,,4.9,,11.0,,9.4,,1012,,2.1,,1.8,,79,,30,,11.0,,21.3,,22.7,,20.1,
2021-07-03,184,12.2,,13.7,,11.2,,97,,99,,92,,11.8,,13.1,,11.0,,11.2,,5.3,,11.8,,13.9,,1012,,1.1,,0.9,,65,,31,,6.7,,19.4,,20.2,,18.9,
2021-07-04,185,14.7,,20.4,,10.9,,89,,99,,63,,12.8,,16.1,,10.8,,2.0,,15.0,,33.1,,91.5,,1013,,0.9,,0.3,,4,,59,,8.3,,19.2,,20.4,,18.2,
2021-07-05,186,17.3,,22.6,,11.0,,84,,97,,66,,14.5,,18.1,,9.9,,0.0,,21.9,,49.7,,142.8,,1019,,1.5,,0.7,,181,,57,,7.6,,20.1,,21.4,,18.7,
2021-07-06,187,20.8,,29.6,,17.8,,92,,99,,63,,19.4,,23.6,,17.2,,14.7,,13.9,,32.0,,75.7,,1015,,1.2,,0.8,,220,,42,,10.2,,21.2,,22.5,,20.0,
2021-07-07,188,22.4,,29.9,,18.2,,86,,99,,52,,19.6,,22.4,,18.0,,0.3,,20.0,,46.5,,132.1,,1015,,0.9,,0.4,,209,,53,,5.2,,22.1,,23.8,,20.7,
2021-07-08,189,16.4,,19.2,,14.8,,94,,99,,80,,15.4,,18.7,,14.1,,15.5,,8.0,,18.3,,41.9,,1018,,1.9,,1.6,,86,,35,,9.2,,21.7,,22.9,,20.9,
2021-07-09,190,18.4,,23.7,,15.3,,96,,99,,76,,17.7,,19.8,,15.2,,24.6,,7.2,,16.1,,36.0,,1013,,1.2,,0.6,,55,,53,,7.9,,20.4,,20.9,,19.9,
2021-07-10,191,18.4,,23.5,,14.5,,88,,99,,63,,16.2,,19.5,,13.6,,4.1,,15.9,,35.8,,91.2,,1016,,0.9,,0.6,,67,,49,,4.8,,20.9,,22.1,,20.0,
2021-07-11,192,18.3,,23.7,,15.4,,92,,99,,69,,17.0,,19.8,,15.3,,2.5,,10.1,,22.8,,53.6,,1021,,0.6,,0.2,,200,,63,,5.0,,21.0,,21.7,,20.2,
2021-07-12,193,17.2,,19.1,,15.7,,97,,99,,91,,16.7,,18.2,,15.3,,42.9,,6.0,,14.0,,24.8,,1023,,1.7,,1.4,,73,,31,,9.1,,20.3,,21.2,,19.7,
2021-07-13,194,17.1,,18.8,,15.9,,97,,99,,91,,16.6,,17.7,,15.6,,3.0,,5.7,,13.0,,28.9,,1026,,1.3,,1.1,,95,,32,,6.8,,20.0,,20.3,,19.7,
2021-07-14,195,20.3,,29.1,,16.8,,92,,99,,61,,18.9,,22.9,,16.6,,19.8,,15.8,,35.8,,103.0,,1023,,1.1,,0.5,,185,,54,,6.1,,20.8,,22.6,,19.7,
2021-07-15,196,22.9,,28.7,,17.2,,81,,99,,53,,19.2,,21.7,,16.3,,0.0,,24.1,,61.4,,171.5,,1019,,1.0,,0.6,,205,,46,,5.4,,22.4,,24.3,,20.6,
2021-07-16,197,24.4,,30.6,,19.7,,81,,98,,50,,20.6,,23.1,,18.5,,0.0,,22.5,,53.4,,152.8,,1016,,1.2,,0.7,,228,,50,,6.8,,23.7,,25.2,,22.3,
2021-07-17,198,21.6,,28.8,,16.5,,86,,98,,57,,19.1,,23.3,,15.9,,40.6,,16.9,,40.0,,110.7,,1019,,1.5,,1.0,,93,,47,,8.6,,24.0,,25.2,,22.9,
2021-07-18,199,18.2,,21.6,,15.9,,97,,99,,86,,17.7,,20.0,,15.5,,37.1,,9.2,,20.8,,56.9,,1017,,2.0,,1.8,,78,,27,,8.6,,22.4,,23.9,,21.7,
2021-07-19,200,18.8,,23.3,,16.6,,92,,99,,70,,17.4,,19.6,,16.1,,1.3,,9.9,,22.6,,41.8,,1016,,0.8,,0.4,,44,,52,,5.3,,22.1,,22.8,,21.5,
2021-07-20,201,21.6,,27.9,,16.1,,85,,99,,55,,18.7,,21.9,,15.9,,1.5,,22.0,,47.8,,138.4,,1014,,0.7,,0.3,,268,,53,,9.6,,22.7,,24.5,,21.3,
2021-07-21,202,19.3,,25.3,,14.2,,81,,99,,51,,15.7,,18.1,,13.3,,0.0,,20.2,,46.4,,119.7,,1013,,0.9,,0.5,,289,,50,,6.9,,23.3,,24.4,,22.2,
2021-07-22,203,18.4,,25.3,,12.3,,75,,97,,37,,13.4,,16.5,,9.1,,0.8,,23.6,,53.2,,141.7,,1018,,1.0,,0.4,,325,,57,,6.1,,22.8,,24.1,,21.4,
2021-07-23,204,18.4,,24.4,,14.1,,74,,94,,37,,13.2,,16.4,,8.7,,0.5,,23.6,,54.1,,135.4,,1021,,0.9,,0.5,,17,,56,,5.8,,23.0,,24.2,,21.7,
2021-07-24,205,19.5,,26.2,,12.0,,68,,96,,30,,12.7,,16.7,,6.8,,0.0,,26.4,,60.4,,159.1,,1019,,1.1,,0.2,,172,,69,,5.4,,22.8,,24.3,,21.2,
2021-07-25,206,18.9,,22.1,,16.8,,91,,98,,77,,17.4,,20.2,,13.9,,3.0,,5.7,,12.7,,16.6,,1015,,1.8,,1.5,,198,,33,,11.3,,22.0,,23.3,,21.5,
2021-07-26,207,22.3,,28.3,,17.8,,79,,99,,38,,17.9,,21.0,,12.4,,0.3,,22.7,,48.9,,137.4,,1013,,0.8,,0.3,,278,,60,,5.3,,22.4,,24.1,,20.9,
2021-07-27,208,20.8,,29.2,,15.9,,77,,99,,35,,16.0,,19.6,,11.8,,24.6,,22.8,,51.4,,149.1,,1015,,0.9,,0.3,,271,,63,,11.7,,22.9,,24.6,,21.6,
2021-07-28,209,17.9,,24.4,,14.2,,82,,100,,39,,14.4,,16.9,,9.3,,0.0,,18.9,,41.7,,116.3,,1016,,0.9,,0.5,,34,,52,,6.4,,22.7,,23.8,,21.8,
2021-07-29,210,18.5,,23.3,,15.2,,92,,99,,65,,17.0,,19.0,,14.2,,11.7,,10.3,,22.8,,53.9,,1014,,2.1,,1.7,,188,,35,,12.1,,22.1,,22.8,,21.5,
2021-07-30,211,17.7,,23.5,,11.4,,77,,99,,49,,13.2,,17.6,,6.8,,0.8,,21.2,,47.5,,116.0,,1009,,1.1,,0.7,,295,,46,,8.0,,22.0,,23.2,,20.9,
2021-07-31,212,14.4,,21.2,,7.9,,71,,95,,42,,8.8,,11.9,,6.7,,0.0,,26.1,,59.3,,149.9,,1015,,1.1,,0.4,,306,,62,,8.6,,21.2,,22.5,,19.7,
2021-08-01,213,17.6,,23.7,,11.2,,76,,98,,50,,13.1,,17.7,,9.2,,1.3,,20.0,,44.5,,119.8,,1014,,1.3,,0.8,,179,,50,,6.7,,21.2,,22.5,,19.9,
2021-08-02,214,17.7,,23.5,,13.3,,81,,99,,46,,14.1,,16.3,,10.8,,0.3,,18.5,,41.5,,99.9,,1014,,0.9,,0.5,,311,,57,,7.5,,21.6,,22.6,,20.6,
2021-08-03,215,16.9,,22.2,,11.0,,76,,96,,45,,12.3,,15.9,,9.1,,0.0,,17.6,,39.6,,84.4,,1021,,0.8,,0.1,,122,,72,,4.3,,21.0,,22.0,,19.9,
2021-08-04,216,17.7,,22.6,,12.7,,78,,96,,42,,13.5,,16.5,,8.8,,0.0,,15.2,,32.9,,81.4,,1023,,1.0,,0.7,,92,,39,,4.7,,20.9,,21.8,,19.8,
2021-08-05,217,17.7,,21.0,,15.4,,92,,99,,78,,16.3,,18.4,,14.9,,0.8,,7.8,,17.5,,35.0,,1021,,0.8,,0.5,,42,,49,,5.4,,20.8,,21.3,,20.3,
2021-08-06,218,21.8,,28.1,,16.7,,78,,99,,45,,17.3,,20.0,,14.4,,0.0,,24.4,,54.8,,154.7,,1022,,0.9,,0.5,,211,,53,,5.2,,21.7,,23.4,,20.2,
2021-08-07,219,22.6,,28.1,,17.6,,78,,90,,59,,18.5,,22.4,,15.5,,0.0,,19.0,,42.5,,115.6,,1019,,0.8,,0.6,,208,,38,,5.5,,22.5,,23.8,,21.2,
2021-08-08,220,22.1,,27.8,,19.1,,82,,96,,57,,18.9,,21.4,,16.9,,0.0,,16.6,,37.4,,104.9,,1021,,0.8,,0.2,,152,,64,,4.6,,22.9,,24.0,,22.0,
2021-08-09,221,21.1,,25.3,,18.9,,87,,97,,60,,18.6,,20.4,,16.8,,0.0,,16.1,,35.9,,113.9,,1024,,1.5,,1.2,,84,,34,,6.4,,23.1,,24.0,,22.3,
2021-08-10,222,21.2,,24.7,,18.4,,90,,98,,72,,19.5,,21.2,,17.9,,1.3,,10.4,,22.8,,56.7,,1021,,1.0,,0.8,,184,,36,,5.3,,23.0,,23.6,,22.4,
2021-08-11,223,24.9,,30.3,,20.4,,85,,99,,61,,22.0,,24.1,,20.0,,0.3,,21.6,,49.2,,143.0,,1017,,1.7,,1.4,,203,,34,,7.4,,23.7,,25.2,,22.5,
2021-08-12,224,24.6,,31.7,,19.9,,85,,99,,54,,21.5,,23.7,,19.6,,3.8,,20.5,,47.3,,132.6,,1016,,1.0,,0.6,,222,,45,,9.6,,24.5,,25.8,,23.4,
2021-08-13,225,25.1,,31.4,,19.6,,82,,99,,56,,21.6,,24.2,,19.4,,0.3,,22.3,,51.4,,145.9,,1018,,0.8,,0.2,,234,,66,,5.5,,24.8,,26.1,,23.5,
2021-08-14,226,23.3,,29.2,,16.2,,78,,98,,50,,19.0,,23.2,,12.1,,0.0,,17.2,,39.5,,101.6,,1020,,0.9,,0.4,,288,,57,,7.5,,24.8,,25.5,,24.1,
2021-08-15,227,18.5,,24.8,,12.9,,67,,91,,31,,11.8,,15.1,,5.3,,0.0,,24.8,,55.7,,135.5,,1024,,0.8,,0.3,,344,,58,,4.9,,23.4,,24.3,,22.3,
2021-08-16,228,18.0,,24.7,,11.9,,71,,88,,42,,12.2,,16.4,,9.8,,0.0,,21.4,,47.8,,114.9,,1024,,0.8,,0.3,,64,,62,,4.1,,22.6,,23.5,,21.5,
2021-08-17,229,20.5,,25.1,,14.9,,81,,98,,59,,16.9,,19.3,,12.9,,0.0,,16.1,,37.4,,99.4,,1024,,1.0,,0.7,,208,,42,,5.8,,22.4,,23.3,,21.4,
2021-08-18,230,21.8,,26.1,,18.2,,87,,96,,74,,19.5,,22.1,,16.4,,0.3,,10.5,,23.7,,56.2,,1024,,1.1,,0.9,,202,,34,,5.0,,22.7,,23.4,,22.0,
2021-08-19,231,22.0,,26.0,,20.2,,94,,98,,76,,21.0,,22.7,,18.8,,21.6,,7.6,,17.2,,36.5,,1016,,1.6,,1.1,,142,,45,,9.8,,22.6,,23.1,,22.1,
2021-08-20,232,21.7,,24.7,,19.7,,95,,99,,81,,20.8,,22.1,,19.5,,8.9,,7.9,,18.3,,37.9,,1013,,0.6,,0.3,,315,,53,,3.6,,22.9,,23.5,,22.4,
2021-08-21,233,23.8,,29.0,,20.2,,85,,99,,56,,20.9,,22.8,,18.6,,0.0,,17.7,,40.5,,116.6,,1016,,1.1,,0.6,,120,,52,,6.7,,23.5,,24.6,,22.6,
2021-08-22,234,20.1,,21.2,,19.3,,97,,99,,92,,19.6,,20.6,,18.8,,16.3,,2.7,,6.6,,2.9,,1011,,2.5,,1.8,,71,,41,,15.9,,23.1,,24.1,,22.3,
2021-08-23,235,20.6,,23.4,,19.0,,95,,98,,80,,19.8,,21.6,,18.5,,33.0,E,6.2,,15.2,,14.4,,1011,,1.8,,1.5,,94,,35,,7.5,,22.2,,22.6,,21.9,
2021-08-24,236,22.9,,29.4,,18.8,,87,,99,,58,,20.4,,23.0,,18.6,,0.0,,17.7,,40.9,,105.3,,1015,,0.8,,0.4,,298,,57,,5.8,,22.8,,24.0,,21.8,
2021-08-25,237,23.6,,30.4,,19.0,,79,,99,,41,,19.2,,22.6,,15.0,,0.3,,21.2,,49.7,,129.2,,1021,,0.8,,0.1,,350,,70,,4.1,,23.5,,24.6,,22.3,
2021-08-26,238,24.9,,32.1,,19.1,,80,,98,,48,,20.9,,24.5,,18.7,,0.0,,21.1,,50.9,,138.2,,1020,,0.8,,0.1,,316,,74,,4.6,,24.3,,25.8,,22.9,
2021-08-27,239,24.6,,30.4,,20.4,,79,,98,,51,,20.3,,23.7,,12.0,,0.0,,18.7,,44.7,,113.4,,1021,,0.9,,0.4,,45,,55,,7.4,,24.8,,25.9,,23.7,
2021-08-28,240,17.1,,20.6,,13.8,,74,,90,,57,,12.2,,13.9,,9.8,,0.0,,11.5,,27.4,,79.9,,1026,,1.9,,1.6,,86,,31,,10.0,,23.6,,25.0,,22.7,
2021-08-29,241,17.3,,21.0,,13.9,,88,,97,,72,,15.2,,19.1,,12.0,,0.0,,8.8,,20.1,,62.6,,1023,,1.3,,0.9,,176,,47,,5.8,,22.2,,22.8,,21.7,
2021-08-30,242,21.7,,27.0,,18.4,,93,,99,,70,,20.4,,23.6,,18.2,,4.3,,9.5,,22.0,,57.4,,1012,,1.3,,0.9,,213,,39,,6.9,,22.5,,23.3,,21.8,
2021-08-31,243,19.6,,25.4,,15.1,,81,,99,,47,,15.8,,18.5,,12.2,,0.3,,18.3,,42.7,,95.9,,1009,,0.9,,0.3,,291,,65,,6.7,,22.5,,23.5,,21.5,
2021-09-01,244,15.9,,18.0,,11.8,,93,,98,,86,,14.8,,17.0,,11.5,,51.6,,4.0,,9.3,,-0.1,,1011,,0.9,,0.7,,70,,41,,11.6,,21.4,,22.5,,20.0,
2021-09-02,245,14.9,,21.0,,9.8,,79,,98,,44,,10.8,,14.2,,6.8,,24.6,,17.8,,40.2,,99.4,,1011,,1.5,,0.7,,357,,58,,11.2,,19.4,,20.6,,18.3,
2021-09-03,246,14.4,,20.9,,9.0,,79,,98,,48,,10.4,,13.9,,8.6,,0.0,,19.0,,43.7,,95.8,,1016,,0.9,,0.5,,332,,51,,6.8,,19.4,,20.5,,18.3,
2021-09-04,247,16.0,,23.3,,10.6,,80,,97,,47,,12.2,,15.6,,10.0,,0.0,,20.5,,46.5,,105.3,,1016,,0.9,,0.3,,313,,63,,6.8,,19.6,,20.8,,18.3,
2021-09-05,248,16.5,,19.2,,12.5,,95,,99,,81,,15.6,,17.7,,11.9,,2.8,,4.6,,10.7,,10.3,,1012,,1.5,,1.1,,185,,40,,8.0,,19.5,,20.1,,19.0,
2021-09-06,249,18.6,,25.1,,12.4,,81,,99,,47,,14.9,,18.1,,10.2,,0.3,,17.8,,40.5,,89.2,,1009,,1.0,,0.7,,253,,41,,6.5,,20.2,,21.4,,19.3,
2021-09-07,250,16.7,,23.6,,11.0,,78,,98,,45,,12.4,,15.5,,10.0,,0.0,,21.2,,47.5,,113.6,,1015,,0.9,,0.2,,290,,70,,7.2,,20.1,,21.2,,18.9,
2021-09-08,251,20.3,,26.0,,14.8,,80,,97,,52,,16.5,,19.2,,12.8,,0.8,,17.7,,40.4,,103.0,,1012,,2.3,,1.9,,187,,33,,11.3,,20.5,,21.6,,19.4,
2021-09-09,252,18.5,,20.6,,15.9,,96,,99,,90,,17.9,,19.8,,15.7,,16.3,,3.7,,8.5,,4.9,,1009,,0.8,,0.1,,138,,70,,6.2,,20.8,,21.1,,20.4,
2021-09-10,253,15.5,,20.3,,9.5,,85,,100,,56,,12.8,,16.9,,7.9,,0.3,,15.5,,34.9,,67.4,,1012,,1.0,,0.6,,301,,47,,9.0,,20.2,,20.8,,19.6,
2021-09-11,254,15.4,,22.4,,8.2,,79,,98,,48,,11.4,,15.7,,7.2,,0.0,,18.2,,41.2,,84.1,,1021,,1.1,,0.6,,205,,53,,6.5,,19.3,,20.3,,18.2,
2021-09-12,255,19.2,,24.3,,14.5,,84,,97,,66,,16.4,,19.7,,12.6,,0.8,,15.1,,33.3,,82.5,,1017,,1.4,,1.2,,209,,35,,7.7,,19.7,,20.8,,18.7,
2021-09-13,256,18.5,,23.6,,13.5,,80,,99,,44,,14.6,,19.0,,9.7,,3.0,,19.7,,44.2,,107.7,,1016,,1.0,,0.4,,292,,58,,5.8,,20.7,,21.7,,20.0,
2021-09-14,257,17.0,,21.8,,11.5,,81,,98,,52,,13.5,,16.0,,11.0,,0.0,,14.0,,31.3,,70.1,,1019,,1.3,,0.9,,151,,48,,6.1,,20.3,,20.9,,19.4,
2021-09-15,258,20.8,,27.1,,17.3,,90,,99,,67,,18.9,,22.0,,14.5,,2.5,,10.7,,23.2,,65.7,,1016,,1.7,,1.2,,199,,44,,9.7,,20.6,,21.5,,19.9,
2021-09-16,259,17.4,,21.6,,14.9,,91,,99,,64,,16.0,,17.9,,13.3,,1.5,,10.4,,23.2,,62.8,,1024,,1.3,,0.9,,81,,42,,7.4,,20.8,,21.3,,20.2,
2021-09-17,260,16.6,,19.7,,14.1,,94,,99,,84,,15.7,,17.6,,13.6,,0.0,,7.3,,15.9,,49.0,,1026,,1.5,,1.3,,78,,30,,6.1,,20.3,,20.8,,19.8,
2021-09-18,261,19.4,,26.3,,15.2,,89,,100,,59,,17.3,,20.0,,14.6,,0.5,,16.5,,36.7,,100.1,,1018,,0.7,,0.3,,328,,61,,4.5,,20.8,,22.0,,19.8,
2021-09-19,262,15.9,,22.1,,10.7,,72,,92,,41,,10.4,,14.8,,7.3,,0.0,,19.7,,44.5,,84.3,,1022,,1.0,,0.5,,349,,53,,5.8,,20.8,,21.5,,19.9,
2021-09-20,263,14.9,,21.9,,9.6,,81,,95,,51,,11.5,,15.3,,8.2,,0.0,,15.3,,34.4,,60.9,,1029,,1.2,,0.7,,117,,51,,4.6,,19.8,,20.5,,18.8,
2021-09-21,264,15.5,,22.3,,9.5,,82,,98,,47,,12.3,,16.2,,6.7,,0.0,,17.3,,38.3,,77.7,,1028,,1.3,,0.9,,140,,46,,6.4,,19.4,,20.2,,18.4,
2021-09-22,265,19.8,,22.2,,16.4,,94,,99,,82,,18.8,,20.4,,16.0,,0.5,,7.7,,17.3,,21.6,,1022,,2.3,,2.0,,162,,25,,8.2,,19.9,,20.6,,19.3,
2021-09-23,266,21.0,,24.9,,19.1,,88,,97,,65,,18.8,,20.5,,17.2,,0.8,,11.0,,24.8,,47.9,,1018,,2.6,,2.2,,151,,29,,10.8,,20.5,,21.2,,19.9,
2021-09-24,267,17.6,,20.9,,11.7,,94,,99,,71,,16.6,,19.9,,11.4,,29.0,,6.3,,14.0,,3.6,,1016,,1.6,,1.2,,173,,40,,10.3,,20.6,,20.9,,20.1,
2021-09-25,268,15.2,,22.8,,9.3,,82,,99,,44,,11.5,,15.7,,7.6,,0.0,,18.2,,40.8,,80.0,,1017,,0.9,,0.6,,70,,43,,4.2,,19.6,,20.4,,18.6,
2021-09-26,269,14.2,,19.4,,9.4,,78,,99,,37,,9.9,,13.8,,3.9,,0.0,,16.6,,37.1,,72.6,,1012,,1.0,,0.5,,295,,52,,10.2,,19.2,,19.8,,18.6,
2021-09-27,270,14.9,,19.9,,7.9,,80,,97,,64,,11.2,,14.9,,7.4,,0.3,,12.9,,29.0,,52.8,,1012,,1.4,,0.9,,212,,48,,8.3,,18.4,,19.0,,17.5,
2021-09-28,271,14.6,,17.4,,8.6,,91,,98,,81,,13.1,,16.1,,6.7,,3.6,,3.4,,7.6,,-12.8,,1011,,0.6,,0.2,,212,,61,,4.4,,18.3,,18.7,,17.9,
2021-09-29,272,10.4,,16.2,,5.0,,78,,98,,39,,6.4,,8.7,,1.9,,0.3,,14.9,,33.1,,65.5,,1015,,0.7,,0.3,,337,,50,,6.6,,17.2,,17.9,,16.3,
2021-09-30,273,9.3,,12.2,,5.8,,83,,97,,63,,6.4,,8.0,,4.5,,0.0,,7.8,,16.7,,22.1,,1020,,0.8,,0.5,,311,,44,,7.4,,16.8,,17.3,,16.2,
2021-10-01,274,10.1,,17.2,,5.0,,79,,99,,43,,6.1,,9.3,,3.7,,0.0,,17.4,,38.0,,70.2,,1022,,0.9,,0.4,,307,,59,,7.1,,15.8,,16.7,,14.9,
2021-10-02,275,13.6,,21.4,,6.7,,82,,98,,57,,10.4,,14.2,,5.6,,0.0,,14.0,,31.4,,62.8,,1019,,1.0,,0.5,,241,,52,,6.8,,15.9,,16.9,,15.0,
2021-10-03,276,15.3,,21.8,,12.1,,89,,99,,55,,13.3,,16.6,,11.5,,6.6,,8.8,,19.7,,41.1,,1016,,1.1,,0.7,,89,,47,,6.6,,16.7,,17.5,,16.0,
2021-10-04,277,11.4,,12.4,,9.3,,98,,99,,97,,11.1,,12.2,,9.0,,51.8,,2.1,,4.8,,1.2,,1020,,2.4,,2.1,,79,,27,,10.3,,16.3,,17.3,,15.5,
2021-10-05,278,11.1,,13.4,,8.9,,95,,99,,86,,10.3,,11.9,,8.7,,3.0,,5.0,,11.0,,21.7,,1024,,0.8,,0.6,,55,,36,,5.6,,15.4,,15.8,,15.0,
2021-10-06,279,15.1,,22.2,,11.5,,87,,99,,49,,12.7,,15.7,,10.6,,0.0,,14.8,,32.0,,82.8,,1027,,0.6,,0.2,,3,,59,,6.7,,16.4,,17.5,,15.6,
2021-10-07,280,15.2,,21.9,,11.3,,86,,100,,49,,12.4,,15.3,,9.6,,0.0,,14.9,,33.2,,64.0,,1026,,0.7,,0.1,,314,,65,,3.9,,17.2,,18.1,,16.6,
2021-10-08,281,15.3,,22.0,,11.7,,82,,99,,50,,12.1,,15.0,,9.5,,0.0,,12.9,,28.9,,58.4,,1023,,1.1,,0.7,,74,,45,,7.0,,17.3,,18.0,,16.7,
2021-10-09,282,11.9,,14.8,,10.0,,88,,98,,73,,9.9,,11.6,,8.1,,0.0,,5.2,,11.2,,18.0,,1027,,1.9,,1.6,,81,,28,,7.8,,16.9,,17.4,,16.5,
2021-10-10,283,12.5,,15.5,,9.6,,91,,99,,78,,11.1,,12.8,,9.0,,0.0,,5.8,,13.2,,23.9,,1025,,1.8,,1.6,,82,,28,,7.0,,16.2,,16.5,,15.8,
2021-10-11,284,14.2,,19.8,,11.5,,92,,100,,64,,12.8,,14.9,,11.3,,0.0,,8.0,,17.7,,29.3,,1022,,1.2,,1.1,,70,,30,,5.2,,16.5,,17.1,,16.0,
2021-10-12,285,14.9,,22.0,,10.8,,87,,100,,52,,12.5,,15.0,,10.4,,0.3,,13.6,,31.3,,52.2,,1020,,0.8,,0.1,,71,,74,,4.4,,16.5,,17.3,,15.7,
2021-10-13,286,14.6,,20.4,,10.4,,91,,100,,65,,12.9,,15.9,,10.3,,0.3,,13.1,,29.4,,51.7,,1017,,0.8,,0.5,,217,,48,,6.7,,16.7,,17.4,,15.9,
2021-10-14,287,17.3,,23.5,,13.3,,86,,99,,58,,14.8,,17.2,,13.1,,0.0,,11.4,,26.0,,52.0,,1015,,0.7,,0.4,,326,,45,,7.0,,16.9,,17.7,,16.1,
2021-10-15,288,17.6,,22.6,,12.9,,85,,99,,61,,15.0,,16.9,,12.8,,0.0,,10.1,,23.5,,45.9,,1014,,1.0,,0.6,,182,,50,,5.6,,17.4,,18.1,,16.7,
2021-10-16,289,17.6,,22.4,,11.6,,84,,99,,63,,14.8,,16.8,,11.2,,10.2,,9.2,,20.9,,41.1,,1008,,2.6,,2.1,,196,,34,,11.7,,17.8,,18.3,,17.4,
2021-10-17,290,10.0,,14.6,,6.7,,84,,99,,52,,7.2,,11.8,,4.5,,1.8,,8.9,,19.8,,15.0,,1007,,1.1,,0.9,,268,,36,,7.5,,16.9,,17.9,,16.1,
2021-10-18,291,7.2,,12.5,,3.0,,77,,98,,43,,3.2,,6.3,,-0.3,,0.0,,9.7,,21.7,,20.0,,1008,,1.0,,0.7,,286,,40,,7.3,,15.2,,16.1,,14.5,
2021-10-19,292,8.5,,14.9,,1.9,,68,,97,,32,,2.2,,5.7,,-2.7,,0.0,,13.8,,30.9,,43.0,,1011,,1.4,,1.1,,267,,35,,11.6,,13.9,,14.6,,13.3,
2021-10-20,293,14.3,,21.7,,8.8,,72,,94,,44,,9.1,,12.3,,3.7,,0.0,,13.0,,29.3,,46.7,,1014,,1.1,,0.8,,270,,38,,7.8,,14.0,,14.9,,13.1,
2021-10-21,294,15.5,,21.7,,10.2,,68,,95,,42,,9.4,,13.7,,6.9,,0.0,,10.7,,24.2,,38.3,,1014,,1.7,,1.3,,200,,38,,7.6,,14.8,,15.5,,14.2,
2021-10-22,295,13.3,,18.0,,6.0,,78,,97,,56,,9.4,,13.9,,2.6,,0.0,,9.0,,19.8,,24.7,,1012,,1.5,,1.0,,246,,45,,6.9,,15.3,,15.8,,15.0,
2021-10-23,296,6.4,,12.2,,2.9,,76,,97,,45,,2.3,,4.6,,-0.0,,0.0,,11.1,,25.1,,32.9,,1014,,1.0,,0.6,,294,,47,,7.6,,14.2,,15.1,,13.6,
2021-10-24,297,6.4,,12.7,,0.7,,73,,96,,40,,1.4,,6.8,,-2.9,,1.0,,13.0,,28.8,,35.8,,1020,,0.9,,0.2,,252,,70,,5.4,,12.8,,13.6,,12.1,
2021-10-25,298,7.5,,8.6,,6.4,,99,,99,,96,,7.3,,8.4,,6.3,,12.4,,1.9,,4.4,,3.5,,1017,,3.1,,2.8,,80,,27,,12.2,,12.5,,12.9,,12.3,
2021-10-26,299,8.9,,11.4,,6.8,,98,,99,,95,,8.5,,11.1,,6.7,,22.6,,1.5,,3.4,,-1.9,,1004,,3.2,,2.7,,63,,32,,12.0,,12.1,,12.3,,11.9,
2021-10-27,300,8.6,,10.3,,5.5,,93,,98,,80,,7.5,,9.4,,4.7,,9.4,,2.8,,6.0,,-3.7,,1006,,1.6,,1.1,,21,,45,,13.7,,12.2,,12.4,,12.0,
2021-10-28,301,5.3,,10.2,,0.9,,86,,100,,61,,3.0,,5.1,,0.9,,0.0,,11.5,,25.5,,30.4,,1015,,1.2,,0.9,,67,,36,,7.8,,11.9,,12.2,,11.5,
2021-10-29,302,4.3,,8.6,,-0.3,,87,,100,,66,,2.2,,4.5,,-0.3,,0.0,,11.5,,25.0,,32.7,,1015,,1.7,,1.4,,84,,33,,8.9,,11.0,,11.6,,10.4,
2021-10-30,303,10.0,,12.4,,5.9,,97,,99,,87,,9.6,,12.2,,4.3,,27.7,,2.8,,6.2,,5.0,,1008,,2.8,,2.5,,77,,27,,11.6,,11.2,,11.9,,10.8,
2021-10-31,304,11.6,,16.4,,9.3,,89,,100,,59,,9.7,,12.1,,6.1,,13.2,,6.5,,13.6,,25.6,,1001,,1.4,,1.1,,258,,40,,8.4,,12.3,,12.9,,11.8,
2021-11-01,305,7.6,,11.7,,2.5,,72,,90,,45,,2.5,,6.4,,-0.7,,0.0,,10.8,,23.6,,17.8,,1015,,1.7,,1.3,,274,,37,,11.8,,12.1,,12.7,,11.4,
2021-11-02,306,5.8,,10.9,,1.4,,71,,95,,41,,0.5,,2.8,,-2.5,,0.5,,8.4,,18.6,,22.0,,1021,,0.9,,0.3,,227,,61,,7.6,,11.0,,11.4,,10.5,
2021-11-03,307,2.3,,7.9,,-0.8,,78,,96,,41,,-1.4,,1.4,,-5.2,,0.0,,8.6,,19.0,,-4.4,,1022,,1.1,,0.5,,303,,58,,8.0,,10.1,,11.1,,9.5,
2021-11-04,308,1.9,,8.0,,-2.5,,75,,100,,33,,-2.7,,0.5,,-8.1,,0.0,,10.6,,23.3,,14.1,,1025,,0.8,,0.2,,64,,65,,4.6,,8.9,,9.5,,8.2,
2021-11-05,309,2.0,,8.0,,-1.8,,67,,92,,30,,-4.1,,-0.8,,-9.0,,0.0,,11.5,,25.0,,12.8,,1027,,1.1,,0.6,,1,,55,,7.7,,8.5,,9.0,,7.9,
2021-11-06,310,2.3,,9.9,,-2.1,,71,,92,,31,,-3.0,,0.2,,-7.3,,0.0,,11.4,,24.7,,11.7,,1027,,0.9,,0.2,,34,,70,,3.7,,8.0,,8.5,,7.3,
2021-11-07,311,4.0,,12.6,,-2.0,,69,,96,,23,,-2.1,,1.4,,-8.9,,0.3,,11.5,,24.5,,13.9,,1021,,0.9,,0.3,,53,,66,,4.1,,7.8,,8.4,,7.1,
2021-11-08,312,8.8,,16.3,,2.6,,61,,91,,41,,1.3,,5.6,,-5.1,,0.0,,10.7,,23.6,,19.4,,1020,,1.0,,0.6,,6,,52,,5.9,,8.2,,9.1,,7.5,
2021-11-09,313,11.1,,18.3,,4.6,,71,,92,,43,,5.6,,8.1,,3.2,,0.0,,10.2,,22.6,,30.5,,1017,,0.8,,0.3,,294,,59,,5.0,,9.0,,9.9,,8.2,
2021-11-10,314,8.8,,14.3,,1.9,,70,,95,,37,,3.2,,9.7,,-5.2,,0.3,,7.2,,14.8,,7.0,,1018,,1.1,,0.6,,321,,55,,9.2,,10.1,,10.6,,9.7,
2021-11-11,315,6.3,,12.2,,-0.6,,55,,84,,23,,-3.0,,2.8,,-9.0,,0.0,,9.5,,20.0,,17.4,,1026,,1.4,,0.9,,118,,48,,8.4,,9.1,,9.7,,8.4,
2021-11-12,316,9.1,,15.4,,3.2,,93,,100,,69,,8.0,,14.4,,2.1,,40.1,,1.1,,2.6,,-15.5,,1017,,2.5,,1.5,,127,,51,,13.8,,9.6,,10.5,,9.1,
2021-11-13,317,5.7,,14.3,,0.5,,81,,100,,36,,2.1,,6.8,,-1.0,,12.7,,9.6,,20.0,,3.8,,1008,,2.1,,0.7,,188,,67,,12.0,,9.5,,10.2,,9.0,
2021-11-14,318,3.1,,6.1,,-0.6,,81,,98,,60,,-0.0,,1.8,,-1.6,,0.5,,5.0,,11.1,,0.4,,1010,,1.4,,0.8,,228,,54,,8.1,,8.6,,9.3,,8.2,
2021-11-15,319,2.5,,6.1,,0.3,,83,,100,,58,,-0.3,,2.3,,-3.2,,1.3,,6.2,,13.1,,4.7,,1006,,2.0,,1.7,,257,,31,,10.7,,8.3,,8.5,,7.9,
2021-11-16,320,1.0,,5.7,,-2.4,,75,,95,,49,,-3.2,,-1.7,,-5.0,,0.0,,8.6,,18.2,,-0.4,,1017,,1.8,,1.6,,266,,29,,9.8,,7.4,,8.0,,7.0,
2021-11-17,321,2.8,,9.8,,-3.2,,78,,98,,53,,-1.0,,8.2,,-3.7,,0.0,,5.9,,12.8,,5.1,,1024,,1.5,,1.1,,182,,39,,8.7,,6.5,,7.1,,5.9,
2021-11-18,322,12.1,,17.8,,4.2,,82,,98,,58,,8.8,,10.9,,3.7,,3.6,,7.6,,15.8,,25.4,,1015,,2.8,,2.3,,214,,34,,11.4,,8.2,,9.3,,6.8,
2021-11-19,323,2.0,,5.5,,-3.2,,76,,100,,51,,-2.0,,3.9,,-8.0,,2.5,,5.9,,12.2,,-2.7,,1020,,2.0,,1.7,,274,,32,,11.8,,8.5,,9.3,,7.6,
2021-11-20,324,0.1,,5.4,,-4.9,,66,,92,,31,,-6.0,,-2.0,,-10.8,,0.0,,9.1,,19.5,,0.7,,1031,,1.3,,0.8,,199,,50,,7.7,,6.7,,7.7,,6.1,
2021-11-21,325,5.6,,8.8,,1.5,,74,,97,,47,,1.0,,8.0,,-2.7,,1.8,,4.9,,10.6,,10.2,,1022,,2.0,,1.7,,196,,30,,9.4,,6.7,,7.3,,6.2,
2021-11-22,326,4.8,,9.4,,-3.4,,83,,98,,54,,2.0,,9.0,,-7.3,,2.3,,3.1,,6.5,,-14.8,,1009,,2.0,,1.5,,250,,38,,11.8,,7.7,,8.1,,7.2,
2021-11-23,327,-2.9,,1.5,,-5.7,,65,,91,,38,,-8.9,,-5.5,,-12.4,,0.0,,9.5,,19.6,,-9.7,,1013,,1.7,,1.3,,316,,38,,10.5,,6.0,,7.3,,5.2,
2021-11-24,328,-2.1,,4.1,,-6.9,,52,,78,,21,,-11.5,,-8.1,,-16.8,,0.0,,9.4,,19.6,,-5.8,,1023,,1.7,,1.4,,304,,31,,9.8,,4.5,,5.3,,4.2,
2021-11-25,329,2.1,,6.8,,-3.4,,62,,84,,43,,-4.6,,-0.6,,-9.7,,0.0,,5.2,,11.4,,11.4,,1014,,0.7,,0.4,,285,,48,,3.9,,4.3,,5.0,,3.8,
2021-11-26,330,1.4,,4.1,,-1.9,,94,,100,,63,,0.5,,3.3,,-2.5,,2.0,,1.3,,2.8,,-0.8,,1001,,1.5,,1.3,,261,,31,,10.0,,5.2,,5.6,,4.9,
2021-11-27,331,-3.3,,-0.5,,-6.1,,79,,100,,57,,-6.7,,-1.7,,-10.7,,2.5,,5.5,,14.1,,-35.6,,1005,,2.8,,2.5,,274,,26,,11.8,,5.2,,5.4,,5.1,
2021-11-28,332,-3.1,,-0.4,,-7.7,,78,,88,,63,,-6.5,,-3.3,,-10.2,,0.3,,4.1,,9.0,,-6.5,,1009,,1.0,,0.7,,229,,44,,5.7,,5.0,,5.2,,4.9,
2021-11-29,333,-2.5,,0.9,,-6.0,,80,,94,,58,,-5.6,,-2.9,,-9.1,,0.0,,5.2,,10.7,,-11.0,,1011,,1.3,,0.8,,323,,47,,7.4,,5.0,,5.1,,4.6,
2021-11-30,334,-3.3,,1.6,,-8.7,,81,,95,,57,,-6.2,,-2.1,,-9.5,,1.0,,6.6,,14.1,,-4.2,,1013,,1.2,,0.9,,237,,35,,6.2,,4.0,,4.7,,3.7,
2021-12-01,335,0.2,,4.3,,-1.9,,82,,93,,54,,-2.7,,-0.6,,-4.4,,1.0,,3.5,,7.2,,-6.0,,1017,,1.5,,0.9,,250,,49,,8.1,,4.0,,4.3,,3.8,
2021-12-02,336,5.0,,9.6,,-0.1,,89,,99,,69,,3.3,,7.5,,-4.2,,4.6,,2.2,,4.6,,-6.4,,1006,,2.4,,1.8,,196,,41,,14.1,,4.4,,5.2,,3.8,
2021-12-03,337,0.0,,3.1,,-4.1,,66,,99,,43,,-5.9,,2.9,,-12.0,,0.3,,7.7,,15.4,,-3.3,,1009,,2.7,,2.4,,275,,28,,12.7,,5.0,,5.2,,4.3,
2021-12-04,338,-1.4,,2.6,,-5.7,,72,,93,,54,,-5.8,,-1.9,,-11.6,,0.0,,6.3,,13.5,,-6.5,,1017,,1.7,,1.4,,245,,34,,7.6,,3.7,,4.4,,3.3,
2021-12-05,339,0.5,,4.6,,-2.1,,67,,81,,42,,-5.2,,-3.1,,-7.4,,0.0,,6.6,,14.0,,6.7,,1025,,1.4,,0.4,,217,,69,,7.3,,3.5,,3.9,,3.1,
2021-12-06,340,6.8,,12.4,,1.6,,90,,100,,61,,5.3,,11.2,,-5.0,,9.1,,1.0,,2.1,,-6.2,,1010,,3.1,,1.9,,196,,51,,16.6,,4.4,,5.7,,3.6,
2021-12-07,341,-0.7,,2.2,,-4.6,,67,,89,,44,,-6.3,,-0.2,,-9.2,,0.0,,5.8,,12.3,,-19.7,,1017,,2.0,,1.7,,274,,30,,12.6,,4.8,,5.7,,4.1,
2021-12-08,342,-2.9,,-0.6,,-5.0,,78,,97,,59,,-6.3,,-3.7,,-8.2,,1.8,,3.0,,6.5,,3.8,,1015,,1.2,,0.9,,66,,34,,5.4,,3.5,,4.2,,3.3,
2021-12-09,343,-4.2,,-0.1,,-8.0,,80,,99,,51,,-7.4,,-3.3,,-10.4,,0.0,,5.4,,10.9,,-11.8,,1019,,1.0,,0.5,,277,,52,,8.4,,3.4,,3.4,,3.3,
2021-12-10,344,-1.2,,3.3,,-4.6,,81,,98,,70,,-4.1,,0.8,,-8.4,,0.0,,2.9,,6.4,,-0.0,,1022,,1.5,,1.2,,114,,39,,7.1,,3.2,,3.4,,3.0,
2021-12-11,345,6.7,,14.6,,0.5,,98,,100,,85,,6.4,,13.9,,-0.4,,24.9,,0.6,,1.5,,2.9,,1008,,3.2,,1.7,,180,,55,,15.2,,3.7,,5.4,,3.1,
2021-12-12,346,2.3,,5.3,,-0.4,,53,,86,,30,,-6.4,,2.7,,-12.4,,0.0,,8.0,,16.8,,-13.3,,1013,,2.9,,2.5,,273,,28,,14.3,,5.1,,5.7,,4.2,
2021-12-13,347,3.7,,9.2,,-0.5,,49,,64,,31,,-6.3,,-4.4,,-7.6,,0.0,,5.5,,12.0,,-19.3,,1019,,2.2,,2.0,,248,,25,,7.8,,3.8,,4.3,,3.4,
2021-12-14,348,3.2,,8.4,,-1.0,,50,,88,,17,,-7.2,,-0.9,,-15.9,,0.0,,8.0,,17.0,,-11.3,,1030,,1.2,,0.7,,314,,51,,8.5,,3.5,,3.8,,3.1,
2021-12-15,349,1.7,,6.0,,-3.8,,61,,99,,23,,-5.9,,5.9,,-14.2,,2.5,,5.9,,12.8,,2.6,,1033,,1.6,,1.1,,164,,45,,10.4,,3.2,,3.6,,2.8,
2021-12-16,350,10.0,,13.2,,5.8,,81,,100,,56,,6.6,,9.2,,3.2,,8.4,,3.6,,8.1,,0.4,,1015,,2.8,,2.5,,211,,26,,10.9,,4.8,,5.8,,3.5,
2021-12-17,351,7.8,,11.3,,0.7,,43,,79,,26,,-4.7,,6.0,,-10.9,,0.0,,8.1,,17.5,,-13.9,,1014,,2.7,,2.2,,264,,36,,14.2,,5.6,,5.9,,5.2,
2021-12-18,352,0.0,,1.5,,-1.6,,81,,100,,60,,-3.0,,0.2,,-6.2,,11.7,,1.9,,4.6,,3.5,,1018,,1.1,,0.7,,84,,48,,6.1,,4.5,,5.3,,4.0,
2021-12-19,353,-3.5,,0.3,,-9.0,,91,,100,,80,,-4.7,,0.3,,-10.7,,2.3,,2.2,,4.7,,-23.1,,1016,,1.6,,1.2,,328,,39,,9.7,,3.8,,4.1,,3.2,
2021-12-20,354,-6.4,,-1.2,,-11.2,,74,,92,,49,,-10.6,,-6.9,,-12.4,,0.0,,6.6,,13.5,,-42.2,,1023,,1.5,,0.8,,254,,54,,10.2,,2.6,,3.2,,2.2,
2021-12-21,355,-1.6,,3.5,,-5.0,,76,,95,,57,,-5.3,,-2.1,,-8.9,,0.0,,6.7,,13.9,,-24.9,,1016,,1.6,,0.7,,224,,61,,8.9,,2.0,,2.2,,1.9,
2021-12-22,356,-0.2,,3.4,,-3.4,,85,,100,,60,,-2.6,,3.1,,-9.3,,14.5,,3.3,,6.9,,-9.7,,1004,,2.4,,0.9,,288,,64,,14.4,,1.9,,2.0,,1.7,
2021-12-23,357,-5.9,,-2.6,,-9.2,,52,,71,,23,,-14.6,,-8.8,,-21.3,,0.0,,7.5,,16.1,,-21.6,,1017,,2.1,,1.6,,283,,39,,13.2,,1.7,,2.0,,1.5,
2021-12-24,358,-6.3,,-4.9,,-8.2,,89,,99,,54,,-7.9,,-5.0,,-15.8,,0.5,,0.8,,1.8,,-11.4,,1018,,0.5,,0.2,,219,,56,,3.0,,1.5,,1.6,,1.4,
2021-12-25,359,-1.5,,0.5,,-5.4,,100,,100,,99,,-1.5,,0.5,,-5.5,,10.7,,0.8,,1.9,,0.9,,1003,,0.8,,0.5,,88,,49,,4.8,,1.3,,1.4,,1.2,
2021-12-26,360,-0.5,,1.5,,-3.4,,93,,100,,81,,-1.5,,0.7,,-5.0,,5.1,,2.9,,5.5,,-12.2,,1009,,1.4,,1.1,,298,,37,,8.2,,1.3,,1.3,,1.2,
2021-12-27,361,-3.3,,-2.0,,-4.5,,88,,94,,77,,-5.1,,-4.0,,-6.4,,0.0,,2.7,,5.8,,-0.9,,1015,,1.3,,0.7,,307,,56,,9.8,,1.3,,1.3,,1.3,
2021-12-28,362,0.3,,4.1,,-2.7,,89,,100,,66,,-1.4,,2.9,,-4.3,,0.3,,4.5,,9.8,,17.3,,1009,,1.3,,0.9,,246,,46,,9.3,,1.3,,1.5,,1.3,
2021-12-29,363,0.4,,2.1,,-1.0,,96,,100,,86,,-0.3,,0.6,,-1.3,,0.0,,2.2,,4.8,,7.7,,1013,,0.6,,0.4,,110,,39,,4.3,,1.7,,2.2,,1.4,
2021-12-30,364,1.9,,4.4,,0.4,,100,,100,,96,,1.9,,4.1,,0.4,,0.5,,2.3,,4.9,,9.7,,1014,,0.6,,0.3,,109,,56,,3.4,,2.7,,3.2,,2.2,
2021-12-31,365,4.5,,7.1,,1.9,,100,,100,,98,,4.5,,6.9,,1.9,,0.0,,3.5,,7.4,,15.6,,1014,,1.0,,0.6,,194,,51,,5.1,,3.7,,4.4,,3.1,
2022-01-01,1,7.2,,8.6,,5.5,,100,,100,,100,,7.2,,8.6,,5.5,,1.3,,1.1,,2.4,,7.7,,1010,,1.1,,0.7,,163,,45,,5.1,,4.8,,5.4,,4.3,
2022-01-02,2,3.1,,8.1,,-4.5,,97,,100,,84,,2.7,,8.2,,-6.7,,3.6,,1.2,,2.6,,-12.8,,1005,,1.3,,0.8,,325,,52,,9.0,,5.4,,5.7,,4.9,
2022-01-03,3,-8.0,,-4.3,,-11.7,,69,,85,,58,,-12.7,,-6.5,,-17.8,,0.0,,2.2,,5.0,,-24.4,,1018,,1.7,,1.4,,333,,33,,9.3,,3.5,,4.9,,2.6,
2022-01-04,4,-7.7,,-1.2,,-13.7,,63,,82,,44,,-13.6,,-8.7,,-18.2,,0.0,,8.4,,17.3,,-13.8,,1024,,1.6,,1.0,,261,,48,,7.2,,2.1,,2.7,,1.7,
2022-01-05,5,-0.0,,3.3,,-4.9,,94,,100,,70,,-0.9,,3.3,,-9.1,,3.0,,1.1,,2.5,,-10.0,,1013,,2.4,,2.2,,207,,27,,12.0,,1.6,,1.8,,1.4,
2022-01-06,6,-1.7,,1.5,,-4.3,,78,,100,,53,,-5.2,,1.5,,-9.1,,0.0,,6.4,,13.5,,-2.8,,1009,,1.6,,1.4,,274,,30,,10.4,,1.4,,1.5,,1.3,
2022-01-07,7,-5.6,,-3.6,,-10.9,,91,,99,,74,,-6.9,,-3.8,,-13.1,,8.9,,0.5,,1.5,,-18.4,,1009,,1.8,,1.2,,294,,44,,11.8,,1.3,,1.4,,1.3,
2022-01-08,8,-9.6,,-3.5,,-15.4,,65,,90,,31,,-15.5,,-11.8,,-18.9,,0.0,,2.1,,7.9,,-44.7,,1028,,1.4,,0.7,,284,,55,,9.2,,1.3,,1.3,,1.2,
2022-01-09,9,-2.5,,0.2,,-8.0,,80,,100,,40,,-5.7,,0.2,,-18.4,,3.3,,1.4,,3.6,,-10.5,,1017,,3.1,,2.7,,220,,31,,13.0,,1.3,,1.3,,1.2,
2022-01-10,10,-6.8,,-0.6,,-12.1,,69,,94,,47,,-11.7,,-4.3,,-15.4,,0.0,,5.4,,11.8,,-60.5,,1015,,2.4,,2.1,,277,,28,,13.2,,1.3,,1.3,,1.2,
2022-01-11,11,-15.6,,-11.3,,-19.1,,66,,93,,38,,-20.9,,-12.8,,-24.9,,0.0,,6.3,,12.0,,-53.4,,1026,,1.4,,1.0,,310,,42,,8.0,,1.2,,1.3,,1.1,
2022-01-12,12,-6.9,,-1.4,,-17.2,,65,,78,,53,,-12.5,,-7.1,,-22.6,,0.0,,5.3,,11.4,,-48.2,,1019,,2.4,,2.1,,215,,29,,12.4,,1.1,,1.2,,1.1,
2022-01-13,13,-0.8,,4.7,,-6.1,,70,,88,,49,,-5.6,,-2.6,,-8.5,,0.0,,5.4,,11.6,,-7.4,,1015,,1.0,,0.5,,146,,57,,5.3,,1.1,,1.1,,1.0,
2022-01-14,14,-3.4,,1.8,,-15.8,,73,,99,,44,,-7.7,,-0.8,,-22.7,,0.0,,5.8,,12.4,,-23.4,,1009,,2.2,,1.5,,353,,45,,14.4,,1.1,,1.1,,1.0,
2022-01-15,15,-17.6,,-13.5,,-20.5,,47,,60,,29,,-26.6,,-22.3,,-29.2,,0.0,,7.9,,16.3,,-39.4,,1019,,2.5,,2.1,,323,,33,,13.5,,1.0,,1.1,,0.9,
2022-01-16,16,-12.0,,-3.8,,-21.8,,51,,83,,14,,-21.0,,-6.6,,-27.9,,0.0,,9.1,,18.8,,-25.6,,1024,,1.3,,0.1,,60,,76,,8.2,,0.8,,0.9,,0.7,
2022-01-17,17,-0.6,,3.6,,-5.2,,93,,100,,67,,-1.7,,3.6,,-8.6,,20.3,,2.9,,6.4,,-5.1,,991,,3.8,,1.0,,136,,70,,18.8,,0.7,,0.8,,0.7,
2022-01-18,18,-7.1,,-3.6,,-13.5,,63,,81,,39,,-13.2,,-7.6,,-17.0,,0.0,,9.5,,19.7,,-33.0,,1006,,3.1,,2.7,,277,,27,,14.2,,0.7,,0.7,,0.6,
2022-01-19,19,-2.8,,3.6,,-13.5,,71,,86,,59,,-7.4,,-1.6,,-16.4,,0.0,,6.0,,13.0,,-9.2,,1016,,2.6,,2.2,,209,,28,,16.3,,0.7,,0.7,,0.6,
2022-01-20,20,-3.0,,2.3,,-12.7,,64,,99,,40,,-9.1,,-0.8,,-18.4,,0.0,,6.3,,12.9,,-26.0,,1018,,1.7,,1.2,,299,,43,,10.2,,0.7,,0.7,,0.6,
2022-01-21,21,-14.7,,-9.0,,-19.0,,57,,73,,33,,-21.8,,-18.1,,-24.6,,0.0,,9.1,,18.2,,-40.8,,1031,,1.3,,1.0,,338,,38,,6.9,,0.6,,0.7,,0.5,
2022-01-22,22,-12.3,,-4.4,,-20.4,,64,,82,,36,,-18.0,,-12.2,,-22.9,,0.0,,10.4,,20.6,,-34.4,,1024,,0.9,,0.2,,186,,64,,6.0,,0.5,,0.6,,0.4,
2022-01-23,23,-6.4,,-2.2,,-10.2,,72,,98,,47,,-10.8,,-5.9,,-14.3,,0.3,,6.6,,13.9,,-13.3,,1010,,1.3,,1.1,,232,,31,,7.2,,0.4,,0.5,,0.3,
2022-01-24,24,-6.9,,-2.7,,-11.1,,79,,98,,48,,-10.3,,-5.3,,-12.8,,0.5,,7.5,,13.8,,-45.5,,1009,,1.1,,0.5,,196,,56,,6.3,,0.3,,0.4,,0.3,
2022-01-25,25,-3.8,,0.2,,-9.9,,82,,100,,54,,-6.7,,-1.7,,-13.8,,0.5,,4.7,,10.0,,-14.7,,1012,,1.7,,1.2,,252,,45,,8.3,,0.3,,0.3,,0.3,
2022-01-26,26,-12.0,,-6.3,,-18.4,,59,,86,,28,,-19.2,,-13.5,,-24.1,,0.0,,10.8,,19.9,,-34.1,,1023,,1.0,,0.5,,330,,54,,9.2,,0.3,,0.3,,0.2,
2022-01-27,27,-12.1,,-5.5,,-20.7,,60,,82,,36,,-18.7,,-8.9,,-24.1,,0.0,,10.8,,20.5,,-30.4,,1026,,1.8,,1.2,,202,,47,,9.1,,0.3,,0.3,,0.2,
2022-01-28,28,-4.4,,-0.4,,-7.2,,70,,87,,52,,-9.0,,-6.2,,-11.3,,0.0,,6.2,,12.8,,-9.5,,1017,,1.3,,0.5,,246,,65,,7.2,,0.2,,0.3,,0.2,
2022-01-29,29,-11.6,,-5.2,,-15.8,,92,,95,,80,,-12.6,,-7.5,,-17.1,,10.7,,1.2,,2.8,,-3.1,,1003,,2.7,,1.8,,340,,45,,12.2,,0.2,,0.3,,0.2,
2022-01-30,30,-14.0,,-7.9,,-20.3,,66,,90,,31,,-19.5,,-14.8,,-23.0,,1.0,,11.5,,21.9,,-29.4,,1009,,1.5,,1.2,,285,,37,,10.9,,0.2,,0.3,,0.2,
2022-01-31,31,-10.0,,-1.7,,-17.4,,57,,75,,33,,-17.4,,-13.4,,-21.4,,0.0,,11.3,,22.2,,-29.3,,1025,,0.9,,0.1,,328,,75,,6.0,,0.2,,0.3,,0.2,
2022-02-01,32,-5.9,,-1.9,,-12.6,,72,,94,,54,,-10.3,,-3.9,,-16.5,,0.0,,6.6,,13.6,,-10.2,,1032,,1.6,,1.4,,83,,30,,7.7,,0.2,,0.3,,0.2,
2022-02-02,33,1.1,,4.6,,-3.3,,88,,96,,79,,-0.7,,2.5,,-4.2,,0.0,,4.9,,10.1,,4.1,,1028,,1.7,,1.4,,173,,34,,7.1,,0.2,,0.3,,0.2,
2022-02-03,34,3.3,,4.4,,1.8,,100,,100,,95,,3.2,,4.4,,1.8,,22.1,,1.9,,4.2,,13.0,,1022,,1.7,,0.7,,198,,61,,7.5,,0.2,,0.3,,0.2,
2022-02-04,35,-1.8,,3.2,,-6.8,,99,,100,,96,,-2.0,,3.2,,-7.2,,35.0,,1.3,,3.0,,-2.9,,1014,,1.7,,1.2,,41,,43,,8.9,,0.2,,0.3,,0.2,
2022-02-05,36,-9.8,,-6.3,,-13.9,,76,,98,,47,,-13.3,,-7.0,,-20.1,,0.0,,10.3,,19.5,,-51.0,,1020,,1.9,,1.5,,313,,35,,9.7,,0.2,,0.3,,0.2,
2022-02-06,37,-10.4,,-3.9,,-17.7,,63,,91,,31,,-16.9,,-8.6,,-20.8,,0.0,,11.6,,22.9,,-50.0,,1033,,1.4,,1.0,,168,,44,,6.5,,0.2,,0.3,,0.2,
2022-02-07,38,-2.1,,2.3,,-8.2,,95,,100,,82,,-2.7,,1.1,,-9.1,,4.3,,3.9,,8.7,,-1.7,,1024,,1.2,,0.7,,138,,54,,6.4,,0.3,,0.3,,0.2,
2022-02-08,39,-0.4,,1.8,,-3.3,,92,,100,,72,,-1.5,,1.3,,-7.2,,0.5,,3.7,,7.8,,-5.4,,1010,,1.6,,1.1,,291,,45,,8.1,,0.3,,0.3,,0.2,
2022-02-09,40,-1.5,,3.8,,-8.1,,69,,95,,44,,-6.8,,-3.4,,-8.8,,0.0,,12.5,,25.5,,-17.3,,1015,,1.7,,1.3,,221,,42,,7.2,,0.3,,0.3,,0.2,
2022-02-10,41,1.7,,7.7,,-1.2,,84,,100,,52,,-0.8,,1.4,,-4.5,,0.0,,8.3,,17.1,,-3.6,,1010,,1.9,,1.5,,221,,37,,9.5,,0.3,,0.3,,0.2,
2022-02-11,42,3.5,,9.7,,-3.5,,63,,100,,30,,-4.1,,-1.2,,-7.2,,0.0,,13.0,,26.0,,-3.0,,1013,,2.4,,2.0,,206,,32,,10.9,,0.3,,0.3,,0.2,
2022-02-12,43,5.6,,10.1,,-2.2,,57,,70,,35,,-2.3,,1.7,,-8.8,,0.0,,7.4,,15.3,,8.8,,1012,,2.7,,2.0,,242,,41,,11.0,,0.3,,0.3,,0.3,
2022-02-13,44,-4.7,,-2.0,,-7.4,,71,,94,,57,,-9.2,,-5.8,,-13.7,,0.3,,2.0,,4.0,,-13.5,,1018,,1.1,,0.9,,313,,37,,7.1,,0.3,,0.4,,0.3,
2022-02-14,45,-10.7,,-7.2,,-14.1,,51,,74,,29,,-19.0,,-13.0,,-24.1,,0.0,,12.8,,25.3,,-10.8,,1016,,2.4,,2.0,,295,,34,,12.2,,0.3,,0.4,,0.3,
2022-02-15,46,-10.5,,-4.0,,-16.5,,54,,77,,32,,-18.3,,-13.1,,-23.9,,0.0,,13.6,,27.3,,-16.7,,1031,,1.6,,1.3,,273,,32,,10.3,,0.3,,0.4,,0.3,
2022-02-16,47,-2.7,,3.9,,-12.0,,71,,93,,48,,-7.5,,2.8,,-15.5,,0.0,,11.6,,24.7,,-4.5,,1033,,3.0,,2.5,,193,,35,,14.3,,0.3,,0.4,,0.3,
2022-02-17,48,8.8,,12.6,,3.3,,81,,98,,66,,5.7,,10.4,,0.7,,3.8,,6.4,,14.2,,28.0,,1017,,4.0,,3.6,,210,,25,,14.7,,0.3,,0.4,,0.3,
2022-02-18,49,2.0,,12.3,,-9.6,,75,,99,,48,,-2.1,,12.1,,-14.2,,9.9,,10.7,,22.4,,38.8,,1004,,4.0,,2.9,,249,,42,,17.8,,0.3,,0.4,,0.3,
2022-02-19,50,-7.4,,-2.7,,-10.9,,72,,99,,50,,-11.8,,-3.3,,-17.1,,1.0,,5.4,,11.7,,-18.4,,1012,,2.8,,2.1,,243,,41,,13.6,,0.3,,0.4,,0.3,
2022-02-20,51,-8.0,,-2.8,,-15.4,,57,,80,,34,,-15.4,,-6.7,,-21.2,,0.0,,13.6,,29.0,,-13.1,,1025,,2.4,,1.9,,219,,38,,11.4,,0.3,,0.3,,0.3,
2022-02-21,52,2.3,,11.2,,-3.9,,56,,78,,31,,-6.1,,-0.7,,-9.2,,0.0,,14.4,,30.2,,39.8,,1024,,1.6,,1.3,,211,,35,,11.5,,0.3,,0.3,,0.2,
2022-02-22,53,4.1,,11.3,,-2.0,,87,,100,,65,,2.1,,10.8,,-4.7,,24.1,,5.2,,11.6,,20.5,,1023,,3.0,,1.7,,133,,53,,16.3,,0.3,,0.3,,0.2,
2022-02-23,54,7.5,,16.2,,-5.1,,80,,100,,56,,4.0,,12.4,,-12.0,,1.3,,11.2,,24.2,,43.1,,1014,,3.4,,2.5,,247,,42,,13.2,,0.3,,0.4,,0.2,
2022-02-24,55,-6.8,,-2.9,,-10.0,,51,,71,,24,,-15.7,,-10.7,,-20.7,,0.0,,6.9,,15.3,,12.0,,1029,,1.6,,1.0,,339,,50,,8.9,,0.4,,0.4,,0.3,
2022-02-25,56,-7.4,,-5.1,,-10.3,,88,,98,,39,,-9.4,,-5.7,,-17.1,,12.2,,2.2,,5.4,,-6.4,,1020,,1.4,,1.0,,65,,42,,8.8,,0.4,,0.4,,0.4,
2022-02-26,57,-9.1,,-3.7,,-15.6,,90,,96,,74,,-10.5,,-4.8,,-16.7,,0.5,,11.4,,26.1,,-41.9,,1025,,1.3,,1.0,,286,,37,,6.4,,0.4,,0.5,,0.4,
2022-02-27,58,-4.1,,2.2,,-9.1,,66,,98,,38,,-10.0,,-5.2,,-12.3,,0.3,,14.2,,29.3,,-9.1,,1012,,2.7,,2.3,,266,,30,,14.3,,0.4,,0.5,,0.4,
2022-02-28,59,-8.9,,-3.7,,-13.7,,53,,95,,22,,-17.8,,-8.7,,-24.1,,0.0,,16.9,,33.9,,-18.1,,1020,,1.5,,1.1,,295,,39,,8.7,,0.4,,0.5,,0.4,
2022-03-01,60,-4.5,,1.8,,-13.8,,66,,100,,40,,-10.3,,1.8,,-19.6,,2.5,,4.7,,10.3,,-6.0,,1019,,2.2,,1.7,,179,,37,,9.7,,0.5,,0.5,,0.4,
2022-03-02,61,-0.2,,2.8,,-3.9,,71,,100,,38,,-5.4,,1.7,,-10.8,,0.0,,14.6,,29.2,,-4.1,,1012,,1.8,,1.3,,268,,45,,10.0,,0.5,,0.5,,0.4,
2022-03-03,62,-3.2,,1.0,,-10.9,,62,,100,,30,,-10.5,,-1.4,,-18.6,,0.5,,13.2,,26.5,,-10.0,,1015,,2.3,,1.7,,284,,39,,11.5,,0.5,,0.5,,0.4,
2022-03-04,63,-7.8,,-0.4,,-15.3,,53,,82,,25,,-16.3,,-13.0,,-19.4,,0.0,,17.6,,34.2,,-17.4,,1029,,1.4,,1.0,,252,,43,,8.5,,0.5,,0.5,,0.4,
2022-03-05,64,-2.8,,3.3,,-10.4,,55,,75,,32,,-11.0,,-5.0,,-14.1,,0.0,,12.0,,24.4,,-2.5,,1029,,1.4,,1.0,,219,,44,,7.3,,0.5,,0.5,,0.4,
2022-03-06,65,7.5,,14.6,,0.5,,88,,100,,65,,5.5,,11.6,,-5.3,,0.0,,8.9,,18.1,,17.7,,1013,,3.0,,2.5,,207,,30,,13.3,,0.5,,0.5,,0.4,
2022-03-07,66,7.6,,12.1,,1.9,,79,,99,,59,,4.0,,11.8,,-2.6,,6.1,,3.6,,8.1,,7.1,,1006,,2.2,,1.4,,240,,48,,18.4,,0.4,,0.6,,0.4,
2022-03-08,67,0.1,,3.4,,-3.2,,56,,76,,30,,-8.0,,-2.0,,-13.4,,0.0,,16.1,,32.6,,65.2,,1014,,2.9,,2.5,,276,,32,,14.5,,1.0,,1.7,,0.5,
2022-03-09,68,-2.2,,0.5,,-3.9,,79,,100,,43,,-5.8,,-2.1,,-10.8,,6.3,,2.3,,5.3,,-1.3,,1018,,0.9,,0.6,,87,,47,,5.1,,1.0,,1.4,,0.8,
2022-03-10,69,0.5,,7.9,,-6.3,,78,,100,,39,,-3.4,,-0.2,,-6.5,,0.0,,15.6,,34.2,,16.9,,1018,,0.9,,0.4,,262,,58,,6.6,,0.9,,1.0,,0.8,
2022-03-11,70,3.6,,10.1,,-3.2,,64,,90,,37,,-3.2,,1.9,,-5.2,,0.0,,15.3,,32.5,,60.0,,1016,,1.8,,1.1,,192,,50,,8.3,,1.4,,2.5,,0.8,
2022-03-12,71,-0.9,,4.7,,-10.0,,98,,100,,87,,-1.2,,4.7,,-10.8,,7.9,,1.8,,4.5,,-15.1,,995,,2.5,,1.1,,289,,59,,14.2,,2.3,,2.5,,2.0,
2022-03-13,72,-6.2,,-0.5,,-11.2,,66,,94,,34,,-12.0,,-9.2,,-15.1,,0.5,,18.4,,40.3,,-42.7,,1013,,2.8,,2.5,,261,,29,,12.0,,1.8,,2.1,,1.6,
2022-03-14,73,1.6,,8.2,,-6.5,,55,,77,,31,,-6.8,,-2.0,,-10.3,,0.5,,18.8,,39.9,,42.5,,1024,,2.1,,1.8,,239,,30,,9.1,,1.5,,1.7,,1.3,
2022-03-15,74,7.1,,14.2,,1.9,,65,,98,,35,,0.2,,4.4,,-2.2,,2.8,,12.5,,27.0,,55.7,,1022,,1.6,,0.5,,202,,66,,9.2,,2.5,,4.1,,1.3,
2022-03-16,75,6.0,,13.4,,-0.0,,77,,100,,32,,1.5,,5.4,,-3.3,,0.0,,18.6,,39.8,,78.9,,1022,,1.3,,0.5,,201,,60,,6.7,,4.6,,6.3,,3.2,
2022-03-17,76,7.5,,11.5,,2.6,,95,,100,,77,,6.7,,10.9,,1.2,,0.3,,4.6,,10.8,,18.5,,1018,,0.9,,0.5,,181,,49,,6.5,,5.4,,6.1,,4.6,
2022-03-18,77,12.9,,21.3,,4.4,,73,,100,,35,,7.2,,11.6,,4.4,,0.0,,15.4,,33.4,,72.4,,1015,,1.1,,0.4,,252,,59,,6.4,,7.0,,8.7,,5.7,
2022-03-19,78,7.6,,13.4,,5.8,,93,,100,,58,,6.4,,7.4,,4.8,,8.9,,2.9,,7.0,,7.9,,1012,,2.5,,2.1,,85,,33,,9.0,,7.6,,8.4,,7.2,
2022-03-20,79,6.9,,11.5,,3.4,,83,,100,,56,,4.0,,8.3,,-0.5,,0.0,,9.6,,22.3,,44.2,,1007,,1.9,,1.5,,279,,36,,9.5,,7.3,,8.1,,6.6,
2022-03-21,80,5.7,,11.8,,-0.6,,52,,86,,26,,-4.3,,0.2,,-8.5,,0.0,,18.5,,40.2,,71.5,,1013,,2.7,,2.3,,280,,32,,16.1,,6.9,,7.8,,5.9,
2022-03-22,81,2.4,,8.8,,-3.2,,44,,79,,19,,-9.7,,-4.6,,-17.1,,0.0,,20.5,,43.9,,74.1,,1018,,2.2,,1.7,,297,,38,,14.2,,6.1,,7.0,,5.0,
2022-03-23,82,2.4,,9.3,,-4.0,,49,,75,,26,,-8.1,,-2.2,,-11.4,,0.0,,17.0,,37.1,,71.6,,1023,,1.3,,0.3,,100,,71,,6.6,,5.5,,6.6,,4.2,
2022-03-24,83,1.7,,3.5,,-0.5,,97,,99,,72,,1.2,,3.4,,-2.9,,16.5,,2.9,,7.0,,5.3,,1016,,2.1,,1.8,,80,,33,,10.1,,5.3,,6.2,,4.8,
2022-03-25,84,6.2,,14.2,,0.9,,79,,100,,42,,2.4,,6.3,,0.2,,5.8,,14.0,,30.8,,79.8,,1001,,1.5,,0.9,,277,,49,,8.0,,5.9,,7.5,,4.7,
2022-03-26,85,4.5,,9.7,,1.1,,81,,100,,47,,1.2,,3.6,,-1.5,,1.3,,10.4,,23.3,,36.3,,998,,1.2,,0.9,,241,,40,,8.4,,6.9,,7.5,,6.3,
2022-03-27,86,0.3,,5.6,,-6.1,,71,,100,,42,,-4.7,,1.3,,-12.9,,0.0,,12.3,,27.6,,44.6,,1000,,2.6,,2.3,,272,,27,,11.3,,6.0,,6.8,,5.3,
2022-03-28,87,-7.2,,-3.9,,-10.9,,55,,91,,27,,-15.4,,-9.8,,-21.2,,0.0,,16.6,,36.2,,75.8,,1007,,3.2,,2.7,,281,,30,,12.7,,4.5,,5.6,,3.9,
2022-03-29,88,-5.3,,0.9,,-11.3,,48,,71,,27,,-15.2,,-11.5,,-17.2,,0.0,,19.8,,41.3,,76.3,,1015,,2.6,,2.2,,293,,31,,13.6,,3.3,,4.0,,2.7,
2022-03-30,89,-0.4,,6.2,,-8.6,,40,,70,,22,,-13.3,,-9.5,,-16.3,,0.0,,16.2,,34.5,,73.4,,1018,,1.6,,0.9,,244,,52,,7.6,,3.2,,4.1,,2.3,
2022-03-31,90,8.4,,15.2,,1.1,,89,,100,,39,,6.5,,13.9,,-10.9,,10.7,,2.7,,6.3,,5.5,,1006,,2.7,,2.4,,202,,29,,13.8,,4.4,,6.2,,3.6,
2022-04-01,91,6.9,,12.1,,-0.1,,80,,100,,51,,3.4,,12.1,,-4.9,,8.1,,9.5,,21.2,,42.5,,1001,,2.7,,2.3,,271,,32,,14.2,,7.0,,7.8,,6.1,
2022-04-02,92,3.1,,9.3,,-1.2,,48,,75,,21,,-7.7,,-3.8,,-12.4,,0.0,,22.9,,49.4,,111.2,,1013,,2.3,,1.7,,290,,40,,11.4,,6.5,,7.8,,5.3,
2022-04-03,93,3.3,,9.3,,-1.7,,61,,100,,30,,-4.4,,1.5,,-9.4,,2.0,,12.0,,26.7,,53.3,,1010,,1.5,,0.5,,76,,65,,7.2,,6.4,,7.2,,5.4,
2022-04-04,94,4.4,,10.7,,-0.3,,65,,100,,29,,-2.7,,1.0,,-7.5,,0.0,,21.0,,46.1,,99.6,,1012,,1.7,,1.3,,302,,38,,11.1,,6.9,,8.3,,5.8,
2022-04-05,95,6.9,,14.1,,-1.0,,56,,89,,32,,-2.1,,1.4,,-6.4,,0.0,,19.2,,42.8,,80.8,,1016,,1.2,,0.7,,228,,54,,7.1,,7.4,,8.7,,6.0,
2022-04-06,96,6.0,,8.6,,2.9,,71,,86,,56,,1.1,,5.6,,-2.5,,0.0,,8.0,,19.3,,32.2,,1014,,2.1,,1.9,,74,,26,,9.4,,7.4,,8.1,,6.9,
2022-04-07,97,5.6,,9.6,,2.5,,74,,97,,50,,0.9,,4.2,,-1.5,,3.6,,5.0,,12.3,,19.2,,1012,,3.2,,2.8,,91,,28,,14.5,,6.9,,7.5,,6.5,
2022-04-08,98,7.1,,13.1,,2.8,,85,,100,,48,,4.3,,8.1,,1.1,,14.2,,12.3,,28.0,,51.1,,1003,,2.2,,0.4,,44,,73,,15.4,,7.2,,8.5,,6.3,
2022-04-09,99,5.4,,9.2,,0.5,,89,,100,,66,,3.6,,7.2,,0.3,,4.1,,7.2,,16.7,,8.0,,1002,,1.3,,0.5,,171,,64,,10.6,,7.5,,8.2,,6.9,
2022-04-10,100,3.1,,7.2,,-1.6,,75,,100,,47,,-1.4,,2.0,,-4.0,,0.0,,10.1,,23.0,,32.3,,1005,,1.6,,1.3,,280,,32,,8.0,,6.8,,7.6,,6.1,
2022-04-11,101,7.1,,15.0,,-2.1,,54,,93,,27,,-2.7,,2.3,,-4.8,,0.0,,23.7,,52.0,,111.4,,1016,,1.7,,1.1,,244,,47,,7.4,,7.0,,9.0,,5.3,
2022-04-12,102,10.5,,18.6,,6.1,,66,,96,,38,,3.9,,9.6,,-3.7,,0.0,,14.9,,33.5,,66.6,,1015,,1.6,,1.3,,258,,36,,9.4,,8.6,,10.1,,7.6,
2022-04-13,103,13.6,,21.2,,4.5,,45,,74,,22,,1.2,,10.7,,-7.0,,0.0,,16.7,,38.1,,86.0,,1015,,1.8,,0.9,,194,,54,,10.3,,9.2,,10.6,,7.9,
2022-04-14,104,8.7,,14.0,,5.9,,83,,100,,59,,5.8,,8.6,,1.6,,0.5,,13.3,,30.9,,80.8,,1012,,2.0,,1.6,,76,,37,,8.6,,10.0,,10.8,,9.3,
2022-04-15,105,11.0,,17.6,,1.4,,45,,98,,14,,-2.9,,7.5,,-12.4,,0.0,,23.4,,51.2,,109.5,,1017,,2.5,,1.7,,235,,45,,14.6,,10.4,,11.7,,9.2,
2022-04-16,106,9.3,,16.1,,2.8,,65,,100,,41,,2.3,,9.2,,-2.2,,7.4,,6.6,,15.5,,12.2,,1011,,2.7,,2.1,,217,,40,,13.9,,9.9,,10.8,,9.4,
2022-04-17,107,2.2,,6.8,,-1.8,,75,,100,,31,,-2.3,,3.0,,-9.3,,0.0,,15.0,,33.1,,54.0,,1017,,1.6,,1.2,,287,,39,,10.0,,8.8,,9.5,,8.1,
2022-04-18,108,5.3,,12.4,,-2.6,,55,,91,,19,,-4.6,,-0.0,,-12.4,,0.0,,22.4,,48.5,,112.0,,1024,,2.1,,1.4,,127,,47,,13.3,,8.2,,9.6,,6.8,
2022-04-19,109,4.7,,9.7,,1.7,,82,,100,,53,,1.6,,9.4,,-4.2,,19.8,,9.9,,22.5,,41.5,,1004,,3.7,,0.7,,210,,73,,16.6,,8.2,,9.1,,7.5,
2022-04-20,110,4.8,,10.6,,0.3,,58,,81,,31,,-3.2,,-0.2,,-6.8,,0.0,,21.4,,46.9,,108.1,,1023,,2.5,,2.0,,274,,37,,12.5,,8.1,,9.4,,7.0,
2022-04-21,111,7.6,,14.7,,-1.3,,54,,86,,25,,-1.9,,3.5,,-5.6,,0.0,,19.1,,42.6,,92.0,,1029,,2.9,,1.8,,185,,48,,14.3,,8.5,,9.8,,7.2,
2022-04-22,112,9.8,,14.9,,3.5,,55,,88,,26,,0.1,,6.9,,-5.4,,0.0,,25.5,,55.8,,131.0,,1027,,2.1,,1.5,,285,,44,,11.7,,9.6,,11.2,,8.3,
2022-04-23,113,8.7,,15.5,,1.4,,42,,75,,14,,-4.7,,0.5,,-12.6,,0.0,,21.1,,46.0,,114.5,,1026,,1.3,,0.8,,326,,49,,8.2,,10.0,,11.3,,8.5,
2022-04-24,114,7.8,,12.3,,4.2,,42,,70,,25,,-4.5,,0.6,,-11.0,,0.0,,12.6,,29.3,,61.2,,1025,,1.5,,0.9,,107,,48,,6.7,,10.3,,10.8,,9.6,
2022-04-25,115,10.1,,17.7,,1.9,,45,,81,,23,,-2.8,,1.9,,-8.9,,0.0,,18.6,,42.1,,102.8,,1024,,1.7,,1.1,,168,,47,,7.8,,10.2,,11.5,,9.0,
2022-04-26,116,9.1,,10.7,,7.5,,78,,100,,32,,4.7,,10.1,,-6.5,,2.3,,4.0,,10.1,,23.1,,1018,,1.4,,1.2,,213,,34,,5.9,,10.5,,11.1,,10.1,
2022-04-27,117,6.3,,9.7,,2.3,,72,,100,,39,,1.3,,9.1,,-4.7,,0.0,,12.2,,27.2,,55.2,,1009,,2.5,,2.1,,283,,31,,14.0,,10.4,,10.8,,10.0,
2022-04-28,118,3.9,,8.9,,0.6,,45,,70,,19,,-7.8,,-2.3,,-14.0,,0.0,,20.4,,45.4,,104.0,,1013,,2.9,,2.3,,314,,36,,14.5,,9.4,,10.2,,8.7,
2022-04-29,119,5.5,,11.6,,-0.5,,32,,58,,16,,-10.6,,-5.1,,-14.6,,0.0,,27.3,,60.5,,134.2,,1016,,2.1,,1.6,,324,,39,,15.3,,9.1,,10.5,,7.8,
2022-04-30,120,7.4,,15.2,,-0.3,,44,,67,,27,,-4.5,,1.8,,-8.6,,0.0,,25.5,,56.9,,132.8,,1017,,1.4,,0.9,,338,,47,,9.9,,9.6,,11.2,,8.1,
2022-05-01,121,11.9,,19.6,,3.2,,42,,69,,20,,-1.4,,4.5,,-4.9,,0.0,,27.1,,59.0,,141.0,,1018,,1.3,,0.6,,258,,58,,7.2,,10.8,,12.7,,9.0,
2022-05-02,122,8.7,,12.5,,5.2,,69,,98,,42,,2.8,,6.7,,-2.4,,5.3,,6.0,,14.3,,17.4,,1020,,1.8,,1.2,,101,,44,,7.2,,10.8,,12.0,,10.4,
2022-05-03,123,8.2,,11.0,,5.4,,89,,99,,78,,6.5,,7.8,,5.2,,0.0,,7.9,,18.4,,37.5,,1022,,1.4,,1.0,,108,,45,,7.4,,10.4,,10.9,,9.9,
2022-05-04,124,8.9,,10.8,,7.2,,98,,100,,90,,8.7,,10.3,,7.0,,5.8,,3.8,,9.5,,11.6,,1017,,1.0,,0.5,,170,,58,,5.5,,10.6,,10.9,,10.3,
2022-05-05,125,11.9,,18.8,,6.7,,59,,100,,13,,2.2,,9.7,,-11.0,,0.0,,26.3,,55.6,,144.0,,1017,,1.4,,0.9,,338,,45,,8.5,,11.5,,13.1,,10.2,
2022-05-06,126,11.7,,15.8,,6.4,,48,,72,,27,,0.5,,5.2,,-4.4,,0.0,,11.1,,24.6,,50.4,,1015,,0.8,,0.1,,117,,73,,4.1,,12.0,,12.6,,11.3,
2022-05-07,127,7.6,,10.7,,4.2,,43,,63,,26,,-4.5,,3.2,,-10.3,,0.0,,15.1,,33.4,,74.0,,1015,,3.4,,2.9,,68,,28,,14.6,,11.4,,12.2,,10.9,
2022-05-08,128,7.4,,12.4,,3.3,,45,,66,,22,,-4.3,,0.0,,-9.6,,0.0,,23.5,,50.8,,120.9,,1023,,2.5,,2.1,,69,,30,,11.6,,10.8,,11.7,,9.9,
2022-05-09,129,9.7,,17.1,,2.4,,29,,57,,9,,-9.2,,-2.6,,-16.8,,0.0,,29.1,,62.0,,142.9,,1027,,2.7,,2.3,,62,,30,,13.0,,10.7,,11.9,,9.5,
2022-05-10,130,11.2,,17.6,,3.8,,33,,56,,21,,-4.8,,1.4,,-7.8,,0.0,,28.4,,61.8,,145.2,,1030,,2.5,,2.1,,67,,32,,11.9,,11.1,,12.5,,9.7,
2022-05-11,131,14.2,,22.5,,4.0,,42,,74,,22,,0.6,,8.2,,-6.0,,0.0,,28.3,,61.7,,154.7,,1027,,2.1,,1.7,,67,,34,,9.6,,11.7,,13.5,,10.1,
2022-05-12,132,18.2,,25.5,,9.2,,68,,91,,47,,12.0,,16.9,,5.6,,0.0,,24.2,,53.0,,138.1,,1027,,1.8,,1.4,,98,,40,,6.5,,13.6,,15.5,,11.9,
2022-05-13,133,19.9,,26.7,,12.9,,78,,100,,46,,15.4,,17.8,,12.3,,0.0,,25.3,,56.1,,154.1,,1026,,1.6,,1.3,,213,,37,,8.4,,15.6,,17.6,,14.0,
2022-05-14,134,21.1,,27.2,,16.7,,77,,98,,44,,16.3,,18.1,,13.4,,0.0,,23.6,,52.7,,150.0,,1018,,1.7,,1.4,,223,,37,,8.6,,17.4,,18.9,,16.0,
2022-05-15,135,19.3,,25.4,,15.4,,82,,98,,54,,15.8,,18.1,,14.7,,0.0,,17.2,,38.6,,102.9,,1011,,1.3,,1.1,,217,,36,,7.2,,17.9,,18.9,,17.0,
2022-05-16,136,18.7,,26.5,,12.0,,85,,100,,49,,15.6,,19.1,,11.3,,11.7,,20.2,,45.5,,127.3,,1005,,1.8,,1.3,,204,,40,,11.0,,18.3,,19.6,,17.2,
2022-05-17,137,13.5,,18.7,,9.2,,67,,97,,37,,7.0,,11.8,,2.5,,0.3,,19.4,,43.4,,92.4,,1006,,2.5,,2.0,,266,,34,,12.2,,17.5,,18.6,,16.8,
2022-05-18,138,12.8,,20.1,,6.0,,46,,88,,15,,-0.3,,6.2,,-8.0,,0.0,,28.7,,61.6,,161.5,,1013,,1.4,,0.8,,305,,53,,9.5,,16.4,,17.6,,15.1,
2022-05-19,139,10.3,,13.3,,8.3,,92,,100,,38,,8.8,,11.6,,-2.6,,5.1,,3.3,,7.8,,-1.4,,1009,,1.3,,0.7,,155,,54,,7.2,,15.5,,16.8,,14.9,
2022-05-20,140,15.9,,24.4,,6.7,,79,,100,,45,,11.7,,16.0,,6.7,,0.3,,23.6,,53.1,,146.7,,1015,,1.6,,1.1,,181,,44,,8.5,,15.4,,17.2,,13.7,
2022-05-21,141,21.6,,30.1,,15.3,,81,,100,,46,,17.8,,21.4,,15.0,,0.3,,20.9,,46.6,,131.2,,1016,,1.4,,1.0,,189,,41,,8.3,,17.5,,19.2,,16.3,
2022-05-22,142,23.7,,31.5,,17.3,,74,,99,,35,,18.2,,21.6,,13.7,,4.8,,23.0,,52.8,,143.2,,1016,,1.3,,0.9,,213,,46,,11.4,,19.1,,20.5,,17.9,
2022-05-23,143,14.8,,20.2,,10.9,,62,,99,,28,,6.7,,17.4,,-0.8,,0.0,,27.3,,61.2,,142.9,,1023,,1.4,,0.8,,334,,52,,7.6,,19.2,,20.1,,18.2,
2022-05-24,144,13.1,,19.4,,8.6,,57,,86,,38,,4.5,,9.3,,1.4,,0.0,,23.4,,52.3,,109.3,,1026,,1.6,,1.1,,101,,46,,8.0,,18.1,,19.0,,17.0,
2022-05-25,145,14.8,,22.4,,6.9,,67,,98,,40,,8.1,,12.8,,5.1,,0.0,,26.6,,59.3,,126.0,,1027,,1.3,,0.7,,205,,53,,6.1,,17.6,,19.1,,16.2,
2022-05-26,146,15.0,,21.3,,8.6,,62,,86,,29,,7.0,,12.7,,1.2,,0.0,,24.1,,54.3,,127.0,,1024,,2.1,,1.7,,203,,34,,10.3,,17.8,,18.9,,16.6,
2022-05-27,147,18.7,,24.4,,14.6,,88,,100,,66,,16.6,,19.6,,12.4,,0.0,,12.7,,27.8,,72.1,,1013,,2.2,,1.8,,204,,34,,11.2,,18.1,,19.0,,17.3,
2022-05-28,148,16.7,,21.3,,10.8,,95,,99,,77,,15.9,,18.8,,10.3,,16.3,,8.7,,19.6,,33.1,,1009,,1.0,,0.5,,218,,56,,6.5,,18.4,,18.9,,17.9,
2022-05-29,149,16.7,,24.1,,8.9,,70,,100,,33,,10.1,,14.8,,4.4,,0.0,,30.0,,67.4,,168.4,,1018,,0.8,,0.1,,168,,72,,5.4,,18.2,,20.0,,16.5,
2022-05-30,150,21.1,,28.5,,12.4,,66,,96,,34,,13.9,,17.5,,11.0,,0.0,,27.6,,62.9,,161.9,,1018,,1.0,,0.7,,249,,44,,7.3,,19.2,,21.0,,17.5,
2022-05-31,151,20.9,,29.1,,12.8,,71,,89,,45,,15.2,,20.2,,9.7,,0.0,,22.4,,50.2,,134.1,,1016,,1.4,,0.6,,104,,60,,7.3,,20.4,,21.6,,19.2,
2022-06-01,152,13.6,,16.7,,11.1,,79,,93,,63,,10.1,,13.6,,8.2,,1.0,,9.6,,21.1,,50.3,,1015,,1.3,,0.7,,153,,53,,5.7,,19.3,,20.6,,18.6,
2022-06-02,153,15.2,,23.8,,10.8,,88,,100,,57,,13.1,,17.6,,9.7,,0.0,,16.8,,36.7,,106.2,,1009,,1.4,,0.7,,105,,57,,8.2,,18.7,,19.9,,17.8,
2022-06-03,154,16.4,,24.9,,12.5,,84,,98,,33,,13.3,,16.1,,7.2,,0.5,,21.7,,47.5,,131.1,,1009,,1.2,,0.6,,96,,55,,7.0,,19.2,,20.6,,18.1,
2022-06-04,155,17.4,,25.5,,10.1,,60,,99,,24,,7.9,,14.8,,-2.7,,0.0,,26.3,,58.1,,142.0,,1012,,1.1,,0.5,,260,,57,,8.7,,19.5,,20.9,,18.2,
2022-06-05,156,14.9,,22.3,,7.5,,54,,77,,27,,5.0,,10.3,,1.0,,0.0,,26.0,,56.9,,133.9,,1016,,1.0,,0.4,,310,,59,,7.6,,18.7,,19.9,,17.3,
2022-06-06,157,18.1,,24.9,,10.0,,54,,76,,28,,7.9,,13.6,,3.0,,0.0,,26.4,,58.1,,142.3,,1017,,1.1,,0.0,,184,,77,,5.6,,18.7,,20.1,,17.2,
2022-06-07,158,18.4,,23.3,,12.7,,61,,95,,31,,10.3,,14.9,,3.7,,3.0,,24.2,,52.7,,118.9,,1018,,2.2,,1.8,,191,,34,,11.1,,19.1,,20.2,,18.0,
2022-06-08,159,17.6,,23.2,,13.7,,79,,99,,44,,13.4,,17.2,,9.8,,5.6,,22.2,,49.0,,138.0,,1013,,1.7,,0.7,,217,,61,,10.7,,19.6,,21.1,,18.4,
2022-06-09,160,16.8,,24.3,,11.6,,82,,99,,56,,13.5,,19.3,,10.0,,25.4,,15.3,,33.3,,87.5,,1006,,1.9,,0.2,,198,,76,,12.6,,19.2,,20.1,,18.0,
2022-06-10,161,16.3,,21.8,,10.1,,66,,97,,40,,9.5,,13.1,,6.3,,0.0,,25.5,,56.2,,143.7,,1011,,1.2,,0.8,,265,,45,,8.8,,19.0,,20.3,,17.6,
2022-06-11,162,16.6,,23.7,,9.9,,67,,90,,32,,9.9,,13.4,,5.0,,0.0,,21.0,,46.1,,107.1,,1015,,0.9,,0.2,,233,,68,,5.8,,18.8,,20.0,,17.6,
2022-06-12,163,17.7,,23.9,,12.1,,79,,96,,45,,13.9,,16.7,,9.5,,0.3,,20.9,,45.8,,126.2,,1016,,1.4,,1.0,,189,,44,,8.5,,19.1,,20.5,,17.7,
2022-06-13,164,20.5,,26.3,,15.1,,66,,99,,20,,12.5,,18.8,,0.0,,0.5,,26.7,,59.2,,169.9,,1014,,1.3,,0.8,,262,,50,,7.8,,20.5,,22.3,,19.1,
2022-06-14,165,18.6,,25.3,,11.3,,63,,90,,36,,10.8,,14.2,,8.0,,0.0,,28.8,,64.1,,169.8,,1014,,1.0,,0.5,,348,,56,,7.6,,20.4,,22.1,,18.7,
2022-06-15,166,18.9,,24.6,,14.4,,69,,85,,47,,12.9,,16.2,,10.7,,0.0,,22.2,,49.0,,131.1,,1020,,1.3,,0.9,,104,,45,,6.0,,20.3,,21.5,,19.0,
2022-06-16,167,17.1,,20.4,,14.1,,81,,96,,57,,13.6,,15.3,,10.6,,0.0,,12.5,,27.3,,72.8,,1020,,2.1,,1.8,,196,,33,,9.3,,20.0,,20.7,,19.3,
2022-06-17,168,20.1,,26.9,,15.9,,72,,99,,30,,13.9,,20.1,,7.4,,0.3,,17.2,,38.1,,93.9,,1006,,1.9,,1.2,,232,,47,,12.5,,20.0,,21.1,,19.1,
2022-06-18,169,13.1,,18.7,,7.7,,73,,98,,53,,8.0,,10.8,,5.9,,11.7,,15.4,,33.7,,89.0,,1005,,1.9,,1.3,,294,,42,,10.6,,19.4,,20.2,,18.5,
2022-06-19,170,11.5,,17.0,,7.3,,72,,98,,42,,5.9,,8.5,,2.2,,2.0,,19.2,,40.8,,107.3,,1013,,1.2,,0.7,,319,,51,,10.7,,18.3,,19.4,,17.1,
2022-06-20,171,15.8,,23.5,,7.7,,54,,88,,24,,5.6,,10.1,,0.6,,0.0,,29.7,,65.5,,172.1,,1019,,1.1,,0.5,,354,,59,,7.7,,18.3,,20.3,,16.4,
2022-06-21,172,17.0,,22.7,,10.6,,64,,96,,31,,9.7,,14.1,,2.9,,0.3,,18.8,,41.1,,99.3,,1022,,0.9,,0.3,,100,,63,,4.3,,18.7,,19.8,,17.5,
2022-06-22,173,13.8,,15.2,,12.7,,98,,100,,94,,13.5,,14.8,,12.5,,9.9,,4.4,,9.8,,8.2,,1019,,0.7,,0.3,,150,,60,,3.1,,18.4,,19.3,,18.0,
2022-06-23,174,16.7,,23.2,,11.6,,85,,100,,53,,13.9,,16.9,,11.6,,2.3,,18.0,,39.0,,112.1,,1017,,1.4,,1.0,,168,,41,,7.7,,18.4,,19.9,,17.2,
2022-06-24,175,19.1,,26.7,,13.8,,81,,100,,42,,15.4,,19.1,,12.0,,0.0,,20.3,,45.3,,126.5,,1016,,0.7,,0.1,,316,,68,,4.8,,19.8,,21.3,,18.5,
2022-06-25,176,22.3,,30.0,,14.9,,69,,98,,34,,15.4,,19.9,,11.4,,0.0,,28.8,,65.9,,183.3,,1021,,0.9,,0.4,,9,,56,,5.8,,20.8,,22.9,,19.0,
2022-06-26,177,24.2,,30.3,,17.4,,62,,91,,29,,15.7,,19.0,,9.7,,0.0,,28.9,,65.5,,183.1,,1019,,1.4,,1.0,,193,,43,,7.6,,22.0,,23.8,,20.3,
2022-06-27,178,19.2,,23.6,,15.1,,83,,98,,60,,16.1,,21.4,,8.4,,5.1,,7.2,,15.6,,17.7,,1015,,1.5,,1.1,,217,,41,,8.6,,21.4,,22.8,,20.9,
2022-06-28,179,17.6,,24.9,,10.8,,67,,91,,36,,11.0,,14.7,,7.8,,0.0,,26.4,,59.0,,154.5,,1021,,0.9,,0.3,,339,,63,,5.4,,20.6,,22.0,,19.0,
2022-06-29,180,19.6,,26.1,,12.3,,67,,94,,38,,12.7,,16.2,,9.7,,0.0,,27.0,,60.1,,167.5,,1024,,1.0,,0.3,,189,,67,,7.0,,20.8,,22.4,,19.1,
2022-06-30,181,19.0,,25.3,,12.4,,63,,92,,31,,11.0,,14.5,,6.7,,0.0,,28.2,,63.1,,165.5,,1023,,1.0,,0.4,,342,,61,,8.2,,21.1,,22.5,,19.7,
2022-07-01,182,23.8,,30.9,,15.8,,67,,92,,27,,16.8,,21.1,,9.9,,0.0,,25.9,,57.4,,158.1,,1017,,1.5,,1.2,,206,,35,,8.9,,21.6,,23.2,,20.0,
2022-07-02,183,20.5,,26.3,,16.2,,91,,99,,63,,18.9,,21.0,,16.1,,35.8,,14.8,,31.7,,75.7,,1014,,0.9,,0.6,,229,,48,,6.9,,22.2,,23.2,,21.5,
2022-07-03,184,19.4,,26.3,,13.1,,67,,100,,26,,11.7,,16.8,,4.5,,0.3,,28.2,,62.1,,177.9,,1016,,1.1,,0.3,,306,,68,,7.9,,22.0,,23.5,,20.6,
2022-07-04,185,19.1,,26.2,,12.2,,59,,88,,28,,10.2,,14.4,,5.6,,0.0,,27.7,,61.6,,171.1,,1021,,0.9,,0.3,,323,,67,,7.3,,21.8,,23.3,,20.2,
2022-07-05,186,18.4,,21.7,,15.7,,81,,99,,57,,15.1,,18.7,,7.8,,10.4,,7.1,,15.4,,23.9,,1017,,1.2,,0.7,,164,,50,,10.0,,21.1,,22.1,,20.7,
2022-07-06,187,20.1,,24.2,,14.9,,81,,99,,49,,16.3,,20.6,,11.9,,0.3,,22.3,,49.6,,137.4,,1012,,1.4,,0.5,,298,,64,,8.5,,21.6,,23.1,,20.5,
2022-07-07,188,19.9,,26.3,,12.9,,68,,94,,40,,13.3,,16.5,,10.4,,0.0,,25.0,,55.7,,155.1,,1017,,1.4,,0.7,,174,,58,,6.0,,21.8,,23.3,,20.2,
2022-07-08,189,21.0,,26.9,,15.7,,73,,97,,43,,15.5,,18.2,,12.2,,0.0,,22.9,,50.7,,147.6,,1016,,1.0,,0.5,,238,,55,,5.5,,22.3,,23.6,,21.0,
2022-07-09,190,19.4,,25.5,,14.2,,55,,84,,25,,9.3,,15.5,,2.7,,0.0,,29.7,,65.8,,174.8,,1018,,0.9,,0.4,,347,,58,,5.0,,22.4,,23.9,,20.9,
2022-07-10,191,18.4,,25.4,,10.7,,55,,84,,27,,8.7,,13.8,,4.1,,0.0,,28.9,,63.4,,166.6,,1019,,0.9,,0.2,,59,,68,,5.3,,21.9,,23.4,,20.3,
2022-07-11,192,20.7,,27.6,,13.8,,70,,98,,38,,14.5,,17.8,,11.8,,0.0,,26.6,,59.0,,155.9,,1013,,1.7,,1.4,,197,,34,,8.1,,22.0,,23.6,,20.4,
2022-07-12,193,21.5,,28.2,,16.6,,77,,96,,58,,17.1,,20.8,,13.9,,0.0,,23.0,,52.1,,144.1,,1008,,2.2,,1.8,,200,,33,,11.1,,22.4,,23.8,,21.1,
2022-07-13,194,21.8,,28.4,,15.8,,69,,98,,35,,15.1,,18.1,,10.6,,6.3,,25.5,,57.0,,159.8,,1013,,0.9,,0.2,,288,,69,,6.4,,22.8,,24.1,,21.4,
2022-07-14,195,19.9,,26.8,,15.5,,81,,99,,47,,16.2,,19.7,,13.4,,4.3,,18.9,,42.1,,111.0,,1016,,0.9,,0.1,,6,,73,,5.4,,22.7,,24.0,,21.6,
2022-07-15,196,19.8,,26.7,,13.1,,66,,95,,30,,12.4,,16.3,,6.2,,0.0,,27.0,,60.4,,163.8,,1022,,0.9,,0.3,,355,,66,,5.4,,22.4,,24.0,,20.7,
2022-07-16,197,20.7,,25.5,,15.3,,76,,97,,45,,15.9,,18.3,,11.8,,0.0,,18.5,,39.7,,101.5,,1020,,0.9,,0.6,,192,,44,,5.3,,22.3,,23.4,,21.1,
2022-07-17,198,23.0,,29.3,,18.0,,76,,99,,40,,17.9,,19.9,,13.3,,0.0,,25.8,,32.8,,171.1,,1017,,1.1,,0.8,,213,,39,,6.9,,23.1,,24.9,,21.6,
2022-07-18,199,21.2,,22.9,,19.6,,97,,99,,92,,20.7,,22.2,,19.1,,31.8,,5.5,,7.7,,12.4,,1014,,1.7,,1.5,,186,,32,,9.1,,22.9,,23.9,,22.6,
2022-07-19,200,23.5,,29.8,,18.7,,76,,99,,45,,18.6,,21.4,,15.8,,0.0,,23.8,,51.3,,157.8,,1007,,1.4,,1.0,,250,,42,,8.0,,23.3,,24.9,,22.0,
2022-07-20,201,25.6,,32.2,,19.2,,74,,98,,44,,20.0,,22.7,,17.8,,0.8,,26.8,,59.6,,180.9,,1009,,1.0,,0.5,,194,,55,,5.3,,24.2,,26.1,,22.5,
2022-07-21,202,24.8,,31.4,,19.8,,78,,99,,54,,20.5,,23.8,,18.2,,20.6,,21.0,,46.4,,131.4,,1007,,1.6,,0.9,,186,,52,,11.7,,24.8,,25.9,,23.7,
2022-07-22,203,23.5,,30.6,,17.7,,77,,100,,35,,18.6,,21.9,,13.0,,0.3,,26.5,,59.7,,171.7,,1013,,0.9,,0.2,,194,,70,,6.4,,24.5,,26.2,,22.9,
2022-07-23,204,25.0,,31.1,,18.7,,67,,96,,36,,17.8,,20.7,,14.1,,0.0,,27.5,,62.1,,179.4,,1016,,0.9,,0.3,,214,,63,,5.6,,25.1,,26.7,,23.5,
2022-07-24,205,25.9,,31.9,,20.3,,66,,97,,37,,18.6,,21.9,,15.0,,0.8,,26.0,,59.4,,172.4,,1016,,1.4,,0.9,,206,,46,,10.5,,25.4,,26.9,,24.0,
2022-07-25,206,22.7,,28.0,,16.2,,86,,96,,61,,20.1,,23.9,,14.2,,8.1,,11.1,,25.0,,58.6,,1013,,1.6,,1.1,,212,,44,,10.7,,24.9,,25.9,,24.4,
2022-07-26,207,18.2,,24.3,,12.7,,76,,97,,47,,13.6,,16.4,,11.1,,0.0,,19.9,,44.0,,106.3,,1016,,0.9,,0.2,,298,,70,,5.2,,23.7,,24.6,,22.7,
2022-07-27,208,19.3,,26.0,,12.9,,72,,96,,38,,13.4,,17.1,,8.8,,0.0,,24.2,,54.3,,144.8,,1016,,0.9,,0.3,,5,,66,,5.3,,23.0,,24.3,,21.5,
2022-07-28,209,22.6,,29.4,,16.6,,83,,99,,57,,19.4,,22.8,,14.2,,15.5,,20.6,,46.5,,139.7,,1011,,1.3,,0.9,,189,,38,,9.6,,23.5,,25.1,,22.1,
2022-07-29,210,22.2,,29.0,,16.8,,80,,100,,37,,17.7,,20.5,,11.6,,1.8,,22.5,,50.8,,145.3,,1013,,1.0,,0.3,,283,,65,,7.6,,24.0,,25.3,,22.7,
2022-07-30,211,20.8,,26.1,,15.5,,70,,99,,45,,14.7,,18.7,,12.0,,0.0,,23.8,,53.8,,146.5,,1018,,1.1,,0.5,,312,,61,,9.6,,24.2,,25.2,,23.3,
2022-07-31,212,20.6,,26.8,,14.2,,75,,98,,48,,15.6,,18.5,,13.5,,0.0,,23.5,,53.2,,146.1,,1022,,0.8,,0.1,,220,,74,,5.9,,23.6,,24.9,,22.1,
2022-08-01,213,21.3,,26.9,,17.4,,81,,98,,52,,17.6,,19.6,,15.2,,0.0,,19.1,,42.7,,119.2,,1016,,1.0,,0.7,,192,,43,,5.6,,23.9,,25.1,,22.8,
2022-08-02,214,22.4,,29.8,,18.0,,82,,99,,49,,18.9,,22.3,,16.5,,0.0,,19.8,,44.8,,134.1,,1012,,0.9,,0.6,,208,,47,,7.7,,24.2,,25.6,,23.0,
2022-08-03,215,22.8,,29.2,,16.8,,70,,96,,41,,16.5,,18.8,,13.6,,0.0,,27.0,,61.1,,164.3,,1016,,0.9,,0.3,,199,,64,,5.1,,24.3,,25.7,,22.9,
2022-08-04,216,25.2,,32.9,,18.5,,72,,96,,44,,19.4,,23.2,,17.5,,0.0,,25.3,,57.6,,162.9,,1018,,1.2,,0.8,,194,,46,,7.4,,24.7,,26.3,,23.2,
2022-08-05,217,24.3,,30.9,,19.7,,80,,96,,49,,20.3,,22.7,,18.1,,0.0,,16.2,,37.3,,101.2,,1021,,0.7,,0.0,,164,,73,,4.6,,24.9,,25.7,,23.9,
2022-08-06,218,26.0,,31.5,,20.3,,76,,98,,49,,20.9,,23.5,,19.2,,0.0,,24.3,,56.1,,161.3,,1024,,1.4,,1.0,,202,,44,,8.4,,25.1,,26.5,,23.8,
2022-08-07,219,25.6,,31.8,,21.7,,80,,97,,49,,21.5,,23.3,,19.2,,0.0,,20.6,,47.6,,129.8,,1020,,1.5,,1.2,,209,,35,,10.0,,25.5,,26.6,,24.3,
2022-08-08,220,25.9,,32.7,,21.4,,80,,98,,49,,21.9,,23.9,,20.4,,7.1,,24.5,,56.4,,164.1,,1016,,1.7,,1.4,,202,,34,,12.3,,25.7,,27.1,,24.4,
2022-08-09,221,24.0,,29.3,,19.5,,85,,98,,52,,21.1,,24.0,,16.8,,8.9,,16.2,,37.2,,99.1,,1014,,1.2,,0.7,,252,,53,,10.1,,25.8,,26.6,,24.9,
2022-08-10,222,20.2,,25.9,,16.9,,83,,97,,53,,17.1,,19.3,,15.0,,0.0,,13.6,,30.1,,83.8,,1018,,0.8,,0.4,,65,,56,,4.5,,24.8,,25.5,,24.2,
2022-08-11,223,20.8,,26.9,,16.7,,76,,99,,41,,15.9,,19.4,,12.2,,0.0,,17.6,,39.1,,101.0,,1015,,0.7,,0.2,,318,,67,,5.7,,24.1,,25.0,,23.2,
2022-08-12,224,18.4,,24.1,,13.4,,65,,95,,31,,10.8,,15.2,,4.8,,0.0,,26.2,,58.5,,146.9,,1016,,1.2,,0.7,,341,,52,,7.8,,23.6,,24.8,,22.4,
2022-08-13,225,16.3,,23.3,,11.2,,73,,93,,39,,11.2,,14.5,,8.2,,0.0,,16.6,,36.2,,83.9,,1019,,0.8,,0.4,,2,,54,,5.9,,22.5,,23.4,,21.5,
2022-08-14,226,18.6,,26.0,,11.9,,64,,94,,26,,10.7,,14.5,,3.6,,0.0,,24.8,,55.5,,138.1,,1018,,0.9,,0.4,,31,,61,,6.3,,22.0,,23.4,,20.6,
2022-08-15,227,19.8,,27.5,,12.6,,61,,95,,27,,10.9,,15.9,,5.9,,0.0,,22.5,,49.6,,123.0,,1017,,1.1,,0.8,,73,,40,,6.8,,22.1,,23.3,,20.8,
2022-08-16,228,19.5,,26.0,,13.4,,60,,87,,33,,11.1,,13.1,,7.2,,0.0,,22.9,,51.0,,134.8,,1019,,1.7,,1.5,,71,,28,,7.6,,22.1,,23.3,,20.8,
2022-08-17,229,18.3,,23.2,,15.0,,77,,96,,49,,14.1,,16.1,,11.3,,0.5,,9.4,,20.7,,39.8,,1017,,0.8,,0.4,,37,,55,,6.7,,21.9,,22.5,,21.4,
2022-08-18,230,18.9,,24.8,,13.7,,73,,99,,38,,13.3,,15.1,,8.7,,0.3,,17.9,,40.0,,105.1,,1013,,1.2,,0.9,,262,,39,,9.7,,21.7,,22.6,,20.7,
2022-08-19,231,21.9,,29.8,,14.1,,62,,96,,27,,13.1,,16.9,,8.2,,0.0,,24.0,,53.8,,138.8,,1019,,1.0,,0.3,,289,,62,,13.9,,21.9,,23.4,,20.3,
2022-08-20,232,23.4,,31.0,,17.1,,64,,89,,29,,15.7,,19.0,,9.7,,0.0,,16.8,,37.2,,90.9,,1023,,0.9,,0.3,,154,,62,,5.7,,22.4,,23.6,,21.2,
2022-08-21,233,22.2,,29.2,,17.4,,68,,99,,31,,15.1,,19.6,,9.6,,0.0,,20.6,,45.6,,110.6,,1021,,1.3,,0.9,,167,,44,,7.2,,22.7,,23.9,,21.4,
2022-08-22,234,19.3,,22.3,,15.7,,91,,99,,74,,17.7,,20.0,,13.0,,2.5,,7.7,,17.3,,28.5,,1016,,1.0,,0.8,,84,,33,,5.4,,22.1,,22.8,,21.6,
2022-08-23,235,19.4,,25.4,,17.0,,95,,100,,65,,18.5,,20.5,,16.9,,1.8,,10.6,,23.1,,53.5,,1013,,1.0,,0.7,,107,,43,,5.7,,22.2,,23.1,,21.5,
2022-08-24,236,20.9,,27.8,,16.8,,84,,100,,52,,17.6,,20.7,,16.2,,0.3,,16.9,,37.5,,104.1,,1015,,0.8,,0.3,,316,,58,,6.7,,22.6,,23.9,,21.5,
2022-08-25,237,22.5,,29.6,,16.5,,70,,98,,35,,16.0,,19.0,,12.4,,0.0,,21.4,,48.3,,127.8,,1017,,0.8,,0.4,,18,,55,,5.3,,22.7,,24.0,,21.3,
2022-08-26,238,21.1,,28.6,,16.9,,83,,100,,46,,17.9,,20.5,,15.5,,2.3,,14.6,,32.8,,76.4,,1015,,0.9,,0.5,,183,,51,,8.1,,22.7,,23.4,,21.7,
2022-08-27,239,20.6,,26.6,,16.1,,77,,100,,44,,15.8,,19.6,,12.4,,0.0,,19.8,,44.5,,115.3,,1019,,1.0,,0.5,,10,,55,,6.1,,22.7,,23.9,,21.7,
2022-08-28,240,19.0,,25.7,,15.2,,87,,100,,58,,16.6,,18.7,,15.2,,0.0,,13.4,,29.1,,77.5,,1024,,1.1,,0.5,,166,,57,,5.8,,22.2,,23.2,,21.4,
2022-08-29,241,22.3,,28.9,,16.8,,82,,97,,53,,18.9,,20.9,,16.1,,0.0,,19.3,,42.7,,123.2,,1020,,1.7,,1.3,,207,,36,,7.9,,22.6,,24.1,,21.4,
2022-08-30,242,23.4,,29.6,,20.0,,83,,98,,56,,20.1,,22.0,,18.5,,0.0,,18.0,,39.6,,109.6,,1013,,2.2,,1.8,,193,,32,,9.2,,23.5,,24.7,,22.4,
2022-08-31,243,19.7,,25.1,,14.7,,73,,100,,33,,13.9,,20.7,,7.2,,5.8,,20.8,,46.2,,116.8,,1008,,1.2,,0.8,,267,,48,,9.9,,23.3,,24.2,,22.5,
2022-09-01,244,17.5,,22.2,,10.8,,61,,83,,35,,9.2,,13.8,,5.0,,0.0,,22.8,,50.4,,121.3,,1014,,1.4,,1.0,,278,,45,,10.6,,21.9,,23.0,,20.8,
2022-09-02,245,15.7,,24.4,,7.6,,66,,94,,34,,8.5,,12.2,,6.2,,0.0,,22.8,,50.6,,117.2,,1024,,1.0,,0.5,,104,,58,,5.3,,20.9,,22.2,,19.4,
2022-09-03,246,18.6,,25.7,,12.7,,71,,100,,38,,12.6,,15.4,,9.0,,0.0,,20.5,,45.4,,104.8,,1026,,1.1,,0.8,,194,,38,,6.3,,21.0,,22.3,,19.6,
2022-09-04,247,21.4,,29.4,,15.0,,78,,98,,48,,17.1,,19.8,,13.5,,0.0,,16.7,,37.2,,95.4,,1021,,0.7,,0.4,,216,,46,,4.6,,21.5,,22.9,,20.2,
2022-09-05,248,16.6,,20.2,,14.4,,99,,100,,95,,16.4,,19.9,,14.4,,42.4,,5.9,,13.1,,21.1,,1022,,1.9,,1.7,,79,,28,,8.4,,21.3,,22.2,,20.6,
2022-09-06,249,14.4,,15.6,,13.3,,100,,100,,99,,14.4,,15.5,,13.4,,57.9,,2.8,,6.6,,7.1,,1021,,2.0,,1.8,,82,,27,,7.3,,19.3,,20.6,,18.8,
2022-09-07,250,15.5,,20.2,,12.7,,90,,100,,63,,13.8,,15.3,,11.9,,0.0,,12.4,,27.2,,73.2,,1018,,1.5,,1.3,,72,,26,,6.0,,19.5,,20.4,,18.6,
2022-09-08,251,16.3,,23.3,,11.0,,77,,100,,32,,11.7,,15.0,,5.6,,0.0,,21.7,,48.2,,109.8,,1016,,1.2,,1.0,,66,,32,,5.1,,19.9,,21.2,,18.6,
2022-09-09,252,17.5,,25.8,,10.2,,78,,95,,47,,13.1,,17.4,,8.8,,0.0,,19.3,,42.2,,97.0,,1020,,0.9,,0.2,,39,,68,,4.1,,20.0,,21.4,,18.6,
2022-09-10,253,19.8,,27.9,,13.7,,79,,100,,35,,15.4,,18.7,,10.6,,0.0,,19.1,,41.4,,98.2,,1024,,0.8,,0.3,,9,,63,,3.9,,20.6,,22.0,,19.2,
2022-09-11,254,19.0,,23.9,,16.3,,86,,97,,60,,16.5,,18.3,,14.6,,0.3,,9.6,,21.6,,44.6,,1020,,0.6,,0.2,,232,,61,,3.7,,20.9,,21.6,,20.1,
2022-09-12,255,19.0,,24.9,,16.1,,92,,100,,64,,17.5,,19.6,,16.0,,1.8,,11.3,,25.1,,65.9,,1012,,0.6,,0.2,,260,,61,,3.3,,21.2,,22.2,,20.4,
2022-09-13,256,19.0,,23.1,,13.2,,95,,100,,75,,18.1,,20.1,,12.8,,13.5,,7.6,,16.2,,39.5,,1009,,1.3,,0.8,,144,,48,,8.0,,21.3,,22.0,,20.7,
2022-09-14,257,16.5,,24.1,,11.4,,85,,100,,49,,13.7,,16.0,,11.4,,0.3,,13.9,,30.3,,58.2,,1013,,1.0,,0.6,,264,,49,,9.2,,20.4,,21.3,,19.5,
2022-09-15,258,13.3,,18.5,,8.2,,67,,96,,32,,6.7,,14.6,,1.2,,0.0,,20.9,,45.5,,95.0,,1020,,1.4,,0.8,,324,,50,,9.9,,19.8,,20.6,,18.9,
2022-09-16,259,12.4,,20.2,,6.1,,70,,91,,43,,6.7,,10.5,,4.0,,0.0,,17.5,,39.0,,81.4,,1022,,0.9,,0.3,,332,,64,,7.2,,18.6,,19.6,,17.5,
2022-09-17,260,13.3,,19.7,,6.3,,74,,97,,44,,8.4,,13.1,,5.0,,0.0,,19.3,,42.9,,91.1,,1025,,0.9,,0.4,,208,,57,,4.7,,18.2,,19.4,,16.9,
2022-09-18,261,18.9,,25.6,,13.3,,88,,100,,57,,16.6,,19.2,,12.8,,5.3,,15.1,,33.1,,89.2,,1017,,1.0,,0.8,,234,,40,,6.7,,19.2,,20.6,,18.0,
2022-09-19,262,15.9,,19.1,,14.8,,98,,100,,84,,15.6,,17.1,,14.8,,22.4,,10.0,,22.1,,58.8,,1013,,1.3,,0.9,,98,,45,,7.9,,19.7,,20.4,,19.0,
2022-09-20,263,15.9,,21.1,,13.0,,95,,100,,64,,15.1,,18.4,,12.9,,3.6,,11.0,,23.8,,59.1,,1013,,0.7,,0.1,,191,,70,,4.3,,19.7,,20.6,,18.9,
2022-09-21,264,15.1,,20.1,,10.4,,88,,100,,65,,13.1,,15.9,,10.4,,0.5,,13.7,,30.3,,63.2,,1013,,1.1,,0.5,,216,,56,,7.7,,19.6,,20.3,,18.8,
2022-09-22,265,14.2,,17.4,,7.8,,95,,100,,80,,13.5,,17.1,,6.2,,29.5,,3.7,,8.0,,-4.7,,1004,,1.4,,0.8,,227,,53,,9.0,,18.9,,19.6,,18.1,
2022-09-23,266,8.2,,13.2,,4.9,,71,,92,,45,,3.0,,6.3,,0.5,,0.0,,18.9,,41.2,,77.8,,1012,,1.8,,1.2,,314,,44,,10.5,,17.3,,18.2,,16.5,
2022-09-24,267,10.1,,17.7,,3.2,,69,,95,,33,,4.0,,8.0,,0.9,,0.0,,18.8,,42.0,,79.5,,1013,,1.3,,0.7,,299,,51,,10.3,,16.1,,17.2,,15.0,
2022-09-25,268,12.8,,16.2,,7.5,,89,,98,,61,,10.9,,14.8,,6.8,,0.3,,7.4,,16.3,,19.2,,1007,,1.4,,1.0,,181,,45,,8.4,,16.0,,16.7,,15.3,
2022-09-26,269,14.8,,20.6,,11.3,,90,,100,,57,,12.9,,14.3,,10.8,,4.3,,12.5,,26.9,,61.0,,1005,,1.2,,0.9,,203,,37,,10.0,,17.0,,18.1,,16.2,
2022-09-27,270,13.4,,18.8,,8.8,,80,,100,,47,,9.5,,12.3,,6.9,,0.0,,17.1,,37.7,,71.7,,1012,,1.3,,0.9,,205,,41,,9.9,,17.1,,18.1,,16.2,
2022-09-28,271,12.5,,19.1,,8.1,,84,,100,,51,,9.5,,11.6,,8.1,,0.3,,12.3,,26.7,,52.8,,1019,,0.9,,0.5,,276,,48,,6.0,,16.6,,17.4,,15.7,
2022-09-29,272,9.8,,15.4,,4.4,,79,,98,,49,,6.0,,8.6,,3.5,,0.0,,17.1,,37.8,,66.0,,1028,,1.0,,0.5,,338,,51,,7.8,,16.3,,17.1,,15.3,
2022-09-30,273,9.3,,16.9,,3.4,,82,,98,,52,,6.0,,10.1,,2.4,,0.0,,14.7,,32.0,,55.9,,1026,,0.9,,0.6,,83,,45,,4.8,,15.5,,16.5,,14.5,
